[
    {
        "type": "message",
        "subtype": "channel_join",
        "ts": "1478791086.000199",
        "user": "U0LLGP02V",
        "text": "<@U0LLGP02V> has joined the channel"
    },
    {
        "type": "message",
        "text": "Same here. Canadian resident, looking for remote Elm job (from 2017 Feb).",
        "user": "U1PESLW1K",
        "ts": "1478791508.000200",
        "team": "T0CJ5UNHK",
        "user_team": "T0CJ5UNHK",
        "source_team": "T0CJ5UNHK",
        "user_profile": {
            "avatar_hash": "g455d2ccf613",
            "image_72": "https:\/\/secure.gravatar.com\/avatar\/5455d2ccf613dd5228006df297281064.jpg?s=72&d=https%3A%2F%2Fa.slack-edge.com%2Fdf10d%2Fimg%2Favatars%2Fava_0007-72.png",
            "first_name": "Sridhar",
            "real_name": "Sridhar Ratnakumar",
            "display_name": "happyandharmless",
            "team": "T0CJ5UNHK",
            "name": "happyandharmless",
            "is_restricted": false,
            "is_ultra_restricted": false
        },
        "blocks": [
            {
                "type": "rich_text",
                "block_id": "C4jT",
                "elements": [
                    {
                        "type": "rich_text_section",
                        "elements": [
                            {
                                "type": "text",
                                "text": "Same here. Canadian resident, looking for remote Elm job (from 2017 Feb)."
                            }
                        ]
                    }
                ]
            }
        ]
    },
    {
        "type": "message",
        "text": "Great to know, bardt and happyandharmless! Probably not at this time, since all of us except 1 support person are local and in-office. But there could always be a possibility in the future!",
        "user": "U0F5SH6UQ",
        "ts": "1478793883.000201",
        "team": "T0CJ5UNHK",
        "user_team": "T0CJ5UNHK",
        "source_team": "T0CJ5UNHK",
        "user_profile": {
            "avatar_hash": "d0629567aab3",
            "image_72": "https:\/\/avatars.slack-edge.com\/2017-10-18\/258332157124_d0629567aab3a37c03b2_72.jpg",
            "first_name": "Murphy",
            "real_name": "Murphy Randle",
            "display_name": "splodingsocks",
            "team": "T0CJ5UNHK",
            "name": "splodingsocks",
            "is_restricted": false,
            "is_ultra_restricted": false
        },
        "blocks": [
            {
                "type": "rich_text",
                "block_id": "Keu",
                "elements": [
                    {
                        "type": "rich_text_section",
                        "elements": [
                            {
                                "type": "text",
                                "text": "Great to know, bardt and happyandharmless! Probably not at this time, since all of us except 1 support person are local and in-office. But there could always be a possibility in the future!"
                            }
                        ]
                    }
                ]
            }
        ]
    },
    {
        "type": "message",
        "text": "(We’re a teeny-tiny team)",
        "user": "U0F5SH6UQ",
        "ts": "1478793892.000202",
        "team": "T0CJ5UNHK",
        "user_team": "T0CJ5UNHK",
        "source_team": "T0CJ5UNHK",
        "user_profile": {
            "avatar_hash": "d0629567aab3",
            "image_72": "https:\/\/avatars.slack-edge.com\/2017-10-18\/258332157124_d0629567aab3a37c03b2_72.jpg",
            "first_name": "Murphy",
            "real_name": "Murphy Randle",
            "display_name": "splodingsocks",
            "team": "T0CJ5UNHK",
            "name": "splodingsocks",
            "is_restricted": false,
            "is_ultra_restricted": false
        },
        "blocks": [
            {
                "type": "rich_text",
                "block_id": "Bgfy",
                "elements": [
                    {
                        "type": "rich_text_section",
                        "elements": [
                            {
                                "type": "text",
                                "text": "(We’re a teeny-tiny team)"
                            }
                        ]
                    }
                ]
            }
        ]
    },
    {
        "type": "message",
        "subtype": "channel_join",
        "ts": "1478817215.000203",
        "user": "U1WRC8FN3",
        "text": "<@U1WRC8FN3> has joined the channel"
    },
    {
        "type": "message",
        "subtype": "channel_join",
        "ts": "1478823635.000204",
        "user": "U2XLTA1G8",
        "text": "<@U2XLTA1G8> has joined the channel"
    },
    {
        "type": "message",
        "text": "<@U0F5SH6UQ> I love dayone!",
        "user": "U2XLTA1G8",
        "ts": "1478823684.000205",
        "team": "T0CJ5UNHK",
        "user_team": "T0CJ5UNHK",
        "source_team": "T0CJ5UNHK",
        "user_profile": {
            "avatar_hash": "g90b0742a0a7",
            "image_72": "https:\/\/secure.gravatar.com\/avatar\/e90b0742a0a78f583355470561d63197.jpg?s=72&d=https%3A%2F%2Fa.slack-edge.com%2Fdf10d%2Fimg%2Favatars%2Fava_0002-72.png",
            "first_name": "jed",
            "real_name": "jed schneider",
            "display_name": "jed",
            "team": "T0CJ5UNHK",
            "name": "jed",
            "is_restricted": false,
            "is_ultra_restricted": false
        },
        "blocks": [
            {
                "type": "rich_text",
                "block_id": "lmxpP",
                "elements": [
                    {
                        "type": "rich_text_section",
                        "elements": [
                            {
                                "type": "user",
                                "user_id": "U0F5SH6UQ"
                            },
                            {
                                "type": "text",
                                "text": " I love dayone!"
                            }
                        ]
                    }
                ]
            }
        ],
        "reactions": [
            {
                "name": "heart",
                "users": [
                    "U0F5SH6UQ",
                    "U1PESLW1K",
                    "U1D7SLE4Q"
                ],
                "count": 3
            }
        ]
    },
    {
        "type": "message",
        "text": "I love hearing that, Jed! Thanks for sharing.",
        "user": "U0F5SH6UQ",
        "ts": "1478823744.000206",
        "team": "T0CJ5UNHK",
        "user_team": "T0CJ5UNHK",
        "source_team": "T0CJ5UNHK",
        "user_profile": {
            "avatar_hash": "d0629567aab3",
            "image_72": "https:\/\/avatars.slack-edge.com\/2017-10-18\/258332157124_d0629567aab3a37c03b2_72.jpg",
            "first_name": "Murphy",
            "real_name": "Murphy Randle",
            "display_name": "splodingsocks",
            "team": "T0CJ5UNHK",
            "name": "splodingsocks",
            "is_restricted": false,
            "is_ultra_restricted": false
        },
        "blocks": [
            {
                "type": "rich_text",
                "block_id": "QX=",
                "elements": [
                    {
                        "type": "rich_text_section",
                        "elements": [
                            {
                                "type": "text",
                                "text": "I love hearing that, Jed! Thanks for sharing."
                            }
                        ]
                    }
                ]
            }
        ]
    },
    {
        "type": "message",
        "text": "specifically I like that you support a cli interface for programatic access. <@U0F5SH6UQ>",
        "user": "U2XLTA1G8",
        "ts": "1478823798.000207",
        "team": "T0CJ5UNHK",
        "user_team": "T0CJ5UNHK",
        "source_team": "T0CJ5UNHK",
        "user_profile": {
            "avatar_hash": "g90b0742a0a7",
            "image_72": "https:\/\/secure.gravatar.com\/avatar\/e90b0742a0a78f583355470561d63197.jpg?s=72&d=https%3A%2F%2Fa.slack-edge.com%2Fdf10d%2Fimg%2Favatars%2Fava_0002-72.png",
            "first_name": "jed",
            "real_name": "jed schneider",
            "display_name": "jed",
            "team": "T0CJ5UNHK",
            "name": "jed",
            "is_restricted": false,
            "is_ultra_restricted": false
        },
        "blocks": [
            {
                "type": "rich_text",
                "block_id": "BQD8",
                "elements": [
                    {
                        "type": "rich_text_section",
                        "elements": [
                            {
                                "type": "text",
                                "text": "specifically I like that you support a cli interface for programatic access. "
                            },
                            {
                                "type": "user",
                                "user_id": "U0F5SH6UQ"
                            }
                        ]
                    }
                ]
            }
        ]
    },
    {
        "type": "message",
        "text": "I’m working on a little project for my kids where we will basically create a yearbook based on their entries. eventually be able to do something similar to ‘on this day’ feature you have on the iphone app.",
        "user": "U2XLTA1G8",
        "ts": "1478823888.000208",
        "team": "T0CJ5UNHK",
        "user_team": "T0CJ5UNHK",
        "source_team": "T0CJ5UNHK",
        "user_profile": {
            "avatar_hash": "g90b0742a0a7",
            "image_72": "https:\/\/secure.gravatar.com\/avatar\/e90b0742a0a78f583355470561d63197.jpg?s=72&d=https%3A%2F%2Fa.slack-edge.com%2Fdf10d%2Fimg%2Favatars%2Fava_0002-72.png",
            "first_name": "jed",
            "real_name": "jed schneider",
            "display_name": "jed",
            "team": "T0CJ5UNHK",
            "name": "jed",
            "is_restricted": false,
            "is_ultra_restricted": false
        },
        "blocks": [
            {
                "type": "rich_text",
                "block_id": "04H",
                "elements": [
                    {
                        "type": "rich_text_section",
                        "elements": [
                            {
                                "type": "text",
                                "text": "I’m working on a little project for my kids where we will basically create a yearbook based on their entries. eventually be able to do something similar to ‘on this day’ feature you have on the iphone app."
                            }
                        ]
                    }
                ]
            }
        ],
        "reactions": [
            {
                "name": "slightly_smiling_face",
                "users": [
                    "U1PESLW1K"
                ],
                "count": 1
            }
        ]
    },
    {
        "type": "message",
        "text": "that sounds great!",
        "user": "U0F5SH6UQ",
        "ts": "1478844245.000209",
        "team": "T0CJ5UNHK",
        "user_team": "T0CJ5UNHK",
        "source_team": "T0CJ5UNHK",
        "user_profile": {
            "avatar_hash": "d0629567aab3",
            "image_72": "https:\/\/avatars.slack-edge.com\/2017-10-18\/258332157124_d0629567aab3a37c03b2_72.jpg",
            "first_name": "Murphy",
            "real_name": "Murphy Randle",
            "display_name": "splodingsocks",
            "team": "T0CJ5UNHK",
            "name": "splodingsocks",
            "is_restricted": false,
            "is_ultra_restricted": false
        },
        "blocks": [
            {
                "type": "rich_text",
                "block_id": "kwl",
                "elements": [
                    {
                        "type": "rich_text_section",
                        "elements": [
                            {
                                "type": "text",
                                "text": "that sounds great!"
                            }
                        ]
                    }
                ]
            }
        ]
    }
]