[
    {
        "type": "message",
        "subtype": "channel_join",
        "ts": "1456479926.000020",
        "user": "U0LNE279C",
        "text": "<@U0LNE279C> has joined the channel"
    },
    {
        "type": "message",
        "subtype": "channel_join",
        "ts": "1456480560.000021",
        "user": "U0LGUBZKK",
        "text": "<@U0LGUBZKK> has joined the channel"
    },
    {
        "type": "message",
        "subtype": "channel_join",
        "ts": "1456510337.000022",
        "user": "U0LQP7NLA",
        "text": "<@U0LQP7NLA> has joined the channel"
    },
    {
        "type": "message",
        "subtype": "channel_join",
        "ts": "1456519905.000023",
        "user": "U0HNJ2U4B",
        "text": "<@U0HNJ2U4B> has joined the channel"
    }
]