[
    {
        "type": "message",
        "subtype": "channel_join",
        "ts": "1459858271.000032",
        "user": "U0KRU7U3W",
        "text": "<@U0KRU7U3W> has joined the channel"
    },
    {
        "type": "message",
        "subtype": "channel_join",
        "ts": "1459862919.000033",
        "user": "U0Y3EJWKU",
        "text": "<@U0Y3EJWKU> has joined the channel"
    },
    {
        "type": "message",
        "subtype": "channel_join",
        "ts": "1459875664.000034",
        "user": "U0JM2UDCG",
        "text": "<@U0JM2UDCG> has joined the channel"
    }
]