[
    {
        "type": "message",
        "subtype": "channel_join",
        "ts": "1472565597.000078",
        "user": "U24M5UY0G",
        "text": "<@U24M5UY0G> has joined the channel"
    },
    {
        "type": "message",
        "subtype": "channel_join",
        "ts": "1472568553.000079",
        "user": "U26BM2NAF",
        "text": "<@U26BM2NAF> has joined the channel"
    },
    {
        "type": "message",
        "subtype": "channel_join",
        "ts": "1472575799.000080",
        "user": "U1PMT4N2H",
        "text": "<@U1PMT4N2H> has joined the channel"
    },
    {
        "type": "message",
        "subtype": "channel_join",
        "ts": "1472583443.000081",
        "user": "U1926QC8H",
        "text": "<@U1926QC8H> has joined the channel"
    },
    {
        "type": "message",
        "subtype": "channel_join",
        "ts": "1472586449.000082",
        "user": "U26GWFZ8C",
        "text": "<@U26GWFZ8C> has joined the channel"
    },
    {
        "type": "message",
        "subtype": "channel_join",
        "ts": "1472598958.000083",
        "user": "U18L2FHMX",
        "text": "<@U18L2FHMX> has joined the channel"
    },
    {
        "type": "message",
        "subtype": "channel_join",
        "ts": "1472623334.000084",
        "user": "U26KXTZB5",
        "text": "<@U26KXTZB5> has joined the channel"
    }
]