[
    {
        "type": "message",
        "subtype": "channel_join",
        "ts": "1478424979.000173",
        "user": "U1PESLW1K",
        "text": "<@U1PESLW1K> has joined the channel"
    },
    {
        "type": "message",
        "subtype": "channel_join",
        "ts": "1478455470.000174",
        "user": "U2NV0U2RJ",
        "text": "<@U2NV0U2RJ> has joined the channel"
    },
    {
        "type": "message",
        "subtype": "channel_join",
        "ts": "1478489248.000175",
        "user": "U2ZNNPWNT",
        "text": "<@U2ZNNPWNT> has joined the channel"
    }
]