[
    {
        "type": "message",
        "subtype": "channel_join",
        "ts": "1467203241.000018",
        "user": "U0G1VC43E",
        "text": "<@U0G1VC43E> has joined the channel"
    },
    {
        "type": "message",
        "subtype": "pinned_item",
        "text": "<@U0EUHKVGB> pinned a message to this channel.",
        "user": "U0EUHKVGB",
        "item_type": "C",
        "attachments": [
            {
                "fallback": "[June 28th, 2016 4:14 PM] tars: Hi all, I don't want to pollute this channel, and won't be sending non job related content in the future. I just wanted to inform whoever may be interested that myself and 3 others from the Elixir community are in the process of brainstorming project ideas for a future collaborative project. We are all excited about Elm, and definitely want it to be a part of this project. We would really benefit from working alongside someone who is actively focused on Elm. Our group is rather spread geographically, (Portland OR, Boston, and Melbourne). Thanks for your time. If anyone is interested please msg me, and I'll send you an invite to our slack team. \n\n- Brandon",
                "ts": "1467155679.000017",
                "author_id": "U10P7HT98",
                "author_subname": "Brandon",
                "channel_id": "C0LUAGWRK",
                "channel_team": "T0CJ5UNHK",
                "channel_name": "jobs",
                "is_msg_unfurl": true,
                "text": "Hi all, I don't want to pollute this channel, and won't be sending non job related content in the future. I just wanted to inform whoever may be interested that myself and 3 others from the Elixir community are in the process of brainstorming project ideas for a future collaborative project. We are all excited about Elm, and definitely want it to be a part of this project. We would really benefit from working alongside someone who is actively focused on Elm. Our group is rather spread geographically, (Portland OR, Boston, and Melbourne). Thanks for your time. If anyone is interested please msg me, and I'll send you an invite to our slack team. \n\n- Brandon",
                "message_blocks": [
                    {
                        "team": "T0CJ5UNHK",
                        "channel": "C0LUAGWRK",
                        "ts": "1467155679.000017",
                        "message": {
                            "blocks": [
                                {
                                    "type": "rich_text",
                                    "block_id": "1NUcd",
                                    "elements": [
                                        {
                                            "type": "rich_text_section",
                                            "elements": [
                                                {
                                                    "type": "text",
                                                    "text": "Hi all, I don't want to pollute this channel, and won't be sending non job related content in the future. I just wanted to inform whoever may be interested that myself and 3 others from the Elixir community are in the process of brainstorming project ideas for a future collaborative project. We are all excited about Elm, and definitely want it to be a part of this project. We would really benefit from working alongside someone who is actively focused on Elm. Our group is rather spread geographically, (Portland OR, Boston, and Melbourne). Thanks for your time. If anyone is interested please msg me, and I'll send you an invite to our slack team. \n\n- Brandon"
                                                }
                                            ]
                                        }
                                    ]
                                }
                            ]
                        }
                    }
                ],
                "author_name": "Brandon",
                "author_link": "https:\/\/elmlang.slack.com\/team\/U10P7HT98",
                "author_icon": "https:\/\/secure.gravatar.com\/avatar\/4fc478872d00de26f57a65dd940f3317.jpg?s=48&d=https%3A%2F%2Fa.slack-edge.com%2Fdf10d%2Fimg%2Favatars%2Fava_0001-48.png",
                "mrkdwn_in": [
                    "text"
                ],
                "from_hidden_wksp": false
            }
        ],
        "ts": "1467204562.000019"
    },
    {
        "type": "message",
        "subtype": "channel_join",
        "ts": "1467220936.000020",
        "user": "U17F04RNH",
        "text": "<@U17F04RNH> has joined the channel"
    },
    {
        "type": "message",
        "subtype": "channel_join",
        "ts": "1467221945.000021",
        "user": "U1ME8827P",
        "text": "<@U1ME8827P> has joined the channel"
    }
]