[
    {
        "type": "message",
        "subtype": "channel_join",
        "ts": "1474373294.000035",
        "user": "U17NYQALB",
        "text": "<@U17NYQALB> has joined the channel"
    },
    {
        "type": "message",
        "subtype": "channel_join",
        "ts": "1474385154.000036",
        "user": "U2DKYB1DG",
        "text": "<@U2DKYB1DG> has joined the channel"
    },
    {
        "type": "message",
        "subtype": "channel_join",
        "ts": "1474412871.000037",
        "user": "U2DV6DB5M",
        "text": "<@U2DV6DB5M> has joined the channel"
    }
]