[
    {
        "type": "message",
        "subtype": "channel_join",
        "ts": "1461967173.000063",
        "user": "U0LEKMCRW",
        "text": "<@U0LEKMCRW> has joined the channel"
    },
    {
        "type": "message",
        "text": "Hi All! Our company is looking to enlist some Elm talent for future projects (mainly a large component library) and I’m wondering if anyone is interested?  We’re not looking for a complete master but would like to see some who has completed something significant using Elm as a front-end and has an idea of what the architecture of a medium\/large size project would look like as far as assets.",
        "user": "U0LEKMCRW",
        "ts": "1461980961.000064",
        "team": "T0CJ5UNHK",
        "user_team": "T0CJ5UNHK",
        "source_team": "T0CJ5UNHK",
        "user_profile": {
            "avatar_hash": "62b9b30fc831",
            "image_72": "https:\/\/avatars.slack-edge.com\/2016-02-06\/20520087878_62b9b30fc83103267feb_72.png",
            "first_name": "",
            "real_name": "mikeonslow",
            "display_name": "",
            "team": "T0CJ5UNHK",
            "name": "mikeonslow",
            "is_restricted": false,
            "is_ultra_restricted": false
        },
        "blocks": [
            {
                "type": "rich_text",
                "block_id": "BtzOS",
                "elements": [
                    {
                        "type": "rich_text_section",
                        "elements": [
                            {
                                "type": "text",
                                "text": "Hi All! Our company is looking to enlist some Elm talent for future projects (mainly a large component library) and I’m wondering if anyone is interested?  We’re not looking for a complete master but would like to see some who has completed something significant using Elm as a front-end and has an idea of what the architecture of a medium\/large size project would look like as far as assets."
                            }
                        ]
                    }
                ]
            }
        ]
    },
    {
        "type": "message",
        "subtype": "pinned_item",
        "text": "<@U0EUHKVGB> pinned a message to this channel.",
        "user": "U0EUHKVGB",
        "item_type": "C",
        "attachments": [
            {
                "fallback": "[April 29th, 2016 6:49 PM] mikeonslow: Hi All! Our company is looking to enlist some Elm talent for future projects (mainly a large component library) and I’m wondering if anyone is interested?  We’re not looking for a complete master but would like to see some who has completed something significant using Elm as a front-end and has an idea of what the architecture of a medium\/large size project would look like as far as assets.",
                "ts": "1461980961.000064",
                "author_id": "U0LEKMCRW",
                "author_subname": "mikeonslow",
                "channel_id": "C0LUAGWRK",
                "channel_team": "T0CJ5UNHK",
                "channel_name": "jobs",
                "is_msg_unfurl": true,
                "text": "Hi All! Our company is looking to enlist some Elm talent for future projects (mainly a large component library) and I’m wondering if anyone is interested?  We’re not looking for a complete master but would like to see some who has completed something significant using Elm as a front-end and has an idea of what the architecture of a medium\/large size project would look like as far as assets.",
                "message_blocks": [
                    {
                        "team": "T0CJ5UNHK",
                        "channel": "C0LUAGWRK",
                        "ts": "1461980961.000064",
                        "message": {
                            "blocks": [
                                {
                                    "type": "rich_text",
                                    "block_id": "ax8o",
                                    "elements": [
                                        {
                                            "type": "rich_text_section",
                                            "elements": [
                                                {
                                                    "type": "text",
                                                    "text": "Hi All! Our company is looking to enlist some Elm talent for future projects (mainly a large component library) and I’m wondering if anyone is interested?  We’re not looking for a complete master but would like to see some who has completed something significant using Elm as a front-end and has an idea of what the architecture of a medium\/large size project would look like as far as assets."
                                                }
                                            ]
                                        }
                                    ]
                                }
                            ]
                        }
                    }
                ],
                "author_name": "mikeonslow",
                "author_link": "https:\/\/elmlang.slack.com\/team\/U0LEKMCRW",
                "author_icon": "https:\/\/avatars.slack-edge.com\/2016-02-06\/20520087878_62b9b30fc83103267feb_48.png",
                "mrkdwn_in": [
                    "text"
                ],
                "from_hidden_wksp": false
            }
        ],
        "ts": "1461981597.000065"
    },
    {
        "type": "message",
        "text": "<@U0EUHKVGB> : Thanks for the pin!",
        "user": "U0LEKMCRW",
        "ts": "1461981876.000066",
        "team": "T0CJ5UNHK",
        "user_team": "T0CJ5UNHK",
        "source_team": "T0CJ5UNHK",
        "user_profile": {
            "avatar_hash": "62b9b30fc831",
            "image_72": "https:\/\/avatars.slack-edge.com\/2016-02-06\/20520087878_62b9b30fc83103267feb_72.png",
            "first_name": "",
            "real_name": "mikeonslow",
            "display_name": "",
            "team": "T0CJ5UNHK",
            "name": "mikeonslow",
            "is_restricted": false,
            "is_ultra_restricted": false
        },
        "blocks": [
            {
                "type": "rich_text",
                "block_id": "A0nu",
                "elements": [
                    {
                        "type": "rich_text_section",
                        "elements": [
                            {
                                "type": "user",
                                "user_id": "U0EUHKVGB"
                            },
                            {
                                "type": "text",
                                "text": " : Thanks for the pin!"
                            }
                        ]
                    }
                ]
            }
        ]
    },
    {
        "type": "message",
        "text": "np",
        "user": "U0EUHKVGB",
        "ts": "1461982289.000067",
        "team": "T0CJ5UNHK",
        "user_team": "T0CJ5UNHK",
        "source_team": "T0CJ5UNHK",
        "user_profile": {
            "avatar_hash": "gc10c2d32882",
            "image_72": "https:\/\/secure.gravatar.com\/avatar\/9c10c2d328820b42f7624edcc76d4157.jpg?s=72&d=https%3A%2F%2Fa.slack-edge.com%2Fdf10d%2Fimg%2Favatars%2Fava_0015-72.png",
            "first_name": "eeue56",
            "real_name": "eeue56",
            "display_name": "eeue56",
            "team": "T0CJ5UNHK",
            "name": "eeue56",
            "is_restricted": false,
            "is_ultra_restricted": false
        },
        "blocks": [
            {
                "type": "rich_text",
                "block_id": "kGB0",
                "elements": [
                    {
                        "type": "rich_text_section",
                        "elements": [
                            {
                                "type": "text",
                                "text": "np"
                            }
                        ]
                    }
                ]
            }
        ]
    }
]