[
    {
        "type": "message",
        "subtype": "channel_join",
        "ts": "1478539633.000176",
        "user": "U27TPCCBU",
        "text": "<@U27TPCCBU> has joined the channel"
    },
    {
        "type": "message",
        "subtype": "channel_join",
        "ts": "1478542253.000177",
        "user": "U2CPTS153",
        "text": "<@U2CPTS153> has joined the channel"
    },
    {
        "type": "message",
        "subtype": "channel_join",
        "ts": "1478560744.000178",
        "user": "U2QG5TNG6",
        "text": "<@U2QG5TNG6> has joined the channel"
    }
]