[
    {
        "type": "message",
        "subtype": "channel_join",
        "ts": "1456843378.000026",
        "user": "U0M7DMEQL",
        "text": "<@U0M7DMEQL> has joined the channel"
    },
    {
        "type": "message",
        "subtype": "channel_join",
        "ts": "1456851882.000027",
        "user": "U0PN9S143",
        "text": "<@U0PN9S143> has joined the channel"
    },
    {
        "type": "message",
        "subtype": "channel_join",
        "ts": "1456863249.000028",
        "user": "U0HPTD9ED",
        "text": "<@U0HPTD9ED> has joined the channel"
    },
    {
        "type": "message",
        "subtype": "channel_join",
        "ts": "1456865239.000029",
        "user": "U0CPHLFB6",
        "text": "<@U0CPHLFB6> has joined the channel"
    },
    {
        "type": "message",
        "subtype": "channel_leave",
        "ts": "1456865879.000030",
        "user": "U0LNE279C",
        "text": "<@U0LNE279C> has left the channel"
    }
]