[
    {
        "type": "message",
        "text": "I really believe so. I didn't think this sort of moral policing was necessary (even though you are conveniently accusing me of not treating the other person--who I pointed out to be lying--as a person).",
        "user": "U1PESLW1K",
        "ts": "1479630893.000258",
        "team": "T0CJ5UNHK",
        "user_team": "T0CJ5UNHK",
        "source_team": "T0CJ5UNHK",
        "user_profile": {
            "avatar_hash": "g455d2ccf613",
            "image_72": "https:\/\/secure.gravatar.com\/avatar\/5455d2ccf613dd5228006df297281064.jpg?s=72&d=https%3A%2F%2Fa.slack-edge.com%2Fdf10d%2Fimg%2Favatars%2Fava_0007-72.png",
            "first_name": "Sridhar",
            "real_name": "Sridhar Ratnakumar",
            "display_name": "happyandharmless",
            "team": "T0CJ5UNHK",
            "name": "happyandharmless",
            "is_restricted": false,
            "is_ultra_restricted": false
        },
        "edited": {
            "user": "U1PESLW1K",
            "ts": "1479631132.000000"
        },
        "blocks": [
            {
                "type": "rich_text",
                "block_id": "kthl",
                "elements": [
                    {
                        "type": "rich_text_section",
                        "elements": [
                            {
                                "type": "text",
                                "text": "I really believe so. I didn't think this sort of moral policing was necessary (even though you are conveniently accusing me of not treating the other person--who I pointed out to be lying--as a person)."
                            }
                        ]
                    }
                ]
            }
        ]
    },
    {
        "type": "message",
        "text": "I'm asking that you be respectful of other people. If you are skeptical of his response, there are respectful ways of expressing that. If you want to discuss further let's do it in <#C0CJ671HU|random>.",
        "user": "U0CL0AS3V",
        "ts": "1479631421.000263",
        "team": "T0CJ5UNHK",
        "user_team": "T0CJ5UNHK",
        "source_team": "T0CJ5UNHK",
        "user_profile": {
            "avatar_hash": "46258a80609b",
            "image_72": "https:\/\/avatars.slack-edge.com\/2016-02-23\/22781077030_46258a80609bdce01221_72.jpg",
            "first_name": "",
            "real_name": "rtfeldman",
            "display_name": "",
            "team": "T0CJ5UNHK",
            "name": "rtfeldman",
            "is_restricted": false,
            "is_ultra_restricted": false
        },
        "blocks": [
            {
                "type": "rich_text",
                "block_id": "lEw",
                "elements": [
                    {
                        "type": "rich_text_section",
                        "elements": [
                            {
                                "type": "text",
                                "text": "I'm asking that you be respectful of other people. If you are skeptical of his response, there are respectful ways of expressing that. If you want to discuss further let's do it in "
                            },
                            {
                                "type": "channel",
                                "channel_id": "C0CJ671HU"
                            },
                            {
                                "type": "text",
                                "text": "."
                            }
                        ]
                    }
                ]
            }
        ],
        "reactions": [
            {
                "name": "+1",
                "users": [
                    "U17S5SWN7",
                    "U1CDP5G1H",
                    "U0LGK0Z8A"
                ],
                "count": 3
            }
        ]
    },
    {
        "type": "message",
        "text": "Ok, let's take it to <#C0CJ671HU|random>",
        "user": "U1PESLW1K",
        "ts": "1479631559.000264",
        "team": "T0CJ5UNHK",
        "user_team": "T0CJ5UNHK",
        "source_team": "T0CJ5UNHK",
        "user_profile": {
            "avatar_hash": "g455d2ccf613",
            "image_72": "https:\/\/secure.gravatar.com\/avatar\/5455d2ccf613dd5228006df297281064.jpg?s=72&d=https%3A%2F%2Fa.slack-edge.com%2Fdf10d%2Fimg%2Favatars%2Fava_0007-72.png",
            "first_name": "Sridhar",
            "real_name": "Sridhar Ratnakumar",
            "display_name": "happyandharmless",
            "team": "T0CJ5UNHK",
            "name": "happyandharmless",
            "is_restricted": false,
            "is_ultra_restricted": false
        },
        "blocks": [
            {
                "type": "rich_text",
                "block_id": "pIB",
                "elements": [
                    {
                        "type": "rich_text_section",
                        "elements": [
                            {
                                "type": "text",
                                "text": "Ok, let's take it to "
                            },
                            {
                                "type": "channel",
                                "channel_id": "C0CJ671HU"
                            }
                        ]
                    }
                ]
            }
        ]
    }
]