[
    {
        "type": "message",
        "subtype": "channel_join",
        "ts": "1476106593.000090",
        "user": "U2FN067FE",
        "text": "<@U2FN067FE> has joined the channel"
    },
    {
        "type": "message",
        "text": "Czech-Canadian company Ataccama (MDM, data quality, cleansing, analyzing) is searching for people keen on Elm principles - <https:\/\/www.startupjobs.cz\/nabidka\/7503\/react-elm-developer>\nIts about building brand new web-based platform for Data Quality tools that are now desktop-based. DM me for more. Part of the product is in beta on <https:\/\/one-app.ataccama.com>",
        "user": "U27804MRQ",
        "ts": "1476112455.000091",
        "team": "T0CJ5UNHK",
        "user_team": "T0CJ5UNHK",
        "source_team": "T0CJ5UNHK",
        "user_profile": {
            "avatar_hash": "g1b0577b2391",
            "image_72": "https:\/\/secure.gravatar.com\/avatar\/11b0577b23916d7557d8f9ee43476a9d.jpg?s=72&d=https%3A%2F%2Fa.slack-edge.com%2Fdf10d%2Fimg%2Favatars%2Fava_0005-72.png",
            "first_name": "Lukáš",
            "real_name": "Lukáš Mladý",
            "display_name": "lukasmlady",
            "team": "T0CJ5UNHK",
            "name": "lukasmlady",
            "is_restricted": false,
            "is_ultra_restricted": false
        },
        "edited": {
            "user": "U27804MRQ",
            "ts": "1476112646.000000"
        },
        "attachments": [
            {
                "service_name": "StartupJobs.cz",
                "title": "React\/Elm Developer | Ataccama",
                "title_link": "https:\/\/www.startupjobs.cz\/nabidka\/7503\/react-elm-developer",
                "text": "Are you constantly trying to improve? We have a challenge for you! You know how to create simple applications, but are you ready to embark on making a truly complex, microservice-based application ready for local and cloud deployment? How will you design a scalable frontend and agree on versioning rules of your API with the backend team? About usWe are a Czech-Canadian company Ataccama. We are neither a boring corporation, nor a beginner startup. We are a small, stable, and independent firm…",
                "fallback": "StartupJobs.cz: React\/Elm Developer | Ataccama",
                "thumb_url": "https:\/\/img.startupjobs.cz\/nabidka\/7503",
                "fields": [
                    {
                        "title": "Firma",
                        "value": "Ataccama",
                        "short": true
                    },
                    {
                        "title": "Úvazek &amp; lokalita",
                        "value": "Praha, Full-time",
                        "short": true
                    }
                ],
                "from_url": "https:\/\/www.startupjobs.cz\/nabidka\/7503\/react-elm-developer",
                "thumb_width": 1200,
                "thumb_height": 630,
                "service_icon": "https:\/\/www.startupjobs.cz\/appicon.png",
                "id": 1
            }
        ],
        "blocks": [
            {
                "type": "rich_text",
                "block_id": "mgd",
                "elements": [
                    {
                        "type": "rich_text_section",
                        "elements": [
                            {
                                "type": "text",
                                "text": "Czech-Canadian company Ataccama (MDM, data quality, cleansing, analyzing) is searching for people keen on Elm principles - "
                            },
                            {
                                "type": "link",
                                "url": "https:\/\/www.startupjobs.cz\/nabidka\/7503\/react-elm-developer"
                            },
                            {
                                "type": "text",
                                "text": "\nIts about building brand new web-based platform for Data Quality tools that are now desktop-based. DM me for more. Part of the product is in beta on "
                            },
                            {
                                "type": "link",
                                "url": "https:\/\/one-app.ataccama.com"
                            }
                        ]
                    }
                ]
            }
        ],
        "reactions": [
            {
                "name": "+1",
                "users": [
                    "U24M5UY0G"
                ],
                "count": 1
            }
        ]
    },
    {
        "type": "message",
        "subtype": "channel_join",
        "ts": "1476136923.000094",
        "user": "U2LQZQ1V4",
        "text": "<@U2LQZQ1V4> has joined the channel"
    },
    {
        "type": "message",
        "subtype": "channel_join",
        "ts": "1476150331.000097",
        "user": "U2MMWBY95",
        "text": "<@U2MMWBY95> has joined the channel"
    }
]