[
    {
        "type": "message",
        "subtype": "channel_join",
        "ts": "1473174891.000005",
        "user": "U0QR0ABP1",
        "text": "<@U0QR0ABP1> has joined the channel"
    },
    {
        "type": "message",
        "subtype": "channel_join",
        "ts": "1473189309.000006",
        "user": "U1EH5M88H",
        "text": "<@U1EH5M88H> has joined the channel"
    },
    {
        "type": "message",
        "subtype": "channel_join",
        "ts": "1473228216.000007",
        "user": "U0NPGBV6C",
        "text": "<@U0NPGBV6C> has joined the channel"
    }
]