[
    {
        "type": "message",
        "subtype": "channel_join",
        "ts": "1455187099.000002",
        "user": "U0KD3QGTV",
        "text": "<@U0KD3QGTV> has joined the channel"
    },
    {
        "type": "message",
        "subtype": "channel_purpose",
        "ts": "1455187100.000003",
        "user": "U0KD3QGTV",
        "text": "set the channel description: A channel for job postings and the like",
        "purpose": "A channel for job postings and the like"
    },
    {
        "type": "message",
        "subtype": "channel_join",
        "ts": "1455187254.000004",
        "user": "U0JS9PAAY",
        "text": "<@U0JS9PAAY> has joined the channel"
    },
    {
        "type": "message",
        "subtype": "channel_join",
        "ts": "1455187275.000005",
        "user": "U0HBB55C0",
        "text": "<@U0HBB55C0> has joined the channel"
    },
    {
        "type": "message",
        "subtype": "channel_join",
        "ts": "1455187564.000006",
        "user": "U0EUHKVGB",
        "text": "<@U0EUHKVGB> has joined the channel"
    },
    {
        "type": "message",
        "subtype": "channel_join",
        "ts": "1455188344.000007",
        "user": "U0HT4G9L3",
        "text": "<@U0HT4G9L3> has joined the channel"
    },
    {
        "type": "message",
        "subtype": "channel_join",
        "ts": "1455189508.000008",
        "user": "U0CJZD9HV",
        "text": "<@U0CJZD9HV> has joined the channel"
    },
    {
        "type": "message",
        "subtype": "channel_join",
        "ts": "1455190056.000009",
        "user": "U0JQGR65A",
        "text": "<@U0JQGR65A> has joined the channel"
    },
    {
        "type": "message",
        "subtype": "channel_join",
        "ts": "1455197152.000010",
        "user": "U0CL92DJN",
        "text": "<@U0CL92DJN> has joined the channel"
    },
    {
        "type": "message",
        "subtype": "channel_join",
        "ts": "1455198580.000011",
        "user": "U0G87L6QG",
        "text": "<@U0G87L6QG> has joined the channel"
    },
    {
        "type": "message",
        "subtype": "channel_join",
        "ts": "1455200720.000012",
        "user": "U0LKV53U1",
        "text": "<@U0LKV53U1> has joined the channel"
    },
    {
        "type": "message",
        "subtype": "channel_join",
        "ts": "1455202572.000013",
        "user": "U0EQCDADA",
        "text": "<@U0EQCDADA> has joined the channel"
    },
    {
        "type": "message",
        "subtype": "channel_join",
        "ts": "1455204358.000014",
        "user": "U0LKY1S0K",
        "text": "<@U0LKY1S0K> has joined the channel"
    },
    {
        "type": "message",
        "text": "totally interested :simple_smile:",
        "user": "U0LKY1S0K",
        "ts": "1455204368.000015",
        "team": "T0CJ5UNHK",
        "user_team": "T0CJ5UNHK",
        "source_team": "T0CJ5UNHK",
        "user_profile": {
            "avatar_hash": "98f16ed191d3",
            "image_72": "https:\/\/avatars.slack-edge.com\/2016-02-09\/20759624292_98f16ed191d34f94b018_72.png",
            "first_name": "Steve",
            "real_name": "Steve Smith",
            "display_name": "elmbranches",
            "team": "T0CJ5UNHK",
            "name": "elmbranches",
            "is_restricted": false,
            "is_ultra_restricted": false
        },
        "blocks": [
            {
                "type": "rich_text",
                "block_id": "3Ed1V",
                "elements": [
                    {
                        "type": "rich_text_section",
                        "elements": [
                            {
                                "type": "text",
                                "text": "totally interested "
                            },
                            {
                                "type": "emoji",
                                "name": "simple_smile"
                            }
                        ]
                    }
                ]
            }
        ]
    },
    {
        "type": "message",
        "text": ":simple_smile:",
        "user": "U0KD3QGTV",
        "ts": "1455204839.000016",
        "team": "T0CJ5UNHK",
        "user_team": "T0CJ5UNHK",
        "source_team": "T0CJ5UNHK",
        "user_profile": {
            "avatar_hash": "g7911a90b7bc",
            "image_72": "https:\/\/secure.gravatar.com\/avatar\/e7911a90b7bc00fc5c38d15f603af052.jpg?s=72&d=https%3A%2F%2Fa.slack-edge.com%2Fdf10d%2Fimg%2Favatars%2Fava_0024-72.png",
            "first_name": "kitofr",
            "real_name": "kitofr",
            "display_name": "",
            "team": "T0CJ5UNHK",
            "name": "kitofr",
            "is_restricted": false,
            "is_ultra_restricted": false
        },
        "blocks": [
            {
                "type": "rich_text",
                "block_id": "DkE=L",
                "elements": [
                    {
                        "type": "rich_text_section",
                        "elements": [
                            {
                                "type": "emoji",
                                "name": "simple_smile"
                            }
                        ]
                    }
                ]
            }
        ]
    },
    {
        "type": "message",
        "text": "I am potentially available for remote work.",
        "user": "U0LKV53U1",
        "ts": "1455206940.000017",
        "team": "T0CJ5UNHK",
        "user_team": "T0CJ5UNHK",
        "source_team": "T0CJ5UNHK",
        "user_profile": {
            "avatar_hash": "g2f536d7196a",
            "image_72": "https:\/\/secure.gravatar.com\/avatar\/d2f536d7196ab0998c57df6a6203d441.jpg?s=72&d=https%3A%2F%2Fa.slack-edge.com%2Fdf10d%2Fimg%2Favatars%2Fava_0019-72.png",
            "first_name": "",
            "real_name": "max_goldstein",
            "display_name": "",
            "team": "T0CJ5UNHK",
            "name": "max_goldstein",
            "is_restricted": false,
            "is_ultra_restricted": false
        },
        "blocks": [
            {
                "type": "rich_text",
                "block_id": "QsDS",
                "elements": [
                    {
                        "type": "rich_text_section",
                        "elements": [
                            {
                                "type": "text",
                                "text": "I am potentially available for remote work."
                            }
                        ]
                    }
                ]
            }
        ]
    },
    {
        "type": "message",
        "text": "I’ve been with the Elm community for a few years, written some moderately popular libraries, helped many people on the mailing list, and have an insatiable appetite for simplicity in the design of software.",
        "user": "U0LKV53U1",
        "ts": "1455207713.000018",
        "team": "T0CJ5UNHK",
        "user_team": "T0CJ5UNHK",
        "source_team": "T0CJ5UNHK",
        "user_profile": {
            "avatar_hash": "g2f536d7196a",
            "image_72": "https:\/\/secure.gravatar.com\/avatar\/d2f536d7196ab0998c57df6a6203d441.jpg?s=72&d=https%3A%2F%2Fa.slack-edge.com%2Fdf10d%2Fimg%2Favatars%2Fava_0019-72.png",
            "first_name": "",
            "real_name": "max_goldstein",
            "display_name": "",
            "team": "T0CJ5UNHK",
            "name": "max_goldstein",
            "is_restricted": false,
            "is_ultra_restricted": false
        },
        "blocks": [
            {
                "type": "rich_text",
                "block_id": "d1j8",
                "elements": [
                    {
                        "type": "rich_text_section",
                        "elements": [
                            {
                                "type": "text",
                                "text": "I’ve been with the Elm community for a few years, written some moderately popular libraries, helped many people on the mailing list, and have an insatiable appetite for simplicity in the design of software."
                            }
                        ]
                    }
                ]
            }
        ]
    },
    {
        "type": "message",
        "text": "I think I'm obliged by contract (and because it's an awesome place to work) to say that NoRedInk is hiring :simple_smile:",
        "user": "U0EUHKVGB",
        "ts": "1455207808.000019",
        "team": "T0CJ5UNHK",
        "user_team": "T0CJ5UNHK",
        "source_team": "T0CJ5UNHK",
        "user_profile": {
            "avatar_hash": "gc10c2d32882",
            "image_72": "https:\/\/secure.gravatar.com\/avatar\/9c10c2d328820b42f7624edcc76d4157.jpg?s=72&d=https%3A%2F%2Fa.slack-edge.com%2Fdf10d%2Fimg%2Favatars%2Fava_0015-72.png",
            "first_name": "eeue56",
            "real_name": "eeue56",
            "display_name": "eeue56",
            "team": "T0CJ5UNHK",
            "name": "eeue56",
            "is_restricted": false,
            "is_ultra_restricted": false
        },
        "blocks": [
            {
                "type": "rich_text",
                "block_id": "iz0",
                "elements": [
                    {
                        "type": "rich_text_section",
                        "elements": [
                            {
                                "type": "text",
                                "text": "I think I'm obliged by contract (and because it's an awesome place to work) to say that NoRedInk is hiring "
                            },
                            {
                                "type": "emoji",
                                "name": "simple_smile"
                            }
                        ]
                    }
                ]
            }
        ],
        "reactions": [
            {
                "name": "+1",
                "users": [
                    "U0LKY1S0K"
                ],
                "count": 1
            }
        ]
    },
    {
        "type": "message",
        "text": "<https:\/\/www.noredink.com\/jobs>",
        "user": "U0EUHKVGB",
        "ts": "1455207820.000020",
        "team": "T0CJ5UNHK",
        "user_team": "T0CJ5UNHK",
        "source_team": "T0CJ5UNHK",
        "user_profile": {
            "avatar_hash": "gc10c2d32882",
            "image_72": "https:\/\/secure.gravatar.com\/avatar\/9c10c2d328820b42f7624edcc76d4157.jpg?s=72&d=https%3A%2F%2Fa.slack-edge.com%2Fdf10d%2Fimg%2Favatars%2Fava_0015-72.png",
            "first_name": "eeue56",
            "real_name": "eeue56",
            "display_name": "eeue56",
            "team": "T0CJ5UNHK",
            "name": "eeue56",
            "is_restricted": false,
            "is_ultra_restricted": false
        },
        "blocks": [
            {
                "type": "rich_text",
                "block_id": "1qqr",
                "elements": [
                    {
                        "type": "rich_text_section",
                        "elements": [
                            {
                                "type": "link",
                                "url": "https:\/\/www.noredink.com\/jobs"
                            }
                        ]
                    }
                ]
            }
        ]
    },
    {
        "type": "message",
        "text": "But I'm sure everyone knew that already",
        "user": "U0EUHKVGB",
        "ts": "1455207828.000021",
        "team": "T0CJ5UNHK",
        "user_team": "T0CJ5UNHK",
        "source_team": "T0CJ5UNHK",
        "user_profile": {
            "avatar_hash": "gc10c2d32882",
            "image_72": "https:\/\/secure.gravatar.com\/avatar\/9c10c2d328820b42f7624edcc76d4157.jpg?s=72&d=https%3A%2F%2Fa.slack-edge.com%2Fdf10d%2Fimg%2Favatars%2Fava_0015-72.png",
            "first_name": "eeue56",
            "real_name": "eeue56",
            "display_name": "eeue56",
            "team": "T0CJ5UNHK",
            "name": "eeue56",
            "is_restricted": false,
            "is_ultra_restricted": false
        },
        "blocks": [
            {
                "type": "rich_text",
                "block_id": "ng+G",
                "elements": [
                    {
                        "type": "rich_text_section",
                        "elements": [
                            {
                                "type": "text",
                                "text": "But I'm sure everyone knew that already"
                            }
                        ]
                    }
                ]
            }
        ]
    },
    {
        "type": "message",
        "text": "Should we pin jobs to this channel?",
        "user": "U0EUHKVGB",
        "ts": "1455208091.000022",
        "team": "T0CJ5UNHK",
        "user_team": "T0CJ5UNHK",
        "source_team": "T0CJ5UNHK",
        "user_profile": {
            "avatar_hash": "gc10c2d32882",
            "image_72": "https:\/\/secure.gravatar.com\/avatar\/9c10c2d328820b42f7624edcc76d4157.jpg?s=72&d=https%3A%2F%2Fa.slack-edge.com%2Fdf10d%2Fimg%2Favatars%2Fava_0015-72.png",
            "first_name": "eeue56",
            "real_name": "eeue56",
            "display_name": "eeue56",
            "team": "T0CJ5UNHK",
            "name": "eeue56",
            "is_restricted": false,
            "is_ultra_restricted": false
        },
        "blocks": [
            {
                "type": "rich_text",
                "block_id": "5ynuk",
                "elements": [
                    {
                        "type": "rich_text_section",
                        "elements": [
                            {
                                "type": "text",
                                "text": "Should we pin jobs to this channel?"
                            }
                        ]
                    }
                ]
            }
        ]
    },
    {
        "type": "message",
        "text": "dunno :simple_smile: do as you please. might be a good idea",
        "user": "U0KD3QGTV",
        "ts": "1455208125.000023",
        "team": "T0CJ5UNHK",
        "user_team": "T0CJ5UNHK",
        "source_team": "T0CJ5UNHK",
        "user_profile": {
            "avatar_hash": "g7911a90b7bc",
            "image_72": "https:\/\/secure.gravatar.com\/avatar\/e7911a90b7bc00fc5c38d15f603af052.jpg?s=72&d=https%3A%2F%2Fa.slack-edge.com%2Fdf10d%2Fimg%2Favatars%2Fava_0024-72.png",
            "first_name": "kitofr",
            "real_name": "kitofr",
            "display_name": "",
            "team": "T0CJ5UNHK",
            "name": "kitofr",
            "is_restricted": false,
            "is_ultra_restricted": false
        },
        "blocks": [
            {
                "type": "rich_text",
                "block_id": "lUZ",
                "elements": [
                    {
                        "type": "rich_text_section",
                        "elements": [
                            {
                                "type": "text",
                                "text": "dunno "
                            },
                            {
                                "type": "emoji",
                                "name": "simple_smile"
                            },
                            {
                                "type": "text",
                                "text": " do as you please. might be a good idea"
                            }
                        ]
                    }
                ]
            }
        ]
    },
    {
        "type": "message",
        "subtype": "pinned_item",
        "text": "<@U0EUHKVGB> pinned a message to this channel.",
        "user": "U0EUHKVGB",
        "item_type": "C",
        "attachments": [
            {
                "fallback": "[February 11th, 2016 8:23 AM] eeue56: <https:\/\/www.noredink.com\/jobs>",
                "ts": "1455207820.000020",
                "author_id": "U0EUHKVGB",
                "author_subname": "eeue56",
                "channel_id": "C0LUAGWRK",
                "channel_team": "T0CJ5UNHK",
                "channel_name": "jobs",
                "is_msg_unfurl": true,
                "text": "<https:\/\/www.noredink.com\/jobs>",
                "message_blocks": [
                    {
                        "team": "T0CJ5UNHK",
                        "channel": "C0LUAGWRK",
                        "ts": "1455207820.000020",
                        "message": {
                            "blocks": [
                                {
                                    "type": "rich_text",
                                    "block_id": "BQ2=1",
                                    "elements": [
                                        {
                                            "type": "rich_text_section",
                                            "elements": [
                                                {
                                                    "type": "link",
                                                    "url": "https:\/\/www.noredink.com\/jobs"
                                                }
                                            ]
                                        }
                                    ]
                                }
                            ]
                        }
                    }
                ],
                "author_name": "eeue56",
                "author_link": "https:\/\/elmlang.slack.com\/team\/U0EUHKVGB",
                "author_icon": "https:\/\/secure.gravatar.com\/avatar\/9c10c2d328820b42f7624edcc76d4157.jpg?s=48&d=https%3A%2F%2Fa.slack-edge.com%2Fdf10d%2Fimg%2Favatars%2Fava_0015-48.png",
                "mrkdwn_in": [
                    "text"
                ],
                "from_hidden_wksp": false
            }
        ],
        "ts": "1455208146.000024"
    },
    {
        "type": "message",
        "subtype": "channel_join",
        "ts": "1455210806.000025",
        "user": "U0EDVAR4P",
        "text": "<@U0EDVAR4P> has joined the channel"
    },
    {
        "type": "message",
        "subtype": "channel_join",
        "ts": "1455225751.000026",
        "user": "U0CM329P1",
        "text": "<@U0CM329P1> has joined the channel"
    },
    {
        "type": "message",
        "text": "",
        "files": [
            {
                "id": "F0M1T83T4",
                "created": 1455233774,
                "timestamp": 1455233774,
                "name": "Pasted image at 2016_02_11 05_34 PM.png",
                "title": "See the Pear Deck stack",
                "mimetype": "image\/png",
                "filetype": "png",
                "pretty_type": "PNG",
                "user": "U0G87L6QG",
                "user_team": "T0CJ5UNHK",
                "editable": false,
                "size": 24259,
                "mode": "hosted",
                "is_external": false,
                "external_type": "",
                "is_public": true,
                "public_url_shared": false,
                "display_as_bot": false,
                "username": "",
                "url_private": "https:\/\/files.slack.com\/files-pri\/T0CJ5UNHK-F0M1T83T4\/pasted_image_at_2016_02_11_05_34_pm.png?t=xoxe-12617974597-4161669908275-4158800643077-be4ee8f84a2737e7b4245fe774276e65",
                "url_private_download": "https:\/\/files.slack.com\/files-pri\/T0CJ5UNHK-F0M1T83T4\/download\/pasted_image_at_2016_02_11_05_34_pm.png?t=xoxe-12617974597-4161669908275-4158800643077-be4ee8f84a2737e7b4245fe774276e65",
                "media_display_type": "unknown",
                "thumb_64": "https:\/\/files.slack.com\/files-tmb\/T0CJ5UNHK-F0M1T83T4-7536ea058d\/pasted_image_at_2016_02_11_05_34_pm_64.png?t=xoxe-12617974597-4161669908275-4158800643077-be4ee8f84a2737e7b4245fe774276e65",
                "thumb_80": "https:\/\/files.slack.com\/files-tmb\/T0CJ5UNHK-F0M1T83T4-7536ea058d\/pasted_image_at_2016_02_11_05_34_pm_80.png?t=xoxe-12617974597-4161669908275-4158800643077-be4ee8f84a2737e7b4245fe774276e65",
                "thumb_360": "https:\/\/files.slack.com\/files-tmb\/T0CJ5UNHK-F0M1T83T4-7536ea058d\/pasted_image_at_2016_02_11_05_34_pm_360.png?t=xoxe-12617974597-4161669908275-4158800643077-be4ee8f84a2737e7b4245fe774276e65",
                "thumb_360_w": 360,
                "thumb_360_h": 25,
                "thumb_480": "https:\/\/files.slack.com\/files-tmb\/T0CJ5UNHK-F0M1T83T4-7536ea058d\/pasted_image_at_2016_02_11_05_34_pm_480.png?t=xoxe-12617974597-4161669908275-4158800643077-be4ee8f84a2737e7b4245fe774276e65",
                "thumb_480_w": 480,
                "thumb_480_h": 33,
                "thumb_160": "https:\/\/files.slack.com\/files-tmb\/T0CJ5UNHK-F0M1T83T4-7536ea058d\/pasted_image_at_2016_02_11_05_34_pm_160.png?t=xoxe-12617974597-4161669908275-4158800643077-be4ee8f84a2737e7b4245fe774276e65",
                "thumb_720": "https:\/\/files.slack.com\/files-tmb\/T0CJ5UNHK-F0M1T83T4-7536ea058d\/pasted_image_at_2016_02_11_05_34_pm_720.png?t=xoxe-12617974597-4161669908275-4158800643077-be4ee8f84a2737e7b4245fe774276e65",
                "thumb_720_w": 720,
                "thumb_720_h": 50,
                "thumb_960": "https:\/\/files.slack.com\/files-tmb\/T0CJ5UNHK-F0M1T83T4-7536ea058d\/pasted_image_at_2016_02_11_05_34_pm_960.png?t=xoxe-12617974597-4161669908275-4158800643077-be4ee8f84a2737e7b4245fe774276e65",
                "thumb_960_w": 960,
                "thumb_960_h": 67,
                "thumb_1024": "https:\/\/files.slack.com\/files-tmb\/T0CJ5UNHK-F0M1T83T4-7536ea058d\/pasted_image_at_2016_02_11_05_34_pm_1024.png?t=xoxe-12617974597-4161669908275-4158800643077-be4ee8f84a2737e7b4245fe774276e65",
                "thumb_1024_w": 1024,
                "thumb_1024_h": 71,
                "image_exif_rotation": 1,
                "original_w": 1992,
                "original_h": 138,
                "permalink": "https:\/\/elmlang.slack.com\/files\/U0G87L6QG\/F0M1T83T4\/pasted_image_at_2016_02_11_05_34_pm.png",
                "permalink_public": "https:\/\/slack-files.com\/T0CJ5UNHK-F0M1T83T4-6b5048d909",
                "is_starred": false,
                "has_rich_preview": false,
                "file_access": "visible"
            }
        ],
        "upload": true,
        "user": "U0G87L6QG",
        "display_as_bot": false,
        "ts": "1455233776.000027",
        "edited": {
            "user": "U0G87L6QG",
            "ts": "1455233845.000000"
        }
    },
    {
        "type": "message",
        "subtype": "pinned_item",
        "text": "<@U0G87L6QG> pinned ’s Image <https:\/\/elmlang.slack.com\/files\/U0G87L6QG\/F0M1T83T4\/pasted_image_at_2016_02_11_05_34_pm.png|See the Pear Deck stack> to this channel.",
        "user": "U0G87L6QG",
        "item_type": "F",
        "item": {
            "id": "F0M1T83T4",
            "created": 1455233774,
            "timestamp": 1455233774,
            "name": "Pasted image at 2016_02_11 05_34 PM.png",
            "title": "See the Pear Deck stack",
            "mimetype": "image\/png",
            "filetype": "png",
            "pretty_type": "PNG",
            "user": "U0G87L6QG",
            "user_team": "T0CJ5UNHK",
            "editable": false,
            "size": 24259,
            "mode": "hosted",
            "is_external": false,
            "external_type": "",
            "is_public": true,
            "public_url_shared": false,
            "display_as_bot": false,
            "username": "",
            "url_private": "https:\/\/files.slack.com\/files-pri\/T0CJ5UNHK-F0M1T83T4\/pasted_image_at_2016_02_11_05_34_pm.png?t=xoxe-12617974597-4161669908275-4158800643077-be4ee8f84a2737e7b4245fe774276e65",
            "url_private_download": "https:\/\/files.slack.com\/files-pri\/T0CJ5UNHK-F0M1T83T4\/download\/pasted_image_at_2016_02_11_05_34_pm.png?t=xoxe-12617974597-4161669908275-4158800643077-be4ee8f84a2737e7b4245fe774276e65",
            "media_display_type": "unknown",
            "thumb_64": "https:\/\/files.slack.com\/files-tmb\/T0CJ5UNHK-F0M1T83T4-7536ea058d\/pasted_image_at_2016_02_11_05_34_pm_64.png?t=xoxe-12617974597-4161669908275-4158800643077-be4ee8f84a2737e7b4245fe774276e65",
            "thumb_80": "https:\/\/files.slack.com\/files-tmb\/T0CJ5UNHK-F0M1T83T4-7536ea058d\/pasted_image_at_2016_02_11_05_34_pm_80.png?t=xoxe-12617974597-4161669908275-4158800643077-be4ee8f84a2737e7b4245fe774276e65",
            "thumb_360": "https:\/\/files.slack.com\/files-tmb\/T0CJ5UNHK-F0M1T83T4-7536ea058d\/pasted_image_at_2016_02_11_05_34_pm_360.png?t=xoxe-12617974597-4161669908275-4158800643077-be4ee8f84a2737e7b4245fe774276e65",
            "thumb_360_w": 360,
            "thumb_360_h": 25,
            "thumb_480": "https:\/\/files.slack.com\/files-tmb\/T0CJ5UNHK-F0M1T83T4-7536ea058d\/pasted_image_at_2016_02_11_05_34_pm_480.png?t=xoxe-12617974597-4161669908275-4158800643077-be4ee8f84a2737e7b4245fe774276e65",
            "thumb_480_w": 480,
            "thumb_480_h": 33,
            "thumb_160": "https:\/\/files.slack.com\/files-tmb\/T0CJ5UNHK-F0M1T83T4-7536ea058d\/pasted_image_at_2016_02_11_05_34_pm_160.png?t=xoxe-12617974597-4161669908275-4158800643077-be4ee8f84a2737e7b4245fe774276e65",
            "thumb_720": "https:\/\/files.slack.com\/files-tmb\/T0CJ5UNHK-F0M1T83T4-7536ea058d\/pasted_image_at_2016_02_11_05_34_pm_720.png?t=xoxe-12617974597-4161669908275-4158800643077-be4ee8f84a2737e7b4245fe774276e65",
            "thumb_720_w": 720,
            "thumb_720_h": 50,
            "thumb_960": "https:\/\/files.slack.com\/files-tmb\/T0CJ5UNHK-F0M1T83T4-7536ea058d\/pasted_image_at_2016_02_11_05_34_pm_960.png?t=xoxe-12617974597-4161669908275-4158800643077-be4ee8f84a2737e7b4245fe774276e65",
            "thumb_960_w": 960,
            "thumb_960_h": 67,
            "thumb_1024": "https:\/\/files.slack.com\/files-tmb\/T0CJ5UNHK-F0M1T83T4-7536ea058d\/pasted_image_at_2016_02_11_05_34_pm_1024.png?t=xoxe-12617974597-4161669908275-4158800643077-be4ee8f84a2737e7b4245fe774276e65",
            "thumb_1024_w": 1024,
            "thumb_1024_h": 71,
            "image_exif_rotation": 1,
            "original_w": 1992,
            "original_h": 138,
            "permalink": "https:\/\/elmlang.slack.com\/files\/U0G87L6QG\/F0M1T83T4\/pasted_image_at_2016_02_11_05_34_pm.png",
            "permalink_public": "https:\/\/slack-files.com\/T0CJ5UNHK-F0M1T83T4-6b5048d909",
            "is_starred": false,
            "has_rich_preview": false,
            "file_access": "visible"
        },
        "ts": "1455233787.000028"
    },
    {
        "type": "message",
        "subtype": "channel_join",
        "ts": "1455243624.000032",
        "user": "U0EL0TVL2",
        "text": "<@U0EL0TVL2> has joined the channel"
    }
]