[
    {
        "type": "message",
        "subtype": "channel_join",
        "ts": "1477957771.000154",
        "user": "U2WGY1L6P",
        "text": "<@U2WGY1L6P> has joined the channel"
    },
    {
        "type": "message",
        "subtype": "channel_join",
        "ts": "1477959948.000155",
        "user": "U2W4XUEJJ",
        "text": "<@U2W4XUEJJ> has joined the channel"
    },
    {
        "type": "message",
        "subtype": "channel_join",
        "ts": "1477960024.000156",
        "user": "U20K0C2G4",
        "text": "<@U20K0C2G4> has joined the channel"
    },
    {
        "type": "message",
        "subtype": "channel_join",
        "ts": "1477960052.000157",
        "user": "U0JFXEUCT",
        "text": "<@U0JFXEUCT> has joined the channel"
    },
    {
        "type": "message",
        "subtype": "channel_join",
        "ts": "1477967615.000158",
        "user": "U2NMWDCRX",
        "text": "<@U2NMWDCRX> has joined the channel"
    },
    {
        "type": "message",
        "subtype": "channel_join",
        "ts": "1477970716.000159",
        "user": "U2GPAEU1L",
        "text": "<@U2GPAEU1L> has joined the channel"
    }
]