[
    {
        "type": "message",
        "subtype": "channel_join",
        "ts": "1471776793.000047",
        "user": "U17QZTNLA",
        "text": "<@U17QZTNLA> has joined the channel"
    },
    {
        "type": "message",
        "subtype": "channel_join",
        "ts": "1471810092.000048",
        "user": "U0VBXKNSH",
        "text": "<@U0VBXKNSH> has joined the channel"
    },
    {
        "type": "message",
        "subtype": "channel_join",
        "ts": "1471810324.000049",
        "user": "U0VQVR50S",
        "text": "<@U0VQVR50S> has joined the channel"
    }
]