[
    {
        "type": "message",
        "text": "<@U0CL0AS3V> Does NoRedInk hire summer interns for elm lovers currently pursuing an undergrad degree? :smile:",
        "user": "U1SNKSTRN",
        "ts": "1484381606.000163",
        "team": "T0CJ5UNHK",
        "user_team": "T0CJ5UNHK",
        "source_team": "T0CJ5UNHK",
        "user_profile": {
            "avatar_hash": "g480765f2e00",
            "image_72": "https:\/\/secure.gravatar.com\/avatar\/a480765f2e00006459c676b5694072eb.jpg?s=72&d=https%3A%2F%2Fa.slack-edge.com%2Fdf10d%2Fimg%2Favatars%2Fava_0001-72.png",
            "first_name": "Dian",
            "real_name": "Dian Jin",
            "display_name": "gryffindorstudent",
            "team": "T0CJ5UNHK",
            "name": "gryffindorstudent",
            "is_restricted": false,
            "is_ultra_restricted": false
        },
        "blocks": [
            {
                "type": "rich_text",
                "block_id": "fQF",
                "elements": [
                    {
                        "type": "rich_text_section",
                        "elements": [
                            {
                                "type": "user",
                                "user_id": "U0CL0AS3V"
                            },
                            {
                                "type": "text",
                                "text": " Does NoRedInk hire summer interns for elm lovers currently pursuing an undergrad degree? "
                            },
                            {
                                "type": "emoji",
                                "name": "smile",
                                "unicode": "1f604"
                            }
                        ]
                    }
                ]
            }
        ]
    },
    {
        "type": "message",
        "text": "unfortunately we're not big enough for interns",
        "user": "U0CL0AS3V",
        "ts": "1484381803.000164",
        "team": "T0CJ5UNHK",
        "user_team": "T0CJ5UNHK",
        "source_team": "T0CJ5UNHK",
        "user_profile": {
            "avatar_hash": "46258a80609b",
            "image_72": "https:\/\/avatars.slack-edge.com\/2016-02-23\/22781077030_46258a80609bdce01221_72.jpg",
            "first_name": "",
            "real_name": "rtfeldman",
            "display_name": "",
            "team": "T0CJ5UNHK",
            "name": "rtfeldman",
            "is_restricted": false,
            "is_ultra_restricted": false
        },
        "blocks": [
            {
                "type": "rich_text",
                "block_id": "zIJjd",
                "elements": [
                    {
                        "type": "rich_text_section",
                        "elements": [
                            {
                                "type": "text",
                                "text": "unfortunately we're not big enough for interns"
                            }
                        ]
                    }
                ]
            }
        ]
    },
    {
        "type": "message",
        "text": "sorry!",
        "user": "U0CL0AS3V",
        "ts": "1484381804.000165",
        "team": "T0CJ5UNHK",
        "user_team": "T0CJ5UNHK",
        "source_team": "T0CJ5UNHK",
        "user_profile": {
            "avatar_hash": "46258a80609b",
            "image_72": "https:\/\/avatars.slack-edge.com\/2016-02-23\/22781077030_46258a80609bdce01221_72.jpg",
            "first_name": "",
            "real_name": "rtfeldman",
            "display_name": "",
            "team": "T0CJ5UNHK",
            "name": "rtfeldman",
            "is_restricted": false,
            "is_ultra_restricted": false
        },
        "blocks": [
            {
                "type": "rich_text",
                "block_id": "hrnEb",
                "elements": [
                    {
                        "type": "rich_text_section",
                        "elements": [
                            {
                                "type": "text",
                                "text": "sorry!"
                            }
                        ]
                    }
                ]
            }
        ]
    },
    {
        "type": "message",
        "text": "Gotcha! Let me know if that changes :stuck_out_tongue_winking_eye:",
        "user": "U1SNKSTRN",
        "ts": "1484406183.000166",
        "team": "T0CJ5UNHK",
        "user_team": "T0CJ5UNHK",
        "source_team": "T0CJ5UNHK",
        "user_profile": {
            "avatar_hash": "g480765f2e00",
            "image_72": "https:\/\/secure.gravatar.com\/avatar\/a480765f2e00006459c676b5694072eb.jpg?s=72&d=https%3A%2F%2Fa.slack-edge.com%2Fdf10d%2Fimg%2Favatars%2Fava_0001-72.png",
            "first_name": "Dian",
            "real_name": "Dian Jin",
            "display_name": "gryffindorstudent",
            "team": "T0CJ5UNHK",
            "name": "gryffindorstudent",
            "is_restricted": false,
            "is_ultra_restricted": false
        },
        "blocks": [
            {
                "type": "rich_text",
                "block_id": "uAYVo",
                "elements": [
                    {
                        "type": "rich_text_section",
                        "elements": [
                            {
                                "type": "text",
                                "text": "Gotcha! Let me know if that changes "
                            },
                            {
                                "type": "emoji",
                                "name": "stuck_out_tongue_winking_eye",
                                "unicode": "1f61c"
                            }
                        ]
                    }
                ]
            }
        ],
        "reactions": [
            {
                "name": "+1",
                "users": [
                    "U0CL0AS3V"
                ],
                "count": 1
            }
        ]
    }
]