[
    {
        "type": "message",
        "text": "`£25k - 35k` is low-balling it quite a bit there... considering 1) it is not a junior\/trainee position, 2) the expenses and everything in UK 3) general salary expectations in the market now",
        "user": "U0K1Y21C5",
        "ts": "1490344577.291528",
        "team": "T0CJ5UNHK",
        "user_team": "T0CJ5UNHK",
        "source_team": "T0CJ5UNHK",
        "user_profile": {
            "avatar_hash": "c88e270c9674",
            "image_72": "https:\/\/avatars.slack-edge.com\/2016-03-22\/28710481201_c88e270c96743bde6f7b_72.jpg",
            "first_name": "Nico",
            "real_name": "Nico Hartto",
            "display_name": "nicoh",
            "team": "T0CJ5UNHK",
            "name": "nicoh",
            "is_restricted": false,
            "is_ultra_restricted": false
        },
        "blocks": [
            {
                "type": "rich_text",
                "block_id": "rLt",
                "elements": [
                    {
                        "type": "rich_text_section",
                        "elements": [
                            {
                                "type": "text",
                                "text": "£25k - 35k",
                                "style": {
                                    "code": true
                                }
                            },
                            {
                                "type": "text",
                                "text": " is low-balling it quite a bit there... considering 1) it is not a junior\/trainee position, 2) the expenses and everything in UK 3) general salary expectations in the market now"
                            }
                        ]
                    }
                ]
            }
        ],
        "thread_ts": "1490344577.291528",
        "reply_count": 11,
        "reply_users_count": 4,
        "latest_reply": "1490376959.544798",
        "reply_users": [
            "U1CDP5G1H",
            "U0K1Y21C5",
            "U0EUHKVGB",
            "U1N4KAHT6"
        ],
        "replies": [
            {
                "user": "U1CDP5G1H",
                "ts": "1490348375.907737"
            },
            {
                "user": "U0K1Y21C5",
                "ts": "1490349052.024217"
            },
            {
                "user": "U0EUHKVGB",
                "ts": "1490349268.061200"
            },
            {
                "user": "U0EUHKVGB",
                "ts": "1490349360.077481"
            },
            {
                "user": "U0K1Y21C5",
                "ts": "1490350978.356150"
            },
            {
                "user": "U0K1Y21C5",
                "ts": "1490350982.356848"
            },
            {
                "user": "U0EUHKVGB",
                "ts": "1490351160.386329"
            },
            {
                "user": "U0K1Y21C5",
                "ts": "1490351490.442605"
            },
            {
                "user": "U0EUHKVGB",
                "ts": "1490351983.522896"
            },
            {
                "user": "U1CDP5G1H",
                "ts": "1490375193.048710"
            },
            {
                "user": "U1N4KAHT6",
                "ts": "1490376959.544798"
            }
        ],
        "is_locked": false,
        "subscribed": false
    },
    {
        "type": "message",
        "text": "Actually, that is the common salary range in the UK. Juniors earn even less (around 18k). The UK tech market is generally priced a little less than those in other western countries.",
        "user": "U0EUHKVGB",
        "ts": "1490347275.718997",
        "team": "T0CJ5UNHK",
        "user_team": "T0CJ5UNHK",
        "source_team": "T0CJ5UNHK",
        "user_profile": {
            "avatar_hash": "gc10c2d32882",
            "image_72": "https:\/\/secure.gravatar.com\/avatar\/9c10c2d328820b42f7624edcc76d4157.jpg?s=72&d=https%3A%2F%2Fa.slack-edge.com%2Fdf10d%2Fimg%2Favatars%2Fava_0015-72.png",
            "first_name": "eeue56",
            "real_name": "eeue56",
            "display_name": "eeue56",
            "team": "T0CJ5UNHK",
            "name": "eeue56",
            "is_restricted": false,
            "is_ultra_restricted": false
        },
        "blocks": [
            {
                "type": "rich_text",
                "block_id": "s6oH",
                "elements": [
                    {
                        "type": "rich_text_section",
                        "elements": [
                            {
                                "type": "text",
                                "text": "Actually, that is the common salary range in the UK. Juniors earn even less (around 18k). The UK tech market is generally priced a little less than those in other western countries."
                            }
                        ]
                    }
                ]
            }
        ],
        "thread_ts": "1490347275.718997",
        "reply_count": 5,
        "reply_users_count": 2,
        "latest_reply": "1490383189.200732",
        "reply_users": [
            "U1DS62S9Z",
            "U0EUHKVGB"
        ],
        "replies": [
            {
                "user": "U1DS62S9Z",
                "ts": "1490381262.711838"
            },
            {
                "user": "U0EUHKVGB",
                "ts": "1490381484.769368"
            },
            {
                "user": "U0EUHKVGB",
                "ts": "1490381498.773126"
            },
            {
                "user": "U0EUHKVGB",
                "ts": "1490381532.781920"
            },
            {
                "user": "U1DS62S9Z",
                "ts": "1490383189.200732"
            }
        ],
        "is_locked": false,
        "subscribed": false
    },
    {
        "type": "message",
        "text": "Anyway - I'm not sure that this conversation is worth continuing further on <#C0LUAGWRK|jobs>. Might be better to continue in <#C0CJ671HU|random>, and try to keep jobs to job listings and job searches :slightly_smiling_face:",
        "user": "U0EUHKVGB",
        "ts": "1490347370.735453",
        "team": "T0CJ5UNHK",
        "user_team": "T0CJ5UNHK",
        "source_team": "T0CJ5UNHK",
        "user_profile": {
            "avatar_hash": "gc10c2d32882",
            "image_72": "https:\/\/secure.gravatar.com\/avatar\/9c10c2d328820b42f7624edcc76d4157.jpg?s=72&d=https%3A%2F%2Fa.slack-edge.com%2Fdf10d%2Fimg%2Favatars%2Fava_0015-72.png",
            "first_name": "eeue56",
            "real_name": "eeue56",
            "display_name": "eeue56",
            "team": "T0CJ5UNHK",
            "name": "eeue56",
            "is_restricted": false,
            "is_ultra_restricted": false
        },
        "blocks": [
            {
                "type": "rich_text",
                "block_id": "=0q",
                "elements": [
                    {
                        "type": "rich_text_section",
                        "elements": [
                            {
                                "type": "text",
                                "text": "Anyway - I'm not sure that this conversation is worth continuing further on "
                            },
                            {
                                "type": "channel",
                                "channel_id": "C0LUAGWRK"
                            },
                            {
                                "type": "text",
                                "text": ". Might be better to continue in "
                            },
                            {
                                "type": "channel",
                                "channel_id": "C0CJ671HU"
                            },
                            {
                                "type": "text",
                                "text": ", and try to keep jobs to job listings and job searches "
                            },
                            {
                                "type": "emoji",
                                "name": "slightly_smiling_face",
                                "unicode": "1f642"
                            }
                        ]
                    }
                ]
            }
        ]
    },
    {
        "type": "message",
        "text": "nicoh: UK &lt;&gt; London",
        "user": "U1CDP5G1H",
        "ts": "1490348375.907737",
        "team": "T0CJ5UNHK",
        "user_team": "T0CJ5UNHK",
        "source_team": "T0CJ5UNHK",
        "user_profile": {
            "avatar_hash": "98bc14ded668",
            "image_72": "https:\/\/avatars.slack-edge.com\/2017-02-19\/143541361970_98bc14ded6689912c003_72.jpg",
            "first_name": "Ricard",
            "real_name": "Ricard Sole Casas",
            "display_name": "ricard",
            "team": "T0CJ5UNHK",
            "name": "ricard",
            "is_restricted": false,
            "is_ultra_restricted": false
        },
        "blocks": [
            {
                "type": "rich_text",
                "block_id": "DK0YJ",
                "elements": [
                    {
                        "type": "rich_text_section",
                        "elements": [
                            {
                                "type": "text",
                                "text": "nicoh: UK <> London"
                            }
                        ]
                    }
                ]
            }
        ],
        "thread_ts": "1490344577.291528",
        "parent_user_id": "U0K1Y21C5",
        "reactions": [
            {
                "name": "100",
                "users": [
                    "U0EUHKVGB"
                ],
                "count": 1
            }
        ]
    },
    {
        "type": "message",
        "text": "bardt: I live in Barcelona and go to the US every now and then, and they were OK with that",
        "user": "U1CDP5G1H",
        "ts": "1490348394.911090",
        "team": "T0CJ5UNHK",
        "user_team": "T0CJ5UNHK",
        "source_team": "T0CJ5UNHK",
        "user_profile": {
            "avatar_hash": "98bc14ded668",
            "image_72": "https:\/\/avatars.slack-edge.com\/2017-02-19\/143541361970_98bc14ded6689912c003_72.jpg",
            "first_name": "Ricard",
            "real_name": "Ricard Sole Casas",
            "display_name": "ricard",
            "team": "T0CJ5UNHK",
            "name": "ricard",
            "is_restricted": false,
            "is_ultra_restricted": false
        },
        "blocks": [
            {
                "type": "rich_text",
                "block_id": "3dQ",
                "elements": [
                    {
                        "type": "rich_text_section",
                        "elements": [
                            {
                                "type": "text",
                                "text": "bardt: I live in Barcelona and go to the US every now and then, and they were OK with that"
                            }
                        ]
                    }
                ]
            }
        ],
        "thread_ts": "1490338646.626441",
        "parent_user_id": "U1D7SLE4Q",
        "reactions": [
            {
                "name": "tada",
                "users": [
                    "U3T69CXU4"
                ],
                "count": 1
            }
        ]
    },
    {
        "type": "message",
        "text": "Still, that is low honestly for those specs",
        "user": "U0K1Y21C5",
        "ts": "1490349052.024217",
        "team": "T0CJ5UNHK",
        "user_team": "T0CJ5UNHK",
        "source_team": "T0CJ5UNHK",
        "user_profile": {
            "avatar_hash": "c88e270c9674",
            "image_72": "https:\/\/avatars.slack-edge.com\/2016-03-22\/28710481201_c88e270c96743bde6f7b_72.jpg",
            "first_name": "Nico",
            "real_name": "Nico Hartto",
            "display_name": "nicoh",
            "team": "T0CJ5UNHK",
            "name": "nicoh",
            "is_restricted": false,
            "is_ultra_restricted": false
        },
        "blocks": [
            {
                "type": "rich_text",
                "block_id": "0xRZv",
                "elements": [
                    {
                        "type": "rich_text_section",
                        "elements": [
                            {
                                "type": "text",
                                "text": "Still, that is low honestly for those specs"
                            }
                        ]
                    }
                ]
            }
        ],
        "thread_ts": "1490344577.291528",
        "parent_user_id": "U0K1Y21C5"
    },
    {
        "type": "message",
        "text": "It’s low internationally, but not for the UK.",
        "user": "U0EUHKVGB",
        "ts": "1490349268.061200",
        "team": "T0CJ5UNHK",
        "user_team": "T0CJ5UNHK",
        "source_team": "T0CJ5UNHK",
        "user_profile": {
            "avatar_hash": "gc10c2d32882",
            "image_72": "https:\/\/secure.gravatar.com\/avatar\/9c10c2d328820b42f7624edcc76d4157.jpg?s=72&d=https%3A%2F%2Fa.slack-edge.com%2Fdf10d%2Fimg%2Favatars%2Fava_0015-72.png",
            "first_name": "eeue56",
            "real_name": "eeue56",
            "display_name": "eeue56",
            "team": "T0CJ5UNHK",
            "name": "eeue56",
            "is_restricted": false,
            "is_ultra_restricted": false
        },
        "blocks": [
            {
                "type": "rich_text",
                "block_id": "mt7e",
                "elements": [
                    {
                        "type": "rich_text_section",
                        "elements": [
                            {
                                "type": "text",
                                "text": "It’s low internationally, but not for the UK."
                            }
                        ]
                    }
                ]
            }
        ],
        "thread_ts": "1490344577.291528",
        "parent_user_id": "U0K1Y21C5"
    },
    {
        "type": "message",
        "text": "<http:\/\/www.businessinsider.com\/british-tech-workers-paid-less-than-americans-hired-salary-data-015-7?r=UK&amp;IR=T&amp;IR=T> - notice how it says _london_ is lower than the US. London gets paid a huge amount more than people in other places in the UK.",
        "user": "U0EUHKVGB",
        "ts": "1490349360.077481",
        "team": "T0CJ5UNHK",
        "user_team": "T0CJ5UNHK",
        "source_team": "T0CJ5UNHK",
        "user_profile": {
            "avatar_hash": "gc10c2d32882",
            "image_72": "https:\/\/secure.gravatar.com\/avatar\/9c10c2d328820b42f7624edcc76d4157.jpg?s=72&d=https%3A%2F%2Fa.slack-edge.com%2Fdf10d%2Fimg%2Favatars%2Fava_0015-72.png",
            "first_name": "eeue56",
            "real_name": "eeue56",
            "display_name": "eeue56",
            "team": "T0CJ5UNHK",
            "name": "eeue56",
            "is_restricted": false,
            "is_ultra_restricted": false
        },
        "edited": {
            "user": "U0EUHKVGB",
            "ts": "1490349377.000000"
        },
        "blocks": [
            {
                "type": "rich_text",
                "block_id": "rihmw",
                "elements": [
                    {
                        "type": "rich_text_section",
                        "elements": [
                            {
                                "type": "link",
                                "url": "http:\/\/www.businessinsider.com\/british-tech-workers-paid-less-than-americans-hired-salary-data-015-7?r=UK&amp;IR=T&amp;IR=T",
                                "text": "http:\/\/www.businessinsider.com\/british-tech-workers-paid-less-than-americans-hired-salary-data-015-7?r=UK&IR=T&IR=T"
                            },
                            {
                                "type": "text",
                                "text": " - notice how it says "
                            },
                            {
                                "type": "text",
                                "text": "london",
                                "style": {
                                    "italic": true
                                }
                            },
                            {
                                "type": "text",
                                "text": " is lower than the US. London gets paid a huge amount more than people in other places in the UK."
                            }
                        ]
                    }
                ]
            }
        ],
        "thread_ts": "1490344577.291528",
        "parent_user_id": "U0K1Y21C5"
    },
    {
        "type": "message",
        "text": "I always thought that UK would be paid more than continental Europe. For London that would be a total no-go as getting an apartment (not a closet) so that you could live with that salary is nearly impossible",
        "user": "U0K1Y21C5",
        "ts": "1490350978.356150",
        "team": "T0CJ5UNHK",
        "user_team": "T0CJ5UNHK",
        "source_team": "T0CJ5UNHK",
        "user_profile": {
            "avatar_hash": "c88e270c9674",
            "image_72": "https:\/\/avatars.slack-edge.com\/2016-03-22\/28710481201_c88e270c96743bde6f7b_72.jpg",
            "first_name": "Nico",
            "real_name": "Nico Hartto",
            "display_name": "nicoh",
            "team": "T0CJ5UNHK",
            "name": "nicoh",
            "is_restricted": false,
            "is_ultra_restricted": false
        },
        "blocks": [
            {
                "type": "rich_text",
                "block_id": "osf8x",
                "elements": [
                    {
                        "type": "rich_text_section",
                        "elements": [
                            {
                                "type": "text",
                                "text": "I always thought that UK would be paid more than continental Europe. For London that would be a total no-go as getting an apartment (not a closet) so that you could live with that salary is nearly impossible"
                            }
                        ]
                    }
                ]
            }
        ],
        "thread_ts": "1490344577.291528",
        "parent_user_id": "U0K1Y21C5"
    },
    {
        "type": "message",
        "text": "but I understand",
        "user": "U0K1Y21C5",
        "ts": "1490350982.356848",
        "team": "T0CJ5UNHK",
        "user_team": "T0CJ5UNHK",
        "source_team": "T0CJ5UNHK",
        "user_profile": {
            "avatar_hash": "c88e270c9674",
            "image_72": "https:\/\/avatars.slack-edge.com\/2016-03-22\/28710481201_c88e270c96743bde6f7b_72.jpg",
            "first_name": "Nico",
            "real_name": "Nico Hartto",
            "display_name": "nicoh",
            "team": "T0CJ5UNHK",
            "name": "nicoh",
            "is_restricted": false,
            "is_ultra_restricted": false
        },
        "blocks": [
            {
                "type": "rich_text",
                "block_id": "we7",
                "elements": [
                    {
                        "type": "rich_text_section",
                        "elements": [
                            {
                                "type": "text",
                                "text": "but I understand"
                            }
                        ]
                    }
                ]
            }
        ],
        "thread_ts": "1490344577.291528",
        "parent_user_id": "U0K1Y21C5"
    },
    {
        "type": "message",
        "text": "Generally, the UK is very “behind the times\" when it comes to the tech scene. Lots of Java houses spinning out PHP or JS. It also means a lot “talent” will end up finding jobs in other countries with more interesting jobs, and the UK companies can’t really compete",
        "user": "U0EUHKVGB",
        "ts": "1490351160.386329",
        "team": "T0CJ5UNHK",
        "user_team": "T0CJ5UNHK",
        "source_team": "T0CJ5UNHK",
        "user_profile": {
            "avatar_hash": "gc10c2d32882",
            "image_72": "https:\/\/secure.gravatar.com\/avatar\/9c10c2d328820b42f7624edcc76d4157.jpg?s=72&d=https%3A%2F%2Fa.slack-edge.com%2Fdf10d%2Fimg%2Favatars%2Fava_0015-72.png",
            "first_name": "eeue56",
            "real_name": "eeue56",
            "display_name": "eeue56",
            "team": "T0CJ5UNHK",
            "name": "eeue56",
            "is_restricted": false,
            "is_ultra_restricted": false
        },
        "blocks": [
            {
                "type": "rich_text",
                "block_id": "v1V5K",
                "elements": [
                    {
                        "type": "rich_text_section",
                        "elements": [
                            {
                                "type": "text",
                                "text": "Generally, the UK is very “behind the times\" when it comes to the tech scene. Lots of Java houses spinning out PHP or JS. It also means a lot “talent” will end up finding jobs in other countries with more interesting jobs, and the UK companies can’t really compete"
                            }
                        ]
                    }
                ]
            }
        ],
        "thread_ts": "1490344577.291528",
        "parent_user_id": "U0K1Y21C5"
    },
    {
        "type": "message",
        "text": "This is weird since, well only for London, the headhunters try to get people from Finland (where I live) to come to London. Full-stack \/ node.js \/ JS \/ you-name-it jobs",
        "user": "U0K1Y21C5",
        "ts": "1490351490.442605",
        "team": "T0CJ5UNHK",
        "user_team": "T0CJ5UNHK",
        "source_team": "T0CJ5UNHK",
        "user_profile": {
            "avatar_hash": "c88e270c9674",
            "image_72": "https:\/\/avatars.slack-edge.com\/2016-03-22\/28710481201_c88e270c96743bde6f7b_72.jpg",
            "first_name": "Nico",
            "real_name": "Nico Hartto",
            "display_name": "nicoh",
            "team": "T0CJ5UNHK",
            "name": "nicoh",
            "is_restricted": false,
            "is_ultra_restricted": false
        },
        "blocks": [
            {
                "type": "rich_text",
                "block_id": "fc+v",
                "elements": [
                    {
                        "type": "rich_text_section",
                        "elements": [
                            {
                                "type": "text",
                                "text": "This is weird since, well only for London, the headhunters try to get people from Finland (where I live) to come to London. Full-stack \/ node.js \/ JS \/ you-name-it jobs"
                            }
                        ]
                    }
                ]
            }
        ],
        "thread_ts": "1490344577.291528",
        "parent_user_id": "U0K1Y21C5"
    },
    {
        "type": "message",
        "text": "London is not the UK - if you visit London, you aren’t visiting the UK haha. They have more jobs which are paid better, but still not great on the whole - and the culture of a lot of them are very “businessy”",
        "user": "U0EUHKVGB",
        "ts": "1490351983.522896",
        "team": "T0CJ5UNHK",
        "user_team": "T0CJ5UNHK",
        "source_team": "T0CJ5UNHK",
        "user_profile": {
            "avatar_hash": "gc10c2d32882",
            "image_72": "https:\/\/secure.gravatar.com\/avatar\/9c10c2d328820b42f7624edcc76d4157.jpg?s=72&d=https%3A%2F%2Fa.slack-edge.com%2Fdf10d%2Fimg%2Favatars%2Fava_0015-72.png",
            "first_name": "eeue56",
            "real_name": "eeue56",
            "display_name": "eeue56",
            "team": "T0CJ5UNHK",
            "name": "eeue56",
            "is_restricted": false,
            "is_ultra_restricted": false
        },
        "blocks": [
            {
                "type": "rich_text",
                "block_id": "jim",
                "elements": [
                    {
                        "type": "rich_text_section",
                        "elements": [
                            {
                                "type": "text",
                                "text": "London is not the UK - if you visit London, you aren’t visiting the UK haha. They have more jobs which are paid better, but still not great on the whole - and the culture of a lot of them are very “businessy”"
                            }
                        ]
                    }
                ]
            }
        ],
        "thread_ts": "1490344577.291528",
        "parent_user_id": "U0K1Y21C5",
        "reactions": [
            {
                "name": "heavy_plus_sign",
                "users": [
                    "U1CDP5G1H"
                ],
                "count": 1
            }
        ]
    },
    {
        "type": "message",
        "subtype": "channel_join",
        "ts": "1490357943.448364",
        "user": "U3T69CXU4",
        "text": "<@U3T69CXU4> has joined the channel"
    },
    {
        "type": "message",
        "subtype": "channel_join",
        "ts": "1490363526.595769",
        "user": "U4PUMNVAT",
        "text": "<@U4PUMNVAT> has joined the channel"
    },
    {
        "type": "message",
        "text": "even within London you can find ranges of 25 to all the way up to 90 and more",
        "user": "U1CDP5G1H",
        "ts": "1490375193.048710",
        "team": "T0CJ5UNHK",
        "user_team": "T0CJ5UNHK",
        "source_team": "T0CJ5UNHK",
        "user_profile": {
            "avatar_hash": "98bc14ded668",
            "image_72": "https:\/\/avatars.slack-edge.com\/2017-02-19\/143541361970_98bc14ded6689912c003_72.jpg",
            "first_name": "Ricard",
            "real_name": "Ricard Sole Casas",
            "display_name": "ricard",
            "team": "T0CJ5UNHK",
            "name": "ricard",
            "is_restricted": false,
            "is_ultra_restricted": false
        },
        "blocks": [
            {
                "type": "rich_text",
                "block_id": "7aqy",
                "elements": [
                    {
                        "type": "rich_text_section",
                        "elements": [
                            {
                                "type": "text",
                                "text": "even within London you can find ranges of 25 to all the way up to 90 and more"
                            }
                        ]
                    }
                ]
            }
        ],
        "thread_ts": "1490344577.291528",
        "parent_user_id": "U0K1Y21C5"
    },
    {
        "type": "message",
        "text": "From what I'm seeing in the market here that's a pretty entry level salary. ",
        "user": "U1N4KAHT6",
        "ts": "1490376959.544798",
        "team": "T0CJ5UNHK",
        "user_team": "T0CJ5UNHK",
        "source_team": "T0CJ5UNHK",
        "user_profile": {
            "avatar_hash": "2eef4ee5f871",
            "image_72": "https:\/\/avatars.slack-edge.com\/2020-07-21\/1260027435604_2eef4ee5f87154c3f180_72.jpg",
            "first_name": "Jakub",
            "real_name": "Jakub Hampl",
            "display_name": "gampleman",
            "team": "T0CJ5UNHK",
            "name": "gampleman",
            "is_restricted": false,
            "is_ultra_restricted": false
        },
        "blocks": [
            {
                "type": "rich_text",
                "block_id": "UQ1mR",
                "elements": [
                    {
                        "type": "rich_text_section",
                        "elements": [
                            {
                                "type": "text",
                                "text": "From what I'm seeing in the market here that's a pretty entry level salary."
                            }
                        ]
                    }
                ]
            }
        ],
        "thread_ts": "1490344577.291528",
        "parent_user_id": "U0K1Y21C5"
    },
    {
        "type": "message",
        "subtype": "channel_join",
        "ts": "1490377294.637679",
        "user": "U3S3S7J06",
        "text": "<@U3S3S7J06> has joined the channel"
    },
    {
        "type": "message",
        "subtype": "channel_join",
        "ts": "1490380210.436498",
        "user": "U482HQ6JZ",
        "text": "<@U482HQ6JZ> has joined the channel"
    },
    {
        "type": "message",
        "subtype": "channel_join",
        "ts": "1490381152.682750",
        "user": "U4Q1QESEA",
        "text": "<@U4Q1QESEA> has joined the channel"
    },
    {
        "type": "message",
        "text": "eeue56: Huh, I’d expect £25k for an intern.",
        "user": "U1DS62S9Z",
        "ts": "1490381262.711838",
        "team": "T0CJ5UNHK",
        "user_team": "T0CJ5UNHK",
        "source_team": "T0CJ5UNHK",
        "user_profile": {
            "avatar_hash": "g1a70fd3673e",
            "image_72": "https:\/\/secure.gravatar.com\/avatar\/11a70fd3673e3bc3931ea118cc3d12f5.jpg?s=72&d=https%3A%2F%2Fa.slack-edge.com%2Fdf10d%2Fimg%2Favatars%2Fava_0001-72.png",
            "first_name": "Louis",
            "real_name": "Louis Pilfold",
            "display_name": "lpil",
            "team": "T0CJ5UNHK",
            "name": "lpil",
            "is_restricted": false,
            "is_ultra_restricted": false
        },
        "blocks": [
            {
                "type": "rich_text",
                "block_id": "DYCX",
                "elements": [
                    {
                        "type": "rich_text_section",
                        "elements": [
                            {
                                "type": "text",
                                "text": "eeue56: Huh, I’d expect £25k for an intern."
                            }
                        ]
                    }
                ]
            }
        ],
        "thread_ts": "1490347275.718997",
        "parent_user_id": "U0EUHKVGB"
    },
    {
        "type": "message",
        "text": "London != the UK... £25k is an average wage jobs offer in Wales, for example.",
        "user": "U0EUHKVGB",
        "ts": "1490381484.769368",
        "team": "T0CJ5UNHK",
        "user_team": "T0CJ5UNHK",
        "source_team": "T0CJ5UNHK",
        "user_profile": {
            "avatar_hash": "gc10c2d32882",
            "image_72": "https:\/\/secure.gravatar.com\/avatar\/9c10c2d328820b42f7624edcc76d4157.jpg?s=72&d=https%3A%2F%2Fa.slack-edge.com%2Fdf10d%2Fimg%2Favatars%2Fava_0015-72.png",
            "first_name": "eeue56",
            "real_name": "eeue56",
            "display_name": "eeue56",
            "team": "T0CJ5UNHK",
            "name": "eeue56",
            "is_restricted": false,
            "is_ultra_restricted": false
        },
        "blocks": [
            {
                "type": "rich_text",
                "block_id": "8t\/",
                "elements": [
                    {
                        "type": "rich_text_section",
                        "elements": [
                            {
                                "type": "text",
                                "text": "London != the UK... £25k is an average wage jobs offer in Wales, for example."
                            }
                        ]
                    }
                ]
            }
        ],
        "thread_ts": "1490347275.718997",
        "parent_user_id": "U0EUHKVGB"
    },
    {
        "type": "message",
        "text": "I've seen graduate jobs go for £16k a year.",
        "user": "U0EUHKVGB",
        "ts": "1490381498.773126",
        "team": "T0CJ5UNHK",
        "user_team": "T0CJ5UNHK",
        "source_team": "T0CJ5UNHK",
        "user_profile": {
            "avatar_hash": "gc10c2d32882",
            "image_72": "https:\/\/secure.gravatar.com\/avatar\/9c10c2d328820b42f7624edcc76d4157.jpg?s=72&d=https%3A%2F%2Fa.slack-edge.com%2Fdf10d%2Fimg%2Favatars%2Fava_0015-72.png",
            "first_name": "eeue56",
            "real_name": "eeue56",
            "display_name": "eeue56",
            "team": "T0CJ5UNHK",
            "name": "eeue56",
            "is_restricted": false,
            "is_ultra_restricted": false
        },
        "blocks": [
            {
                "type": "rich_text",
                "block_id": "kX4",
                "elements": [
                    {
                        "type": "rich_text_section",
                        "elements": [
                            {
                                "type": "text",
                                "text": "I've seen graduate jobs go for £16k a year."
                            }
                        ]
                    }
                ]
            }
        ],
        "thread_ts": "1490347275.718997",
        "parent_user_id": "U0EUHKVGB"
    },
    {
        "type": "message",
        "text": "Very, _very_ important you don't confuse London with the UK. very different places.",
        "user": "U0EUHKVGB",
        "ts": "1490381532.781920",
        "team": "T0CJ5UNHK",
        "user_team": "T0CJ5UNHK",
        "source_team": "T0CJ5UNHK",
        "user_profile": {
            "avatar_hash": "gc10c2d32882",
            "image_72": "https:\/\/secure.gravatar.com\/avatar\/9c10c2d328820b42f7624edcc76d4157.jpg?s=72&d=https%3A%2F%2Fa.slack-edge.com%2Fdf10d%2Fimg%2Favatars%2Fava_0015-72.png",
            "first_name": "eeue56",
            "real_name": "eeue56",
            "display_name": "eeue56",
            "team": "T0CJ5UNHK",
            "name": "eeue56",
            "is_restricted": false,
            "is_ultra_restricted": false
        },
        "edited": {
            "user": "U0EUHKVGB",
            "ts": "1490381809.000000"
        },
        "blocks": [
            {
                "type": "rich_text",
                "block_id": "ZuvY",
                "elements": [
                    {
                        "type": "rich_text_section",
                        "elements": [
                            {
                                "type": "text",
                                "text": "Very, "
                            },
                            {
                                "type": "text",
                                "text": "very",
                                "style": {
                                    "italic": true
                                }
                            },
                            {
                                "type": "text",
                                "text": " important you don't confuse London with the UK. very different places."
                            }
                        ]
                    }
                ]
            }
        ],
        "thread_ts": "1490347275.718997",
        "parent_user_id": "U0EUHKVGB"
    },
    {
        "type": "message",
        "text": "Ah, yes. Good point.",
        "user": "U1DS62S9Z",
        "ts": "1490383189.200732",
        "team": "T0CJ5UNHK",
        "user_team": "T0CJ5UNHK",
        "source_team": "T0CJ5UNHK",
        "user_profile": {
            "avatar_hash": "g1a70fd3673e",
            "image_72": "https:\/\/secure.gravatar.com\/avatar\/11a70fd3673e3bc3931ea118cc3d12f5.jpg?s=72&d=https%3A%2F%2Fa.slack-edge.com%2Fdf10d%2Fimg%2Favatars%2Fava_0001-72.png",
            "first_name": "Louis",
            "real_name": "Louis Pilfold",
            "display_name": "lpil",
            "team": "T0CJ5UNHK",
            "name": "lpil",
            "is_restricted": false,
            "is_ultra_restricted": false
        },
        "blocks": [
            {
                "type": "rich_text",
                "block_id": "0SIGn",
                "elements": [
                    {
                        "type": "rich_text_section",
                        "elements": [
                            {
                                "type": "text",
                                "text": "Ah, yes. Good point."
                            }
                        ]
                    }
                ]
            }
        ],
        "thread_ts": "1490347275.718997",
        "parent_user_id": "U0EUHKVGB"
    },
    {
        "type": "message",
        "subtype": "channel_join",
        "ts": "1490387049.120176",
        "user": "U1CKM8DGT",
        "text": "<@U1CKM8DGT> has joined the channel"
    },
    {
        "type": "message",
        "subtype": "channel_join",
        "ts": "1490394867.576995",
        "user": "U4PH7JUSW",
        "text": "<@U4PH7JUSW> has joined the channel"
    }
]