[
    {
        "type": "message",
        "text": "<@U138U8K4P> it’s not clear from your message if your offering or looking for a job. just wanted to let you know",
        "user": "U23U8APEY",
        "ts": "1484816908.000182",
        "team": "T0CJ5UNHK",
        "user_team": "T0CJ5UNHK",
        "source_team": "T0CJ5UNHK",
        "user_profile": {
            "avatar_hash": "g3074e1515db",
            "image_72": "https:\/\/secure.gravatar.com\/avatar\/b3074e1515db1a3d79acf5d954eac0d1.jpg?s=72&d=https%3A%2F%2Fa.slack-edge.com%2Fdf10d%2Fimg%2Favatars%2Fava_0007-72.png",
            "first_name": "Lucian",
            "real_name": "Lucian Ursu",
            "display_name": "elbear",
            "team": "T0CJ5UNHK",
            "name": "elbear",
            "is_restricted": false,
            "is_ultra_restricted": false
        },
        "blocks": [
            {
                "type": "rich_text",
                "block_id": "FuT",
                "elements": [
                    {
                        "type": "rich_text_section",
                        "elements": [
                            {
                                "type": "user",
                                "user_id": "U138U8K4P"
                            },
                            {
                                "type": "text",
                                "text": " it’s not clear from your message if your offering or looking for a job. just wanted to let you know"
                            }
                        ]
                    }
                ]
            }
        ]
    },
    {
        "type": "message",
        "text": "<@U23U8APEY>  thanks! it is an offer,  but idk if in the frontend world a short contract  is something that people find interesting :smile:",
        "user": "U138U8K4P",
        "ts": "1484817273.000183",
        "team": "T0CJ5UNHK",
        "user_team": "T0CJ5UNHK",
        "source_team": "T0CJ5UNHK",
        "user_profile": {
            "avatar_hash": "cdd401306170",
            "image_72": "https:\/\/avatars.slack-edge.com\/2016-12-22\/119998558051_cdd4013061705ea4e183_72.jpg",
            "first_name": "giulio",
            "real_name": "giulio ungaretti",
            "display_name": "unga",
            "team": "T0CJ5UNHK",
            "name": "unga",
            "is_restricted": false,
            "is_ultra_restricted": false
        },
        "blocks": [
            {
                "type": "rich_text",
                "block_id": "Sqo+",
                "elements": [
                    {
                        "type": "rich_text_section",
                        "elements": [
                            {
                                "type": "user",
                                "user_id": "U23U8APEY"
                            },
                            {
                                "type": "text",
                                "text": "  thanks! it is an offer,  but idk if in the frontend world a short contract  is something that people find interesting "
                            },
                            {
                                "type": "emoji",
                                "name": "smile",
                                "unicode": "1f604"
                            }
                        ]
                    }
                ]
            }
        ]
    },
    {
        "type": "message",
        "text": "<@U138U8K4P> some people do, so I suggest you give more details about the project (even compensation if you feel comfortable)",
        "user": "U23U8APEY",
        "ts": "1484817484.000184",
        "team": "T0CJ5UNHK",
        "user_team": "T0CJ5UNHK",
        "source_team": "T0CJ5UNHK",
        "user_profile": {
            "avatar_hash": "g3074e1515db",
            "image_72": "https:\/\/secure.gravatar.com\/avatar\/b3074e1515db1a3d79acf5d954eac0d1.jpg?s=72&d=https%3A%2F%2Fa.slack-edge.com%2Fdf10d%2Fimg%2Favatars%2Fava_0007-72.png",
            "first_name": "Lucian",
            "real_name": "Lucian Ursu",
            "display_name": "elbear",
            "team": "T0CJ5UNHK",
            "name": "elbear",
            "is_restricted": false,
            "is_ultra_restricted": false
        },
        "blocks": [
            {
                "type": "rich_text",
                "block_id": "g1X",
                "elements": [
                    {
                        "type": "rich_text_section",
                        "elements": [
                            {
                                "type": "user",
                                "user_id": "U138U8K4P"
                            },
                            {
                                "type": "text",
                                "text": " some people do, so I suggest you give more details about the project (even compensation if you feel comfortable)"
                            }
                        ]
                    }
                ]
            }
        ]
    },
    {
        "type": "message",
        "text": "for example, I would be interested in working with Elm, but I’m involved in another project at the moment",
        "user": "U23U8APEY",
        "ts": "1484817526.000185",
        "team": "T0CJ5UNHK",
        "user_team": "T0CJ5UNHK",
        "source_team": "T0CJ5UNHK",
        "user_profile": {
            "avatar_hash": "g3074e1515db",
            "image_72": "https:\/\/secure.gravatar.com\/avatar\/b3074e1515db1a3d79acf5d954eac0d1.jpg?s=72&d=https%3A%2F%2Fa.slack-edge.com%2Fdf10d%2Fimg%2Favatars%2Fava_0007-72.png",
            "first_name": "Lucian",
            "real_name": "Lucian Ursu",
            "display_name": "elbear",
            "team": "T0CJ5UNHK",
            "name": "elbear",
            "is_restricted": false,
            "is_ultra_restricted": false
        },
        "blocks": [
            {
                "type": "rich_text",
                "block_id": "oV1g",
                "elements": [
                    {
                        "type": "rich_text_section",
                        "elements": [
                            {
                                "type": "text",
                                "text": "for example, I would be interested in working with Elm, but I’m involved in another project at the moment"
                            }
                        ]
                    }
                ]
            }
        ]
    },
    {
        "type": "message",
        "text": "<@U138U8K4P> is it at qdev? That might also attract too :smile:",
        "user": "U376YQ7S7",
        "ts": "1484817581.000186",
        "team": "T0CJ5UNHK",
        "user_team": "T0CJ5UNHK",
        "source_team": "T0CJ5UNHK",
        "user_profile": {
            "avatar_hash": "g2855178b4bb",
            "image_72": "https:\/\/secure.gravatar.com\/avatar\/02855178b4bb98cb91f1a3b2b5c04e7a.jpg?s=72&d=https%3A%2F%2Fa.slack-edge.com%2Fdf10d%2Fimg%2Favatars%2Fava_0013-72.png",
            "first_name": "Søren",
            "real_name": "Søren Vrist",
            "display_name": "svrist",
            "team": "T0CJ5UNHK",
            "name": "svrist",
            "is_restricted": false,
            "is_ultra_restricted": false
        },
        "blocks": [
            {
                "type": "rich_text",
                "block_id": "lllV",
                "elements": [
                    {
                        "type": "rich_text_section",
                        "elements": [
                            {
                                "type": "user",
                                "user_id": "U138U8K4P"
                            },
                            {
                                "type": "text",
                                "text": " is it at qdev? That might also attract too "
                            },
                            {
                                "type": "emoji",
                                "name": "smile",
                                "unicode": "1f604"
                            }
                        ]
                    }
                ]
            }
        ]
    },
    {
        "type": "message",
        "text": "<@U23U8APEY>  thanks for the tips! Will repost then",
        "user": "U138U8K4P",
        "ts": "1484817712.000187",
        "team": "T0CJ5UNHK",
        "user_team": "T0CJ5UNHK",
        "source_team": "T0CJ5UNHK",
        "user_profile": {
            "avatar_hash": "cdd401306170",
            "image_72": "https:\/\/avatars.slack-edge.com\/2016-12-22\/119998558051_cdd4013061705ea4e183_72.jpg",
            "first_name": "giulio",
            "real_name": "giulio ungaretti",
            "display_name": "unga",
            "team": "T0CJ5UNHK",
            "name": "unga",
            "is_restricted": false,
            "is_ultra_restricted": false
        },
        "blocks": [
            {
                "type": "rich_text",
                "block_id": "\/Th",
                "elements": [
                    {
                        "type": "rich_text_section",
                        "elements": [
                            {
                                "type": "user",
                                "user_id": "U23U8APEY"
                            },
                            {
                                "type": "text",
                                "text": "  thanks for the tips! Will repost then"
                            }
                        ]
                    }
                ]
            }
        ]
    },
    {
        "type": "message",
        "text": "<@U376YQ7S7>  yes it's qdev + Microsoft station Q  :smile:",
        "user": "U138U8K4P",
        "ts": "1484817739.000188",
        "team": "T0CJ5UNHK",
        "user_team": "T0CJ5UNHK",
        "source_team": "T0CJ5UNHK",
        "user_profile": {
            "avatar_hash": "cdd401306170",
            "image_72": "https:\/\/avatars.slack-edge.com\/2016-12-22\/119998558051_cdd4013061705ea4e183_72.jpg",
            "first_name": "giulio",
            "real_name": "giulio ungaretti",
            "display_name": "unga",
            "team": "T0CJ5UNHK",
            "name": "unga",
            "is_restricted": false,
            "is_ultra_restricted": false
        },
        "blocks": [
            {
                "type": "rich_text",
                "block_id": "fSKD",
                "elements": [
                    {
                        "type": "rich_text_section",
                        "elements": [
                            {
                                "type": "user",
                                "user_id": "U376YQ7S7"
                            },
                            {
                                "type": "text",
                                "text": "  yes it's qdev + Microsoft station Q  "
                            },
                            {
                                "type": "emoji",
                                "name": "smile",
                                "unicode": "1f604"
                            }
                        ]
                    }
                ]
            }
        ]
    },
    {
        "type": "message",
        "text": ":heart: for the feedback",
        "user": "U138U8K4P",
        "ts": "1484817746.000189",
        "team": "T0CJ5UNHK",
        "user_team": "T0CJ5UNHK",
        "source_team": "T0CJ5UNHK",
        "user_profile": {
            "avatar_hash": "cdd401306170",
            "image_72": "https:\/\/avatars.slack-edge.com\/2016-12-22\/119998558051_cdd4013061705ea4e183_72.jpg",
            "first_name": "giulio",
            "real_name": "giulio ungaretti",
            "display_name": "unga",
            "team": "T0CJ5UNHK",
            "name": "unga",
            "is_restricted": false,
            "is_ultra_restricted": false
        },
        "blocks": [
            {
                "type": "rich_text",
                "block_id": "orWG",
                "elements": [
                    {
                        "type": "rich_text_section",
                        "elements": [
                            {
                                "type": "emoji",
                                "name": "heart",
                                "unicode": "2764-fe0f"
                            },
                            {
                                "type": "text",
                                "text": " for the feedback"
                            }
                        ]
                    }
                ]
            }
        ]
    },
    {
        "type": "message",
        "text": ":+1:",
        "user": "U376YQ7S7",
        "ts": "1484817753.000190",
        "team": "T0CJ5UNHK",
        "user_team": "T0CJ5UNHK",
        "source_team": "T0CJ5UNHK",
        "user_profile": {
            "avatar_hash": "g2855178b4bb",
            "image_72": "https:\/\/secure.gravatar.com\/avatar\/02855178b4bb98cb91f1a3b2b5c04e7a.jpg?s=72&d=https%3A%2F%2Fa.slack-edge.com%2Fdf10d%2Fimg%2Favatars%2Fava_0013-72.png",
            "first_name": "Søren",
            "real_name": "Søren Vrist",
            "display_name": "svrist",
            "team": "T0CJ5UNHK",
            "name": "svrist",
            "is_restricted": false,
            "is_ultra_restricted": false
        },
        "blocks": [
            {
                "type": "rich_text",
                "block_id": "l\/xl",
                "elements": [
                    {
                        "type": "rich_text_section",
                        "elements": [
                            {
                                "type": "emoji",
                                "name": "+1",
                                "unicode": "1f44d"
                            }
                        ]
                    }
                ]
            }
        ]
    }
]