[
    {
        "type": "message",
        "subtype": "channel_join",
        "ts": "1494929786.614224",
        "user": "U5ERAFY3G",
        "text": "<@U5ERAFY3G> has joined the channel"
    },
    {
        "type": "message",
        "subtype": "channel_join",
        "ts": "1494930217.692819",
        "user": "U482AUB18",
        "text": "<@U482AUB18> has joined the channel"
    },
    {
        "type": "message",
        "text": "Hey guys, my company built an amazing developer-focused job platform. Once your profile gets accepted, companies apply to you with salary and tech-stack upfront. Give us a try!  (only full-time in-house positions)  <http:\/\/honeypot.io|honeypot.io>",
        "user": "U5ERAFY3G",
        "ts": "1494931010.834676",
        "team": "T0CJ5UNHK",
        "user_team": "T0CJ5UNHK",
        "source_team": "T0CJ5UNHK",
        "user_profile": {
            "avatar_hash": "g946bf31493f",
            "image_72": "https:\/\/secure.gravatar.com\/avatar\/e946bf31493fb11f6ab010b721fd3e4b.jpg?s=72&d=https%3A%2F%2Fa.slack-edge.com%2Fdf10d%2Fimg%2Favatars%2Fava_0012-72.png",
            "first_name": "Sasha",
            "real_name": "Sasha Pliusnina",
            "display_name": "sashaplus",
            "team": "T0CJ5UNHK",
            "name": "sashaplus",
            "is_restricted": false,
            "is_ultra_restricted": false
        },
        "edited": {
            "user": "U5ERAFY3G",
            "ts": "1494936461.000000"
        },
        "attachments": [
            {
                "title": "Honeypot - Join and Get offers from Europe's tech companies",
                "title_link": "http:\/\/bit.ly\/2pRQjVj",
                "text": "Honeypot is a Developer-Focused Job Platform. Companies apply to you with salary and tech stack upfront.",
                "fallback": "Honeypot - Join and Get offers from Europe's tech companies",
                "from_url": "http:\/\/bit.ly\/2pRQjVj",
                "service_icon": "https:\/\/www.honeypot.io\/images\/apple-touch-icon-57x57-4c19509a.png",
                "service_name": "honeypot.io",
                "id": 1
            }
        ],
        "blocks": [
            {
                "type": "rich_text",
                "block_id": "fZql",
                "elements": [
                    {
                        "type": "rich_text_section",
                        "elements": [
                            {
                                "type": "text",
                                "text": "Hey guys, my company built an amazing developer-focused job platform. Once your profile gets accepted, companies apply to you with salary and tech-stack upfront. Give us a try!  (only full-time in-house positions)  "
                            },
                            {
                                "type": "link",
                                "url": "http:\/\/honeypot.io",
                                "text": "honeypot.io"
                            }
                        ]
                    }
                ]
            }
        ],
        "thread_ts": "1494931010.834676",
        "reply_count": 4,
        "reply_users_count": 3,
        "latest_reply": "1494933004.183162",
        "reply_users": [
            "U2VCR5R6H",
            "U5ERAFY3G",
            "U0EUHKVGB"
        ],
        "replies": [
            {
                "user": "U2VCR5R6H",
                "ts": "1494932266.054820"
            },
            {
                "user": "U5ERAFY3G",
                "ts": "1494932729.136458"
            },
            {
                "user": "U0EUHKVGB",
                "ts": "1494932996.181849"
            },
            {
                "user": "U0EUHKVGB",
                "ts": "1494933004.183162"
            }
        ],
        "is_locked": false,
        "subscribed": false
    },
    {
        "type": "message",
        "subtype": "slackbot_response",
        "text": "Terms like _guys_ can feel like they leave people out! :scream: Let _everyone_ and all the _folks_ know you're talking to them! :hearts: :robot_face:",
        "user": "USLACKBOT",
        "ts": "1494931010.834710",
        "reactions": [
            {
                "name": "scream",
                "users": [
                    "U5ERAFY3G",
                    "U0J1M0F32"
                ],
                "count": 2
            },
            {
                "name": "100",
                "users": [
                    "U0J1M0F32",
                    "U2X79NKDH"
                ],
                "count": 2
            },
            {
                "name": "tada",
                "users": [
                    "U0J1M0F32"
                ],
                "count": 1
            },
            {
                "name": "+1",
                "users": [
                    "U0J1M0F32",
                    "U2X79NKDH"
                ],
                "count": 2
            }
        ]
    },
    {
        "type": "message",
        "text": "sashaplus: Honest question, not meaning to be snarky. Is Honeypot built with Elm, or are you simply plugging your tech jobs site as a place for Elm job listings?",
        "user": "U2VCR5R6H",
        "ts": "1494932266.054820",
        "team": "T0CJ5UNHK",
        "user_team": "T0CJ5UNHK",
        "source_team": "T0CJ5UNHK",
        "user_profile": {
            "avatar_hash": "ga0d4d97299e",
            "image_72": "https:\/\/secure.gravatar.com\/avatar\/0a0d4d97299e3cc54f451d769770775f.jpg?s=72&d=https%3A%2F%2Fa.slack-edge.com%2Fdf10d%2Fimg%2Favatars%2Fava_0011-72.png",
            "first_name": "Kevin",
            "real_name": "Kevin Yank",
            "display_name": "kevinyank",
            "team": "T0CJ5UNHK",
            "name": "kevinyank",
            "is_restricted": false,
            "is_ultra_restricted": false
        },
        "edited": {
            "user": "U2VCR5R6H",
            "ts": "1494932275.000000"
        },
        "blocks": [
            {
                "type": "rich_text",
                "block_id": "g+Fbg",
                "elements": [
                    {
                        "type": "rich_text_section",
                        "elements": [
                            {
                                "type": "text",
                                "text": "sashaplus: Honest question, not meaning to be snarky. Is Honeypot built with Elm, or are you simply plugging your tech jobs site as a place for Elm job listings?"
                            }
                        ]
                    }
                ]
            }
        ],
        "thread_ts": "1494931010.834676",
        "parent_user_id": "U5ERAFY3G"
    },
    {
        "type": "message",
        "text": "<@U0EUHKVGB> can we remove the spam from <@U5ERAFY3G>?",
        "user": "U0JD7JSUA",
        "ts": "1494932404.079397",
        "team": "T0CJ5UNHK",
        "user_team": "T0CJ5UNHK",
        "source_team": "T0CJ5UNHK",
        "user_profile": {
            "avatar_hash": "g16ea4da5cae",
            "image_72": "https:\/\/secure.gravatar.com\/avatar\/216ea4da5cae7be4030b6242ab90631c.jpg?s=72&d=https%3A%2F%2Fa.slack-edge.com%2Fdf10d%2Fimg%2Favatars%2Fava_0007-72.png",
            "first_name": "",
            "real_name": "rofrol",
            "display_name": "",
            "team": "T0CJ5UNHK",
            "name": "rofrol",
            "is_restricted": false,
            "is_ultra_restricted": false
        },
        "blocks": [
            {
                "type": "rich_text",
                "block_id": "ZHAb",
                "elements": [
                    {
                        "type": "rich_text_section",
                        "elements": [
                            {
                                "type": "user",
                                "user_id": "U0EUHKVGB"
                            },
                            {
                                "type": "text",
                                "text": " can we remove the spam from "
                            },
                            {
                                "type": "user",
                                "user_id": "U5ERAFY3G"
                            },
                            {
                                "type": "text",
                                "text": "?"
                            }
                        ]
                    }
                ]
            }
        ]
    },
    {
        "type": "message",
        "text": "<@U5ERAFY3G>, are you a real person?",
        "user": "U0EUHKVGB",
        "ts": "1494932452.088789",
        "team": "T0CJ5UNHK",
        "user_team": "T0CJ5UNHK",
        "source_team": "T0CJ5UNHK",
        "user_profile": {
            "avatar_hash": "gc10c2d32882",
            "image_72": "https:\/\/secure.gravatar.com\/avatar\/9c10c2d328820b42f7624edcc76d4157.jpg?s=72&d=https%3A%2F%2Fa.slack-edge.com%2Fdf10d%2Fimg%2Favatars%2Fava_0015-72.png",
            "first_name": "eeue56",
            "real_name": "eeue56",
            "display_name": "eeue56",
            "team": "T0CJ5UNHK",
            "name": "eeue56",
            "is_restricted": false,
            "is_ultra_restricted": false
        },
        "blocks": [
            {
                "type": "rich_text",
                "block_id": "Fyy",
                "elements": [
                    {
                        "type": "rich_text_section",
                        "elements": [
                            {
                                "type": "user",
                                "user_id": "U5ERAFY3G"
                            },
                            {
                                "type": "text",
                                "text": ", are you a real person?"
                            }
                        ]
                    }
                ]
            }
        ]
    },
    {
        "type": "message",
        "text": "<@U0EUHKVGB> yeap, sorry if you consider it's a spam. it's a jobs section oO",
        "user": "U5ERAFY3G",
        "ts": "1494932489.095337",
        "team": "T0CJ5UNHK",
        "user_team": "T0CJ5UNHK",
        "source_team": "T0CJ5UNHK",
        "user_profile": {
            "avatar_hash": "g946bf31493f",
            "image_72": "https:\/\/secure.gravatar.com\/avatar\/e946bf31493fb11f6ab010b721fd3e4b.jpg?s=72&d=https%3A%2F%2Fa.slack-edge.com%2Fdf10d%2Fimg%2Favatars%2Fava_0012-72.png",
            "first_name": "Sasha",
            "real_name": "Sasha Pliusnina",
            "display_name": "sashaplus",
            "team": "T0CJ5UNHK",
            "name": "sashaplus",
            "is_restricted": false,
            "is_ultra_restricted": false
        },
        "blocks": [
            {
                "type": "rich_text",
                "block_id": "3teEt",
                "elements": [
                    {
                        "type": "rich_text_section",
                        "elements": [
                            {
                                "type": "user",
                                "user_id": "U0EUHKVGB"
                            },
                            {
                                "type": "text",
                                "text": " yeap, sorry if you consider it's a spam. it's a jobs section oO"
                            }
                        ]
                    }
                ]
            }
        ]
    },
    {
        "type": "message",
        "text": "<@U5ERAFY3G> This is a jobs section for Elm, is your company using Elm?",
        "user": "U0EUHKVGB",
        "ts": "1494932522.101192",
        "team": "T0CJ5UNHK",
        "user_team": "T0CJ5UNHK",
        "source_team": "T0CJ5UNHK",
        "user_profile": {
            "avatar_hash": "gc10c2d32882",
            "image_72": "https:\/\/secure.gravatar.com\/avatar\/9c10c2d328820b42f7624edcc76d4157.jpg?s=72&d=https%3A%2F%2Fa.slack-edge.com%2Fdf10d%2Fimg%2Favatars%2Fava_0015-72.png",
            "first_name": "eeue56",
            "real_name": "eeue56",
            "display_name": "eeue56",
            "team": "T0CJ5UNHK",
            "name": "eeue56",
            "is_restricted": false,
            "is_ultra_restricted": false
        },
        "blocks": [
            {
                "type": "rich_text",
                "block_id": "Mo3Oz",
                "elements": [
                    {
                        "type": "rich_text_section",
                        "elements": [
                            {
                                "type": "user",
                                "user_id": "U5ERAFY3G"
                            },
                            {
                                "type": "text",
                                "text": " This is a jobs section for Elm, is your company using Elm?"
                            }
                        ]
                    }
                ]
            }
        ]
    },
    {
        "type": "message",
        "text": "The `<http:\/\/bit.ly|bit.ly>` isn’t loading for me, so I’m not sure what that link is to.",
        "user": "U0EUHKVGB",
        "ts": "1494932545.105336",
        "team": "T0CJ5UNHK",
        "user_team": "T0CJ5UNHK",
        "source_team": "T0CJ5UNHK",
        "user_profile": {
            "avatar_hash": "gc10c2d32882",
            "image_72": "https:\/\/secure.gravatar.com\/avatar\/9c10c2d328820b42f7624edcc76d4157.jpg?s=72&d=https%3A%2F%2Fa.slack-edge.com%2Fdf10d%2Fimg%2Favatars%2Fava_0015-72.png",
            "first_name": "eeue56",
            "real_name": "eeue56",
            "display_name": "eeue56",
            "team": "T0CJ5UNHK",
            "name": "eeue56",
            "is_restricted": false,
            "is_ultra_restricted": false
        },
        "blocks": [
            {
                "type": "rich_text",
                "block_id": "N4vB8",
                "elements": [
                    {
                        "type": "rich_text_section",
                        "elements": [
                            {
                                "type": "text",
                                "text": "The "
                            },
                            {
                                "type": "link",
                                "url": "http:\/\/bit.ly",
                                "text": "bit.ly",
                                "style": {
                                    "code": true
                                }
                            },
                            {
                                "type": "text",
                                "text": " isn’t loading for me, so I’m not sure what that link is to."
                            }
                        ]
                    }
                ]
            }
        ]
    },
    {
        "type": "message",
        "text": "If it’s not using Elm nor Elm related, then I’m afraid I’m going to remove it. People here are after jobs with Elm, rather than jobs in general :slightly_smiling_face:",
        "user": "U0EUHKVGB",
        "ts": "1494932647.122957",
        "team": "T0CJ5UNHK",
        "user_team": "T0CJ5UNHK",
        "source_team": "T0CJ5UNHK",
        "user_profile": {
            "avatar_hash": "gc10c2d32882",
            "image_72": "https:\/\/secure.gravatar.com\/avatar\/9c10c2d328820b42f7624edcc76d4157.jpg?s=72&d=https%3A%2F%2Fa.slack-edge.com%2Fdf10d%2Fimg%2Favatars%2Fava_0015-72.png",
            "first_name": "eeue56",
            "real_name": "eeue56",
            "display_name": "eeue56",
            "team": "T0CJ5UNHK",
            "name": "eeue56",
            "is_restricted": false,
            "is_ultra_restricted": false
        },
        "blocks": [
            {
                "type": "rich_text",
                "block_id": "D3tN",
                "elements": [
                    {
                        "type": "rich_text_section",
                        "elements": [
                            {
                                "type": "text",
                                "text": "If it’s not using Elm nor Elm related, then I’m afraid I’m going to remove it. People here are after jobs with Elm, rather than jobs in general "
                            },
                            {
                                "type": "emoji",
                                "name": "slightly_smiling_face",
                                "unicode": "1f642"
                            }
                        ]
                    }
                ]
            }
        ]
    },
    {
        "type": "message",
        "text": "We companies with Elm in their tech-stack, and we're planning to use Elm for our next project",
        "user": "U5ERAFY3G",
        "ts": "1494932729.136458",
        "team": "T0CJ5UNHK",
        "user_team": "T0CJ5UNHK",
        "source_team": "T0CJ5UNHK",
        "user_profile": {
            "avatar_hash": "g946bf31493f",
            "image_72": "https:\/\/secure.gravatar.com\/avatar\/e946bf31493fb11f6ab010b721fd3e4b.jpg?s=72&d=https%3A%2F%2Fa.slack-edge.com%2Fdf10d%2Fimg%2Favatars%2Fava_0012-72.png",
            "first_name": "Sasha",
            "real_name": "Sasha Pliusnina",
            "display_name": "sashaplus",
            "team": "T0CJ5UNHK",
            "name": "sashaplus",
            "is_restricted": false,
            "is_ultra_restricted": false
        },
        "blocks": [
            {
                "type": "rich_text",
                "block_id": "JYNn0",
                "elements": [
                    {
                        "type": "rich_text_section",
                        "elements": [
                            {
                                "type": "text",
                                "text": "We companies with Elm in their tech-stack, and we're planning to use Elm for our next project"
                            }
                        ]
                    }
                ]
            }
        ],
        "thread_ts": "1494931010.834676",
        "parent_user_id": "U5ERAFY3G"
    },
    {
        "type": "message",
        "text": "We have companies with Elm in their tech-stack, but since we're not a job-listings website, I can't provide any links to specific jobs. So up to you :slightly_smiling_face:",
        "user": "U5ERAFY3G",
        "ts": "1494932780.145747",
        "team": "T0CJ5UNHK",
        "user_team": "T0CJ5UNHK",
        "source_team": "T0CJ5UNHK",
        "user_profile": {
            "avatar_hash": "g946bf31493f",
            "image_72": "https:\/\/secure.gravatar.com\/avatar\/e946bf31493fb11f6ab010b721fd3e4b.jpg?s=72&d=https%3A%2F%2Fa.slack-edge.com%2Fdf10d%2Fimg%2Favatars%2Fava_0012-72.png",
            "first_name": "Sasha",
            "real_name": "Sasha Pliusnina",
            "display_name": "sashaplus",
            "team": "T0CJ5UNHK",
            "name": "sashaplus",
            "is_restricted": false,
            "is_ultra_restricted": false
        },
        "edited": {
            "user": "U5ERAFY3G",
            "ts": "1494932790.000000"
        },
        "blocks": [
            {
                "type": "rich_text",
                "block_id": "DmkIx",
                "elements": [
                    {
                        "type": "rich_text_section",
                        "elements": [
                            {
                                "type": "text",
                                "text": "We have companies with Elm in their tech-stack, but since we're not a job-listings website, I can't provide any links to specific jobs. So up to you "
                            },
                            {
                                "type": "emoji",
                                "name": "slightly_smiling_face",
                                "unicode": "1f642"
                            }
                        ]
                    }
                ]
            }
        ]
    },
    {
        "type": "message",
        "text": "<https:\/\/www.honeypot.io\/>",
        "user": "U5ERAFY3G",
        "ts": "1494932830.154245",
        "team": "T0CJ5UNHK",
        "user_team": "T0CJ5UNHK",
        "source_team": "T0CJ5UNHK",
        "user_profile": {
            "avatar_hash": "g946bf31493f",
            "image_72": "https:\/\/secure.gravatar.com\/avatar\/e946bf31493fb11f6ab010b721fd3e4b.jpg?s=72&d=https%3A%2F%2Fa.slack-edge.com%2Fdf10d%2Fimg%2Favatars%2Fava_0012-72.png",
            "first_name": "Sasha",
            "real_name": "Sasha Pliusnina",
            "display_name": "sashaplus",
            "team": "T0CJ5UNHK",
            "name": "sashaplus",
            "is_restricted": false,
            "is_ultra_restricted": false
        },
        "edited": {
            "user": "U5ERAFY3G",
            "ts": "1494932835.000000"
        },
        "blocks": [
            {
                "type": "rich_text",
                "block_id": "APc",
                "elements": [
                    {
                        "type": "rich_text_section",
                        "elements": [
                            {
                                "type": "link",
                                "url": "https:\/\/www.honeypot.io\/"
                            }
                        ]
                    }
                ]
            }
        ]
    },
    {
        "type": "message",
        "text": "In that case, it does seem a bit spammy, so I’m not going to pin it, but I’m not going to delete it since some people may find it useful",
        "user": "U0EUHKVGB",
        "ts": "1494932917.168800",
        "team": "T0CJ5UNHK",
        "user_team": "T0CJ5UNHK",
        "source_team": "T0CJ5UNHK",
        "user_profile": {
            "avatar_hash": "gc10c2d32882",
            "image_72": "https:\/\/secure.gravatar.com\/avatar\/9c10c2d328820b42f7624edcc76d4157.jpg?s=72&d=https%3A%2F%2Fa.slack-edge.com%2Fdf10d%2Fimg%2Favatars%2Fava_0015-72.png",
            "first_name": "eeue56",
            "real_name": "eeue56",
            "display_name": "eeue56",
            "team": "T0CJ5UNHK",
            "name": "eeue56",
            "is_restricted": false,
            "is_ultra_restricted": false
        },
        "blocks": [
            {
                "type": "rich_text",
                "block_id": "gZa4",
                "elements": [
                    {
                        "type": "rich_text_section",
                        "elements": [
                            {
                                "type": "text",
                                "text": "In that case, it does seem a bit spammy, so I’m not going to pin it, but I’m not going to delete it since some people may find it useful"
                            }
                        ]
                    }
                ]
            }
        ]
    },
    {
        "type": "message",
        "text": "thank you <@U0EUHKVGB>",
        "user": "U5ERAFY3G",
        "ts": "1494932973.178169",
        "team": "T0CJ5UNHK",
        "user_team": "T0CJ5UNHK",
        "source_team": "T0CJ5UNHK",
        "user_profile": {
            "avatar_hash": "g946bf31493f",
            "image_72": "https:\/\/secure.gravatar.com\/avatar\/e946bf31493fb11f6ab010b721fd3e4b.jpg?s=72&d=https%3A%2F%2Fa.slack-edge.com%2Fdf10d%2Fimg%2Favatars%2Fava_0012-72.png",
            "first_name": "Sasha",
            "real_name": "Sasha Pliusnina",
            "display_name": "sashaplus",
            "team": "T0CJ5UNHK",
            "name": "sashaplus",
            "is_restricted": false,
            "is_ultra_restricted": false
        },
        "blocks": [
            {
                "type": "rich_text",
                "block_id": "HGs4W",
                "elements": [
                    {
                        "type": "rich_text_section",
                        "elements": [
                            {
                                "type": "text",
                                "text": "thank you "
                            },
                            {
                                "type": "user",
                                "user_id": "U0EUHKVGB"
                            }
                        ]
                    }
                ]
            }
        ]
    },
    {
        "type": "message",
        "text": "Can you remove the `<http:\/\/bit.ly|bit.ly>` link from this?",
        "user": "U0EUHKVGB",
        "ts": "1494932996.181849",
        "team": "T0CJ5UNHK",
        "user_team": "T0CJ5UNHK",
        "source_team": "T0CJ5UNHK",
        "user_profile": {
            "avatar_hash": "gc10c2d32882",
            "image_72": "https:\/\/secure.gravatar.com\/avatar\/9c10c2d328820b42f7624edcc76d4157.jpg?s=72&d=https%3A%2F%2Fa.slack-edge.com%2Fdf10d%2Fimg%2Favatars%2Fava_0015-72.png",
            "first_name": "eeue56",
            "real_name": "eeue56",
            "display_name": "eeue56",
            "team": "T0CJ5UNHK",
            "name": "eeue56",
            "is_restricted": false,
            "is_ultra_restricted": false
        },
        "blocks": [
            {
                "type": "rich_text",
                "block_id": "3VDP",
                "elements": [
                    {
                        "type": "rich_text_section",
                        "elements": [
                            {
                                "type": "text",
                                "text": "Can you remove the "
                            },
                            {
                                "type": "link",
                                "url": "http:\/\/bit.ly",
                                "text": "bit.ly",
                                "style": {
                                    "code": true
                                }
                            },
                            {
                                "type": "text",
                                "text": " link from this?"
                            }
                        ]
                    }
                ]
            }
        ],
        "thread_ts": "1494931010.834676",
        "parent_user_id": "U5ERAFY3G"
    },
    {
        "type": "message",
        "text": "<@U5ERAFY3G> ^",
        "user": "U0EUHKVGB",
        "ts": "1494933004.183162",
        "team": "T0CJ5UNHK",
        "user_team": "T0CJ5UNHK",
        "source_team": "T0CJ5UNHK",
        "user_profile": {
            "avatar_hash": "gc10c2d32882",
            "image_72": "https:\/\/secure.gravatar.com\/avatar\/9c10c2d328820b42f7624edcc76d4157.jpg?s=72&d=https%3A%2F%2Fa.slack-edge.com%2Fdf10d%2Fimg%2Favatars%2Fava_0015-72.png",
            "first_name": "eeue56",
            "real_name": "eeue56",
            "display_name": "eeue56",
            "team": "T0CJ5UNHK",
            "name": "eeue56",
            "is_restricted": false,
            "is_ultra_restricted": false
        },
        "blocks": [
            {
                "type": "rich_text",
                "block_id": "Vjq",
                "elements": [
                    {
                        "type": "rich_text_section",
                        "elements": [
                            {
                                "type": "user",
                                "user_id": "U5ERAFY3G"
                            },
                            {
                                "type": "text",
                                "text": " ^"
                            }
                        ]
                    }
                ]
            }
        ],
        "thread_ts": "1494931010.834676",
        "parent_user_id": "U5ERAFY3G"
    },
    {
        "type": "message",
        "text": "<@U5ERAFY3G> So maybe you can list companies using Elm?",
        "user": "U0JD7JSUA",
        "ts": "1494934415.423026",
        "team": "T0CJ5UNHK",
        "user_team": "T0CJ5UNHK",
        "source_team": "T0CJ5UNHK",
        "user_profile": {
            "avatar_hash": "g16ea4da5cae",
            "image_72": "https:\/\/secure.gravatar.com\/avatar\/216ea4da5cae7be4030b6242ab90631c.jpg?s=72&d=https%3A%2F%2Fa.slack-edge.com%2Fdf10d%2Fimg%2Favatars%2Fava_0007-72.png",
            "first_name": "",
            "real_name": "rofrol",
            "display_name": "",
            "team": "T0CJ5UNHK",
            "name": "rofrol",
            "is_restricted": false,
            "is_ultra_restricted": false
        },
        "blocks": [
            {
                "type": "rich_text",
                "block_id": "+Co",
                "elements": [
                    {
                        "type": "rich_text_section",
                        "elements": [
                            {
                                "type": "user",
                                "user_id": "U5ERAFY3G"
                            },
                            {
                                "type": "text",
                                "text": " So maybe you can list companies using Elm?"
                            }
                        ]
                    }
                ]
            }
        ],
        "thread_ts": "1494934415.423026",
        "reply_count": 2,
        "reply_users_count": 2,
        "latest_reply": "1494934610.456437",
        "reply_users": [
            "U0EUHKVGB",
            "U0JD7JSUA"
        ],
        "replies": [
            {
                "user": "U0EUHKVGB",
                "ts": "1494934540.444367"
            },
            {
                "user": "U0JD7JSUA",
                "ts": "1494934610.456437"
            }
        ],
        "is_locked": false,
        "subscribed": false
    },
    {
        "type": "message",
        "text": "rofrol: I don’t think that’s how their service works.",
        "user": "U0EUHKVGB",
        "ts": "1494934540.444367",
        "team": "T0CJ5UNHK",
        "user_team": "T0CJ5UNHK",
        "source_team": "T0CJ5UNHK",
        "user_profile": {
            "avatar_hash": "gc10c2d32882",
            "image_72": "https:\/\/secure.gravatar.com\/avatar\/9c10c2d328820b42f7624edcc76d4157.jpg?s=72&d=https%3A%2F%2Fa.slack-edge.com%2Fdf10d%2Fimg%2Favatars%2Fava_0015-72.png",
            "first_name": "eeue56",
            "real_name": "eeue56",
            "display_name": "eeue56",
            "team": "T0CJ5UNHK",
            "name": "eeue56",
            "is_restricted": false,
            "is_ultra_restricted": false
        },
        "blocks": [
            {
                "type": "rich_text",
                "block_id": "sMAgE",
                "elements": [
                    {
                        "type": "rich_text_section",
                        "elements": [
                            {
                                "type": "text",
                                "text": "rofrol: I don’t think that’s how their service works."
                            }
                        ]
                    }
                ]
            }
        ],
        "thread_ts": "1494934415.423026",
        "parent_user_id": "U0JD7JSUA"
    },
    {
        "type": "message",
        "text": "They don't have job listings but such info could be quite good advertisement for elm",
        "user": "U0JD7JSUA",
        "ts": "1494934610.456437",
        "team": "T0CJ5UNHK",
        "user_team": "T0CJ5UNHK",
        "source_team": "T0CJ5UNHK",
        "user_profile": {
            "avatar_hash": "g16ea4da5cae",
            "image_72": "https:\/\/secure.gravatar.com\/avatar\/216ea4da5cae7be4030b6242ab90631c.jpg?s=72&d=https%3A%2F%2Fa.slack-edge.com%2Fdf10d%2Fimg%2Favatars%2Fava_0007-72.png",
            "first_name": "",
            "real_name": "rofrol",
            "display_name": "",
            "team": "T0CJ5UNHK",
            "name": "rofrol",
            "is_restricted": false,
            "is_ultra_restricted": false
        },
        "blocks": [
            {
                "type": "rich_text",
                "block_id": "GO+dP",
                "elements": [
                    {
                        "type": "rich_text_section",
                        "elements": [
                            {
                                "type": "text",
                                "text": "They don't have job listings but such info could be quite good advertisement for elm"
                            }
                        ]
                    }
                ]
            }
        ],
        "thread_ts": "1494934415.423026",
        "parent_user_id": "U0JD7JSUA"
    },
    {
        "type": "message",
        "subtype": "channel_join",
        "ts": "1494940632.754541",
        "user": "U1H3T8ELX",
        "text": "<@U1H3T8ELX> has joined the channel"
    },
    {
        "type": "message",
        "text": "Hi people! Not sure if it is a proper channel to ask, so feel free to point me if it is not. I have 6+ years of experience in front-end JavaScript, several months in Scala and 1+ year of interest and experimenting in Elm (nothing big done yet). Desire to find a remote full-time Elm job. The issue is my timezone. I’m located in GMT+3 and not willing to relocate, but most companies I’ve seen here prefer GMT. As a side note, I’m not sure in my spoken English (that requires verifying, ‘cause I don’t talk to much in English), but I feel rather confident in my writing and reading skills. Maybe you could point me some companies I should consider contacting who will be ok with all this?",
        "user": "U1D7SLE4Q",
        "ts": "1494940691.770718",
        "team": "T0CJ5UNHK",
        "user_team": "T0CJ5UNHK",
        "source_team": "T0CJ5UNHK",
        "user_profile": {
            "avatar_hash": "g040fae8bcfa",
            "image_72": "https:\/\/secure.gravatar.com\/avatar\/6040fae8bcfae13e592950cec1a56e58.jpg?s=72&d=https%3A%2F%2Fa.slack-edge.com%2Fdf10d%2Fimg%2Favatars%2Fava_0017-72.png",
            "first_name": "Roman",
            "real_name": "Roman Salnikov",
            "display_name": "bardt",
            "team": "T0CJ5UNHK",
            "name": "bardt",
            "is_restricted": false,
            "is_ultra_restricted": false
        },
        "blocks": [
            {
                "type": "rich_text",
                "block_id": "reMY",
                "elements": [
                    {
                        "type": "rich_text_section",
                        "elements": [
                            {
                                "type": "text",
                                "text": "Hi people! Not sure if it is a proper channel to ask, so feel free to point me if it is not. I have 6+ years of experience in front-end JavaScript, several months in Scala and 1+ year of interest and experimenting in Elm (nothing big done yet). Desire to find a remote full-time Elm job. The issue is my timezone. I’m located in GMT+3 and not willing to relocate, but most companies I’ve seen here prefer GMT. As a side note, I’m not sure in my spoken English (that requires verifying, ‘cause I don’t talk to much in English), but I feel rather confident in my writing and reading skills. Maybe you could point me some companies I should consider contacting who will be ok with all this?"
                            }
                        ]
                    }
                ]
            }
        ]
    },
    {
        "type": "message",
        "text": "Hey everyone. We are looking for someone who can work with us on our production Elm app :slightly_smiling_face:. Ping me with a link to your Github account. We are a small team and love building awesome software.",
        "user": "U1H3T8ELX",
        "ts": "1494940772.793021",
        "team": "T0CJ5UNHK",
        "user_team": "T0CJ5UNHK",
        "source_team": "T0CJ5UNHK",
        "user_profile": {
            "avatar_hash": "g836005e7157",
            "image_72": "https:\/\/secure.gravatar.com\/avatar\/5836005e715763730a2ef02d97d4b865.jpg?s=72&d=https%3A%2F%2Fa.slack-edge.com%2Fdf10d%2Fimg%2Favatars%2Fava_0025-72.png",
            "first_name": "Patrick",
            "real_name": "Patrick Detlefsen",
            "display_name": "patrickdet",
            "team": "T0CJ5UNHK",
            "name": "patrickdet",
            "is_restricted": false,
            "is_ultra_restricted": false
        },
        "blocks": [
            {
                "type": "rich_text",
                "block_id": "wHLY",
                "elements": [
                    {
                        "type": "rich_text_section",
                        "elements": [
                            {
                                "type": "text",
                                "text": "Hey everyone. We are looking for someone who can work with us on our production Elm app "
                            },
                            {
                                "type": "emoji",
                                "name": "slightly_smiling_face",
                                "unicode": "1f642"
                            },
                            {
                                "type": "text",
                                "text": ". Ping me with a link to your Github account. We are a small team and love building awesome software."
                            }
                        ]
                    }
                ]
            }
        ],
        "thread_ts": "1494940772.793021",
        "reply_count": 2,
        "reply_users_count": 2,
        "latest_reply": "1494941032.865884",
        "reply_users": [
            "U1D7SLE4Q",
            "U1UF6F6P8"
        ],
        "replies": [
            {
                "user": "U1D7SLE4Q",
                "ts": "1494940927.836322"
            },
            {
                "user": "U1UF6F6P8",
                "ts": "1494941032.865884"
            }
        ],
        "is_locked": false,
        "subscribed": false
    },
    {
        "type": "message",
        "text": "<@U1H3T8ELX> please reformat your comment in this format: <https:\/\/github.com\/elm-community\/slack\/blob\/master\/README.md#jobs>",
        "user": "U0EUHKVGB",
        "ts": "1494940822.807061",
        "team": "T0CJ5UNHK",
        "user_team": "T0CJ5UNHK",
        "source_team": "T0CJ5UNHK",
        "user_profile": {
            "avatar_hash": "gc10c2d32882",
            "image_72": "https:\/\/secure.gravatar.com\/avatar\/9c10c2d328820b42f7624edcc76d4157.jpg?s=72&d=https%3A%2F%2Fa.slack-edge.com%2Fdf10d%2Fimg%2Favatars%2Fava_0015-72.png",
            "first_name": "eeue56",
            "real_name": "eeue56",
            "display_name": "eeue56",
            "team": "T0CJ5UNHK",
            "name": "eeue56",
            "is_restricted": false,
            "is_ultra_restricted": false
        },
        "blocks": [
            {
                "type": "rich_text",
                "block_id": "OKC",
                "elements": [
                    {
                        "type": "rich_text_section",
                        "elements": [
                            {
                                "type": "user",
                                "user_id": "U1H3T8ELX"
                            },
                            {
                                "type": "text",
                                "text": " please reformat your comment in this format: "
                            },
                            {
                                "type": "link",
                                "url": "https:\/\/github.com\/elm-community\/slack\/blob\/master\/README.md#jobs"
                            }
                        ]
                    }
                ]
            }
        ]
    },
    {
        "type": "message",
        "text": "(see the side-bar for examples if you aren’t sure)",
        "user": "U0EUHKVGB",
        "ts": "1494940831.809524",
        "team": "T0CJ5UNHK",
        "user_team": "T0CJ5UNHK",
        "source_team": "T0CJ5UNHK",
        "user_profile": {
            "avatar_hash": "gc10c2d32882",
            "image_72": "https:\/\/secure.gravatar.com\/avatar\/9c10c2d328820b42f7624edcc76d4157.jpg?s=72&d=https%3A%2F%2Fa.slack-edge.com%2Fdf10d%2Fimg%2Favatars%2Fava_0015-72.png",
            "first_name": "eeue56",
            "real_name": "eeue56",
            "display_name": "eeue56",
            "team": "T0CJ5UNHK",
            "name": "eeue56",
            "is_restricted": false,
            "is_ultra_restricted": false
        },
        "blocks": [
            {
                "type": "rich_text",
                "block_id": "AcoSH",
                "elements": [
                    {
                        "type": "rich_text_section",
                        "elements": [
                            {
                                "type": "text",
                                "text": "(see the side-bar for examples if you aren’t sure)"
                            }
                        ]
                    }
                ]
            }
        ]
    },
    {
        "type": "message",
        "text": "<@U0EUHKVGB> cheers",
        "user": "U1H3T8ELX",
        "ts": "1494940856.816404",
        "team": "T0CJ5UNHK",
        "user_team": "T0CJ5UNHK",
        "source_team": "T0CJ5UNHK",
        "user_profile": {
            "avatar_hash": "g836005e7157",
            "image_72": "https:\/\/secure.gravatar.com\/avatar\/5836005e715763730a2ef02d97d4b865.jpg?s=72&d=https%3A%2F%2Fa.slack-edge.com%2Fdf10d%2Fimg%2Favatars%2Fava_0025-72.png",
            "first_name": "Patrick",
            "real_name": "Patrick Detlefsen",
            "display_name": "patrickdet",
            "team": "T0CJ5UNHK",
            "name": "patrickdet",
            "is_restricted": false,
            "is_ultra_restricted": false
        },
        "blocks": [
            {
                "type": "rich_text",
                "block_id": "ytG",
                "elements": [
                    {
                        "type": "rich_text_section",
                        "elements": [
                            {
                                "type": "user",
                                "user_id": "U0EUHKVGB"
                            },
                            {
                                "type": "text",
                                "text": " cheers"
                            }
                        ]
                    }
                ]
            }
        ]
    },
    {
        "type": "message",
        "text": "patrickdet: <https:\/\/github.com\/bardt> here we go. Not too much done there, but there are several small experiments with Elm. Could you give some more details on the team and the product?",
        "user": "U1D7SLE4Q",
        "ts": "1494940927.836322",
        "team": "T0CJ5UNHK",
        "user_team": "T0CJ5UNHK",
        "source_team": "T0CJ5UNHK",
        "user_profile": {
            "avatar_hash": "g040fae8bcfa",
            "image_72": "https:\/\/secure.gravatar.com\/avatar\/6040fae8bcfae13e592950cec1a56e58.jpg?s=72&d=https%3A%2F%2Fa.slack-edge.com%2Fdf10d%2Fimg%2Favatars%2Fava_0017-72.png",
            "first_name": "Roman",
            "real_name": "Roman Salnikov",
            "display_name": "bardt",
            "team": "T0CJ5UNHK",
            "name": "bardt",
            "is_restricted": false,
            "is_ultra_restricted": false
        },
        "blocks": [
            {
                "type": "rich_text",
                "block_id": "H6+",
                "elements": [
                    {
                        "type": "rich_text_section",
                        "elements": [
                            {
                                "type": "text",
                                "text": "patrickdet: "
                            },
                            {
                                "type": "link",
                                "url": "https:\/\/github.com\/bardt"
                            },
                            {
                                "type": "text",
                                "text": " here we go. Not too much done there, but there are several small experiments with Elm. Could you give some more details on the team and the product?"
                            }
                        ]
                    }
                ]
            }
        ],
        "thread_ts": "1494940772.793021",
        "parent_user_id": "U1H3T8ELX"
    },
    {
        "type": "message",
        "text": "sent you a private message. <https:\/\/github.com\/nwjlyons>",
        "user": "U1UF6F6P8",
        "ts": "1494941032.865884",
        "team": "T0CJ5UNHK",
        "user_team": "T0CJ5UNHK",
        "source_team": "T0CJ5UNHK",
        "user_profile": {
            "avatar_hash": "704db0f62f8a",
            "image_72": "https:\/\/avatars.slack-edge.com\/2017-04-20\/172718051158_704db0f62f8a11a25ec0_72.jpg",
            "first_name": "Neil",
            "real_name": "Neil Lyons",
            "display_name": "nwjlyons",
            "team": "T0CJ5UNHK",
            "name": "nwjlyons",
            "is_restricted": false,
            "is_ultra_restricted": false
        },
        "edited": {
            "user": "U1UF6F6P8",
            "ts": "1494941082.000000"
        },
        "blocks": [
            {
                "type": "rich_text",
                "block_id": "NvrF",
                "elements": [
                    {
                        "type": "rich_text_section",
                        "elements": [
                            {
                                "type": "text",
                                "text": "sent you a private message. "
                            },
                            {
                                "type": "link",
                                "url": "https:\/\/github.com\/nwjlyons"
                            }
                        ]
                    }
                ]
            }
        ],
        "thread_ts": "1494940772.793021",
        "parent_user_id": "U1H3T8ELX"
    },
    {
        "type": "message",
        "text": "| <http:\/\/Zeit.io|Zeit.io> | Remote | Elm Developer | We are looking for a freelancer who would like to work with us. We have had this Elm app in production for over a year now and need to extend some features.",
        "user": "U1H3T8ELX",
        "ts": "1494941039.867706",
        "team": "T0CJ5UNHK",
        "user_team": "T0CJ5UNHK",
        "source_team": "T0CJ5UNHK",
        "user_profile": {
            "avatar_hash": "g836005e7157",
            "image_72": "https:\/\/secure.gravatar.com\/avatar\/5836005e715763730a2ef02d97d4b865.jpg?s=72&d=https%3A%2F%2Fa.slack-edge.com%2Fdf10d%2Fimg%2Favatars%2Fava_0025-72.png",
            "first_name": "Patrick",
            "real_name": "Patrick Detlefsen",
            "display_name": "patrickdet",
            "team": "T0CJ5UNHK",
            "name": "patrickdet",
            "is_restricted": false,
            "is_ultra_restricted": false
        },
        "blocks": [
            {
                "type": "rich_text",
                "block_id": "szXw",
                "elements": [
                    {
                        "type": "rich_text_section",
                        "elements": [
                            {
                                "type": "text",
                                "text": "| "
                            },
                            {
                                "type": "link",
                                "url": "http:\/\/Zeit.io",
                                "text": "Zeit.io"
                            },
                            {
                                "type": "text",
                                "text": " | Remote | Elm Developer | We are looking for a freelancer who would like to work with us. We have had this Elm app in production for over a year now and need to extend some features."
                            }
                        ]
                    }
                ]
            }
        ],
        "reactions": [
            {
                "name": "+1",
                "users": [
                    "U24M5UY0G",
                    "U5E99RPK6",
                    "U3L8MM10T",
                    "U3Q7F13EJ",
                    "U0JD7JSUA",
                    "U1UF6F6P8",
                    "U3T69CXU4",
                    "U0LEKMCRW"
                ],
                "count": 8
            }
        ]
    },
    {
        "type": "message",
        "subtype": "pinned_item",
        "text": "<@U0EUHKVGB> pinned a message to this channel.",
        "user": "U0EUHKVGB",
        "item_type": "C",
        "attachments": [
            {
                "fallback": "[May 16th, 2017 6:23 AM] patrickdet: | <http:\/\/Zeit.io|Zeit.io> | Remote | Elm Developer | We are looking for a freelancer who would like to work with us. We have had this Elm app in production for over a year now and need to extend some features.",
                "ts": "1494941039.867706",
                "author_id": "U1H3T8ELX",
                "author_subname": "Patrick Detlefsen",
                "channel_id": "C0LUAGWRK",
                "channel_team": "T0CJ5UNHK",
                "channel_name": "jobs",
                "is_msg_unfurl": true,
                "text": "| <http:\/\/Zeit.io|Zeit.io> | Remote | Elm Developer | We are looking for a freelancer who would like to work with us. We have had this Elm app in production for over a year now and need to extend some features.",
                "message_blocks": [
                    {
                        "team": "T0CJ5UNHK",
                        "channel": "C0LUAGWRK",
                        "ts": "1494941039.867706",
                        "message": {
                            "blocks": [
                                {
                                    "type": "rich_text",
                                    "block_id": "rAZ",
                                    "elements": [
                                        {
                                            "type": "rich_text_section",
                                            "elements": [
                                                {
                                                    "type": "text",
                                                    "text": "| "
                                                },
                                                {
                                                    "type": "link",
                                                    "url": "http:\/\/Zeit.io",
                                                    "text": "Zeit.io"
                                                },
                                                {
                                                    "type": "text",
                                                    "text": " | Remote | Elm Developer | We are looking for a freelancer who would like to work with us. We have had this Elm app in production for over a year now and need to extend some features."
                                                }
                                            ]
                                        }
                                    ]
                                }
                            ]
                        }
                    }
                ],
                "author_name": "Patrick Detlefsen",
                "author_link": "https:\/\/elmlang.slack.com\/team\/U1H3T8ELX",
                "author_icon": "https:\/\/secure.gravatar.com\/avatar\/5836005e715763730a2ef02d97d4b865.jpg?s=48&d=https%3A%2F%2Fa.slack-edge.com%2Fdf10d%2Fimg%2Favatars%2Fava_0025-48.png",
                "mrkdwn_in": [
                    "text"
                ],
                "from_hidden_wksp": false
            }
        ],
        "ts": "1494941099.884933"
    },
    {
        "type": "message",
        "text": "thanks!",
        "user": "U0EUHKVGB",
        "ts": "1494941104.886302",
        "team": "T0CJ5UNHK",
        "user_team": "T0CJ5UNHK",
        "source_team": "T0CJ5UNHK",
        "user_profile": {
            "avatar_hash": "gc10c2d32882",
            "image_72": "https:\/\/secure.gravatar.com\/avatar\/9c10c2d328820b42f7624edcc76d4157.jpg?s=72&d=https%3A%2F%2Fa.slack-edge.com%2Fdf10d%2Fimg%2Favatars%2Fava_0015-72.png",
            "first_name": "eeue56",
            "real_name": "eeue56",
            "display_name": "eeue56",
            "team": "T0CJ5UNHK",
            "name": "eeue56",
            "is_restricted": false,
            "is_ultra_restricted": false
        },
        "blocks": [
            {
                "type": "rich_text",
                "block_id": "bCe89",
                "elements": [
                    {
                        "type": "rich_text_section",
                        "elements": [
                            {
                                "type": "text",
                                "text": "thanks!"
                            }
                        ]
                    }
                ]
            }
        ]
    },
    {
        "type": "message",
        "subtype": "channel_join",
        "ts": "1494943037.478637",
        "user": "U15BV7DPD",
        "text": "<@U15BV7DPD> has joined the channel"
    },
    {
        "type": "message",
        "subtype": "channel_join",
        "ts": "1494957574.192962",
        "user": "U5E99RPK6",
        "text": "<@U5E99RPK6> has joined the channel"
    },
    {
        "type": "message",
        "text": "Hi All, I have a question about Elm jobs…   I REALLY enjoy working in Elm but there don’t seem to be very many Elm jobs out there (yet) and I’m sure everyone on this Slack would love to write Elm full time so there is tough competition.  I’m ok with keeping Elm as a side project for now but any advice as to what other FP languages would be good to learn for employment?  I really want to get away from writing so much JS but zero chance of that at my current job..   There are a ton of <http:\/\/ASP.NET|ASP.NET> jobs where I live.  How is F#?  Do ASP\/C# shops hire F# developers?  Clojure?  Thanks for any advice!",
        "user": "U2D22EQEL",
        "ts": "1494964423.237343",
        "team": "T0CJ5UNHK",
        "user_team": "T0CJ5UNHK",
        "source_team": "T0CJ5UNHK",
        "user_profile": {
            "avatar_hash": "g13ec0544c15",
            "image_72": "https:\/\/secure.gravatar.com\/avatar\/581d13ec0544c1588a49677ecdae538e.jpg?s=72&d=https%3A%2F%2Fa.slack-edge.com%2Fdf10d%2Fimg%2Favatars%2Fava_0024-72.png",
            "first_name": "Fed",
            "real_name": "Fed Reggiardo",
            "display_name": "fedreg",
            "team": "T0CJ5UNHK",
            "name": "fedreg",
            "is_restricted": false,
            "is_ultra_restricted": false
        },
        "blocks": [
            {
                "type": "rich_text",
                "block_id": "3rrX",
                "elements": [
                    {
                        "type": "rich_text_section",
                        "elements": [
                            {
                                "type": "text",
                                "text": "Hi All, I have a question about Elm jobs…   I REALLY enjoy working in Elm but there don’t seem to be very many Elm jobs out there (yet) and I’m sure everyone on this Slack would love to write Elm full time so there is tough competition.  I’m ok with keeping Elm as a side project for now but any advice as to what other FP languages would be good to learn for employment?  I really want to get away from writing so much JS but zero chance of that at my current job..   There are a ton of "
                            },
                            {
                                "type": "link",
                                "url": "http:\/\/ASP.NET",
                                "text": "ASP.NET"
                            },
                            {
                                "type": "text",
                                "text": " jobs where I live.  How is F#?  Do ASP\/C# shops hire F# developers?  Clojure?  Thanks for any advice!"
                            }
                        ]
                    }
                ]
            }
        ]
    },
    {
        "type": "message",
        "text": "<@U2D22EQEL> Yes, there aren’t the _most_ elm jobs yet, but there ALSO aren’t the most elm developers so that’s something to keep in mind, you need to know the _ratio_, not just the raw numbers.\n\nBut as for other languages, the _hottest FP language in terms of employability I believe_ is Scala (cause of running on the JVM and how wide-spread and poorly-functional Java is, it makes Scala a good choice for a lot of companies). I can’t back that up with data though, that’s only based on what I’ve heard so take that with a grain of salt.\n\nDisclaimer: I’m not a Scala developer and have no bias towards Scala. This is purely from what I’ve seen, not my own language opinions.",
        "user": "U2GPAEU1L",
        "ts": "1494964699.318102",
        "team": "T0CJ5UNHK",
        "user_team": "T0CJ5UNHK",
        "source_team": "T0CJ5UNHK",
        "user_profile": {
            "avatar_hash": "3913c6bc6065",
            "image_72": "https:\/\/avatars.slack-edge.com\/2017-02-19\/144331983894_3913c6bc6065d82b61bc_72.jpg",
            "first_name": "Arie",
            "real_name": "Arie Milner",
            "display_name": "amilner42",
            "team": "T0CJ5UNHK",
            "name": "amilner42",
            "is_restricted": false,
            "is_ultra_restricted": false
        },
        "edited": {
            "user": "U2GPAEU1L",
            "ts": "1494964825.000000"
        },
        "blocks": [
            {
                "type": "rich_text",
                "block_id": "arR",
                "elements": [
                    {
                        "type": "rich_text_section",
                        "elements": [
                            {
                                "type": "user",
                                "user_id": "U2D22EQEL"
                            },
                            {
                                "type": "text",
                                "text": " Yes, there aren’t the "
                            },
                            {
                                "type": "text",
                                "text": "most",
                                "style": {
                                    "italic": true
                                }
                            },
                            {
                                "type": "text",
                                "text": " elm jobs yet, but there ALSO aren’t the most elm developers so that’s something to keep in mind, you need to know the "
                            },
                            {
                                "type": "text",
                                "text": "ratio",
                                "style": {
                                    "italic": true
                                }
                            },
                            {
                                "type": "text",
                                "text": ", not just the raw numbers.\n\nBut as for other languages, the "
                            },
                            {
                                "type": "text",
                                "text": "hottest FP language in terms of employability I believe",
                                "style": {
                                    "italic": true
                                }
                            },
                            {
                                "type": "text",
                                "text": " is Scala (cause of running on the JVM and how wide-spread and poorly-functional Java is, it makes Scala a good choice for a lot of companies). I can’t back that up with data though, that’s only based on what I’ve heard so take that with a grain of salt.\n\nDisclaimer: I’m not a Scala developer and have no bias towards Scala. This is purely from what I’ve seen, not my own language opinions."
                            }
                        ]
                    }
                ]
            }
        ]
    },
    {
        "type": "message",
        "text": "<@U2GPAEU1L> Thanks!  I vowed to never write Java again.  I know almost nothing about Scala but isn’t it still closely related to Java?   Same libraries?",
        "user": "U2D22EQEL",
        "ts": "1494964787.343787",
        "team": "T0CJ5UNHK",
        "user_team": "T0CJ5UNHK",
        "source_team": "T0CJ5UNHK",
        "user_profile": {
            "avatar_hash": "g13ec0544c15",
            "image_72": "https:\/\/secure.gravatar.com\/avatar\/581d13ec0544c1588a49677ecdae538e.jpg?s=72&d=https%3A%2F%2Fa.slack-edge.com%2Fdf10d%2Fimg%2Favatars%2Fava_0024-72.png",
            "first_name": "Fed",
            "real_name": "Fed Reggiardo",
            "display_name": "fedreg",
            "team": "T0CJ5UNHK",
            "name": "fedreg",
            "is_restricted": false,
            "is_ultra_restricted": false
        },
        "blocks": [
            {
                "type": "rich_text",
                "block_id": "lPRL",
                "elements": [
                    {
                        "type": "rich_text_section",
                        "elements": [
                            {
                                "type": "user",
                                "user_id": "U2GPAEU1L"
                            },
                            {
                                "type": "text",
                                "text": " Thanks!  I vowed to never write Java again.  I know almost nothing about Scala but isn’t it still closely related to Java?   Same libraries?"
                            }
                        ]
                    }
                ]
            }
        ]
    },
    {
        "type": "message",
        "text": "Isn’t Clojure a bit more enjoyable?",
        "user": "U2D22EQEL",
        "ts": "1494964840.360587",
        "team": "T0CJ5UNHK",
        "user_team": "T0CJ5UNHK",
        "source_team": "T0CJ5UNHK",
        "user_profile": {
            "avatar_hash": "g13ec0544c15",
            "image_72": "https:\/\/secure.gravatar.com\/avatar\/581d13ec0544c1588a49677ecdae538e.jpg?s=72&d=https%3A%2F%2Fa.slack-edge.com%2Fdf10d%2Fimg%2Favatars%2Fava_0024-72.png",
            "first_name": "Fed",
            "real_name": "Fed Reggiardo",
            "display_name": "fedreg",
            "team": "T0CJ5UNHK",
            "name": "fedreg",
            "is_restricted": false,
            "is_ultra_restricted": false
        },
        "blocks": [
            {
                "type": "rich_text",
                "block_id": "616G",
                "elements": [
                    {
                        "type": "rich_text_section",
                        "elements": [
                            {
                                "type": "text",
                                "text": "Isn’t Clojure a bit more enjoyable?"
                            }
                        ]
                    }
                ]
            }
        ]
    },
    {
        "type": "message",
        "text": "Let’s move this to <#C0CJ671HU|random>",
        "user": "U2GPAEU1L",
        "ts": "1494964849.363377",
        "team": "T0CJ5UNHK",
        "user_team": "T0CJ5UNHK",
        "source_team": "T0CJ5UNHK",
        "user_profile": {
            "avatar_hash": "3913c6bc6065",
            "image_72": "https:\/\/avatars.slack-edge.com\/2017-02-19\/144331983894_3913c6bc6065d82b61bc_72.jpg",
            "first_name": "Arie",
            "real_name": "Arie Milner",
            "display_name": "amilner42",
            "team": "T0CJ5UNHK",
            "name": "amilner42",
            "is_restricted": false,
            "is_ultra_restricted": false
        },
        "blocks": [
            {
                "type": "rich_text",
                "block_id": "DMRc",
                "elements": [
                    {
                        "type": "rich_text_section",
                        "elements": [
                            {
                                "type": "text",
                                "text": "Let’s move this to "
                            },
                            {
                                "type": "channel",
                                "channel_id": "C0CJ671HU"
                            }
                        ]
                    }
                ]
            }
        ],
        "reactions": [
            {
                "name": "+1",
                "users": [
                    "U2FN31457",
                    "U0J1M0F32"
                ],
                "count": 2
            }
        ]
    },
    {
        "type": "message",
        "text": "The data suggest it's a sellers market for Scala devs: \"_In the U.S., developers who use Go as well as developers who use Scala are highest paid with an average salary of $110,000._\"\nSource: <https:\/\/insights.stackoverflow.com\/survey\/2017>",
        "user": "U2FN31457",
        "ts": "1494964863.367768",
        "team": "T0CJ5UNHK",
        "user_team": "T0CJ5UNHK",
        "source_team": "T0CJ5UNHK",
        "user_profile": {
            "avatar_hash": "5081921e8a8f",
            "image_72": "https:\/\/avatars.slack-edge.com\/2016-10-10\/89521070019_5081921e8a8fefdeda78_72.jpg",
            "first_name": "Erik",
            "real_name": "Erik Williamson",
            "display_name": "ertw",
            "team": "T0CJ5UNHK",
            "name": "ertw",
            "is_restricted": false,
            "is_ultra_restricted": false
        },
        "edited": {
            "user": "U2FN31457",
            "ts": "1494964868.000000"
        },
        "blocks": [
            {
                "type": "rich_text",
                "block_id": "v4uHN",
                "elements": [
                    {
                        "type": "rich_text_section",
                        "elements": [
                            {
                                "type": "text",
                                "text": "The data suggest it's a sellers market for Scala devs: \""
                            },
                            {
                                "type": "text",
                                "text": "In the U.S., developers who use Go as well as developers who use Scala are highest paid with an average salary of $110,000.",
                                "style": {
                                    "italic": true
                                }
                            },
                            {
                                "type": "text",
                                "text": "\"\nSource: "
                            },
                            {
                                "type": "link",
                                "url": "https:\/\/insights.stackoverflow.com\/survey\/2017"
                            }
                        ]
                    }
                ]
            }
        ]
    }
]