[
    {
        "type": "message",
        "text": "<@U25KE5A1F> you can access them without paid plan. Open in browser <https:\/\/elmlang.slack.com\/> then pinned items, `F12` to open dev tools, inspect",
        "user": "U0JD7JSUA",
        "ts": "1502190194.162692",
        "team": "T0CJ5UNHK",
        "user_team": "T0CJ5UNHK",
        "source_team": "T0CJ5UNHK",
        "user_profile": {
            "avatar_hash": "g16ea4da5cae",
            "image_72": "https:\/\/secure.gravatar.com\/avatar\/216ea4da5cae7be4030b6242ab90631c.jpg?s=72&d=https%3A%2F%2Fa.slack-edge.com%2Fdf10d%2Fimg%2Favatars%2Fava_0007-72.png",
            "first_name": "",
            "real_name": "rofrol",
            "display_name": "",
            "team": "T0CJ5UNHK",
            "name": "rofrol",
            "is_restricted": false,
            "is_ultra_restricted": false
        },
        "blocks": [
            {
                "type": "rich_text",
                "block_id": "fEN",
                "elements": [
                    {
                        "type": "rich_text_section",
                        "elements": [
                            {
                                "type": "user",
                                "user_id": "U25KE5A1F"
                            },
                            {
                                "type": "text",
                                "text": " you can access them without paid plan. Open in browser "
                            },
                            {
                                "type": "link",
                                "url": "https:\/\/elmlang.slack.com\/"
                            },
                            {
                                "type": "text",
                                "text": " then pinned items, "
                            },
                            {
                                "type": "text",
                                "text": "F12",
                                "style": {
                                    "code": true
                                }
                            },
                            {
                                "type": "text",
                                "text": " to open dev tools, inspect"
                            }
                        ]
                    }
                ]
            }
        ],
        "reactions": [
            {
                "name": "clap",
                "users": [
                    "U17R26VR8",
                    "U0F5SH6UQ",
                    "U0JH37GUD",
                    "U18UD6T3J"
                ],
                "count": 4
            }
        ]
    },
    {
        "type": "message",
        "text": "ah, I see :wink:",
        "user": "U25KE5A1F",
        "ts": "1502192483.862724",
        "team": "T0CJ5UNHK",
        "user_team": "T0CJ5UNHK",
        "source_team": "T0CJ5UNHK",
        "user_profile": {
            "avatar_hash": "b54fb826b01b",
            "image_72": "https:\/\/avatars.slack-edge.com\/2021-01-24\/1662383342502_b54fb826b01b51a9a6f7_72.jpg",
            "first_name": "Mathieu",
            "real_name": "Mathieu Agopian",
            "display_name": "magopian",
            "team": "T0CJ5UNHK",
            "name": "magopian",
            "is_restricted": false,
            "is_ultra_restricted": false
        },
        "blocks": [
            {
                "type": "rich_text",
                "block_id": "7GMJ",
                "elements": [
                    {
                        "type": "rich_text_section",
                        "elements": [
                            {
                                "type": "text",
                                "text": "ah, I see "
                            },
                            {
                                "type": "emoji",
                                "name": "wink",
                                "unicode": "1f609"
                            }
                        ]
                    }
                ]
            }
        ]
    },
    {
        "type": "message",
        "subtype": "channel_join",
        "ts": "1502219754.677883",
        "user": "U0PRT92TZ",
        "text": "<@U0PRT92TZ> has joined the channel"
    },
    {
        "type": "message",
        "subtype": "channel_join",
        "ts": "1502223655.030457",
        "user": "U6L1S2NN9",
        "text": "<@U6L1S2NN9> has joined the channel"
    }
]