[
    {
        "type": "message",
        "subtype": "channel_join",
        "ts": "1496132499.668179",
        "user": "U0ZH8MXBM",
        "text": "<@U0ZH8MXBM> has joined the channel"
    },
    {
        "type": "message",
        "subtype": "channel_join",
        "ts": "1496148401.117657",
        "user": "U5DV9REG7",
        "text": "<@U5DV9REG7> has joined the channel"
    },
    {
        "type": "message",
        "subtype": "channel_join",
        "ts": "1496172291.554737",
        "user": "U0RPQMZ9S",
        "text": "<@U0RPQMZ9S> has joined the channel"
    },
    {
        "type": "message",
        "subtype": "channel_join",
        "ts": "1496188133.801827",
        "user": "U4M7T25PA",
        "text": "<@U4M7T25PA> has joined the channel"
    }
]