[
    {
        "type": "message",
        "text": "| Carnegie Mellon University | Pittsburgh, PA (on-site only) | Software Engineer\nWe are seeking an entry-level, front-end developer experienced in (or at least with a desire to learn) statically typed, functional programming to join a team rebuilding and expanding CMU's online course delivery system.  You'd join a small, focused team working on a product that will be used worldwide by tens of thousands of students.  CMU offers amazing benefits, including the ability to take classes and even pursue a degree for free.  Contact me directly at <mailto:darrensiegel@cmu.edu|darrensiegel@cmu.edu>",
        "user": "U31A7HG1E",
        "ts": "1508415520.000367",
        "team": "T0CJ5UNHK",
        "user_team": "T0CJ5UNHK",
        "source_team": "T0CJ5UNHK",
        "user_profile": {
            "avatar_hash": "d86ee5878de8",
            "image_72": "https:\/\/avatars.slack-edge.com\/2016-11-16\/104717270177_d86ee5878de83634cc1f_72.jpg",
            "first_name": "Darren",
            "real_name": "Darren Siegel",
            "display_name": "dsiegel",
            "team": "T0CJ5UNHK",
            "name": "dsiegel",
            "is_restricted": false,
            "is_ultra_restricted": false
        },
        "blocks": [
            {
                "type": "rich_text",
                "block_id": "hr3",
                "elements": [
                    {
                        "type": "rich_text_section",
                        "elements": [
                            {
                                "type": "text",
                                "text": "| Carnegie Mellon University | Pittsburgh, PA (on-site only) | Software Engineer\nWe are seeking an entry-level, front-end developer experienced in (or at least with a desire to learn) statically typed, functional programming to join a team rebuilding and expanding CMU's online course delivery system.  You'd join a small, focused team working on a product that will be used worldwide by tens of thousands of students.  CMU offers amazing benefits, including the ability to take classes and even pursue a degree for free.  Contact me directly at "
                            },
                            {
                                "type": "link",
                                "url": "mailto:darrensiegel@cmu.edu",
                                "text": "darrensiegel@cmu.edu"
                            }
                        ]
                    }
                ]
            }
        ],
        "reactions": [
            {
                "name": "+1",
                "users": [
                    "U17R26VR8",
                    "U23U8APEY",
                    "U5E5X42GN",
                    "U0J1M0F32",
                    "U0JD7JSUA",
                    "U5E99RPK6",
                    "U0LEKMCRW",
                    "U1QB0PPHC"
                ],
                "count": 8
            },
            {
                "name": "arrow_upper_right",
                "users": [
                    "U1AS0D4KU"
                ],
                "count": 1
            }
        ]
    },
    {
        "type": "message",
        "subtype": "pinned_item",
        "text": "<@U0F5SH6UQ> pinned a message to this channel.",
        "user": "U0F5SH6UQ",
        "item_type": "C",
        "attachments": [
            {
                "fallback": "[October 19th, 2017 5:18 AM] dsiegel: | Carnegie Mellon University | Pittsburgh, PA (on-site only) | Software Engineer\nWe are seeking an entry-level, front-end developer experienced in (or at least with a desire to learn) statically typed, functional programming to join a team rebuilding and expanding CMU's online course delivery system.  You'd join a small, focused team working on a product that will be used worldwide by tens of thousands of students.  CMU offers amazing benefits, including the ability to take classes and even pursue a degree for free.  Contact me directly at <mailto:darrensiegel@cmu.edu|darrensiegel@cmu.edu>",
                "ts": "1508415520.000367",
                "author_id": "U31A7HG1E",
                "author_subname": "Darren Siegel",
                "channel_id": "C0LUAGWRK",
                "channel_team": "T0CJ5UNHK",
                "channel_name": "jobs",
                "is_msg_unfurl": true,
                "text": "| Carnegie Mellon University | Pittsburgh, PA (on-site only) | Software Engineer\nWe are seeking an entry-level, front-end developer experienced in (or at least with a desire to learn) statically typed, functional programming to join a team rebuilding and expanding CMU's online course delivery system.  You'd join a small, focused team working on a product that will be used worldwide by tens of thousands of students.  CMU offers amazing benefits, including the ability to take classes and even pursue a degree for free.  Contact me directly at <mailto:darrensiegel@cmu.edu|darrensiegel@cmu.edu>",
                "message_blocks": [
                    {
                        "team": "T0CJ5UNHK",
                        "channel": "C0LUAGWRK",
                        "ts": "1508415520.000367",
                        "message": {
                            "blocks": [
                                {
                                    "type": "rich_text",
                                    "block_id": "TNoO",
                                    "elements": [
                                        {
                                            "type": "rich_text_section",
                                            "elements": [
                                                {
                                                    "type": "text",
                                                    "text": "| Carnegie Mellon University | Pittsburgh, PA (on-site only) | Software Engineer\nWe are seeking an entry-level, front-end developer experienced in (or at least with a desire to learn) statically typed, functional programming to join a team rebuilding and expanding CMU's online course delivery system.  You'd join a small, focused team working on a product that will be used worldwide by tens of thousands of students.  CMU offers amazing benefits, including the ability to take classes and even pursue a degree for free.  Contact me directly at "
                                                },
                                                {
                                                    "type": "link",
                                                    "url": "mailto:darrensiegel@cmu.edu",
                                                    "text": "darrensiegel@cmu.edu"
                                                }
                                            ]
                                        }
                                    ]
                                }
                            ]
                        }
                    }
                ],
                "author_name": "Darren Siegel",
                "author_link": "https:\/\/elmlang.slack.com\/team\/U31A7HG1E",
                "author_icon": "https:\/\/avatars.slack-edge.com\/2016-11-16\/104717270177_d86ee5878de83634cc1f_48.jpg",
                "mrkdwn_in": [
                    "text"
                ],
                "from_hidden_wksp": false
            }
        ],
        "ts": "1508419389.000361"
    }
]