[
    {
        "type": "message",
        "text": "| PlacePass | Boston\/Cambridge MA, no remote | Senior Front-End Developer | PlacePass is a startup focused on finding great tours and activities for our customers. Founded in late 2015, we recently closed a Series A funding round led by Marriott International. You can check out our main product at <https:\/\/www.placepass.com>, and the Marriott white-label site at <https:\/\/moments.marriott.com>. We’re looking to hire and expand our engineering team, specifically focused around senior-level front-end engineers with experience in Ruby on Rails and\/or Elm. Feel free to DM me or email me at <mailto:brian.roth@placepass.com|brian.roth@placepass.com> if you’re interested or want to hear more!",
        "user": "U8BEVUQBD",
        "ts": "1514149401.000056",
        "team": "T0CJ5UNHK",
        "user_team": "T0CJ5UNHK",
        "source_team": "T0CJ5UNHK",
        "user_profile": {
            "avatar_hash": "gfcfa4e8a0fb",
            "image_72": "https:\/\/secure.gravatar.com\/avatar\/ffcfa4e8a0fbc81701bbd14377ae6bae.jpg?s=72&d=https%3A%2F%2Fa.slack-edge.com%2Fdf10d%2Fimg%2Favatars%2Fava_0013-72.png",
            "first_name": "Brian",
            "real_name": "Brian Roth",
            "display_name": "",
            "team": "T0CJ5UNHK",
            "name": "brian.roth",
            "is_restricted": false,
            "is_ultra_restricted": false
        },
        "attachments": [
            {
                "service_name": "PlacePass",
                "title": "Book Things to Do, Local Tours, and Attractions - PlacePass",
                "title_link": "https:\/\/www.placepass.com",
                "text": "Discover amazing experiences, tours, and local activities. Instantly search multiple sites to compare and book the best things to do in any destination.",
                "fallback": "PlacePass: Book Things to Do, Local Tours, and Attractions - PlacePass",
                "thumb_url": "https:\/\/cdn.placepass.com\/images\/default-image.jpg",
                "from_url": "https:\/\/www.placepass.com",
                "thumb_width": 2880,
                "thumb_height": 1610,
                "service_icon": "http:\/\/cdn.placepass.com\/favicons\/apple-touch-icon.png",
                "id": 1
            },
            {
                "title": "Best Travel Deals: Top Destinations, Experiences | Marriott",
                "title_link": "https:\/\/moments.marriott.com",
                "text": "Explore thousands of travel destinations and unique experiences from around the world through Marriott. Get the best deals and earn points for every purchase.",
                "fallback": "Best Travel Deals: Top Destinations, Experiences | Marriott",
                "thumb_url": "https:\/\/marriott-cdn.placepass.com\/marriott\/default-hero.jpg",
                "from_url": "https:\/\/moments.marriott.com",
                "thumb_width": 1400,
                "thumb_height": 933,
                "service_icon": "https:\/\/moments.marriott.com\/assets\/icons\/favicon-73fc469d2cdaec3ec2a8bb6775ec36879249ccb3392048acf36e6eec073a6387.ico",
                "service_name": "moments.marriott.com",
                "id": 2
            }
        ],
        "blocks": [
            {
                "type": "rich_text",
                "block_id": "5Ir9e",
                "elements": [
                    {
                        "type": "rich_text_section",
                        "elements": [
                            {
                                "type": "text",
                                "text": "| PlacePass | Boston\/Cambridge MA, no remote | Senior Front-End Developer | PlacePass is a startup focused on finding great tours and activities for our customers. Founded in late 2015, we recently closed a Series A funding round led by Marriott International. You can check out our main product at "
                            },
                            {
                                "type": "link",
                                "url": "https:\/\/www.placepass.com"
                            },
                            {
                                "type": "text",
                                "text": ", and the Marriott white-label site at "
                            },
                            {
                                "type": "link",
                                "url": "https:\/\/moments.marriott.com"
                            },
                            {
                                "type": "text",
                                "text": ". We’re looking to hire and expand our engineering team, specifically focused around senior-level front-end engineers with experience in Ruby on Rails and\/or Elm. Feel free to DM me or email me at "
                            },
                            {
                                "type": "link",
                                "url": "mailto:brian.roth@placepass.com",
                                "text": "brian.roth@placepass.com"
                            },
                            {
                                "type": "text",
                                "text": " if you’re interested or want to hear more!"
                            }
                        ]
                    }
                ]
            }
        ],
        "thread_ts": "1514149401.000056",
        "reply_count": 5,
        "reply_users_count": 3,
        "latest_reply": "1514560576.000309",
        "reply_users": [
            "U4PT7NG4V",
            "U8BEVUQBD",
            "U0H8S3Q6L"
        ],
        "replies": [
            {
                "user": "U4PT7NG4V",
                "ts": "1514391950.000166"
            },
            {
                "user": "U8BEVUQBD",
                "ts": "1514396285.000344"
            },
            {
                "user": "U0H8S3Q6L",
                "ts": "1514560455.000167"
            },
            {
                "user": "U0H8S3Q6L",
                "ts": "1514560463.000119"
            },
            {
                "user": "U0H8S3Q6L",
                "ts": "1514560576.000309"
            }
        ],
        "is_locked": false,
        "subscribed": false
    }
]