[
    {
        "type": "message",
        "text": "<@U2H92KKEY> would you mind reformatting your post in the format described here? <https:\/\/github.com\/elm-community\/slack\/blob\/master\/README.md#jobs>",
        "user": "U0F5SH6UQ",
        "ts": "1502725825.287772",
        "team": "T0CJ5UNHK",
        "user_team": "T0CJ5UNHK",
        "source_team": "T0CJ5UNHK",
        "user_profile": {
            "avatar_hash": "d0629567aab3",
            "image_72": "https:\/\/avatars.slack-edge.com\/2017-10-18\/258332157124_d0629567aab3a37c03b2_72.jpg",
            "first_name": "Murphy",
            "real_name": "Murphy Randle",
            "display_name": "splodingsocks",
            "team": "T0CJ5UNHK",
            "name": "splodingsocks",
            "is_restricted": false,
            "is_ultra_restricted": false
        },
        "blocks": [
            {
                "type": "rich_text",
                "block_id": "Bhq6X",
                "elements": [
                    {
                        "type": "rich_text_section",
                        "elements": [
                            {
                                "type": "user",
                                "user_id": "U2H92KKEY"
                            },
                            {
                                "type": "text",
                                "text": " would you mind reformatting your post in the format described here? "
                            },
                            {
                                "type": "link",
                                "url": "https:\/\/github.com\/elm-community\/slack\/blob\/master\/README.md#jobs"
                            }
                        ]
                    }
                ]
            }
        ]
    },
    {
        "type": "message",
        "text": "you can see examples of others in the pinned messages",
        "user": "U0F5SH6UQ",
        "ts": "1502725838.295383",
        "team": "T0CJ5UNHK",
        "user_team": "T0CJ5UNHK",
        "source_team": "T0CJ5UNHK",
        "user_profile": {
            "avatar_hash": "d0629567aab3",
            "image_72": "https:\/\/avatars.slack-edge.com\/2017-10-18\/258332157124_d0629567aab3a37c03b2_72.jpg",
            "first_name": "Murphy",
            "real_name": "Murphy Randle",
            "display_name": "splodingsocks",
            "team": "T0CJ5UNHK",
            "name": "splodingsocks",
            "is_restricted": false,
            "is_ultra_restricted": false
        },
        "edited": {
            "user": "U0F5SH6UQ",
            "ts": "1502725850.000000"
        },
        "blocks": [
            {
                "type": "rich_text",
                "block_id": "pheQq",
                "elements": [
                    {
                        "type": "rich_text_section",
                        "elements": [
                            {
                                "type": "text",
                                "text": "you can see examples of others in the pinned messages"
                            }
                        ]
                    }
                ]
            }
        ]
    },
    {
        "type": "message",
        "subtype": "channel_join",
        "ts": "1502756403.905063",
        "user": "U6EK55AG0",
        "text": "<@U6EK55AG0> has joined the channel"
    }
]