[
    {
        "type": "message",
        "subtype": "channel_join",
        "ts": "1486932356.000272",
        "user": "U3RM180R3",
        "text": "<@U3RM180R3> has joined the channel"
    },
    {
        "type": "message",
        "subtype": "channel_join",
        "ts": "1486937876.000273",
        "user": "U42EGHQ31",
        "text": "<@U42EGHQ31> has joined the channel"
    },
    {
        "type": "message",
        "subtype": "channel_join",
        "ts": "1486971253.000274",
        "user": "U3WV70T0X",
        "text": "<@U3WV70T0X> has joined the channel"
    }
]