[
    {
        "type": "message",
        "text": "| Wolfram Research | remote or on-site (Champaign, IL) | web developer |\nThe Wolfram Alpha Web R&amp;D team is looking for front-end developers to take on a rebuild of the flagship product. Right now, the team is shifting away from React and towards Elm \/ PureScript as the chosen solution, and we're looking for people that are passionate about functional programming to run with it. Send your CV to <mailto:jbetz@wolfram.com|jbetz@wolfram.com> if you're interested. Open to all experience levels.",
        "user": "U6YDHL8BZ",
        "ts": "1511368301.000014",
        "team": "T0CJ5UNHK",
        "user_team": "T0CJ5UNHK",
        "source_team": "T0CJ5UNHK",
        "user_profile": {
            "avatar_hash": "08eb2c03b01b",
            "image_72": "https:\/\/avatars.slack-edge.com\/2018-01-21\/303304659751_08eb2c03b01b109c29ea_72.jpg",
            "first_name": "Joe",
            "real_name": "Joe Betz",
            "display_name": "jbetz",
            "team": "T0CJ5UNHK",
            "name": "jbetz",
            "is_restricted": false,
            "is_ultra_restricted": false
        },
        "edited": {
            "user": "U6YDHL8BZ",
            "ts": "1511368315.000000"
        },
        "blocks": [
            {
                "type": "rich_text",
                "block_id": "496",
                "elements": [
                    {
                        "type": "rich_text_section",
                        "elements": [
                            {
                                "type": "text",
                                "text": "| Wolfram Research | remote or on-site (Champaign, IL) | web developer |\nThe Wolfram Alpha Web R&D team is looking for front-end developers to take on a rebuild of the flagship product. Right now, the team is shifting away from React and towards Elm \/ PureScript as the chosen solution, and we're looking for people that are passionate about functional programming to run with it. Send your CV to "
                            },
                            {
                                "type": "link",
                                "url": "mailto:jbetz@wolfram.com",
                                "text": "jbetz@wolfram.com"
                            },
                            {
                                "type": "text",
                                "text": " if you're interested. Open to all experience levels."
                            }
                        ]
                    }
                ]
            }
        ],
        "thread_ts": "1511368301.000014",
        "reply_count": 3,
        "reply_users_count": 2,
        "latest_reply": "1511390049.000004",
        "reply_users": [
            "U0U6ML22H",
            "U1YUR8HRN"
        ],
        "replies": [
            {
                "user": "U0U6ML22H",
                "ts": "1511389909.000056"
            },
            {
                "user": "U1YUR8HRN",
                "ts": "1511390011.000220"
            },
            {
                "user": "U0U6ML22H",
                "ts": "1511390049.000004"
            }
        ],
        "is_locked": false,
        "subscribed": false,
        "reactions": [
            {
                "name": "+1",
                "users": [
                    "U18UD6T3J",
                    "U33KGCBE3",
                    "U41NK9BM4",
                    "U17TXDBJR",
                    "U1X0EELG3",
                    "U17SFNGD8",
                    "U3L8MM10T",
                    "U75462ZPC",
                    "U1Z6KD8HX",
                    "U7MEH6F9N",
                    "U1D7SLE4Q",
                    "U0JD7JSUA",
                    "U6LL9UU48",
                    "U0J1M0F32",
                    "U0CL0AS3V"
                ],
                "count": 15
            },
            {
                "name": "partypuffin",
                "users": [
                    "U5J0H2NS2",
                    "U44GBN07L"
                ],
                "count": 2
            },
            {
                "name": "purple_heart",
                "users": [
                    "U0HNJ2U4B"
                ],
                "count": 1
            }
        ]
    },
    {
        "type": "message",
        "subtype": "pinned_item",
        "text": "<@U3SJEDR96> pinned a message to this channel.",
        "user": "U3SJEDR96",
        "item_type": "C",
        "attachments": [
            {
                "fallback": "[November 22nd, 2017 8:31 AM] jbetz: | Wolfram Research | remote or on-site (Champaign, IL) | web developer |\nThe Wolfram Alpha Web R&amp;D team is looking for front-end developers to take on a rebuild of the flagship product. Right now, the team is shifting away from React and towards Elm \/ PureScript as the chosen solution, and we're looking for people that are passionate about functional programming to run with it. Send your CV to <mailto:jbetz@wolfram.com|jbetz@wolfram.com> if you're interested. Open to all experience levels.",
                "ts": "1511368301.000014",
                "author_id": "U6YDHL8BZ",
                "author_subname": "Joe Betz",
                "channel_id": "C0LUAGWRK",
                "channel_team": "T0CJ5UNHK",
                "channel_name": "jobs",
                "is_msg_unfurl": true,
                "is_thread_root_unfurl": true,
                "text": "| Wolfram Research | remote or on-site (Champaign, IL) | web developer |\nThe Wolfram Alpha Web R&amp;D team is looking for front-end developers to take on a rebuild of the flagship product. Right now, the team is shifting away from React and towards Elm \/ PureScript as the chosen solution, and we're looking for people that are passionate about functional programming to run with it. Send your CV to <mailto:jbetz@wolfram.com|jbetz@wolfram.com> if you're interested. Open to all experience levels.",
                "message_blocks": [
                    {
                        "team": "T0CJ5UNHK",
                        "channel": "C0LUAGWRK",
                        "ts": "1511368301.000014",
                        "message": {
                            "blocks": [
                                {
                                    "type": "rich_text",
                                    "block_id": "M05",
                                    "elements": [
                                        {
                                            "type": "rich_text_section",
                                            "elements": [
                                                {
                                                    "type": "text",
                                                    "text": "| Wolfram Research | remote or on-site (Champaign, IL) | web developer |\nThe Wolfram Alpha Web R&D team is looking for front-end developers to take on a rebuild of the flagship product. Right now, the team is shifting away from React and towards Elm \/ PureScript as the chosen solution, and we're looking for people that are passionate about functional programming to run with it. Send your CV to "
                                                },
                                                {
                                                    "type": "link",
                                                    "url": "mailto:jbetz@wolfram.com",
                                                    "text": "jbetz@wolfram.com"
                                                },
                                                {
                                                    "type": "text",
                                                    "text": " if you're interested. Open to all experience levels."
                                                }
                                            ]
                                        }
                                    ]
                                }
                            ]
                        }
                    }
                ],
                "author_name": "Joe Betz",
                "author_link": "https:\/\/elmlang.slack.com\/team\/U6YDHL8BZ",
                "author_icon": "https:\/\/avatars.slack-edge.com\/2018-01-21\/303304659751_08eb2c03b01b109c29ea_48.jpg",
                "mrkdwn_in": [
                    "text"
                ],
                "from_hidden_wksp": false
            }
        ],
        "ts": "1511368412.000011"
    },
    {
        "type": "message",
        "text": "sounds like <@U1YUR8HRN> should get in touch... =D",
        "user": "U0U6ML22H",
        "ts": "1511389909.000056",
        "team": "T0CJ5UNHK",
        "user_team": "T0CJ5UNHK",
        "source_team": "T0CJ5UNHK",
        "user_profile": {
            "avatar_hash": "334f65bb1565",
            "image_72": "https:\/\/avatars.slack-edge.com\/2020-12-07\/1578968688208_334f65bb156586411238_72.jpg",
            "first_name": "Augustin",
            "real_name": "Augustin Ragon",
            "display_name": "Augustin",
            "team": "T0CJ5UNHK",
            "name": "augustin82",
            "is_restricted": false,
            "is_ultra_restricted": false
        },
        "blocks": [
            {
                "type": "rich_text",
                "block_id": "B7HNq",
                "elements": [
                    {
                        "type": "rich_text_section",
                        "elements": [
                            {
                                "type": "text",
                                "text": "sounds like "
                            },
                            {
                                "type": "user",
                                "user_id": "U1YUR8HRN"
                            },
                            {
                                "type": "text",
                                "text": " should get in touch... =D"
                            }
                        ]
                    }
                ]
            }
        ],
        "thread_ts": "1511368301.000014",
        "parent_user_id": "U6YDHL8BZ"
    },
    {
        "type": "message",
        "text": "<@U0U6ML22H> it is quite the coincidence :simple_smile:. Fortunately I found something pretty quickly though - should delete my post from this channel",
        "user": "U1YUR8HRN",
        "ts": "1511390011.000220",
        "team": "T0CJ5UNHK",
        "user_team": "T0CJ5UNHK",
        "source_team": "T0CJ5UNHK",
        "user_profile": {
            "avatar_hash": "0f76217bc460",
            "image_72": "https:\/\/avatars.slack-edge.com\/2020-12-17\/1589531294932_0f76217bc4604ff28c87_72.jpg",
            "first_name": "Kofi",
            "real_name": "Kofi Gumbs",
            "display_name": "",
            "team": "T0CJ5UNHK",
            "name": "kofi",
            "is_restricted": false,
            "is_ultra_restricted": false
        },
        "blocks": [
            {
                "type": "rich_text",
                "block_id": "\/8x",
                "elements": [
                    {
                        "type": "rich_text_section",
                        "elements": [
                            {
                                "type": "user",
                                "user_id": "U0U6ML22H"
                            },
                            {
                                "type": "text",
                                "text": " it is quite the coincidence "
                            },
                            {
                                "type": "emoji",
                                "name": "simple_smile"
                            },
                            {
                                "type": "text",
                                "text": ". Fortunately I found something pretty quickly though - should delete my post from this channel"
                            }
                        ]
                    }
                ]
            }
        ],
        "thread_ts": "1511368301.000014",
        "parent_user_id": "U6YDHL8BZ"
    },
    {
        "type": "message",
        "text": "good for ya! :smiley:",
        "user": "U0U6ML22H",
        "ts": "1511390049.000004",
        "team": "T0CJ5UNHK",
        "user_team": "T0CJ5UNHK",
        "source_team": "T0CJ5UNHK",
        "user_profile": {
            "avatar_hash": "334f65bb1565",
            "image_72": "https:\/\/avatars.slack-edge.com\/2020-12-07\/1578968688208_334f65bb156586411238_72.jpg",
            "first_name": "Augustin",
            "real_name": "Augustin Ragon",
            "display_name": "Augustin",
            "team": "T0CJ5UNHK",
            "name": "augustin82",
            "is_restricted": false,
            "is_ultra_restricted": false
        },
        "blocks": [
            {
                "type": "rich_text",
                "block_id": "Kt6",
                "elements": [
                    {
                        "type": "rich_text_section",
                        "elements": [
                            {
                                "type": "text",
                                "text": "good for ya! "
                            },
                            {
                                "type": "emoji",
                                "name": "smiley",
                                "unicode": "1f603"
                            }
                        ]
                    }
                ]
            }
        ],
        "thread_ts": "1511368301.000014",
        "parent_user_id": "U6YDHL8BZ"
    }
]