[
    {
        "type": "message",
        "subtype": "channel_join",
        "ts": "1489360830.908662",
        "user": "U47FA2L4U",
        "text": "<@U47FA2L4U> has joined the channel"
    },
    {
        "type": "message",
        "subtype": "channel_join",
        "ts": "1489380102.132281",
        "user": "U4HBR583F",
        "text": "<@U4HBR583F> has joined the channel"
    },
    {
        "type": "message",
        "subtype": "channel_join",
        "ts": "1489388275.674648",
        "user": "U27HEMMCM",
        "text": "<@U27HEMMCM> has joined the channel"
    }
]