[
    {
        "type": "message",
        "text": "<@U1D7SLE4Q> <@U138U8K4P> I would rather pin a short description with a link to archive <http:\/\/elmlang.slackarchive.io\/jobs\/-\/1481208537.000054\/1489044375.000332\/1488979198000328\/>, because on original slack the content is trimmed in \"pinned items\" sidebar, and also your post won't be visible after some time because of slack history limits",
        "user": "U0JD7JSUA",
        "ts": "1489052458.000333",
        "team": "T0CJ5UNHK",
        "user_team": "T0CJ5UNHK",
        "source_team": "T0CJ5UNHK",
        "user_profile": {
            "avatar_hash": "g16ea4da5cae",
            "image_72": "https:\/\/secure.gravatar.com\/avatar\/216ea4da5cae7be4030b6242ab90631c.jpg?s=72&d=https%3A%2F%2Fa.slack-edge.com%2Fdf10d%2Fimg%2Favatars%2Fava_0007-72.png",
            "first_name": "",
            "real_name": "rofrol",
            "display_name": "",
            "team": "T0CJ5UNHK",
            "name": "rofrol",
            "is_restricted": false,
            "is_ultra_restricted": false
        },
        "edited": {
            "user": "U0JD7JSUA",
            "ts": "1489052628.000000"
        },
        "blocks": [
            {
                "type": "rich_text",
                "block_id": "\/wAE",
                "elements": [
                    {
                        "type": "rich_text_section",
                        "elements": [
                            {
                                "type": "user",
                                "user_id": "U1D7SLE4Q"
                            },
                            {
                                "type": "text",
                                "text": " "
                            },
                            {
                                "type": "user",
                                "user_id": "U138U8K4P"
                            },
                            {
                                "type": "text",
                                "text": " I would rather pin a short description with a link to archive "
                            },
                            {
                                "type": "link",
                                "url": "http:\/\/elmlang.slackarchive.io\/jobs\/-\/1481208537.000054\/1489044375.000332\/1488979198000328\/"
                            },
                            {
                                "type": "text",
                                "text": ", because on original slack the content is trimmed in \"pinned items\" sidebar, and also your post won't be visible after some time because of slack history limits"
                            }
                        ]
                    }
                ]
            }
        ]
    },
    {
        "type": "message",
        "subtype": "channel_join",
        "ts": "1489060947.000339",
        "user": "U3KD7QJH5",
        "text": "<@U3KD7QJH5> has joined the channel"
    },
    {
        "type": "message",
        "subtype": "channel_join",
        "ts": "1489100938.000343",
        "user": "U23D2NZAB",
        "text": "<@U23D2NZAB> has joined the channel"
    }
]