[
    {
        "type": "message",
        "text": "Anyone know of any Elm jobs in London? I'm ideally looking for freelance work.",
        "user": "U1UF6F6P8",
        "ts": "1494418217.085258",
        "team": "T0CJ5UNHK",
        "user_team": "T0CJ5UNHK",
        "source_team": "T0CJ5UNHK",
        "user_profile": {
            "avatar_hash": "704db0f62f8a",
            "image_72": "https:\/\/avatars.slack-edge.com\/2017-04-20\/172718051158_704db0f62f8a11a25ec0_72.jpg",
            "first_name": "Neil",
            "real_name": "Neil Lyons",
            "display_name": "nwjlyons",
            "team": "T0CJ5UNHK",
            "name": "nwjlyons",
            "is_restricted": false,
            "is_ultra_restricted": false
        },
        "blocks": [
            {
                "type": "rich_text",
                "block_id": "\/XP9s",
                "elements": [
                    {
                        "type": "rich_text_section",
                        "elements": [
                            {
                                "type": "text",
                                "text": "Anyone know of any Elm jobs in London? I'm ideally looking for freelance work."
                            }
                        ]
                    }
                ]
            }
        ]
    },
    {
        "type": "message",
        "text": "<@U0LFFASSV> As I know you don't search for devs right now. Can we upin your offer?",
        "user": "U0JD7JSUA",
        "ts": "1494420667.580788",
        "team": "T0CJ5UNHK",
        "user_team": "T0CJ5UNHK",
        "source_team": "T0CJ5UNHK",
        "user_profile": {
            "avatar_hash": "g16ea4da5cae",
            "image_72": "https:\/\/secure.gravatar.com\/avatar\/216ea4da5cae7be4030b6242ab90631c.jpg?s=72&d=https%3A%2F%2Fa.slack-edge.com%2Fdf10d%2Fimg%2Favatars%2Fava_0007-72.png",
            "first_name": "",
            "real_name": "rofrol",
            "display_name": "",
            "team": "T0CJ5UNHK",
            "name": "rofrol",
            "is_restricted": false,
            "is_ultra_restricted": false
        },
        "blocks": [
            {
                "type": "rich_text",
                "block_id": "foQ",
                "elements": [
                    {
                        "type": "rich_text_section",
                        "elements": [
                            {
                                "type": "user",
                                "user_id": "U0LFFASSV"
                            },
                            {
                                "type": "text",
                                "text": " As I know you don't search for devs right now. Can we upin your offer?"
                            }
                        ]
                    }
                ]
            }
        ]
    },
    {
        "type": "message",
        "text": "hey <@U0JD7JSUA> :wave: actually today I have one interview and tomorrow I have two more... we're looking for dec continuously though",
        "user": "U0LFFASSV",
        "ts": "1494420780.605608",
        "team": "T0CJ5UNHK",
        "user_team": "T0CJ5UNHK",
        "source_team": "T0CJ5UNHK",
        "user_profile": {
            "avatar_hash": "g9d605cfb474",
            "image_72": "https:\/\/secure.gravatar.com\/avatar\/39d605cfb4744f4c5ef4009bb630fa9a.jpg?s=72&d=https%3A%2F%2Fa.slack-edge.com%2Fdf10d%2Fimg%2Favatars%2Fava_0010-72.png",
            "first_name": "",
            "real_name": "turbo_mack",
            "display_name": "",
            "team": "T0CJ5UNHK",
            "name": "turbo_mack",
            "is_restricted": false,
            "is_ultra_restricted": false
        },
        "blocks": [
            {
                "type": "rich_text",
                "block_id": "vfa6",
                "elements": [
                    {
                        "type": "rich_text_section",
                        "elements": [
                            {
                                "type": "text",
                                "text": "hey "
                            },
                            {
                                "type": "user",
                                "user_id": "U0JD7JSUA"
                            },
                            {
                                "type": "text",
                                "text": " "
                            },
                            {
                                "type": "emoji",
                                "name": "wave",
                                "unicode": "1f44b"
                            },
                            {
                                "type": "text",
                                "text": " actually today I have one interview and tomorrow I have two more... we're looking for dec continuously though"
                            }
                        ]
                    }
                ]
            }
        ]
    },
    {
        "type": "message",
        "text": "today it's with <@U1L85D83D> ... :heart:",
        "user": "U0LFFASSV",
        "ts": "1494420849.621721",
        "team": "T0CJ5UNHK",
        "user_team": "T0CJ5UNHK",
        "source_team": "T0CJ5UNHK",
        "user_profile": {
            "avatar_hash": "g9d605cfb474",
            "image_72": "https:\/\/secure.gravatar.com\/avatar\/39d605cfb4744f4c5ef4009bb630fa9a.jpg?s=72&d=https%3A%2F%2Fa.slack-edge.com%2Fdf10d%2Fimg%2Favatars%2Fava_0010-72.png",
            "first_name": "",
            "real_name": "turbo_mack",
            "display_name": "",
            "team": "T0CJ5UNHK",
            "name": "turbo_mack",
            "is_restricted": false,
            "is_ultra_restricted": false
        },
        "blocks": [
            {
                "type": "rich_text",
                "block_id": "qSh",
                "elements": [
                    {
                        "type": "rich_text_section",
                        "elements": [
                            {
                                "type": "text",
                                "text": "today it's with "
                            },
                            {
                                "type": "user",
                                "user_id": "U1L85D83D"
                            },
                            {
                                "type": "text",
                                "text": " ... "
                            },
                            {
                                "type": "emoji",
                                "name": "heart",
                                "unicode": "2764-fe0f"
                            }
                        ]
                    }
                ]
            }
        ],
        "reactions": [
            {
                "name": "metal",
                "users": [
                    "U1L85D83D"
                ],
                "count": 1
            }
        ]
    },
    {
        "type": "message",
        "subtype": "channel_join",
        "ts": "1494420855.623326",
        "user": "U1L85D83D",
        "text": "<@U1L85D83D> has joined the channel",
        "inviter": "U0LFFASSV"
    },
    {
        "type": "message",
        "subtype": "channel_join",
        "ts": "1494447003.459854",
        "user": "U5B42T03B",
        "text": "<@U5B42T03B> has joined the channel"
    },
    {
        "type": "message",
        "subtype": "channel_join",
        "ts": "1494452328.827847",
        "user": "U0GSCH1BR",
        "text": "<@U0GSCH1BR> has joined the channel"
    }
]