[
    {
        "type": "message",
        "text": "you’re welcome!",
        "user": "U23U8APEY",
        "ts": "1510128666.000165",
        "team": "T0CJ5UNHK",
        "user_team": "T0CJ5UNHK",
        "source_team": "T0CJ5UNHK",
        "user_profile": {
            "avatar_hash": "g3074e1515db",
            "image_72": "https:\/\/secure.gravatar.com\/avatar\/b3074e1515db1a3d79acf5d954eac0d1.jpg?s=72&d=https%3A%2F%2Fa.slack-edge.com%2Fdf10d%2Fimg%2Favatars%2Fava_0007-72.png",
            "first_name": "Lucian",
            "real_name": "Lucian Ursu",
            "display_name": "elbear",
            "team": "T0CJ5UNHK",
            "name": "elbear",
            "is_restricted": false,
            "is_ultra_restricted": false
        },
        "blocks": [
            {
                "type": "rich_text",
                "block_id": "lob",
                "elements": [
                    {
                        "type": "rich_text_section",
                        "elements": [
                            {
                                "type": "text",
                                "text": "you’re welcome!"
                            }
                        ]
                    }
                ]
            }
        ],
        "thread_ts": "1510089006.000405",
        "parent_user_id": "U7WCPEBJ6"
    },
    {
        "type": "message",
        "text": "Recently I’ve been reading this: <http:\/\/futureofcoding.org\/journal#october-3-2017-1058am>",
        "user": "U41NK9BM4",
        "ts": "1510133167.000086",
        "team": "T0CJ5UNHK",
        "user_team": "T0CJ5UNHK",
        "source_team": "T0CJ5UNHK",
        "user_profile": {
            "avatar_hash": "0ae8c1a8e76e",
            "image_72": "https:\/\/avatars.slack-edge.com\/2017-02-04\/137166405556_0ae8c1a8e76edbbffe10_72.jpg",
            "first_name": "Andrea",
            "real_name": "Andrea Peltrin",
            "display_name": "passiomatic",
            "team": "T0CJ5UNHK",
            "name": "passiomatic",
            "is_restricted": false,
            "is_ultra_restricted": false
        },
        "blocks": [
            {
                "type": "rich_text",
                "block_id": "tMgn\/",
                "elements": [
                    {
                        "type": "rich_text_section",
                        "elements": [
                            {
                                "type": "text",
                                "text": "Recently I’ve been reading this: "
                            },
                            {
                                "type": "link",
                                "url": "http:\/\/futureofcoding.org\/journal#october-3-2017-1058am"
                            }
                        ]
                    }
                ]
            }
        ],
        "thread_ts": "1510089006.000405",
        "parent_user_id": "U7WCPEBJ6"
    },
    {
        "type": "message",
        "text": "<@U41NK9BM4> me too! it's super cool and exciting stuff.",
        "user": "U7WCPEBJ6",
        "ts": "1510162310.000797",
        "team": "T0CJ5UNHK",
        "user_team": "T0CJ5UNHK",
        "source_team": "T0CJ5UNHK",
        "user_profile": {
            "avatar_hash": "gf3557c6f1e5",
            "image_72": "https:\/\/secure.gravatar.com\/avatar\/9f3557c6f1e51fc88cda4c966d0c5b94.jpg?s=72&d=https%3A%2F%2Fa.slack-edge.com%2Fdf10d%2Fimg%2Favatars%2Fava_0025-72.png",
            "first_name": "Ian",
            "real_name": "Ian Connolly",
            "display_name": "ianconnolly",
            "team": "T0CJ5UNHK",
            "name": "ian030",
            "is_restricted": false,
            "is_ultra_restricted": false
        },
        "blocks": [
            {
                "type": "rich_text",
                "block_id": "SS3GF",
                "elements": [
                    {
                        "type": "rich_text_section",
                        "elements": [
                            {
                                "type": "user",
                                "user_id": "U41NK9BM4"
                            },
                            {
                                "type": "text",
                                "text": " me too! it's super cool and exciting stuff."
                            }
                        ]
                    }
                ]
            }
        ],
        "thread_ts": "1510089006.000405",
        "parent_user_id": "U7WCPEBJ6"
    },
    {
        "type": "message",
        "subtype": "pinned_item",
        "text": "<@U0F5SH6UQ> pinned a message to this channel.",
        "user": "U0F5SH6UQ",
        "item_type": "C",
        "attachments": [
            {
                "fallback": "[November 7th, 2017 1:10 PM] ian030: New Startup | San Francisco (On-site only) | Software Engineer\n\nWe’re going to make it 100x easier to build applications, and bring the ability to write software to the next billion people. First, we’re going to make it so developers can build a complete scalable app in an afternoon. That means removing all the annoying things about building software, and creating an amazing development experience. And we're currently building it in Elm &amp; OCaml.\n\nRight now, four of us work on this full-time. Our founders are Ellen Chisa, formerly VP of Product at Lola and a PM at Kickstarter, and Paul Biggar, founder of CircleCI. We're\nwell-funded and we have excellent investors and advisors.\n\nYou can learn more about the plan at <http:\/\/ellenandpaulsnewstartup.com\/>, the role at <http:\/\/ellenandpaulsnewstartup.com\/careers\/engineering>,\nand the type of company we're trying to build at <http:\/\/ellenandpaulsnewstartup.com\/howwework\/>. People from backgrounds that are traditionally under-represented in technology are encouraged to apply, and will find a welcoming environment.\nFeel free to DM me or email me at ian@ the above domain if you want to know more.",
                "ts": "1510089006.000405",
                "author_id": "U7WCPEBJ6",
                "author_subname": "Ian Connolly",
                "channel_id": "C0LUAGWRK",
                "channel_team": "T0CJ5UNHK",
                "channel_name": "jobs",
                "is_msg_unfurl": true,
                "is_thread_root_unfurl": true,
                "text": "New Startup | San Francisco (On-site only) | Software Engineer\n\nWe’re going to make it 100x easier to build applications, and bring the ability to write software to the next billion people. First, we’re going to make it so developers can build a complete scalable app in an afternoon. That means removing all the annoying things about building software, and creating an amazing development experience. And we're currently building it in Elm &amp; OCaml.\n\nRight now, four of us work on this full-time. Our founders are Ellen Chisa, formerly VP of Product at Lola and a PM at Kickstarter, and Paul Biggar, founder of CircleCI. We're\nwell-funded and we have excellent investors and advisors.\n\nYou can learn more about the plan at <http:\/\/ellenandpaulsnewstartup.com\/>, the role at <http:\/\/ellenandpaulsnewstartup.com\/careers\/engineering>,\nand the type of company we're trying to build at <http:\/\/ellenandpaulsnewstartup.com\/howwework\/>. People from backgrounds that are traditionally under-represented in technology are encouraged to apply, and will find a welcoming environment.\nFeel free to DM me or email me at ian@ the above domain if you want to know more.",
                "message_blocks": [
                    {
                        "team": "T0CJ5UNHK",
                        "channel": "C0LUAGWRK",
                        "ts": "1510089006.000405",
                        "message": {
                            "blocks": [
                                {
                                    "type": "rich_text",
                                    "block_id": "7gdtv",
                                    "elements": [
                                        {
                                            "type": "rich_text_section",
                                            "elements": [
                                                {
                                                    "type": "text",
                                                    "text": "New Startup | San Francisco (On-site only) | Software Engineer\n\nWe’re going to make it 100x easier to build applications, and bring the ability to write software to the next billion people. First, we’re going to make it so developers can build a complete scalable app in an afternoon. That means removing all the annoying things about building software, and creating an amazing development experience. And we're currently building it in Elm & OCaml.\n\nRight now, four of us work on this full-time. Our founders are Ellen Chisa, formerly VP of Product at Lola and a PM at Kickstarter, and Paul Biggar, founder of CircleCI. We're\nwell-funded and we have excellent investors and advisors.\n\nYou can learn more about the plan at "
                                                },
                                                {
                                                    "type": "link",
                                                    "url": "http:\/\/ellenandpaulsnewstartup.com\/"
                                                },
                                                {
                                                    "type": "text",
                                                    "text": ", the role at "
                                                },
                                                {
                                                    "type": "link",
                                                    "url": "http:\/\/ellenandpaulsnewstartup.com\/careers\/engineering"
                                                },
                                                {
                                                    "type": "text",
                                                    "text": ",\nand the type of company we're trying to build at "
                                                },
                                                {
                                                    "type": "link",
                                                    "url": "http:\/\/ellenandpaulsnewstartup.com\/howwework\/"
                                                },
                                                {
                                                    "type": "text",
                                                    "text": ". People from backgrounds that are traditionally under-represented in technology are encouraged to apply, and will find a welcoming environment.\nFeel free to DM me or email me at ian@ the above domain if you want to know more."
                                                }
                                            ]
                                        }
                                    ]
                                }
                            ]
                        }
                    }
                ],
                "author_name": "Ian Connolly",
                "author_link": "https:\/\/elmlang.slack.com\/team\/U7WCPEBJ6",
                "author_icon": "https:\/\/secure.gravatar.com\/avatar\/9f3557c6f1e51fc88cda4c966d0c5b94.jpg?s=48&d=https%3A%2F%2Fa.slack-edge.com%2Fdf10d%2Fimg%2Favatars%2Fava_0025-48.png",
                "mrkdwn_in": [
                    "text"
                ],
                "from_hidden_wksp": false
            }
        ],
        "ts": "1510168666.000342"
    }
]