[
    {
        "type": "message",
        "subtype": "channel_join",
        "ts": "1500557176.740820",
        "user": "U6B8PFUSE",
        "text": "<@U6B8PFUSE> has joined the channel"
    },
    {
        "type": "message",
        "subtype": "channel_join",
        "ts": "1500566494.373325",
        "user": "U31FGNWCT",
        "text": "<@U31FGNWCT> has joined the channel"
    },
    {
        "type": "message",
        "subtype": "channel_join",
        "ts": "1500597201.915539",
        "user": "U685AUJ6M",
        "text": "<@U685AUJ6M> has joined the channel"
    }
]