[
    {
        "type": "message",
        "subtype": "pinned_item",
        "text": "<@U0KPPC258> pinned a message to this channel.",
        "user": "U0KPPC258",
        "item_type": "C",
        "attachments": [
            {
                "fallback": "[October 12th, 2017 9:55 PM] evax: |Stage 3 Systems | Vancouver :flag-ca: or London :flag-gb: | Full-stack software developer (Elixir\/Elm) - <https:\/\/stage3systems.bamboohr.com\/jobs\/view.php?id=16> - <https:\/\/stage3systems.bamboohr.com\/jobs\/view.php?id=15>",
                "ts": "1507870538.000093",
                "author_id": "U2V2WE98W",
                "author_subname": "evax",
                "channel_id": "C0LUAGWRK",
                "channel_team": "T0CJ5UNHK",
                "channel_name": "jobs",
                "is_msg_unfurl": true,
                "text": "|Stage 3 Systems | Vancouver :flag-ca: or London :flag-gb: | Full-stack software developer (Elixir\/Elm) - <https:\/\/stage3systems.bamboohr.com\/jobs\/view.php?id=16> - <https:\/\/stage3systems.bamboohr.com\/jobs\/view.php?id=15>",
                "message_blocks": [
                    {
                        "team": "T0CJ5UNHK",
                        "channel": "C0LUAGWRK",
                        "ts": "1507870538.000093",
                        "message": {
                            "blocks": [
                                {
                                    "type": "rich_text",
                                    "block_id": "CGHz",
                                    "elements": [
                                        {
                                            "type": "rich_text_section",
                                            "elements": [
                                                {
                                                    "type": "text",
                                                    "text": "|Stage 3 Systems | Vancouver "
                                                },
                                                {
                                                    "type": "emoji",
                                                    "name": "flag-ca",
                                                    "unicode": "1f1e8-1f1e6"
                                                },
                                                {
                                                    "type": "text",
                                                    "text": " or London "
                                                },
                                                {
                                                    "type": "emoji",
                                                    "name": "flag-gb",
                                                    "unicode": "1f1ec-1f1e7"
                                                },
                                                {
                                                    "type": "text",
                                                    "text": " | Full-stack software developer (Elixir\/Elm) - "
                                                },
                                                {
                                                    "type": "link",
                                                    "url": "https:\/\/stage3systems.bamboohr.com\/jobs\/view.php?id=16"
                                                },
                                                {
                                                    "type": "text",
                                                    "text": " - "
                                                },
                                                {
                                                    "type": "link",
                                                    "url": "https:\/\/stage3systems.bamboohr.com\/jobs\/view.php?id=15"
                                                }
                                            ]
                                        }
                                    ]
                                }
                            ]
                        }
                    }
                ],
                "author_name": "evax",
                "author_link": "https:\/\/elmlang.slack.com\/team\/U2V2WE98W",
                "author_icon": "https:\/\/secure.gravatar.com\/avatar\/b3df7b10d2705cb5de9671a3dfb076d4.jpg?s=48&d=https%3A%2F%2Fa.slack-edge.com%2Fdf10d%2Fimg%2Favatars%2Fava_0004-48.png",
                "mrkdwn_in": [
                    "text"
                ],
                "from_hidden_wksp": false
            }
        ],
        "ts": "1507903735.000046"
    },
    {
        "type": "message",
        "text": "| seeking work | Toronto - Canada or remote \/ can't relocate | full-stack dev in industry for 10 years. Also have experience with C++. Been using elm for a year. I've published about a dozen libraries to the elm package repo including elm-serverless and elm-crypto. Love the great type system and easy learning curve. Looking for work with elm in particular, but anything functional is good. <http:\/\/betweenconcepts.com>",
        "user": "U200KMR96",
        "ts": "1507946215.000027",
        "team": "T0CJ5UNHK",
        "user_team": "T0CJ5UNHK",
        "source_team": "T0CJ5UNHK",
        "user_profile": {
            "avatar_hash": "gedb713d2b91",
            "image_72": "https:\/\/secure.gravatar.com\/avatar\/4edb713d2b9159e16d9512bf8535927c.jpg?s=72&d=https%3A%2F%2Fa.slack-edge.com%2Fdf10d%2Fimg%2Favatars%2Fava_0025-72.png",
            "first_name": "Kevin",
            "real_name": "Kevin Tonon",
            "display_name": "ktonon",
            "team": "T0CJ5UNHK",
            "name": "ktonon",
            "is_restricted": false,
            "is_ultra_restricted": false
        },
        "blocks": [
            {
                "type": "rich_text",
                "block_id": "=tKT",
                "elements": [
                    {
                        "type": "rich_text_section",
                        "elements": [
                            {
                                "type": "text",
                                "text": "| seeking work | Toronto - Canada or remote \/ can't relocate | full-stack dev in industry for 10 years. Also have experience with C++. Been using elm for a year. I've published about a dozen libraries to the elm package repo including elm-serverless and elm-crypto. Love the great type system and easy learning curve. Looking for work with elm in particular, but anything functional is good. "
                            },
                            {
                                "type": "link",
                                "url": "http:\/\/betweenconcepts.com"
                            }
                        ]
                    }
                ]
            }
        ],
        "reactions": [
            {
                "name": "+1",
                "users": [
                    "U5E99RPK6",
                    "U1PQJ4V32"
                ],
                "count": 2
            }
        ]
    },
    {
        "type": "message",
        "subtype": "pinned_item",
        "text": "<@U200KMR96> pinned a message to this channel.",
        "user": "U200KMR96",
        "item_type": "C",
        "attachments": [
            {
                "fallback": "[October 13th, 2017 6:56 PM] ktonon: | seeking work | Toronto - Canada or remote \/ can't relocate | full-stack dev in industry for 10 years. Also have experience with C++. Been using elm for a year. I've published about a dozen libraries to the elm package repo including elm-serverless and elm-crypto. Love the great type system and easy learning curve. Looking for work with elm in particular, but anything functional is good. <http:\/\/betweenconcepts.com>",
                "ts": "1507946215.000027",
                "author_id": "U200KMR96",
                "author_subname": "Kevin Tonon",
                "channel_id": "C0LUAGWRK",
                "channel_team": "T0CJ5UNHK",
                "channel_name": "jobs",
                "is_msg_unfurl": true,
                "text": "| seeking work | Toronto - Canada or remote \/ can't relocate | full-stack dev in industry for 10 years. Also have experience with C++. Been using elm for a year. I've published about a dozen libraries to the elm package repo including elm-serverless and elm-crypto. Love the great type system and easy learning curve. Looking for work with elm in particular, but anything functional is good. <http:\/\/betweenconcepts.com>",
                "message_blocks": [
                    {
                        "team": "T0CJ5UNHK",
                        "channel": "C0LUAGWRK",
                        "ts": "1507946215.000027",
                        "message": {
                            "blocks": [
                                {
                                    "type": "rich_text",
                                    "block_id": "DVW",
                                    "elements": [
                                        {
                                            "type": "rich_text_section",
                                            "elements": [
                                                {
                                                    "type": "text",
                                                    "text": "| seeking work | Toronto - Canada or remote \/ can't relocate | full-stack dev in industry for 10 years. Also have experience with C++. Been using elm for a year. I've published about a dozen libraries to the elm package repo including elm-serverless and elm-crypto. Love the great type system and easy learning curve. Looking for work with elm in particular, but anything functional is good. "
                                                },
                                                {
                                                    "type": "link",
                                                    "url": "http:\/\/betweenconcepts.com"
                                                }
                                            ]
                                        }
                                    ]
                                }
                            ]
                        }
                    }
                ],
                "author_name": "Kevin Tonon",
                "author_link": "https:\/\/elmlang.slack.com\/team\/U200KMR96",
                "author_icon": "https:\/\/secure.gravatar.com\/avatar\/4edb713d2b9159e16d9512bf8535927c.jpg?s=48&d=https%3A%2F%2Fa.slack-edge.com%2Fdf10d%2Fimg%2Favatars%2Fava_0025-48.png",
                "mrkdwn_in": [
                    "text"
                ],
                "from_hidden_wksp": false
            }
        ],
        "ts": "1507946227.000061"
    }
]