[
    {
        "type": "message",
        "subtype": "channel_join",
        "ts": "1493205223.154878",
        "user": "U53TTQ399",
        "text": "<@U53TTQ399> has joined the channel"
    },
    {
        "type": "message",
        "subtype": "channel_join",
        "ts": "1493215214.312168",
        "user": "U1AP08WV6",
        "text": "<@U1AP08WV6> has joined the channel"
    },
    {
        "type": "message",
        "subtype": "channel_join",
        "ts": "1493231043.292926",
        "user": "U550BEQUS",
        "text": "<@U550BEQUS> has joined the channel"
    },
    {
        "type": "message",
        "text": "Anyone offer Elm remote tutoring (via Screen hero, Skype, Zoom, etc)? Only looking at starting with 1-2 hours 2-3 times a week. Mostly reviewing and getting feedback on personal apps\nI’ve been with Elm only for a few days. Writing simple applications (i.e. basic calculator). Other apps I will get into are SPA (Single Page Applications, looking for best practices, code reviews, connecting to API’s and subscriptions",
        "user": "U2GC5TE7K",
        "ts": "1493257757.693327",
        "team": "T0CJ5UNHK",
        "user_team": "T0CJ5UNHK",
        "source_team": "T0CJ5UNHK",
        "user_profile": {
            "avatar_hash": "gfc19876a76f",
            "image_72": "https:\/\/secure.gravatar.com\/avatar\/afc19876a76fb3a9d507352d6d3e4cce.jpg?s=72&d=https%3A%2F%2Fa.slack-edge.com%2Fdf10d%2Fimg%2Favatars%2Fava_0001-72.png",
            "first_name": "Christian",
            "real_name": "Christian Fazzini",
            "display_name": "foopub",
            "team": "T0CJ5UNHK",
            "name": "foopub",
            "is_restricted": false,
            "is_ultra_restricted": false
        },
        "edited": {
            "user": "U2GC5TE7K",
            "ts": "1493259705.000000"
        },
        "blocks": [
            {
                "type": "rich_text",
                "block_id": "meIf",
                "elements": [
                    {
                        "type": "rich_text_section",
                        "elements": [
                            {
                                "type": "text",
                                "text": "Anyone offer Elm remote tutoring (via Screen hero, Skype, Zoom, etc)? Only looking at starting with 1-2 hours 2-3 times a week. Mostly reviewing and getting feedback on personal apps\nI’ve been with Elm only for a few days. Writing simple applications (i.e. basic calculator). Other apps I will get into are SPA (Single Page Applications, looking for best practices, code reviews, connecting to API’s and subscriptions"
                            }
                        ]
                    }
                ]
            }
        ],
        "thread_ts": "1493257757.693327",
        "reply_count": 5,
        "reply_users_count": 4,
        "latest_reply": "1493267241.593884",
        "reply_users": [
            "U17R26VR8",
            "U2GC5TE7K",
            "U3HQVHERX",
            "U2U94G0QG"
        ],
        "replies": [
            {
                "user": "U17R26VR8",
                "ts": "1493257954.714129"
            },
            {
                "user": "U2GC5TE7K",
                "ts": "1493258011.719917"
            },
            {
                "user": "U3HQVHERX",
                "ts": "1493258988.822065"
            },
            {
                "user": "U2GC5TE7K",
                "ts": "1493259013.824604"
            },
            {
                "user": "U2U94G0QG",
                "ts": "1493267241.593884"
            }
        ],
        "is_locked": false,
        "subscribed": false
    },
    {
        "type": "message",
        "text": "foopub: i recon you’ll get plenty of help in <#C0CJ3SBBM|general>, r\/elm, esp if you’re just starting out and not afraid to read a few guides\/blogs",
        "user": "U17R26VR8",
        "ts": "1493257954.714129",
        "team": "T0CJ5UNHK",
        "user_team": "T0CJ5UNHK",
        "source_team": "T0CJ5UNHK",
        "user_profile": {
            "avatar_hash": "d2958e51ba12",
            "image_72": "https:\/\/avatars.slack-edge.com\/2019-01-18\/526804239634_d2958e51ba12b82caf12_72.jpg",
            "first_name": "Joseph",
            "real_name": "Joseph Ni",
            "display_name": "mordrax",
            "team": "T0CJ5UNHK",
            "name": "mordrax",
            "is_restricted": false,
            "is_ultra_restricted": false
        },
        "blocks": [
            {
                "type": "rich_text",
                "block_id": "jp8U8",
                "elements": [
                    {
                        "type": "rich_text_section",
                        "elements": [
                            {
                                "type": "text",
                                "text": "foopub: i recon you’ll get plenty of help in "
                            },
                            {
                                "type": "channel",
                                "channel_id": "C0CJ3SBBM"
                            },
                            {
                                "type": "text",
                                "text": ", r\/elm, esp if you’re just starting out and not afraid to read a few guides\/blogs"
                            }
                        ]
                    }
                ]
            }
        ],
        "thread_ts": "1493257757.693327",
        "parent_user_id": "U2GC5TE7K"
    },
    {
        "type": "message",
        "text": "Currently in the <#C192T0Q1E|beginners> channel but am also looking for a 1:1 kind of mentorship to fast track what I can learn",
        "user": "U2GC5TE7K",
        "ts": "1493258011.719917",
        "team": "T0CJ5UNHK",
        "user_team": "T0CJ5UNHK",
        "source_team": "T0CJ5UNHK",
        "user_profile": {
            "avatar_hash": "gfc19876a76f",
            "image_72": "https:\/\/secure.gravatar.com\/avatar\/afc19876a76fb3a9d507352d6d3e4cce.jpg?s=72&d=https%3A%2F%2Fa.slack-edge.com%2Fdf10d%2Fimg%2Favatars%2Fava_0001-72.png",
            "first_name": "Christian",
            "real_name": "Christian Fazzini",
            "display_name": "foopub",
            "team": "T0CJ5UNHK",
            "name": "foopub",
            "is_restricted": false,
            "is_ultra_restricted": false
        },
        "edited": {
            "user": "U2GC5TE7K",
            "ts": "1493258021.000000"
        },
        "blocks": [
            {
                "type": "rich_text",
                "block_id": "TtrZR",
                "elements": [
                    {
                        "type": "rich_text_section",
                        "elements": [
                            {
                                "type": "text",
                                "text": "Currently in the "
                            },
                            {
                                "type": "channel",
                                "channel_id": "C192T0Q1E"
                            },
                            {
                                "type": "text",
                                "text": " channel but am also looking for a 1:1 kind of mentorship to fast track what I can learn"
                            }
                        ]
                    }
                ]
            }
        ],
        "thread_ts": "1493257757.693327",
        "parent_user_id": "U2GC5TE7K",
        "reactions": [
            {
                "name": "+1",
                "users": [
                    "U1UC2AH52"
                ],
                "count": 1
            }
        ]
    },
    {
        "type": "message",
        "text": "<@U2GC5TE7K> i might be able to help you out. i’m fairly new to Elm as well, but I’ve written a full single page web application with routing, subscriptions, http, etc.",
        "user": "U3HQVHERX",
        "ts": "1493258988.822065",
        "team": "T0CJ5UNHK",
        "user_team": "T0CJ5UNHK",
        "source_team": "T0CJ5UNHK",
        "user_profile": {
            "avatar_hash": "fcfcb9e7a441",
            "image_72": "https:\/\/avatars.slack-edge.com\/2018-04-02\/339400370192_fcfcb9e7a441c6777185_72.jpg",
            "first_name": "Nate",
            "real_name": "Nate Nichols",
            "display_name": "nqthqn",
            "team": "T0CJ5UNHK",
            "name": "nqthqn",
            "is_restricted": false,
            "is_ultra_restricted": false
        },
        "blocks": [
            {
                "type": "rich_text",
                "block_id": "n9NyW",
                "elements": [
                    {
                        "type": "rich_text_section",
                        "elements": [
                            {
                                "type": "user",
                                "user_id": "U2GC5TE7K"
                            },
                            {
                                "type": "text",
                                "text": " i might be able to help you out. i’m fairly new to Elm as well, but I’ve written a full single page web application with routing, subscriptions, http, etc."
                            }
                        ]
                    }
                ]
            }
        ],
        "thread_ts": "1493257757.693327",
        "parent_user_id": "U2GC5TE7K",
        "reactions": [
            {
                "name": "+1",
                "users": [
                    "U0JM2UDCG"
                ],
                "count": 1
            }
        ]
    },
    {
        "type": "message",
        "text": "Will PM you :slightly_smiling_face:",
        "user": "U2GC5TE7K",
        "ts": "1493259013.824604",
        "team": "T0CJ5UNHK",
        "user_team": "T0CJ5UNHK",
        "source_team": "T0CJ5UNHK",
        "user_profile": {
            "avatar_hash": "gfc19876a76f",
            "image_72": "https:\/\/secure.gravatar.com\/avatar\/afc19876a76fb3a9d507352d6d3e4cce.jpg?s=72&d=https%3A%2F%2Fa.slack-edge.com%2Fdf10d%2Fimg%2Favatars%2Fava_0001-72.png",
            "first_name": "Christian",
            "real_name": "Christian Fazzini",
            "display_name": "foopub",
            "team": "T0CJ5UNHK",
            "name": "foopub",
            "is_restricted": false,
            "is_ultra_restricted": false
        },
        "blocks": [
            {
                "type": "rich_text",
                "block_id": "u4hd",
                "elements": [
                    {
                        "type": "rich_text_section",
                        "elements": [
                            {
                                "type": "text",
                                "text": "Will PM you "
                            },
                            {
                                "type": "emoji",
                                "name": "slightly_smiling_face",
                                "unicode": "1f642"
                            }
                        ]
                    }
                ]
            }
        ],
        "thread_ts": "1493257757.693327",
        "parent_user_id": "U2GC5TE7K"
    },
    {
        "type": "message",
        "text": "there is also a <#C2Z15SHKQ|pairing> channel - though not much activity in there recently",
        "user": "U2U94G0QG",
        "ts": "1493267241.593884",
        "team": "T0CJ5UNHK",
        "user_team": "T0CJ5UNHK",
        "source_team": "T0CJ5UNHK",
        "user_profile": {
            "avatar_hash": "g248df4e1a77",
            "image_72": "https:\/\/secure.gravatar.com\/avatar\/8248df4e1a7786a9e9144d2f07a9b6bd.jpg?s=72&d=https%3A%2F%2Fa.slack-edge.com%2Fdf10d%2Fimg%2Favatars%2Fava_0026-72.png",
            "first_name": "Micah",
            "real_name": "Micah Hawkins",
            "display_name": "micah",
            "team": "T0CJ5UNHK",
            "name": "micah",
            "is_restricted": false,
            "is_ultra_restricted": false
        },
        "blocks": [
            {
                "type": "rich_text",
                "block_id": "SR9",
                "elements": [
                    {
                        "type": "rich_text_section",
                        "elements": [
                            {
                                "type": "text",
                                "text": "there is also a "
                            },
                            {
                                "type": "channel",
                                "channel_id": "C2Z15SHKQ"
                            },
                            {
                                "type": "text",
                                "text": " channel - though not much activity in there recently"
                            }
                        ]
                    }
                ]
            }
        ],
        "thread_ts": "1493257757.693327",
        "parent_user_id": "U2GC5TE7K"
    }
]