[
    {
        "type": "message",
        "subtype": "channel_join",
        "ts": "1485194594.000215",
        "user": "U1UHKJUHZ",
        "text": "<@U1UHKJUHZ> has joined the channel"
    },
    {
        "type": "message",
        "subtype": "channel_join",
        "ts": "1485198489.000216",
        "user": "U3JLSFQDN",
        "text": "<@U3JLSFQDN> has joined the channel"
    },
    {
        "type": "message",
        "subtype": "channel_join",
        "ts": "1485199682.000217",
        "user": "U0FP80EKB",
        "text": "<@U0FP80EKB> has joined the channel"
    },
    {
        "type": "message",
        "subtype": "channel_leave",
        "ts": "1485199705.000218",
        "user": "U0FP80EKB",
        "text": "<@U0FP80EKB> has left the channel"
    }
]