[
    {
        "type": "message",
        "text": "Hi <@U0Z9TPK7S> thanks for posting the job offer!\n\nIf you edit it to follow this format <https:\/\/github.com\/elm-community\/slack\/blob\/master\/README.md#jobs> the job offer will be pinned so it is not lost in the slack history",
        "user": "U1P6FFJ64",
        "ts": "1503488375.000272",
        "team": "T0CJ5UNHK",
        "user_team": "T0CJ5UNHK",
        "source_team": "T0CJ5UNHK",
        "user_profile": {
            "avatar_hash": "gfd1f7853b42",
            "image_72": "https:\/\/secure.gravatar.com\/avatar\/afd1f7853b42a19a7a3fdd603341ed87.jpg?s=72&d=https%3A%2F%2Fa.slack-edge.com%2Fdf10d%2Fimg%2Favatars%2Fava_0007-72.png",
            "first_name": "David",
            "real_name": "David Hernández",
            "display_name": "david_hernandez",
            "team": "T0CJ5UNHK",
            "name": "david_hernandez",
            "is_restricted": false,
            "is_ultra_restricted": false
        },
        "blocks": [
            {
                "type": "rich_text",
                "block_id": "zvdR",
                "elements": [
                    {
                        "type": "rich_text_section",
                        "elements": [
                            {
                                "type": "text",
                                "text": "Hi "
                            },
                            {
                                "type": "user",
                                "user_id": "U0Z9TPK7S"
                            },
                            {
                                "type": "text",
                                "text": " thanks for posting the job offer!\n\nIf you edit it to follow this format "
                            },
                            {
                                "type": "link",
                                "url": "https:\/\/github.com\/elm-community\/slack\/blob\/master\/README.md#jobs"
                            },
                            {
                                "type": "text",
                                "text": " the job offer will be pinned so it is not lost in the slack history"
                            }
                        ]
                    }
                ]
            }
        ],
        "reactions": [
            {
                "name": "100",
                "users": [
                    "U3SJEDR96",
                    "U0F5SH6UQ"
                ],
                "count": 2
            }
        ]
    },
    {
        "type": "message",
        "text": "<@U1P6FFJ64> sure, thanks!",
        "user": "U0Z9TPK7S",
        "ts": "1503488451.000137",
        "team": "T0CJ5UNHK",
        "user_team": "T0CJ5UNHK",
        "source_team": "T0CJ5UNHK",
        "user_profile": {
            "avatar_hash": "3c6f1cb62fa2",
            "image_72": "https:\/\/avatars.slack-edge.com\/2016-10-05\/87337716563_3c6f1cb62fa2027fcbba_72.png",
            "first_name": "Francesco",
            "real_name": "Francesco Orsenigo",
            "display_name": "xarvh",
            "team": "T0CJ5UNHK",
            "name": "xarvh",
            "is_restricted": false,
            "is_ultra_restricted": false
        },
        "blocks": [
            {
                "type": "rich_text",
                "block_id": "zT7x",
                "elements": [
                    {
                        "type": "rich_text_section",
                        "elements": [
                            {
                                "type": "user",
                                "user_id": "U1P6FFJ64"
                            },
                            {
                                "type": "text",
                                "text": " sure, thanks!"
                            }
                        ]
                    }
                ]
            }
        ],
        "reactions": [
            {
                "name": "+1",
                "users": [
                    "U1P6FFJ64",
                    "U0F5SH6UQ"
                ],
                "count": 2
            }
        ]
    },
    {
        "type": "message",
        "subtype": "pinned_item",
        "text": "",
        "user": "U0EUHKVGB",
        "item_type": "C",
        "ts": "1503488683.000135"
    },
    {
        "type": "message",
        "subtype": "channel_join",
        "ts": "1503493401.000086",
        "user": "U6QLV8205",
        "text": "<@U6QLV8205> has joined the channel"
    },
    {
        "type": "message",
        "text": "Ehhh <@U6QLV8205> we kinda have a \"no recruiters\" rule",
        "user": "U0EUHKVGB",
        "ts": "1503493906.000024",
        "team": "T0CJ5UNHK",
        "user_team": "T0CJ5UNHK",
        "source_team": "T0CJ5UNHK",
        "user_profile": {
            "avatar_hash": "gc10c2d32882",
            "image_72": "https:\/\/secure.gravatar.com\/avatar\/9c10c2d328820b42f7624edcc76d4157.jpg?s=72&d=https%3A%2F%2Fa.slack-edge.com%2Fdf10d%2Fimg%2Favatars%2Fava_0015-72.png",
            "first_name": "eeue56",
            "real_name": "eeue56",
            "display_name": "eeue56",
            "team": "T0CJ5UNHK",
            "name": "eeue56",
            "is_restricted": false,
            "is_ultra_restricted": false
        },
        "blocks": [
            {
                "type": "rich_text",
                "block_id": "Ud08m",
                "elements": [
                    {
                        "type": "rich_text_section",
                        "elements": [
                            {
                                "type": "text",
                                "text": "Ehhh "
                            },
                            {
                                "type": "user",
                                "user_id": "U6QLV8205"
                            },
                            {
                                "type": "text",
                                "text": " we kinda have a \"no recruiters\" rule"
                            }
                        ]
                    }
                ]
            }
        ]
    },
    {
        "type": "message",
        "text": "You can post in <#C0CJ671HU|random>, but not in this channel",
        "user": "U0EUHKVGB",
        "ts": "1503493921.000370",
        "team": "T0CJ5UNHK",
        "user_team": "T0CJ5UNHK",
        "source_team": "T0CJ5UNHK",
        "user_profile": {
            "avatar_hash": "gc10c2d32882",
            "image_72": "https:\/\/secure.gravatar.com\/avatar\/9c10c2d328820b42f7624edcc76d4157.jpg?s=72&d=https%3A%2F%2Fa.slack-edge.com%2Fdf10d%2Fimg%2Favatars%2Fava_0015-72.png",
            "first_name": "eeue56",
            "real_name": "eeue56",
            "display_name": "eeue56",
            "team": "T0CJ5UNHK",
            "name": "eeue56",
            "is_restricted": false,
            "is_ultra_restricted": false
        },
        "blocks": [
            {
                "type": "rich_text",
                "block_id": "NdYw5",
                "elements": [
                    {
                        "type": "rich_text_section",
                        "elements": [
                            {
                                "type": "text",
                                "text": "You can post in "
                            },
                            {
                                "type": "channel",
                                "channel_id": "C0CJ671HU"
                            },
                            {
                                "type": "text",
                                "text": ", but not in this channel"
                            }
                        ]
                    }
                ]
            }
        ]
    },
    {
        "type": "message",
        "text": "I think someone posted for \"honeypot\" before, and we left it in the channel.",
        "user": "U18UD6T3J",
        "ts": "1503493946.000099",
        "team": "T0CJ5UNHK",
        "user_team": "T0CJ5UNHK",
        "source_team": "T0CJ5UNHK",
        "user_profile": {
            "avatar_hash": "4001e884a1a2",
            "image_72": "https:\/\/avatars.slack-edge.com\/2016-05-14\/42960254454_4001e884a1a2b23d23b3_72.jpg",
            "first_name": "Antonis",
            "real_name": "Antonis Karamitros",
            "display_name": "antonis",
            "team": "T0CJ5UNHK",
            "name": "antonis",
            "is_restricted": false,
            "is_ultra_restricted": false
        },
        "blocks": [
            {
                "type": "rich_text",
                "block_id": "iC3Zz",
                "elements": [
                    {
                        "type": "rich_text_section",
                        "elements": [
                            {
                                "type": "text",
                                "text": "I think someone posted for \"honeypot\" before, and we left it in the channel."
                            }
                        ]
                    }
                ]
            }
        ]
    },
    {
        "type": "message",
        "text": "Yeah. But this post is a little more spammy.",
        "user": "U0EUHKVGB",
        "ts": "1503494038.000241",
        "team": "T0CJ5UNHK",
        "user_team": "T0CJ5UNHK",
        "source_team": "T0CJ5UNHK",
        "user_profile": {
            "avatar_hash": "gc10c2d32882",
            "image_72": "https:\/\/secure.gravatar.com\/avatar\/9c10c2d328820b42f7624edcc76d4157.jpg?s=72&d=https%3A%2F%2Fa.slack-edge.com%2Fdf10d%2Fimg%2Favatars%2Fava_0015-72.png",
            "first_name": "eeue56",
            "real_name": "eeue56",
            "display_name": "eeue56",
            "team": "T0CJ5UNHK",
            "name": "eeue56",
            "is_restricted": false,
            "is_ultra_restricted": false
        },
        "blocks": [
            {
                "type": "rich_text",
                "block_id": "3sD",
                "elements": [
                    {
                        "type": "rich_text_section",
                        "elements": [
                            {
                                "type": "text",
                                "text": "Yeah. But this post is a little more spammy."
                            }
                        ]
                    }
                ]
            }
        ]
    },
    {
        "type": "message",
        "text": "no I agree. just saying I remember the name. It was a similar \"spammy\" one, try to find it.",
        "user": "U18UD6T3J",
        "ts": "1503494067.000247",
        "team": "T0CJ5UNHK",
        "user_team": "T0CJ5UNHK",
        "source_team": "T0CJ5UNHK",
        "user_profile": {
            "avatar_hash": "4001e884a1a2",
            "image_72": "https:\/\/avatars.slack-edge.com\/2016-05-14\/42960254454_4001e884a1a2b23d23b3_72.jpg",
            "first_name": "Antonis",
            "real_name": "Antonis Karamitros",
            "display_name": "antonis",
            "team": "T0CJ5UNHK",
            "name": "antonis",
            "is_restricted": false,
            "is_ultra_restricted": false
        },
        "blocks": [
            {
                "type": "rich_text",
                "block_id": "SYk2",
                "elements": [
                    {
                        "type": "rich_text_section",
                        "elements": [
                            {
                                "type": "text",
                                "text": "no I agree. just saying I remember the name. It was a similar \"spammy\" one, try to find it."
                            }
                        ]
                    }
                ]
            }
        ]
    },
    {
        "type": "message",
        "text": "I remember the one :slightly_smiling_face:",
        "user": "U0EUHKVGB",
        "ts": "1503494083.000178",
        "team": "T0CJ5UNHK",
        "user_team": "T0CJ5UNHK",
        "source_team": "T0CJ5UNHK",
        "user_profile": {
            "avatar_hash": "gc10c2d32882",
            "image_72": "https:\/\/secure.gravatar.com\/avatar\/9c10c2d328820b42f7624edcc76d4157.jpg?s=72&d=https%3A%2F%2Fa.slack-edge.com%2Fdf10d%2Fimg%2Favatars%2Fava_0015-72.png",
            "first_name": "eeue56",
            "real_name": "eeue56",
            "display_name": "eeue56",
            "team": "T0CJ5UNHK",
            "name": "eeue56",
            "is_restricted": false,
            "is_ultra_restricted": false
        },
        "blocks": [
            {
                "type": "rich_text",
                "block_id": "4iWP2",
                "elements": [
                    {
                        "type": "rich_text_section",
                        "elements": [
                            {
                                "type": "text",
                                "text": "I remember the one "
                            },
                            {
                                "type": "emoji",
                                "name": "slightly_smiling_face",
                                "unicode": "1f642"
                            }
                        ]
                    }
                ]
            }
        ]
    },
    {
        "type": "message",
        "text": "ah ok",
        "user": "U18UD6T3J",
        "ts": "1503494087.000250",
        "team": "T0CJ5UNHK",
        "user_team": "T0CJ5UNHK",
        "source_team": "T0CJ5UNHK",
        "user_profile": {
            "avatar_hash": "4001e884a1a2",
            "image_72": "https:\/\/avatars.slack-edge.com\/2016-05-14\/42960254454_4001e884a1a2b23d23b3_72.jpg",
            "first_name": "Antonis",
            "real_name": "Antonis Karamitros",
            "display_name": "antonis",
            "team": "T0CJ5UNHK",
            "name": "antonis",
            "is_restricted": false,
            "is_ultra_restricted": false
        },
        "blocks": [
            {
                "type": "rich_text",
                "block_id": "t9fTH",
                "elements": [
                    {
                        "type": "rich_text_section",
                        "elements": [
                            {
                                "type": "text",
                                "text": "ah ok"
                            }
                        ]
                    }
                ]
            }
        ]
    },
    {
        "type": "message",
        "text": "So <@U6QLV8205> what I'm going to do is delete this post, but feel free to post in <#C0CJ671HU|random>. I'd like this channel to be direct employer-to-employees as close as possible, at least.",
        "user": "U0EUHKVGB",
        "ts": "1503494215.000203",
        "team": "T0CJ5UNHK",
        "user_team": "T0CJ5UNHK",
        "source_team": "T0CJ5UNHK",
        "user_profile": {
            "avatar_hash": "gc10c2d32882",
            "image_72": "https:\/\/secure.gravatar.com\/avatar\/9c10c2d328820b42f7624edcc76d4157.jpg?s=72&d=https%3A%2F%2Fa.slack-edge.com%2Fdf10d%2Fimg%2Favatars%2Fava_0015-72.png",
            "first_name": "eeue56",
            "real_name": "eeue56",
            "display_name": "eeue56",
            "team": "T0CJ5UNHK",
            "name": "eeue56",
            "is_restricted": false,
            "is_ultra_restricted": false
        },
        "blocks": [
            {
                "type": "rich_text",
                "block_id": "McV",
                "elements": [
                    {
                        "type": "rich_text_section",
                        "elements": [
                            {
                                "type": "text",
                                "text": "So "
                            },
                            {
                                "type": "user",
                                "user_id": "U6QLV8205"
                            },
                            {
                                "type": "text",
                                "text": " what I'm going to do is delete this post, but feel free to post in "
                            },
                            {
                                "type": "channel",
                                "channel_id": "C0CJ671HU"
                            },
                            {
                                "type": "text",
                                "text": ". I'd like this channel to be direct employer-to-employees as close as possible, at least."
                            }
                        ]
                    }
                ]
            }
        ],
        "reactions": [
            {
                "name": "+1",
                "users": [
                    "U17TXDBJR",
                    "U1KES8JGK",
                    "U0KD3QGTV"
                ],
                "count": 3
            }
        ]
    },
    {
        "type": "message",
        "text": "Hi <@U0EUHKVGB> that sounds fine. My bad for posting in the wrong channel - will post in the <#C0CJ671HU|random> channel from now on",
        "user": "U6QLV8205",
        "ts": "1503495226.000191",
        "team": "T0CJ5UNHK",
        "user_team": "T0CJ5UNHK",
        "source_team": "T0CJ5UNHK",
        "user_profile": {
            "avatar_hash": "g5cd7d2888ea",
            "image_72": "https:\/\/secure.gravatar.com\/avatar\/f5cd7d2888eab4ea5373919bbbdbba2e.jpg?s=72&d=https%3A%2F%2Fa.slack-edge.com%2Fdf10d%2Fimg%2Favatars%2Fava_0009-72.png",
            "first_name": "Hunter",
            "real_name": "Hunter Wright",
            "display_name": "hwright",
            "team": "T0CJ5UNHK",
            "name": "hwright",
            "is_restricted": false,
            "is_ultra_restricted": false
        },
        "blocks": [
            {
                "type": "rich_text",
                "block_id": "wt=+",
                "elements": [
                    {
                        "type": "rich_text_section",
                        "elements": [
                            {
                                "type": "text",
                                "text": "Hi "
                            },
                            {
                                "type": "user",
                                "user_id": "U0EUHKVGB"
                            },
                            {
                                "type": "text",
                                "text": " that sounds fine. My bad for posting in the wrong channel - will post in the "
                            },
                            {
                                "type": "channel",
                                "channel_id": "C0CJ671HU"
                            },
                            {
                                "type": "text",
                                "text": " channel from now on"
                            }
                        ]
                    }
                ]
            }
        ],
        "reactions": [
            {
                "name": "+1",
                "users": [
                    "U0EUHKVGB",
                    "U18UD6T3J"
                ],
                "count": 2
            }
        ]
    },
    {
        "type": "message",
        "text": "Thanks for understanding!",
        "user": "U0EUHKVGB",
        "ts": "1503495259.000071",
        "team": "T0CJ5UNHK",
        "user_team": "T0CJ5UNHK",
        "source_team": "T0CJ5UNHK",
        "user_profile": {
            "avatar_hash": "gc10c2d32882",
            "image_72": "https:\/\/secure.gravatar.com\/avatar\/9c10c2d328820b42f7624edcc76d4157.jpg?s=72&d=https%3A%2F%2Fa.slack-edge.com%2Fdf10d%2Fimg%2Favatars%2Fava_0015-72.png",
            "first_name": "eeue56",
            "real_name": "eeue56",
            "display_name": "eeue56",
            "team": "T0CJ5UNHK",
            "name": "eeue56",
            "is_restricted": false,
            "is_ultra_restricted": false
        },
        "blocks": [
            {
                "type": "rich_text",
                "block_id": "E3m",
                "elements": [
                    {
                        "type": "rich_text_section",
                        "elements": [
                            {
                                "type": "text",
                                "text": "Thanks for understanding!"
                            }
                        ]
                    }
                ]
            }
        ],
        "reactions": [
            {
                "name": "heart",
                "users": [
                    "U0KD3QGTV"
                ],
                "count": 1
            }
        ]
    }
]