[
    {
        "type": "message",
        "subtype": "channel_join",
        "ts": "1505204354.000139",
        "user": "U6ASZU4EB",
        "text": "<@U6ASZU4EB> has joined the channel"
    },
    {
        "type": "message",
        "text": "| Insurello | Stockholm (onsite) | Full-stack Engineer\n\nWe've built a service that finds and drives claims for injured people. We've been operational for a year and won numerous prices, as well as receiving our first seed round investment. We're now looking for engineers to help build the next generation of our platform. Our stack consists of NodeJs, TypeScript, Elm and AWS. We're a team of six - and whoever we'll recruit will receive stock options, a competitive salary and work very close with the CTO\/CEO with product development. Basic knowledge of Swedish is a requirement. \n\nThanks!",
        "user": "U6ASZU4EB",
        "ts": "1505205027.000189",
        "team": "T0CJ5UNHK",
        "user_team": "T0CJ5UNHK",
        "source_team": "T0CJ5UNHK",
        "user_profile": {
            "avatar_hash": "g0ee3cf36770",
            "image_72": "https:\/\/secure.gravatar.com\/avatar\/c0ee3cf36770856f3a1bf7ce13c3ea15.jpg?s=72&d=https%3A%2F%2Fa.slack-edge.com%2Fdf10d%2Fimg%2Favatars%2Fava_0012-72.png",
            "first_name": "nima",
            "real_name": "nima b",
            "display_name": "nimanimanima",
            "team": "T0CJ5UNHK",
            "name": "nimanimanima",
            "is_restricted": false,
            "is_ultra_restricted": false
        },
        "blocks": [
            {
                "type": "rich_text",
                "block_id": "LsOo",
                "elements": [
                    {
                        "type": "rich_text_section",
                        "elements": [
                            {
                                "type": "text",
                                "text": "| Insurello | Stockholm (onsite) | Full-stack Engineer\n\nWe've built a service that finds and drives claims for injured people. We've been operational for a year and won numerous prices, as well as receiving our first seed round investment. We're now looking for engineers to help build the next generation of our platform. Our stack consists of NodeJs, TypeScript, Elm and AWS. We're a team of six - and whoever we'll recruit will receive stock options, a competitive salary and work very close with the CTO\/CEO with product development. Basic knowledge of Swedish is a requirement. \n\nThanks!"
                            }
                        ]
                    }
                ]
            }
        ]
    },
    {
        "type": "message",
        "subtype": "pinned_item",
        "text": "<@U3SJEDR96> pinned a message to this channel.",
        "user": "U3SJEDR96",
        "item_type": "C",
        "attachments": [
            {
                "fallback": "[September 12th, 2017 1:30 AM] nimanimanima: | Insurello | Stockholm (onsite) | Full-stack Engineer\n\nWe've built a service that finds and drives claims for injured people. We've been operational for a year and won numerous prices, as well as receiving our first seed round investment. We're now looking for engineers to help build the next generation of our platform. Our stack consists of NodeJs, TypeScript, Elm and AWS. We're a team of six - and whoever we'll recruit will receive stock options, a competitive salary and work very close with the CTO\/CEO with product development. Basic knowledge of Swedish is a requirement. \n\nThanks!",
                "ts": "1505205027.000189",
                "author_id": "U6ASZU4EB",
                "author_subname": "nima b",
                "channel_id": "C0LUAGWRK",
                "channel_team": "T0CJ5UNHK",
                "channel_name": "jobs",
                "is_msg_unfurl": true,
                "text": "| Insurello | Stockholm (onsite) | Full-stack Engineer\n\nWe've built a service that finds and drives claims for injured people. We've been operational for a year and won numerous prices, as well as receiving our first seed round investment. We're now looking for engineers to help build the next generation of our platform. Our stack consists of NodeJs, TypeScript, Elm and AWS. We're a team of six - and whoever we'll recruit will receive stock options, a competitive salary and work very close with the CTO\/CEO with product development. Basic knowledge of Swedish is a requirement. \n\nThanks!",
                "message_blocks": [
                    {
                        "team": "T0CJ5UNHK",
                        "channel": "C0LUAGWRK",
                        "ts": "1505205027.000189",
                        "message": {
                            "blocks": [
                                {
                                    "type": "rich_text",
                                    "block_id": "87Wb",
                                    "elements": [
                                        {
                                            "type": "rich_text_section",
                                            "elements": [
                                                {
                                                    "type": "text",
                                                    "text": "| Insurello | Stockholm (onsite) | Full-stack Engineer\n\nWe've built a service that finds and drives claims for injured people. We've been operational for a year and won numerous prices, as well as receiving our first seed round investment. We're now looking for engineers to help build the next generation of our platform. Our stack consists of NodeJs, TypeScript, Elm and AWS. We're a team of six - and whoever we'll recruit will receive stock options, a competitive salary and work very close with the CTO\/CEO with product development. Basic knowledge of Swedish is a requirement. \n\nThanks!"
                                                }
                                            ]
                                        }
                                    ]
                                }
                            ]
                        }
                    }
                ],
                "author_name": "nima b",
                "author_link": "https:\/\/elmlang.slack.com\/team\/U6ASZU4EB",
                "author_icon": "https:\/\/secure.gravatar.com\/avatar\/c0ee3cf36770856f3a1bf7ce13c3ea15.jpg?s=48&d=https%3A%2F%2Fa.slack-edge.com%2Fdf10d%2Fimg%2Favatars%2Fava_0012-48.png",
                "mrkdwn_in": [
                    "text"
                ],
                "from_hidden_wksp": false
            }
        ],
        "ts": "1505205242.000236"
    },
    {
        "type": "message",
        "text": "<@U6QLV8205> I've told you previously that you cannot post in our <#C0LUAGWRK|jobs> channel",
        "user": "U0EUHKVGB",
        "ts": "1505207583.000249",
        "team": "T0CJ5UNHK",
        "user_team": "T0CJ5UNHK",
        "source_team": "T0CJ5UNHK",
        "user_profile": {
            "avatar_hash": "gc10c2d32882",
            "image_72": "https:\/\/secure.gravatar.com\/avatar\/9c10c2d328820b42f7624edcc76d4157.jpg?s=72&d=https%3A%2F%2Fa.slack-edge.com%2Fdf10d%2Fimg%2Favatars%2Fava_0015-72.png",
            "first_name": "eeue56",
            "real_name": "eeue56",
            "display_name": "eeue56",
            "team": "T0CJ5UNHK",
            "name": "eeue56",
            "is_restricted": false,
            "is_ultra_restricted": false
        },
        "blocks": [
            {
                "type": "rich_text",
                "block_id": "Wjqe",
                "elements": [
                    {
                        "type": "rich_text_section",
                        "elements": [
                            {
                                "type": "user",
                                "user_id": "U6QLV8205"
                            },
                            {
                                "type": "text",
                                "text": " I've told you previously that you cannot post in our "
                            },
                            {
                                "type": "channel",
                                "channel_id": "C0LUAGWRK"
                            },
                            {
                                "type": "text",
                                "text": " channel"
                            }
                        ]
                    }
                ]
            }
        ]
    },
    {
        "type": "message",
        "text": "<@U6QLV8205> you regularly post that here =\/",
        "user": "U0U6ML22H",
        "ts": "1505207585.000259",
        "team": "T0CJ5UNHK",
        "user_team": "T0CJ5UNHK",
        "source_team": "T0CJ5UNHK",
        "user_profile": {
            "avatar_hash": "334f65bb1565",
            "image_72": "https:\/\/avatars.slack-edge.com\/2020-12-07\/1578968688208_334f65bb156586411238_72.jpg",
            "first_name": "Augustin",
            "real_name": "Augustin Ragon",
            "display_name": "Augustin",
            "team": "T0CJ5UNHK",
            "name": "augustin82",
            "is_restricted": false,
            "is_ultra_restricted": false
        },
        "blocks": [
            {
                "type": "rich_text",
                "block_id": "NFiG",
                "elements": [
                    {
                        "type": "rich_text_section",
                        "elements": [
                            {
                                "type": "user",
                                "user_id": "U6QLV8205"
                            },
                            {
                                "type": "text",
                                "text": " you regularly post that here =\/"
                            }
                        ]
                    }
                ]
            }
        ],
        "thread_ts": "1505207585.000259",
        "reply_count": 2,
        "reply_users_count": 1,
        "latest_reply": "1505208559.000435",
        "reply_users": [
            "U6QLV8205"
        ],
        "replies": [
            {
                "user": "U6QLV8205",
                "ts": "1505208536.000136"
            },
            {
                "user": "U6QLV8205",
                "ts": "1505208559.000435"
            }
        ],
        "is_locked": false,
        "subscribed": false
    },
    {
        "type": "message",
        "text": "please only post in <#C0CJ671HU|random> or I will have to ban you",
        "user": "U0EUHKVGB",
        "ts": "1505207600.000103",
        "team": "T0CJ5UNHK",
        "user_team": "T0CJ5UNHK",
        "source_team": "T0CJ5UNHK",
        "user_profile": {
            "avatar_hash": "gc10c2d32882",
            "image_72": "https:\/\/secure.gravatar.com\/avatar\/9c10c2d328820b42f7624edcc76d4157.jpg?s=72&d=https%3A%2F%2Fa.slack-edge.com%2Fdf10d%2Fimg%2Favatars%2Fava_0015-72.png",
            "first_name": "eeue56",
            "real_name": "eeue56",
            "display_name": "eeue56",
            "team": "T0CJ5UNHK",
            "name": "eeue56",
            "is_restricted": false,
            "is_ultra_restricted": false
        },
        "blocks": [
            {
                "type": "rich_text",
                "block_id": "EHX",
                "elements": [
                    {
                        "type": "rich_text_section",
                        "elements": [
                            {
                                "type": "text",
                                "text": "please only post in "
                            },
                            {
                                "type": "channel",
                                "channel_id": "C0CJ671HU"
                            },
                            {
                                "type": "text",
                                "text": " or I will have to ban you"
                            }
                        ]
                    }
                ]
            }
        ],
        "thread_ts": "1505207600.000103",
        "reply_count": 4,
        "reply_users_count": 1,
        "latest_reply": "1505208495.000132",
        "reply_users": [
            "U6QLV8205"
        ],
        "replies": [
            {
                "user": "U6QLV8205",
                "ts": "1505208301.000321"
            },
            {
                "user": "U6QLV8205",
                "ts": "1505208321.000166"
            },
            {
                "user": "U6QLV8205",
                "ts": "1505208480.000258"
            },
            {
                "user": "U6QLV8205",
                "ts": "1505208495.000132"
            }
        ],
        "is_locked": false,
        "subscribed": false
    },
    {
        "type": "message",
        "text": "<@U0EUHKVGB> my bad, I forgot",
        "user": "U6QLV8205",
        "ts": "1505208301.000321",
        "team": "T0CJ5UNHK",
        "user_team": "T0CJ5UNHK",
        "source_team": "T0CJ5UNHK",
        "user_profile": {
            "avatar_hash": "g5cd7d2888ea",
            "image_72": "https:\/\/secure.gravatar.com\/avatar\/f5cd7d2888eab4ea5373919bbbdbba2e.jpg?s=72&d=https%3A%2F%2Fa.slack-edge.com%2Fdf10d%2Fimg%2Favatars%2Fava_0009-72.png",
            "first_name": "Hunter",
            "real_name": "Hunter Wright",
            "display_name": "hwright",
            "team": "T0CJ5UNHK",
            "name": "hwright",
            "is_restricted": false,
            "is_ultra_restricted": false
        },
        "blocks": [
            {
                "type": "rich_text",
                "block_id": "uhSwF",
                "elements": [
                    {
                        "type": "rich_text_section",
                        "elements": [
                            {
                                "type": "user",
                                "user_id": "U0EUHKVGB"
                            },
                            {
                                "type": "text",
                                "text": " my bad, I forgot"
                            }
                        ]
                    }
                ]
            }
        ],
        "thread_ts": "1505207600.000103",
        "parent_user_id": "U0EUHKVGB"
    },
    {
        "type": "message",
        "text": "It'll be in random from now on",
        "user": "U6QLV8205",
        "ts": "1505208321.000166",
        "team": "T0CJ5UNHK",
        "user_team": "T0CJ5UNHK",
        "source_team": "T0CJ5UNHK",
        "user_profile": {
            "avatar_hash": "g5cd7d2888ea",
            "image_72": "https:\/\/secure.gravatar.com\/avatar\/f5cd7d2888eab4ea5373919bbbdbba2e.jpg?s=72&d=https%3A%2F%2Fa.slack-edge.com%2Fdf10d%2Fimg%2Favatars%2Fava_0009-72.png",
            "first_name": "Hunter",
            "real_name": "Hunter Wright",
            "display_name": "hwright",
            "team": "T0CJ5UNHK",
            "name": "hwright",
            "is_restricted": false,
            "is_ultra_restricted": false
        },
        "blocks": [
            {
                "type": "rich_text",
                "block_id": "2VNPR",
                "elements": [
                    {
                        "type": "rich_text_section",
                        "elements": [
                            {
                                "type": "text",
                                "text": "It'll be in random from now on"
                            }
                        ]
                    }
                ]
            }
        ],
        "thread_ts": "1505207600.000103",
        "parent_user_id": "U0EUHKVGB"
    },
    {
        "type": "message",
        "text": "I just posted in <#C0CJ671HU|random> some content",
        "user": "U6QLV8205",
        "ts": "1505208480.000258",
        "team": "T0CJ5UNHK",
        "user_team": "T0CJ5UNHK",
        "source_team": "T0CJ5UNHK",
        "user_profile": {
            "avatar_hash": "g5cd7d2888ea",
            "image_72": "https:\/\/secure.gravatar.com\/avatar\/f5cd7d2888eab4ea5373919bbbdbba2e.jpg?s=72&d=https%3A%2F%2Fa.slack-edge.com%2Fdf10d%2Fimg%2Favatars%2Fava_0009-72.png",
            "first_name": "Hunter",
            "real_name": "Hunter Wright",
            "display_name": "hwright",
            "team": "T0CJ5UNHK",
            "name": "hwright",
            "is_restricted": false,
            "is_ultra_restricted": false
        },
        "blocks": [
            {
                "type": "rich_text",
                "block_id": "zZOL",
                "elements": [
                    {
                        "type": "rich_text_section",
                        "elements": [
                            {
                                "type": "text",
                                "text": "I just posted in "
                            },
                            {
                                "type": "channel",
                                "channel_id": "C0CJ671HU"
                            },
                            {
                                "type": "text",
                                "text": " some content"
                            }
                        ]
                    }
                ]
            }
        ],
        "thread_ts": "1505207600.000103",
        "parent_user_id": "U0EUHKVGB"
    },
    {
        "type": "message",
        "text": "I just post in several slack channel so I forgot, my bad",
        "user": "U6QLV8205",
        "ts": "1505208495.000132",
        "team": "T0CJ5UNHK",
        "user_team": "T0CJ5UNHK",
        "source_team": "T0CJ5UNHK",
        "user_profile": {
            "avatar_hash": "g5cd7d2888ea",
            "image_72": "https:\/\/secure.gravatar.com\/avatar\/f5cd7d2888eab4ea5373919bbbdbba2e.jpg?s=72&d=https%3A%2F%2Fa.slack-edge.com%2Fdf10d%2Fimg%2Favatars%2Fava_0009-72.png",
            "first_name": "Hunter",
            "real_name": "Hunter Wright",
            "display_name": "hwright",
            "team": "T0CJ5UNHK",
            "name": "hwright",
            "is_restricted": false,
            "is_ultra_restricted": false
        },
        "blocks": [
            {
                "type": "rich_text",
                "block_id": "qQaJ9",
                "elements": [
                    {
                        "type": "rich_text_section",
                        "elements": [
                            {
                                "type": "text",
                                "text": "I just post in several slack channel so I forgot, my bad"
                            }
                        ]
                    }
                ]
            }
        ],
        "thread_ts": "1505207600.000103",
        "parent_user_id": "U0EUHKVGB"
    },
    {
        "type": "message",
        "text": "<@U0U6ML22H> I'm sorry if it's annoying. I just posted in <#C0CJ671HU|random> about a blog we wrote. With tips on non-technical and phone interviews for developers",
        "user": "U6QLV8205",
        "ts": "1505208536.000136",
        "team": "T0CJ5UNHK",
        "user_team": "T0CJ5UNHK",
        "source_team": "T0CJ5UNHK",
        "user_profile": {
            "avatar_hash": "g5cd7d2888ea",
            "image_72": "https:\/\/secure.gravatar.com\/avatar\/f5cd7d2888eab4ea5373919bbbdbba2e.jpg?s=72&d=https%3A%2F%2Fa.slack-edge.com%2Fdf10d%2Fimg%2Favatars%2Fava_0009-72.png",
            "first_name": "Hunter",
            "real_name": "Hunter Wright",
            "display_name": "hwright",
            "team": "T0CJ5UNHK",
            "name": "hwright",
            "is_restricted": false,
            "is_ultra_restricted": false
        },
        "blocks": [
            {
                "type": "rich_text",
                "block_id": "tzDpU",
                "elements": [
                    {
                        "type": "rich_text_section",
                        "elements": [
                            {
                                "type": "user",
                                "user_id": "U0U6ML22H"
                            },
                            {
                                "type": "text",
                                "text": " I'm sorry if it's annoying. I just posted in "
                            },
                            {
                                "type": "channel",
                                "channel_id": "C0CJ671HU"
                            },
                            {
                                "type": "text",
                                "text": " about a blog we wrote. With tips on non-technical and phone interviews for developers"
                            }
                        ]
                    }
                ]
            }
        ],
        "thread_ts": "1505207585.000259",
        "parent_user_id": "U0U6ML22H"
    },
    {
        "type": "message",
        "text": "I hope this will be seen as a good variation to what I post. Sorry for posting in the wrong channel...",
        "user": "U6QLV8205",
        "ts": "1505208559.000435",
        "team": "T0CJ5UNHK",
        "user_team": "T0CJ5UNHK",
        "source_team": "T0CJ5UNHK",
        "user_profile": {
            "avatar_hash": "g5cd7d2888ea",
            "image_72": "https:\/\/secure.gravatar.com\/avatar\/f5cd7d2888eab4ea5373919bbbdbba2e.jpg?s=72&d=https%3A%2F%2Fa.slack-edge.com%2Fdf10d%2Fimg%2Favatars%2Fava_0009-72.png",
            "first_name": "Hunter",
            "real_name": "Hunter Wright",
            "display_name": "hwright",
            "team": "T0CJ5UNHK",
            "name": "hwright",
            "is_restricted": false,
            "is_ultra_restricted": false
        },
        "blocks": [
            {
                "type": "rich_text",
                "block_id": "gwA",
                "elements": [
                    {
                        "type": "rich_text_section",
                        "elements": [
                            {
                                "type": "text",
                                "text": "I hope this will be seen as a good variation to what I post. Sorry for posting in the wrong channel..."
                            }
                        ]
                    }
                ]
            }
        ],
        "thread_ts": "1505207585.000259",
        "parent_user_id": "U0U6ML22H"
    },
    {
        "type": "message",
        "subtype": "channel_join",
        "ts": "1505218842.000006",
        "user": "U3QJNLMDG",
        "text": "<@U3QJNLMDG> has joined the channel"
    },
    {
        "type": "message",
        "subtype": "channel_join",
        "ts": "1505218937.000265",
        "user": "U3VNKF719",
        "text": "<@U3VNKF719> has joined the channel"
    },
    {
        "type": "message",
        "subtype": "channel_leave",
        "ts": "1505228636.000287",
        "user": "U30PGH41K",
        "text": "<@U30PGH41K> has left the channel"
    },
    {
        "type": "message",
        "text": "| Shore Gmbh | Munich Germany Onsite | Front End Engineer | Please PM me or apply directly via <https:\/\/www.shore.com\/en\/job-openings?gh_jid=97893>,  full time job. We are looking for devs with React experience and Elm enthusiasm who can help us port the second half of our code to Elm and write cool features along the way.",
        "user": "U3R7CKQRX",
        "ts": "1505229339.000048",
        "team": "T0CJ5UNHK",
        "user_team": "T0CJ5UNHK",
        "source_team": "T0CJ5UNHK",
        "user_profile": {
            "avatar_hash": "4d8253219af3",
            "image_72": "https:\/\/avatars.slack-edge.com\/2020-09-19\/1387588235617_4d8253219af3c888f92e_72.png",
            "first_name": "chris",
            "real_name": "chris p",
            "display_name": "christophp (Deedo)",
            "team": "T0CJ5UNHK",
            "name": "christophp",
            "is_restricted": false,
            "is_ultra_restricted": false
        },
        "attachments": [
            {
                "title": "Boost your career with Shore!",
                "title_link": "https:\/\/www.shore.com\/en\/job-openings?gh_jid=97893",
                "text": "Looking for an exciting new challenge? Want to be part of a young and dynamic team? Maybe Shore is the place for you.",
                "fallback": "Boost your career with Shore!",
                "from_url": "https:\/\/www.shore.com\/en\/job-openings?gh_jid=97893",
                "service_icon": "https:\/\/www.shore.com\/favicon.ico",
                "service_name": "shore.com",
                "id": 1
            }
        ],
        "blocks": [
            {
                "type": "rich_text",
                "block_id": "=XJ",
                "elements": [
                    {
                        "type": "rich_text_section",
                        "elements": [
                            {
                                "type": "text",
                                "text": "| Shore Gmbh | Munich Germany Onsite | Front End Engineer | Please PM me or apply directly via "
                            },
                            {
                                "type": "link",
                                "url": "https:\/\/www.shore.com\/en\/job-openings?gh_jid=97893"
                            },
                            {
                                "type": "text",
                                "text": ",  full time job. We are looking for devs with React experience and Elm enthusiasm who can help us port the second half of our code to Elm and write cool features along the way."
                            }
                        ]
                    }
                ]
            }
        ]
    },
    {
        "type": "message",
        "text": "^ join us at Shore! I recommend.",
        "user": "U14Q8S4EM",
        "ts": "1505230545.000512",
        "team": "T0CJ5UNHK",
        "user_team": "T0CJ5UNHK",
        "source_team": "T0CJ5UNHK",
        "user_profile": {
            "avatar_hash": "b6108a9d9671",
            "image_72": "https:\/\/avatars.slack-edge.com\/2019-03-27\/591500551878_b6108a9d9671d63abd0e_72.png",
            "first_name": "Chadtech",
            "real_name": "Chadtech Chadtech",
            "display_name": "chadtech",
            "team": "T0CJ5UNHK",
            "name": "chadtech",
            "is_restricted": false,
            "is_ultra_restricted": false
        },
        "edited": {
            "user": "U14Q8S4EM",
            "ts": "1505230562.000000"
        },
        "blocks": [
            {
                "type": "rich_text",
                "block_id": "ZgQPZ",
                "elements": [
                    {
                        "type": "rich_text_section",
                        "elements": [
                            {
                                "type": "text",
                                "text": "^ join us at Shore! I recommend."
                            }
                        ]
                    }
                ]
            }
        ],
        "thread_ts": "1505230545.000512",
        "reply_count": 1,
        "reply_users_count": 1,
        "latest_reply": "1505234961.000450",
        "reply_users": [
            "U6XC3SHM0"
        ],
        "replies": [
            {
                "user": "U6XC3SHM0",
                "ts": "1505234961.000450"
            }
        ],
        "is_locked": false,
        "subscribed": false
    },
    {
        "type": "message",
        "subtype": "pinned_item",
        "text": "<@U3SJEDR96> pinned a message to this channel.",
        "user": "U3SJEDR96",
        "item_type": "C",
        "attachments": [
            {
                "fallback": "[September 12th, 2017 8:15 AM] christophp: | Shore Gmbh | Munich Germany Onsite | Front End Engineer | Please PM me or apply directly via <https:\/\/www.shore.com\/en\/job-openings?gh_jid=97893>,  full time job. We are looking for devs with React experience and Elm enthusiasm who can help us port the second half of our code to Elm and write cool features along the way.",
                "ts": "1505229339.000048",
                "author_id": "U3R7CKQRX",
                "author_subname": "chris p",
                "channel_id": "C0LUAGWRK",
                "channel_team": "T0CJ5UNHK",
                "channel_name": "jobs",
                "is_msg_unfurl": true,
                "text": "| Shore Gmbh | Munich Germany Onsite | Front End Engineer | Please PM me or apply directly via <https:\/\/www.shore.com\/en\/job-openings?gh_jid=97893>,  full time job. We are looking for devs with React experience and Elm enthusiasm who can help us port the second half of our code to Elm and write cool features along the way.",
                "message_blocks": [
                    {
                        "team": "T0CJ5UNHK",
                        "channel": "C0LUAGWRK",
                        "ts": "1505229339.000048",
                        "message": {
                            "blocks": [
                                {
                                    "type": "rich_text",
                                    "block_id": "uLVVl",
                                    "elements": [
                                        {
                                            "type": "rich_text_section",
                                            "elements": [
                                                {
                                                    "type": "text",
                                                    "text": "| Shore Gmbh | Munich Germany Onsite | Front End Engineer | Please PM me or apply directly via "
                                                },
                                                {
                                                    "type": "link",
                                                    "url": "https:\/\/www.shore.com\/en\/job-openings?gh_jid=97893"
                                                },
                                                {
                                                    "type": "text",
                                                    "text": ",  full time job. We are looking for devs with React experience and Elm enthusiasm who can help us port the second half of our code to Elm and write cool features along the way."
                                                }
                                            ]
                                        }
                                    ]
                                }
                            ]
                        }
                    }
                ],
                "author_name": "chris p",
                "author_link": "https:\/\/elmlang.slack.com\/team\/U3R7CKQRX",
                "author_icon": "https:\/\/avatars.slack-edge.com\/2020-09-19\/1387588235617_4d8253219af3c888f92e_48.png",
                "mrkdwn_in": [
                    "text"
                ],
                "from_hidden_wksp": false
            }
        ],
        "ts": "1505230591.000483"
    },
    {
        "type": "message",
        "text": "Too bad remote is not an option :disappointed:",
        "user": "U6XC3SHM0",
        "ts": "1505234961.000450",
        "team": "T0CJ5UNHK",
        "user_team": "T0CJ5UNHK",
        "source_team": "T0CJ5UNHK",
        "user_profile": {
            "avatar_hash": "g8ed3d37a6fc",
            "image_72": "https:\/\/secure.gravatar.com\/avatar\/38ed3d37a6fc6726ef20c5e974865963.jpg?s=72&d=https%3A%2F%2Fa.slack-edge.com%2Fdf10d%2Fimg%2Favatars%2Fava_0022-72.png",
            "first_name": "Piotr",
            "real_name": "Piotr Brzeziński",
            "display_name": "peb",
            "team": "T0CJ5UNHK",
            "name": "peb",
            "is_restricted": false,
            "is_ultra_restricted": false
        },
        "blocks": [
            {
                "type": "rich_text",
                "block_id": "AOB",
                "elements": [
                    {
                        "type": "rich_text_section",
                        "elements": [
                            {
                                "type": "text",
                                "text": "Too bad remote is not an option "
                            },
                            {
                                "type": "emoji",
                                "name": "disappointed",
                                "unicode": "1f61e"
                            }
                        ]
                    }
                ]
            }
        ],
        "thread_ts": "1505230545.000512",
        "parent_user_id": "U14Q8S4EM",
        "reactions": [
            {
                "name": "point_up",
                "users": [
                    "U1PK42J06"
                ],
                "count": 1
            }
        ]
    },
    {
        "type": "message",
        "text": "Hope its ok to post this here, first Elm contract I've seen on jobserve (Its not my company, I just happen to have a search set up on jobserve that found this): <http:\/\/www.jobserve.com\/FVhmc>",
        "user": "U1X0EELG3",
        "ts": "1505238953.000346",
        "team": "T0CJ5UNHK",
        "user_team": "T0CJ5UNHK",
        "source_team": "T0CJ5UNHK",
        "user_profile": {
            "avatar_hash": "b72ba28993ae",
            "image_72": "https:\/\/avatars.slack-edge.com\/2019-01-31\/539969680374_b72ba28993ae87a3db22_72.jpg",
            "first_name": "Rupert",
            "real_name": "Rupert Smith",
            "display_name": "rupertlssmith",
            "team": "T0CJ5UNHK",
            "name": "rupertlssmith",
            "is_restricted": false,
            "is_ultra_restricted": false
        },
        "attachments": [
            {
                "title": "  Front End Developer  - London - September-08-2017 (FVhmc) ",
                "title_link": "http:\/\/www.jobserve.com\/FVhmc",
                "text": "Front End Developer London London United Kingdom (FVhmc)",
                "fallback": "  Front End Developer  - London - September-08-2017 (FVhmc) ",
                "from_url": "http:\/\/www.jobserve.com\/FVhmc",
                "service_icon": "https:\/\/www.jobserve.com\/favicon.ico",
                "service_name": "jobserve.com",
                "id": 1
            }
        ],
        "blocks": [
            {
                "type": "rich_text",
                "block_id": "yrS",
                "elements": [
                    {
                        "type": "rich_text_section",
                        "elements": [
                            {
                                "type": "text",
                                "text": "Hope its ok to post this here, first Elm contract I've seen on jobserve (Its not my company, I just happen to have a search set up on jobserve that found this): "
                            },
                            {
                                "type": "link",
                                "url": "http:\/\/www.jobserve.com\/FVhmc"
                            }
                        ]
                    }
                ]
            }
        ],
        "reactions": [
            {
                "name": "+1",
                "users": [
                    "U0F5SH6UQ",
                    "U6D3ERLA1"
                ],
                "count": 2
            }
        ]
    },
    {
        "type": "message",
        "text": "Folks, let's try to keep on topic here and keep noise-to-signal ratio good :slightly_smiling_face: <#C0CJ671HU|random> is a great channel for discussions, or threads",
        "user": "U0EUHKVGB",
        "ts": "1505240250.000217",
        "team": "T0CJ5UNHK",
        "user_team": "T0CJ5UNHK",
        "source_team": "T0CJ5UNHK",
        "user_profile": {
            "avatar_hash": "gc10c2d32882",
            "image_72": "https:\/\/secure.gravatar.com\/avatar\/9c10c2d328820b42f7624edcc76d4157.jpg?s=72&d=https%3A%2F%2Fa.slack-edge.com%2Fdf10d%2Fimg%2Favatars%2Fava_0015-72.png",
            "first_name": "eeue56",
            "real_name": "eeue56",
            "display_name": "eeue56",
            "team": "T0CJ5UNHK",
            "name": "eeue56",
            "is_restricted": false,
            "is_ultra_restricted": false
        },
        "edited": {
            "user": "U0EUHKVGB",
            "ts": "1505240263.000000"
        },
        "blocks": [
            {
                "type": "rich_text",
                "block_id": "oe\/B",
                "elements": [
                    {
                        "type": "rich_text_section",
                        "elements": [
                            {
                                "type": "text",
                                "text": "Folks, let's try to keep on topic here and keep noise-to-signal ratio good "
                            },
                            {
                                "type": "emoji",
                                "name": "slightly_smiling_face",
                                "unicode": "1f642"
                            },
                            {
                                "type": "text",
                                "text": " "
                            },
                            {
                                "type": "channel",
                                "channel_id": "C0CJ671HU"
                            },
                            {
                                "type": "text",
                                "text": " is a great channel for discussions, or threads"
                            }
                        ]
                    }
                ]
            }
        ],
        "thread_ts": "1505240250.000217",
        "reply_count": 1,
        "reply_users_count": 1,
        "latest_reply": "1505240310.000644",
        "reply_users": [
            "U6XC3SHM0"
        ],
        "replies": [
            {
                "user": "U6XC3SHM0",
                "ts": "1505240310.000644"
            }
        ],
        "is_locked": false,
        "subscribed": false,
        "reactions": [
            {
                "name": "+1",
                "users": [
                    "U6XC3SHM0"
                ],
                "count": 1
            }
        ]
    },
    {
        "type": "message",
        "text": "Sure, sorry for an offtop",
        "user": "U6XC3SHM0",
        "ts": "1505240310.000644",
        "team": "T0CJ5UNHK",
        "user_team": "T0CJ5UNHK",
        "source_team": "T0CJ5UNHK",
        "user_profile": {
            "avatar_hash": "g8ed3d37a6fc",
            "image_72": "https:\/\/secure.gravatar.com\/avatar\/38ed3d37a6fc6726ef20c5e974865963.jpg?s=72&d=https%3A%2F%2Fa.slack-edge.com%2Fdf10d%2Fimg%2Favatars%2Fava_0022-72.png",
            "first_name": "Piotr",
            "real_name": "Piotr Brzeziński",
            "display_name": "peb",
            "team": "T0CJ5UNHK",
            "name": "peb",
            "is_restricted": false,
            "is_ultra_restricted": false
        },
        "blocks": [
            {
                "type": "rich_text",
                "block_id": "PXd",
                "elements": [
                    {
                        "type": "rich_text_section",
                        "elements": [
                            {
                                "type": "text",
                                "text": "Sure, sorry for an offtop"
                            }
                        ]
                    }
                ]
            }
        ],
        "thread_ts": "1505240250.000217",
        "parent_user_id": "U0EUHKVGB"
    },
    {
        "type": "message",
        "subtype": "channel_leave",
        "ts": "1505240751.000006",
        "user": "U0NRDJQPL",
        "text": "<@U0NRDJQPL> has left the channel"
    },
    {
        "type": "message",
        "text": "*MOSAIC | Washington DC | Elm\/Elixir\/Phoenix stack*\nMosaic is a solutions provider seeking a US-based full-stack functional programmer to work on a disruptive strategic SPA. \nPrefer onsite but will consider remote. Email resume to jfontana@mosaic.buzz or DM me if interested.",
        "user": "U1BSBDZ4P",
        "ts": "1505250768.000516",
        "team": "T0CJ5UNHK",
        "user_team": "T0CJ5UNHK",
        "source_team": "T0CJ5UNHK",
        "user_profile": {
            "avatar_hash": "24e429e30ec0",
            "image_72": "https:\/\/avatars.slack-edge.com\/2017-08-31\/234668676229_24e429e30ec016f3c92a_72.jpg",
            "first_name": "Joe",
            "real_name": "Joe Fontana",
            "display_name": "fontanajg",
            "team": "T0CJ5UNHK",
            "name": "fontanajg",
            "is_restricted": false,
            "is_ultra_restricted": false
        },
        "edited": {
            "user": "U1BSBDZ4P",
            "ts": "1505251885.000000"
        },
        "blocks": [
            {
                "type": "rich_text",
                "block_id": "RuwPP",
                "elements": [
                    {
                        "type": "rich_text_section",
                        "elements": [
                            {
                                "type": "text",
                                "text": "MOSAIC | Washington DC | Elm\/Elixir\/Phoenix stack",
                                "style": {
                                    "bold": true
                                }
                            },
                            {
                                "type": "text",
                                "text": "\nMosaic is a solutions provider seeking a US-based full-stack functional programmer to work on a disruptive strategic SPA. \nPrefer onsite but will consider remote. Email resume to jfontana@mosaic.buzz or DM me if interested."
                            }
                        ]
                    }
                ]
            }
        ],
        "reactions": [
            {
                "name": "+1",
                "users": [
                    "U3P8TBT39"
                ],
                "count": 1
            }
        ]
    },
    {
        "type": "message",
        "subtype": "pinned_item",
        "text": "<@U3SJEDR96> pinned a message to this channel.",
        "user": "U3SJEDR96",
        "item_type": "C",
        "attachments": [
            {
                "fallback": "[September 12th, 2017 2:12 PM] fontanajg: *MOSAIC | Washington DC | Elm\/Elixir\/Phoenix stack*\nMosaic is a solutions provider seeking a US-based full-stack functional programmer to work on a disruptive strategic SPA. \nPrefer onsite but will consider remote. Email resume to jfontana@mosaic.buzz or DM me if interested.",
                "ts": "1505250768.000516",
                "author_id": "U1BSBDZ4P",
                "author_subname": "Joe Fontana",
                "channel_id": "C0LUAGWRK",
                "channel_team": "T0CJ5UNHK",
                "channel_name": "jobs",
                "is_msg_unfurl": true,
                "text": "*MOSAIC | Washington DC | Elm\/Elixir\/Phoenix stack*\nMosaic is a solutions provider seeking a US-based full-stack functional programmer to work on a disruptive strategic SPA. \nPrefer onsite but will consider remote. Email resume to jfontana@mosaic.buzz or DM me if interested.",
                "message_blocks": [
                    {
                        "team": "T0CJ5UNHK",
                        "channel": "C0LUAGWRK",
                        "ts": "1505250768.000516",
                        "message": {
                            "blocks": [
                                {
                                    "type": "rich_text",
                                    "block_id": "XU=B",
                                    "elements": [
                                        {
                                            "type": "rich_text_section",
                                            "elements": [
                                                {
                                                    "type": "text",
                                                    "text": "MOSAIC | Washington DC | Elm\/Elixir\/Phoenix stack",
                                                    "style": {
                                                        "bold": true
                                                    }
                                                },
                                                {
                                                    "type": "text",
                                                    "text": "\nMosaic is a solutions provider seeking a US-based full-stack functional programmer to work on a disruptive strategic SPA. \nPrefer onsite but will consider remote. Email resume to jfontana@mosaic.buzz or DM me if interested."
                                                }
                                            ]
                                        }
                                    ]
                                }
                            ]
                        }
                    }
                ],
                "author_name": "Joe Fontana",
                "author_link": "https:\/\/elmlang.slack.com\/team\/U1BSBDZ4P",
                "author_icon": "https:\/\/avatars.slack-edge.com\/2017-08-31\/234668676229_24e429e30ec016f3c92a_48.jpg",
                "mrkdwn_in": [
                    "text"
                ],
                "from_hidden_wksp": false
            }
        ],
        "ts": "1505251075.000215"
    },
    {
        "type": "message",
        "subtype": "channel_join",
        "ts": "1505263172.000105",
        "user": "U6G3XFXJS",
        "text": "<@U6G3XFXJS> has joined the channel"
    },
    {
        "type": "message",
        "subtype": "channel_join",
        "ts": "1505263263.000126",
        "user": "U723RKR8B",
        "text": "<@U723RKR8B> has joined the channel"
    }
]