[
    {
        "type": "message",
        "text": "golfingbuddha: Hey Chris, I'm happy to chat about what it might take to get your app across the finish line. <mailto:justin@lunarcollective.co|justin@lunarcollective.co>",
        "user": "U0J1M0F32",
        "ts": "1493318792.686102",
        "team": "T0CJ5UNHK",
        "user_team": "T0CJ5UNHK",
        "source_team": "T0CJ5UNHK",
        "user_profile": {
            "avatar_hash": "gf35118aa6eb",
            "image_72": "https:\/\/secure.gravatar.com\/avatar\/6f35118aa6eb70cd65ea6926997cc080.jpg?s=72&d=https%3A%2F%2Fa.slack-edge.com%2Fdf10d%2Fimg%2Favatars%2Fava_0011-72.png",
            "first_name": "Justin",
            "real_name": "Justin Herrick",
            "display_name": "justin",
            "team": "T0CJ5UNHK",
            "name": "justin",
            "is_restricted": false,
            "is_ultra_restricted": false
        },
        "blocks": [
            {
                "type": "rich_text",
                "block_id": "nnh",
                "elements": [
                    {
                        "type": "rich_text_section",
                        "elements": [
                            {
                                "type": "text",
                                "text": "golfingbuddha: Hey Chris, I'm happy to chat about what it might take to get your app across the finish line. "
                            },
                            {
                                "type": "link",
                                "url": "mailto:justin@lunarcollective.co",
                                "text": "justin@lunarcollective.co"
                            }
                        ]
                    }
                ]
            }
        ],
        "thread_ts": "1493146268.998547",
        "parent_user_id": "U1XDY566A"
    },
    {
        "type": "message",
        "subtype": "channel_join",
        "ts": "1493326262.736892",
        "user": "U4UHRPTGW",
        "text": "<@U4UHRPTGW> has joined the channel"
    }
]