[
    {
        "type": "message",
        "subtype": "channel_join",
        "ts": "1497944107.785710",
        "user": "U1F1DTTNX",
        "text": "<@U1F1DTTNX> has joined the channel"
    },
    {
        "type": "message",
        "subtype": "channel_join",
        "ts": "1497950331.317800",
        "user": "U4CMREF7Y",
        "text": "<@U4CMREF7Y> has joined the channel"
    },
    {
        "type": "message",
        "subtype": "channel_join",
        "ts": "1497950352.323212",
        "user": "U3R7CKQRX",
        "text": "<@U3R7CKQRX> has joined the channel"
    },
    {
        "type": "message",
        "text": "Hi everyone, we at Shore in Munich are looking for guys that are passionate about Elm. Our Elm codebase is increasing every day and we are hiring. If you are interested please ping me or apply directly <https:\/\/www.shore.com\/en\/jobs?gh_jid=97893>",
        "user": "U3R7CKQRX",
        "ts": "1497950397.335006",
        "team": "T0CJ5UNHK",
        "user_team": "T0CJ5UNHK",
        "source_team": "T0CJ5UNHK",
        "user_profile": {
            "avatar_hash": "4d8253219af3",
            "image_72": "https:\/\/avatars.slack-edge.com\/2020-09-19\/1387588235617_4d8253219af3c888f92e_72.png",
            "first_name": "chris",
            "real_name": "chris p",
            "display_name": "christophp (Deedo)",
            "team": "T0CJ5UNHK",
            "name": "christophp",
            "is_restricted": false,
            "is_ultra_restricted": false
        },
        "blocks": [
            {
                "type": "rich_text",
                "block_id": "Hdhf",
                "elements": [
                    {
                        "type": "rich_text_section",
                        "elements": [
                            {
                                "type": "text",
                                "text": "Hi everyone, we at Shore in Munich are looking for guys that are passionate about Elm. Our Elm codebase is increasing every day and we are hiring. If you are interested please ping me or apply directly "
                            },
                            {
                                "type": "link",
                                "url": "https:\/\/www.shore.com\/en\/jobs?gh_jid=97893"
                            }
                        ]
                    }
                ]
            }
        ]
    },
    {
        "type": "message",
        "subtype": "slackbot_response",
        "text": "Terms like _guys_ can feel like they leave people out! :scream: Let _everyone_ and all the _folks_ know you're talking to them! :hearts: :robot_face:",
        "user": "USLACKBOT",
        "ts": "1497950397.335073"
    },
    {
        "type": "message",
        "text": "Other cool things: we love FP, learn new things and have a fun-to-work-with team. :smile:",
        "user": "U3R7CKQRX",
        "ts": "1497950458.350842",
        "team": "T0CJ5UNHK",
        "user_team": "T0CJ5UNHK",
        "source_team": "T0CJ5UNHK",
        "user_profile": {
            "avatar_hash": "4d8253219af3",
            "image_72": "https:\/\/avatars.slack-edge.com\/2020-09-19\/1387588235617_4d8253219af3c888f92e_72.png",
            "first_name": "chris",
            "real_name": "chris p",
            "display_name": "christophp (Deedo)",
            "team": "T0CJ5UNHK",
            "name": "christophp",
            "is_restricted": false,
            "is_ultra_restricted": false
        },
        "blocks": [
            {
                "type": "rich_text",
                "block_id": "4Zz",
                "elements": [
                    {
                        "type": "rich_text_section",
                        "elements": [
                            {
                                "type": "text",
                                "text": "Other cool things: we love FP, learn new things and have a fun-to-work-with team. "
                            },
                            {
                                "type": "emoji",
                                "name": "smile",
                                "unicode": "1f604"
                            }
                        ]
                    }
                ]
            }
        ]
    },
    {
        "type": "message",
        "text": "Please let me know if this speaks to you.",
        "user": "U3R7CKQRX",
        "ts": "1497950467.353108",
        "team": "T0CJ5UNHK",
        "user_team": "T0CJ5UNHK",
        "source_team": "T0CJ5UNHK",
        "user_profile": {
            "avatar_hash": "4d8253219af3",
            "image_72": "https:\/\/avatars.slack-edge.com\/2020-09-19\/1387588235617_4d8253219af3c888f92e_72.png",
            "first_name": "chris",
            "real_name": "chris p",
            "display_name": "christophp (Deedo)",
            "team": "T0CJ5UNHK",
            "name": "christophp",
            "is_restricted": false,
            "is_ultra_restricted": false
        },
        "blocks": [
            {
                "type": "rich_text",
                "block_id": "ZpG",
                "elements": [
                    {
                        "type": "rich_text_section",
                        "elements": [
                            {
                                "type": "text",
                                "text": "Please let me know if this speaks to you."
                            }
                        ]
                    }
                ]
            }
        ]
    },
    {
        "type": "message",
        "text": "<@U3R7CKQRX> <https:\/\/github.com\/elm-community\/slack\/blob\/master\/README.md#jobs>\nTry to format your post as shown in the docs\nlook at the pinned posts for examples",
        "user": "U18UD6T3J",
        "ts": "1497950489.358880",
        "team": "T0CJ5UNHK",
        "user_team": "T0CJ5UNHK",
        "source_team": "T0CJ5UNHK",
        "user_profile": {
            "avatar_hash": "4001e884a1a2",
            "image_72": "https:\/\/avatars.slack-edge.com\/2016-05-14\/42960254454_4001e884a1a2b23d23b3_72.jpg",
            "first_name": "Antonis",
            "real_name": "Antonis Karamitros",
            "display_name": "antonis",
            "team": "T0CJ5UNHK",
            "name": "antonis",
            "is_restricted": false,
            "is_ultra_restricted": false
        },
        "edited": {
            "user": "U18UD6T3J",
            "ts": "1497950516.000000"
        },
        "blocks": [
            {
                "type": "rich_text",
                "block_id": "amxT0",
                "elements": [
                    {
                        "type": "rich_text_section",
                        "elements": [
                            {
                                "type": "user",
                                "user_id": "U3R7CKQRX"
                            },
                            {
                                "type": "text",
                                "text": " "
                            },
                            {
                                "type": "link",
                                "url": "https:\/\/github.com\/elm-community\/slack\/blob\/master\/README.md#jobs"
                            },
                            {
                                "type": "text",
                                "text": "\nTry to format your post as shown in the docs\nlook at the pinned posts for examples"
                            }
                        ]
                    }
                ]
            }
        ]
    },
    {
        "type": "message",
        "text": "(and heed the almighty slackbot - looking for `guys` is discouraging perfectly capable people)",
        "user": "U3SJEDR96",
        "ts": "1497950532.369631",
        "team": "T0CJ5UNHK",
        "user_team": "T0CJ5UNHK",
        "source_team": "T0CJ5UNHK",
        "user_profile": {
            "avatar_hash": "g97bab86e435",
            "image_72": "https:\/\/secure.gravatar.com\/avatar\/797bab86e4358b3919d4b0a614d2f2f3.jpg?s=72&d=https%3A%2F%2Fa.slack-edge.com%2Fdf10d%2Fimg%2Favatars%2Fava_0023-72.png",
            "first_name": "Ilias",
            "real_name": "Ilias Van Peer",
            "display_name": "ilias",
            "team": "T0CJ5UNHK",
            "name": "ilias",
            "is_restricted": false,
            "is_ultra_restricted": false
        },
        "blocks": [
            {
                "type": "rich_text",
                "block_id": "mQUs",
                "elements": [
                    {
                        "type": "rich_text_section",
                        "elements": [
                            {
                                "type": "text",
                                "text": "(and heed the almighty slackbot - looking for "
                            },
                            {
                                "type": "text",
                                "text": "guys",
                                "style": {
                                    "code": true
                                }
                            },
                            {
                                "type": "text",
                                "text": " is discouraging perfectly capable people)"
                            }
                        ]
                    }
                ]
            }
        ],
        "reactions": [
            {
                "name": "white_check_mark",
                "users": [
                    "U5GJ5FEAU",
                    "U0QR0ABP1",
                    "U0CL0AS3V",
                    "U0L8LGP9U",
                    "U17MNKY3H",
                    "U0F01KLV6"
                ],
                "count": 6
            }
        ]
    },
    {
        "type": "message",
        "subtype": "slackbot_response",
        "text": "Terms like _guys_ can feel like they leave people out! :scream: Let _everyone_ and all the _folks_ know you're talking to them! :hearts: :robot_face:",
        "user": "USLACKBOT",
        "ts": "1497950532.369673"
    },
    {
        "type": "message",
        "subtype": "channel_join",
        "ts": "1497950546.373297",
        "user": "U41NK9BM4",
        "text": "<@U41NK9BM4> has joined the channel"
    },
    {
        "type": "message",
        "text": "<@U18UD6T3J> sure",
        "user": "U3R7CKQRX",
        "ts": "1497950573.380349",
        "team": "T0CJ5UNHK",
        "user_team": "T0CJ5UNHK",
        "source_team": "T0CJ5UNHK",
        "user_profile": {
            "avatar_hash": "4d8253219af3",
            "image_72": "https:\/\/avatars.slack-edge.com\/2020-09-19\/1387588235617_4d8253219af3c888f92e_72.png",
            "first_name": "chris",
            "real_name": "chris p",
            "display_name": "christophp (Deedo)",
            "team": "T0CJ5UNHK",
            "name": "christophp",
            "is_restricted": false,
            "is_ultra_restricted": false
        },
        "blocks": [
            {
                "type": "rich_text",
                "block_id": "l4nSw",
                "elements": [
                    {
                        "type": "rich_text_section",
                        "elements": [
                            {
                                "type": "user",
                                "user_id": "U18UD6T3J"
                            },
                            {
                                "type": "text",
                                "text": " sure"
                            }
                        ]
                    }
                ]
            }
        ]
    },
    {
        "type": "message",
        "text": "| Shore | Munich, Germany in our office | Frontend Developer, Experienced in frontend development, comfortable with React, excited about Elm | Help us recharging our UI for small business solutions with Elm, put a smile on the customers face, improve the code and have a good time (<https:\/\/www.shore.com\/en\/jobs?gh_jid=97893>)",
        "user": "U3R7CKQRX",
        "ts": "1497950942.476175",
        "team": "T0CJ5UNHK",
        "user_team": "T0CJ5UNHK",
        "source_team": "T0CJ5UNHK",
        "user_profile": {
            "avatar_hash": "4d8253219af3",
            "image_72": "https:\/\/avatars.slack-edge.com\/2020-09-19\/1387588235617_4d8253219af3c888f92e_72.png",
            "first_name": "chris",
            "real_name": "chris p",
            "display_name": "christophp (Deedo)",
            "team": "T0CJ5UNHK",
            "name": "christophp",
            "is_restricted": false,
            "is_ultra_restricted": false
        },
        "blocks": [
            {
                "type": "rich_text",
                "block_id": "cEMq8",
                "elements": [
                    {
                        "type": "rich_text_section",
                        "elements": [
                            {
                                "type": "text",
                                "text": "| Shore | Munich, Germany in our office | Frontend Developer, Experienced in frontend development, comfortable with React, excited about Elm | Help us recharging our UI for small business solutions with Elm, put a smile on the customers face, improve the code and have a good time ("
                            },
                            {
                                "type": "link",
                                "url": "https:\/\/www.shore.com\/en\/jobs?gh_jid=97893"
                            },
                            {
                                "type": "text",
                                "text": ")"
                            }
                        ]
                    }
                ]
            }
        ]
    },
    {
        "type": "message",
        "subtype": "pinned_item",
        "text": "<@U3R7CKQRX> pinned a message to this channel.",
        "user": "U3R7CKQRX",
        "item_type": "C",
        "attachments": [
            {
                "fallback": "[June 20th, 2017 2:29 AM] christophp: | Shore | Munich, Germany in our office | Frontend Developer, Experienced in frontend development, comfortable with React, excited about Elm | Help us recharging our UI for small business solutions with Elm, put a smile on the customers face, improve the code and have a good time (<https:\/\/www.shore.com\/en\/jobs?gh_jid=97893>)",
                "ts": "1497950942.476175",
                "author_id": "U3R7CKQRX",
                "author_subname": "chris p",
                "channel_id": "C0LUAGWRK",
                "channel_team": "T0CJ5UNHK",
                "channel_name": "jobs",
                "is_msg_unfurl": true,
                "text": "| Shore | Munich, Germany in our office | Frontend Developer, Experienced in frontend development, comfortable with React, excited about Elm | Help us recharging our UI for small business solutions with Elm, put a smile on the customers face, improve the code and have a good time (<https:\/\/www.shore.com\/en\/jobs?gh_jid=97893>)",
                "message_blocks": [
                    {
                        "team": "T0CJ5UNHK",
                        "channel": "C0LUAGWRK",
                        "ts": "1497950942.476175",
                        "message": {
                            "blocks": [
                                {
                                    "type": "rich_text",
                                    "block_id": "FGK",
                                    "elements": [
                                        {
                                            "type": "rich_text_section",
                                            "elements": [
                                                {
                                                    "type": "text",
                                                    "text": "| Shore | Munich, Germany in our office | Frontend Developer, Experienced in frontend development, comfortable with React, excited about Elm | Help us recharging our UI for small business solutions with Elm, put a smile on the customers face, improve the code and have a good time ("
                                                },
                                                {
                                                    "type": "link",
                                                    "url": "https:\/\/www.shore.com\/en\/jobs?gh_jid=97893"
                                                },
                                                {
                                                    "type": "text",
                                                    "text": ")"
                                                }
                                            ]
                                        }
                                    ]
                                }
                            ]
                        }
                    }
                ],
                "author_name": "chris p",
                "author_link": "https:\/\/elmlang.slack.com\/team\/U3R7CKQRX",
                "author_icon": "https:\/\/avatars.slack-edge.com\/2020-09-19\/1387588235617_4d8253219af3c888f92e_48.png",
                "mrkdwn_in": [
                    "text"
                ],
                "from_hidden_wksp": false
            }
        ],
        "ts": "1497950954.478998"
    },
    {
        "type": "message",
        "text": "<@U3SJEDR96> I never knew how much I use the word `g**s` intil I joined elm slack.",
        "user": "U3R7CKQRX",
        "ts": "1497950999.490886",
        "team": "T0CJ5UNHK",
        "user_team": "T0CJ5UNHK",
        "source_team": "T0CJ5UNHK",
        "user_profile": {
            "avatar_hash": "4d8253219af3",
            "image_72": "https:\/\/avatars.slack-edge.com\/2020-09-19\/1387588235617_4d8253219af3c888f92e_72.png",
            "first_name": "chris",
            "real_name": "chris p",
            "display_name": "christophp (Deedo)",
            "team": "T0CJ5UNHK",
            "name": "christophp",
            "is_restricted": false,
            "is_ultra_restricted": false
        },
        "blocks": [
            {
                "type": "rich_text",
                "block_id": "FqU",
                "elements": [
                    {
                        "type": "rich_text_section",
                        "elements": [
                            {
                                "type": "user",
                                "user_id": "U3SJEDR96"
                            },
                            {
                                "type": "text",
                                "text": " I never knew how much I use the word "
                            },
                            {
                                "type": "text",
                                "text": "g**s",
                                "style": {
                                    "code": true
                                }
                            },
                            {
                                "type": "text",
                                "text": " intil I joined elm slack."
                            }
                        ]
                    }
                ]
            }
        ],
        "reactions": [
            {
                "name": "+1",
                "users": [
                    "U4PT7NG4V",
                    "U0L27J3N0",
                    "U18UD6T3J",
                    "U33KGCBE3",
                    "U0J8D9M2P",
                    "U1D7SLE4Q",
                    "U0JH37GUD",
                    "U17MNKY3H",
                    "U23U8APEY",
                    "U0J1M0F32"
                ],
                "count": 10
            }
        ]
    },
    {
        "type": "message",
        "subtype": "channel_join",
        "ts": "1497951697.667852",
        "user": "U30CK5JBG",
        "text": "<@U30CK5JBG> has joined the channel"
    },
    {
        "type": "message",
        "subtype": "channel_leave",
        "ts": "1497952806.943769",
        "user": "U30CK5JBG",
        "text": "<@U30CK5JBG> has left the channel"
    },
    {
        "type": "message",
        "subtype": "channel_join",
        "ts": "1497953254.053365",
        "user": "U5GJ5FEAU",
        "text": "<@U5GJ5FEAU> has joined the channel"
    },
    {
        "type": "message",
        "text": "I created a repository to put the jobs, what you think? We can use the issues to publish the jobs, it can be easier to find oldest jobs.\n\n<https:\/\/github.com\/FidelisClayton\/elm-jobs>",
        "user": "U50P90ZCZ",
        "ts": "1497966519.419724",
        "team": "T0CJ5UNHK",
        "user_team": "T0CJ5UNHK",
        "source_team": "T0CJ5UNHK",
        "user_profile": {
            "avatar_hash": "g75ec0f6c01d",
            "image_72": "https:\/\/secure.gravatar.com\/avatar\/175ec0f6c01dc1cfda53657aa2f84354.jpg?s=72&d=https%3A%2F%2Fa.slack-edge.com%2Fdf10d%2Fimg%2Favatars%2Fava_0015-72.png",
            "first_name": "Clayton",
            "real_name": "Clayton Fidelis",
            "display_name": "fidelisclayton",
            "team": "T0CJ5UNHK",
            "name": "fidelisclayton",
            "is_restricted": false,
            "is_ultra_restricted": false
        },
        "blocks": [
            {
                "type": "rich_text",
                "block_id": "K8\/sz",
                "elements": [
                    {
                        "type": "rich_text_section",
                        "elements": [
                            {
                                "type": "text",
                                "text": "I created a repository to put the jobs, what you think? We can use the issues to publish the jobs, it can be easier to find oldest jobs.\n\n"
                            },
                            {
                                "type": "link",
                                "url": "https:\/\/github.com\/FidelisClayton\/elm-jobs"
                            }
                        ]
                    }
                ]
            }
        ],
        "reactions": [
            {
                "name": "raised_hands",
                "users": [
                    "U3T69CXU4"
                ],
                "count": 1
            },
            {
                "name": "tada",
                "users": [
                    "U3T69CXU4",
                    "U0SES5Y3T"
                ],
                "count": 2
            }
        ]
    },
    {
        "type": "message",
        "subtype": "channel_leave",
        "ts": "1497970184.917550",
        "user": "U4DSH7ECQ",
        "text": "<@U4DSH7ECQ> has left the channel"
    },
    {
        "type": "message",
        "subtype": "channel_join",
        "ts": "1497977796.971669",
        "user": "U0XL1CB9B",
        "text": "<@U0XL1CB9B> has joined the channel"
    },
    {
        "type": "message",
        "subtype": "channel_join",
        "ts": "1497990791.655429",
        "user": "U55CZT6T1",
        "text": "<@U55CZT6T1> has joined the channel"
    },
    {
        "type": "message",
        "subtype": "channel_join",
        "ts": "1498024718.093405",
        "user": "U3VNXK87M",
        "text": "<@U3VNXK87M> has joined the channel"
    }
]