[
    {
        "type": "message",
        "text": "Hi, we're hiring 2 Elm\/Elixir developers in Vancouver :flag-ca: and London :flag-gb:",
        "user": "U2V2WE98W",
        "ts": "1498473963.916179",
        "team": "T0CJ5UNHK",
        "user_team": "T0CJ5UNHK",
        "source_team": "T0CJ5UNHK",
        "user_profile": {
            "avatar_hash": "g3df7b10d270",
            "image_72": "https:\/\/secure.gravatar.com\/avatar\/b3df7b10d2705cb5de9671a3dfb076d4.jpg?s=72&d=https%3A%2F%2Fa.slack-edge.com%2Fdf10d%2Fimg%2Favatars%2Fava_0004-72.png",
            "first_name": "",
            "real_name": "evax",
            "display_name": "",
            "team": "T0CJ5UNHK",
            "name": "evax",
            "is_restricted": false,
            "is_ultra_restricted": false
        },
        "edited": {
            "user": "U2V2WE98W",
            "ts": "1498473977.000000"
        },
        "blocks": [
            {
                "type": "rich_text",
                "block_id": "6sx5Z",
                "elements": [
                    {
                        "type": "rich_text_section",
                        "elements": [
                            {
                                "type": "text",
                                "text": "Hi, we're hiring 2 Elm\/Elixir developers in Vancouver "
                            },
                            {
                                "type": "emoji",
                                "name": "flag-ca",
                                "unicode": "1f1e8-1f1e6"
                            },
                            {
                                "type": "text",
                                "text": " and London "
                            },
                            {
                                "type": "emoji",
                                "name": "flag-gb",
                                "unicode": "1f1ec-1f1e7"
                            }
                        ]
                    }
                ]
            }
        ]
    },
    {
        "type": "message",
        "text": "<https:\/\/stage3systems.bamboohr.com\/jobs\/view.php?id=5>",
        "user": "U2V2WE98W",
        "ts": "1498473988.921087",
        "team": "T0CJ5UNHK",
        "user_team": "T0CJ5UNHK",
        "source_team": "T0CJ5UNHK",
        "user_profile": {
            "avatar_hash": "g3df7b10d270",
            "image_72": "https:\/\/secure.gravatar.com\/avatar\/b3df7b10d2705cb5de9671a3dfb076d4.jpg?s=72&d=https%3A%2F%2Fa.slack-edge.com%2Fdf10d%2Fimg%2Favatars%2Fava_0004-72.png",
            "first_name": "",
            "real_name": "evax",
            "display_name": "",
            "team": "T0CJ5UNHK",
            "name": "evax",
            "is_restricted": false,
            "is_ultra_restricted": false
        },
        "attachments": [
            {
                "title": "Product Developer",
                "title_link": "https:\/\/stage3systems.bamboohr.com\/jobs\/view.php?id=5",
                "text": "Stage 3 Systems is looking for a full-time, full-stack permanent product developer with experience working on modern web software and an interest in functional programming. Our products are used by some of the largest companies in the marine shipping industry; your work will make a significant difference",
                "fallback": "Product Developer",
                "from_url": "https:\/\/stage3systems.bamboohr.com\/jobs\/view.php?id=5",
                "thumb_url": "https:\/\/eb2a096842c64b9cefe8-7619b36eff38490125cf3c1de4cac57c.ssl.cf1.rackcdn.com\/logos\/cropped.jpg?v=6",
                "thumb_width": 50,
                "thumb_height": 50,
                "service_icon": "https:\/\/stage3systems.bamboohr.com\/favicon.ico",
                "service_name": "stage3systems.bamboohr.com",
                "id": 1
            }
        ],
        "blocks": [
            {
                "type": "rich_text",
                "block_id": "g3PT",
                "elements": [
                    {
                        "type": "rich_text_section",
                        "elements": [
                            {
                                "type": "link",
                                "url": "https:\/\/stage3systems.bamboohr.com\/jobs\/view.php?id=5"
                            }
                        ]
                    }
                ]
            }
        ],
        "reactions": [
            {
                "name": "flag-gb",
                "users": [
                    "U2V2WE98W",
                    "U50P90ZCZ"
                ],
                "count": 2
            }
        ]
    },
    {
        "type": "message",
        "text": "<https:\/\/stage3systems.bamboohr.com\/jobs\/view.php?id=4>",
        "user": "U2V2WE98W",
        "ts": "1498474001.923525",
        "team": "T0CJ5UNHK",
        "user_team": "T0CJ5UNHK",
        "source_team": "T0CJ5UNHK",
        "user_profile": {
            "avatar_hash": "g3df7b10d270",
            "image_72": "https:\/\/secure.gravatar.com\/avatar\/b3df7b10d2705cb5de9671a3dfb076d4.jpg?s=72&d=https%3A%2F%2Fa.slack-edge.com%2Fdf10d%2Fimg%2Favatars%2Fava_0004-72.png",
            "first_name": "",
            "real_name": "evax",
            "display_name": "",
            "team": "T0CJ5UNHK",
            "name": "evax",
            "is_restricted": false,
            "is_ultra_restricted": false
        },
        "attachments": [
            {
                "title": "Product Developer",
                "title_link": "https:\/\/stage3systems.bamboohr.com\/jobs\/view.php?id=4",
                "text": "Stage 3 Systems is looking for a full-time, full-stack permanent product developer with experience working on modern web software and an interest in functional programming. Our products are used by some of the largest companies in the marine shipping industry; your work will make a significant difference",
                "fallback": "Product Developer",
                "from_url": "https:\/\/stage3systems.bamboohr.com\/jobs\/view.php?id=4",
                "thumb_url": "https:\/\/eb2a096842c64b9cefe8-7619b36eff38490125cf3c1de4cac57c.ssl.cf1.rackcdn.com\/logos\/cropped.jpg?v=6",
                "thumb_width": 50,
                "thumb_height": 50,
                "service_icon": "https:\/\/stage3systems.bamboohr.com\/favicon.ico",
                "service_name": "stage3systems.bamboohr.com",
                "id": 1
            }
        ],
        "blocks": [
            {
                "type": "rich_text",
                "block_id": "YCKoC",
                "elements": [
                    {
                        "type": "rich_text_section",
                        "elements": [
                            {
                                "type": "link",
                                "url": "https:\/\/stage3systems.bamboohr.com\/jobs\/view.php?id=4"
                            }
                        ]
                    }
                ]
            }
        ],
        "reactions": [
            {
                "name": "flag-ca",
                "users": [
                    "U2V2WE98W",
                    "U50P90ZCZ"
                ],
                "count": 2
            }
        ]
    },
    {
        "type": "message",
        "text": "<@U2V2WE98W> you'll want to stick to this format: <https:\/\/github.com\/elm-community\/slack\/blob\/master\/README.md#jobs>",
        "user": "U3SJEDR96",
        "ts": "1498474070.936219",
        "team": "T0CJ5UNHK",
        "user_team": "T0CJ5UNHK",
        "source_team": "T0CJ5UNHK",
        "user_profile": {
            "avatar_hash": "g97bab86e435",
            "image_72": "https:\/\/secure.gravatar.com\/avatar\/797bab86e4358b3919d4b0a614d2f2f3.jpg?s=72&d=https%3A%2F%2Fa.slack-edge.com%2Fdf10d%2Fimg%2Favatars%2Fava_0023-72.png",
            "first_name": "Ilias",
            "real_name": "Ilias Van Peer",
            "display_name": "ilias",
            "team": "T0CJ5UNHK",
            "name": "ilias",
            "is_restricted": false,
            "is_ultra_restricted": false
        },
        "blocks": [
            {
                "type": "rich_text",
                "block_id": "PA5m",
                "elements": [
                    {
                        "type": "rich_text_section",
                        "elements": [
                            {
                                "type": "user",
                                "user_id": "U2V2WE98W"
                            },
                            {
                                "type": "text",
                                "text": " you'll want to stick to this format: "
                            },
                            {
                                "type": "link",
                                "url": "https:\/\/github.com\/elm-community\/slack\/blob\/master\/README.md#jobs"
                            }
                        ]
                    }
                ]
            }
        ]
    },
    {
        "type": "message",
        "text": "<@U3SJEDR96> sorry, missed that",
        "user": "U2V2WE98W",
        "ts": "1498474443.002269",
        "team": "T0CJ5UNHK",
        "user_team": "T0CJ5UNHK",
        "source_team": "T0CJ5UNHK",
        "user_profile": {
            "avatar_hash": "g3df7b10d270",
            "image_72": "https:\/\/secure.gravatar.com\/avatar\/b3df7b10d2705cb5de9671a3dfb076d4.jpg?s=72&d=https%3A%2F%2Fa.slack-edge.com%2Fdf10d%2Fimg%2Favatars%2Fava_0004-72.png",
            "first_name": "",
            "real_name": "evax",
            "display_name": "",
            "team": "T0CJ5UNHK",
            "name": "evax",
            "is_restricted": false,
            "is_ultra_restricted": false
        },
        "blocks": [
            {
                "type": "rich_text",
                "block_id": "Xgpb",
                "elements": [
                    {
                        "type": "rich_text_section",
                        "elements": [
                            {
                                "type": "user",
                                "user_id": "U3SJEDR96"
                            },
                            {
                                "type": "text",
                                "text": " sorry, missed that"
                            }
                        ]
                    }
                ]
            }
        ],
        "reactions": [
            {
                "name": "+1",
                "users": [
                    "U3SJEDR96"
                ],
                "count": 1
            }
        ]
    },
    {
        "type": "message",
        "subtype": "channel_join",
        "ts": "1498500809.552306",
        "user": "U5ZPLQ7BP",
        "text": "<@U5ZPLQ7BP> has joined the channel"
    },
    {
        "type": "message",
        "text": "| Indigo&amp; | London, 4 days remote if desired | Front End Developer | We're a startup looking for our second developer to make our frontend all lovely and interactive using Elm. I'm also interested in speaking to experienced Elm contractors. <http:\/\/www.indigoand.com\/front-end-developer\/>",
        "user": "U5ZPLQ7BP",
        "ts": "1498501413.765707",
        "team": "T0CJ5UNHK",
        "user_team": "T0CJ5UNHK",
        "source_team": "T0CJ5UNHK",
        "user_profile": {
            "avatar_hash": "g02731a3d213",
            "image_72": "https:\/\/secure.gravatar.com\/avatar\/c02731a3d21302ac6caa92b7b0d3b27d.jpg?s=72&d=https%3A%2F%2Fa.slack-edge.com%2Fdf10d%2Fimg%2Favatars%2Fava_0005-72.png",
            "first_name": "John",
            "real_name": "John Cinnamond",
            "display_name": "jcinnamond",
            "team": "T0CJ5UNHK",
            "name": "jcinnamond",
            "is_restricted": false,
            "is_ultra_restricted": false
        },
        "blocks": [
            {
                "type": "rich_text",
                "block_id": "Musp",
                "elements": [
                    {
                        "type": "rich_text_section",
                        "elements": [
                            {
                                "type": "text",
                                "text": "| Indigo& | London, 4 days remote if desired | Front End Developer | We're a startup looking for our second developer to make our frontend all lovely and interactive using Elm. I'm also interested in speaking to experienced Elm contractors. "
                            },
                            {
                                "type": "link",
                                "url": "http:\/\/www.indigoand.com\/front-end-developer\/"
                            }
                        ]
                    }
                ]
            }
        ],
        "reactions": [
            {
                "name": "tada",
                "users": [
                    "U0J1M0F32",
                    "U1UF6F6P8",
                    "U2JA29EKF",
                    "U0J8D9M2P",
                    "U3KMN6HLN",
                    "U18UD6T3J",
                    "U0LEKMCRW"
                ],
                "count": 7
            }
        ]
    }
]