[
    {
        "type": "message",
        "text": "btw, for future posters, pinned items have limited space when displayed in the sidebar. so you may want to start with the most relevant information",
        "user": "U23U8APEY",
        "ts": "1486547404.000265",
        "team": "T0CJ5UNHK",
        "user_team": "T0CJ5UNHK",
        "source_team": "T0CJ5UNHK",
        "user_profile": {
            "avatar_hash": "g3074e1515db",
            "image_72": "https:\/\/secure.gravatar.com\/avatar\/b3074e1515db1a3d79acf5d954eac0d1.jpg?s=72&d=https%3A%2F%2Fa.slack-edge.com%2Fdf10d%2Fimg%2Favatars%2Fava_0007-72.png",
            "first_name": "Lucian",
            "real_name": "Lucian Ursu",
            "display_name": "elbear",
            "team": "T0CJ5UNHK",
            "name": "elbear",
            "is_restricted": false,
            "is_ultra_restricted": false
        },
        "blocks": [
            {
                "type": "rich_text",
                "block_id": "CK6P",
                "elements": [
                    {
                        "type": "rich_text_section",
                        "elements": [
                            {
                                "type": "text",
                                "text": "btw, for future posters, pinned items have limited space when displayed in the sidebar. so you may want to start with the most relevant information"
                            }
                        ]
                    }
                ]
            }
        ],
        "reactions": [
            {
                "name": "+1",
                "users": [
                    "U1FFA46TT",
                    "U0JD7JSUA"
                ],
                "count": 2
            }
        ]
    },
    {
        "type": "message",
        "subtype": "channel_join",
        "ts": "1486601076.000266",
        "user": "U33BU6RU6",
        "text": "<@U33BU6RU6> has joined the channel"
    },
    {
        "type": "message",
        "text": "Ya, please post the link _first_ so we can at least find you if the other parts of the message don't get saved!",
        "user": "U2GPAEU1L",
        "ts": "1486614197.000267",
        "team": "T0CJ5UNHK",
        "user_team": "T0CJ5UNHK",
        "source_team": "T0CJ5UNHK",
        "user_profile": {
            "avatar_hash": "3913c6bc6065",
            "image_72": "https:\/\/avatars.slack-edge.com\/2017-02-19\/144331983894_3913c6bc6065d82b61bc_72.jpg",
            "first_name": "Arie",
            "real_name": "Arie Milner",
            "display_name": "amilner42",
            "team": "T0CJ5UNHK",
            "name": "amilner42",
            "is_restricted": false,
            "is_ultra_restricted": false
        },
        "blocks": [
            {
                "type": "rich_text",
                "block_id": "T\/Or",
                "elements": [
                    {
                        "type": "rich_text_section",
                        "elements": [
                            {
                                "type": "text",
                                "text": "Ya, please post the link "
                            },
                            {
                                "type": "text",
                                "text": "first",
                                "style": {
                                    "italic": true
                                }
                            },
                            {
                                "type": "text",
                                "text": " so we can at least find you if the other parts of the message don't get saved!"
                            }
                        ]
                    }
                ]
            }
        ],
        "reactions": [
            {
                "name": "pray",
                "users": [
                    "U1FFA46TT"
                ],
                "count": 1
            }
        ]
    }
]