[
    {
        "type": "message",
        "text": "| Drip | Minneapolis, MN (on-site, possibility of remote) | Senior Front-End Developer |\n\nHello! Drip (<http:\/\/drip.com|drip.com>) is looking for a front-end engineer to work on a cool new Elm project — a visual email builder. (And between you and me, I’d love to see Elm throughout our app front-end codebase someday). This is one of the most central pieces of our product, so the opportunity to deliver joy and impact our 20,000+ user base is high. We are small but mighty engineering team inside of well-funded SaaS company — I’m the technical co-founder of Drip and still get my hands dirty in code. If you are passionate about Elm and interested in this fun new challenge, I’d love to chat! <http:\/\/leadpages.jazz.co\/apply\/0dPJfoLBZZ\/Senior-FrontEnd-Developer-Drip>",
        "user": "U7FC5FWG5",
        "ts": "1509644487.000707",
        "team": "T0CJ5UNHK",
        "user_team": "T0CJ5UNHK",
        "source_team": "T0CJ5UNHK",
        "user_profile": {
            "avatar_hash": "g41211cbec37",
            "image_72": "https:\/\/secure.gravatar.com\/avatar\/441211cbec372b4ffc4c5dbd9278bc25.jpg?s=72&d=https%3A%2F%2Fa.slack-edge.com%2Fdf10d%2Fimg%2Favatars%2Fava_0009-72.png",
            "first_name": "Derrick",
            "real_name": "Derrick Reimer",
            "display_name": "",
            "team": "T0CJ5UNHK",
            "name": "derrickreimer",
            "is_restricted": false,
            "is_ultra_restricted": false
        },
        "edited": {
            "user": "U7FC5FWG5",
            "ts": "1509645559.000000"
        },
        "attachments": [
            {
                "title": "         Senior Front-End Developer - Drip -        Leadpages -         Job Board     ",
                "title_link": "http:\/\/leadpages.jazz.co\/apply\/0dPJfoLBZZ\/Senior-FrontEnd-Developer-Drip",
                "text": "You can submit your resume by visiting this link. If you know anyone who would be a great fit for this position, please pass the link along. Thanks!",
                "fallback": "         Senior Front-End Developer - Drip -        Leadpages -         Job Board     ",
                "image_url": "http:\/\/app.jazz.co\/img\/apps\/share_a_job-icon.jpg",
                "image_width": 250,
                "image_height": 250,
                "from_url": "http:\/\/leadpages.jazz.co\/apply\/0dPJfoLBZZ\/Senior-FrontEnd-Developer-Drip",
                "image_bytes": 31407,
                "service_icon": "http:\/\/leadpages.jazz.co\/img\/v1.1\/favicons\/apple-touch-icon.png",
                "service_name": "leadpages.jazz.co",
                "id": 1
            }
        ],
        "blocks": [
            {
                "type": "rich_text",
                "block_id": "dsj",
                "elements": [
                    {
                        "type": "rich_text_section",
                        "elements": [
                            {
                                "type": "text",
                                "text": "| Drip | Minneapolis, MN (on-site, possibility of remote) | Senior Front-End Developer |\n\nHello! Drip ("
                            },
                            {
                                "type": "link",
                                "url": "http:\/\/drip.com",
                                "text": "drip.com"
                            },
                            {
                                "type": "text",
                                "text": ") is looking for a front-end engineer to work on a cool new Elm project — a visual email builder. (And between you and me, I’d love to see Elm throughout our app front-end codebase someday). This is one of the most central pieces of our product, so the opportunity to deliver joy and impact our 20,000+ user base is high. We are small but mighty engineering team inside of well-funded SaaS company — I’m the technical co-founder of Drip and still get my hands dirty in code. If you are passionate about Elm and interested in this fun new challenge, I’d love to chat! "
                            },
                            {
                                "type": "link",
                                "url": "http:\/\/leadpages.jazz.co\/apply\/0dPJfoLBZZ\/Senior-FrontEnd-Developer-Drip"
                            }
                        ]
                    }
                ]
            }
        ],
        "reactions": [
            {
                "name": "+1",
                "users": [
                    "U5E99RPK6",
                    "U6G528W1Z",
                    "U1FFA46TT",
                    "U44GBN07L",
                    "U1BNQH3FX"
                ],
                "count": 5
            }
        ]
    },
    {
        "type": "message",
        "subtype": "pinned_item",
        "text": "<@U7FC5FWG5> pinned a message to this channel.",
        "user": "U7FC5FWG5",
        "item_type": "C",
        "attachments": [
            {
                "fallback": "[November 2nd, 2017 10:41 AM] derrickreimer: | Drip | Minneapolis, MN (on-site, possibility of remote) | Senior Front-End Developer |\n\nHello! Drip (<http:\/\/drip.com|drip.com>) is looking for a front-end engineer to work on a cool new Elm project — a visual email builder. (And between you and me, I’d love to see Elm throughout our app front-end codebase someday). This is one of the most central pieces of our product, so the opportunity to deliver joy and impact our 20,000+ user base is high. We are small but mighty engineering team inside of well-funded SaaS company — I’m the technical co-founder of Drip and still get my hands dirty in code. If you are passionate about Elm and interested in this fun new challenge, I’d love to chat! <http:\/\/leadpages.jazz.co\/apply\/0dPJfoLBZZ\/Senior-FrontEnd-Developer-Drip>",
                "ts": "1509644487.000707",
                "author_id": "U7FC5FWG5",
                "author_subname": "Derrick Reimer",
                "channel_id": "C0LUAGWRK",
                "channel_team": "T0CJ5UNHK",
                "channel_name": "jobs",
                "is_msg_unfurl": true,
                "text": "| Drip | Minneapolis, MN (on-site, possibility of remote) | Senior Front-End Developer |\n\nHello! Drip (<http:\/\/drip.com|drip.com>) is looking for a front-end engineer to work on a cool new Elm project — a visual email builder. (And between you and me, I’d love to see Elm throughout our app front-end codebase someday). This is one of the most central pieces of our product, so the opportunity to deliver joy and impact our 20,000+ user base is high. We are small but mighty engineering team inside of well-funded SaaS company — I’m the technical co-founder of Drip and still get my hands dirty in code. If you are passionate about Elm and interested in this fun new challenge, I’d love to chat! <http:\/\/leadpages.jazz.co\/apply\/0dPJfoLBZZ\/Senior-FrontEnd-Developer-Drip>",
                "message_blocks": [
                    {
                        "team": "T0CJ5UNHK",
                        "channel": "C0LUAGWRK",
                        "ts": "1509644487.000707",
                        "message": {
                            "blocks": [
                                {
                                    "type": "rich_text",
                                    "block_id": "oEAl",
                                    "elements": [
                                        {
                                            "type": "rich_text_section",
                                            "elements": [
                                                {
                                                    "type": "text",
                                                    "text": "| Drip | Minneapolis, MN (on-site, possibility of remote) | Senior Front-End Developer |\n\nHello! Drip ("
                                                },
                                                {
                                                    "type": "link",
                                                    "url": "http:\/\/drip.com",
                                                    "text": "drip.com"
                                                },
                                                {
                                                    "type": "text",
                                                    "text": ") is looking for a front-end engineer to work on a cool new Elm project — a visual email builder. (And between you and me, I’d love to see Elm throughout our app front-end codebase someday). This is one of the most central pieces of our product, so the opportunity to deliver joy and impact our 20,000+ user base is high. We are small but mighty engineering team inside of well-funded SaaS company — I’m the technical co-founder of Drip and still get my hands dirty in code. If you are passionate about Elm and interested in this fun new challenge, I’d love to chat! "
                                                },
                                                {
                                                    "type": "link",
                                                    "url": "http:\/\/leadpages.jazz.co\/apply\/0dPJfoLBZZ\/Senior-FrontEnd-Developer-Drip"
                                                }
                                            ]
                                        }
                                    ]
                                }
                            ]
                        }
                    }
                ],
                "author_name": "Derrick Reimer",
                "author_link": "https:\/\/elmlang.slack.com\/team\/U7FC5FWG5",
                "author_icon": "https:\/\/secure.gravatar.com\/avatar\/441211cbec372b4ffc4c5dbd9278bc25.jpg?s=48&d=https%3A%2F%2Fa.slack-edge.com%2Fdf10d%2Fimg%2Favatars%2Fava_0009-48.png",
                "mrkdwn_in": [
                    "text"
                ],
                "from_hidden_wksp": false
            }
        ],
        "ts": "1509644495.000407"
    },
    {
        "type": "message",
        "subtype": "pinned_item",
        "text": "<@U3SJEDR96> pinned a message to this channel.",
        "user": "U3SJEDR96",
        "item_type": "C",
        "attachments": [
            {
                "fallback": "[October 31st, 2017 9:39 PM] damncabbage: | Ambiata | Sydney, Australia (on-site) | Generalist Engineer |\nWe're hiring for someone to work here at Ambiata, a smallish marketing analytics shop, on our Haskell-based data processing stack. Haskell experience not a requirement; interest in it is welcome, and Elm is a great start in that direction. Happy to chat in DMs if you have any questions. :slightly_smiling_face:\n<https:\/\/ambiata.com\/careers-general-engineer.html>",
                "ts": "1509511188.000103",
                "author_id": "U0FQ4UYRK",
                "author_subname": "Rob Howard",
                "channel_id": "C0LUAGWRK",
                "channel_team": "T0CJ5UNHK",
                "channel_name": "jobs",
                "is_msg_unfurl": true,
                "text": "| Ambiata | Sydney, Australia (on-site) | Generalist Engineer |\nWe're hiring for someone to work here at Ambiata, a smallish marketing analytics shop, on our Haskell-based data processing stack. Haskell experience not a requirement; interest in it is welcome, and Elm is a great start in that direction. Happy to chat in DMs if you have any questions. :slightly_smiling_face:\n<https:\/\/ambiata.com\/careers-general-engineer.html>",
                "message_blocks": [
                    {
                        "team": "T0CJ5UNHK",
                        "channel": "C0LUAGWRK",
                        "ts": "1509511188.000103",
                        "message": {
                            "blocks": [
                                {
                                    "type": "rich_text",
                                    "block_id": "qR\/",
                                    "elements": [
                                        {
                                            "type": "rich_text_section",
                                            "elements": [
                                                {
                                                    "type": "text",
                                                    "text": "| Ambiata | Sydney, Australia (on-site) | Generalist Engineer |\nWe're hiring for someone to work here at Ambiata, a smallish marketing analytics shop, on our Haskell-based data processing stack. Haskell experience not a requirement; interest in it is welcome, and Elm is a great start in that direction. Happy to chat in DMs if you have any questions. "
                                                },
                                                {
                                                    "type": "emoji",
                                                    "name": "slightly_smiling_face",
                                                    "unicode": "1f642"
                                                },
                                                {
                                                    "type": "text",
                                                    "text": "\n"
                                                },
                                                {
                                                    "type": "link",
                                                    "url": "https:\/\/ambiata.com\/careers-general-engineer.html"
                                                }
                                            ]
                                        }
                                    ]
                                }
                            ]
                        }
                    }
                ],
                "author_name": "Rob Howard",
                "author_link": "https:\/\/elmlang.slack.com\/team\/U0FQ4UYRK",
                "author_icon": "https:\/\/avatars.slack-edge.com\/2015-12-19\/16998960867_e49264c8f585525a1947_48.jpg",
                "mrkdwn_in": [
                    "text"
                ],
                "from_hidden_wksp": false
            }
        ],
        "ts": "1509644790.000496"
    }
]