[
    {
        "type": "message",
        "subtype": "channel_join",
        "ts": "1495275951.098825",
        "user": "U5FQYREF5",
        "text": "<@U5FQYREF5> has joined the channel"
    },
    {
        "type": "message",
        "text": "I’m open to Elm opportunities.\n\n10+ years of dev experience (about 9 mo full time Elm) and just coming off a solo full stack server-less SPA on AWS 100% in Elm (front and back end) using Dynamo, Lambda, Cognito, S3, CloudFront, Route53, LetsEncrypt, etc.\n\nDemo’d pieces along the way at the Portland Elm meetup, not as polished as I’d like yet but a lot of ground covered.  Some is open source and happy to walk it through with any interested parties.",
        "user": "U2LB7QXK7",
        "ts": "1495302229.418468",
        "team": "T0CJ5UNHK",
        "user_team": "T0CJ5UNHK",
        "source_team": "T0CJ5UNHK",
        "user_profile": {
            "avatar_hash": "g21f912dbe5e",
            "image_72": "https:\/\/secure.gravatar.com\/avatar\/621f912dbe5e7d9266093b66788bc98a.jpg?s=72&d=https%3A%2F%2Fa.slack-edge.com%2Fdf10d%2Fimg%2Favatars%2Fava_0015-72.png",
            "first_name": "Perry",
            "real_name": "Perry Birch",
            "display_name": "perrybirch",
            "team": "T0CJ5UNHK",
            "name": "perrybirch",
            "is_restricted": false,
            "is_ultra_restricted": false
        },
        "blocks": [
            {
                "type": "rich_text",
                "block_id": "\/Nb",
                "elements": [
                    {
                        "type": "rich_text_section",
                        "elements": [
                            {
                                "type": "text",
                                "text": "I’m open to Elm opportunities.\n\n10+ years of dev experience (about 9 mo full time Elm) and just coming off a solo full stack server-less SPA on AWS 100% in Elm (front and back end) using Dynamo, Lambda, Cognito, S3, CloudFront, Route53, LetsEncrypt, etc.\n\nDemo’d pieces along the way at the Portland Elm meetup, not as polished as I’d like yet but a lot of ground covered.  Some is open source and happy to walk it through with any interested parties."
                            }
                        ]
                    }
                ]
            }
        ],
        "reactions": [
            {
                "name": "100",
                "users": [
                    "U5E99RPK6",
                    "U0D4VR7BP",
                    "U0J1M0F32"
                ],
                "count": 3
            },
            {
                "name": "facepunch",
                "users": [
                    "U4SM7ECAG",
                    "U0JD7JSUA",
                    "U30PGH41K",
                    "U0J1M0F32",
                    "U23U8APEY"
                ],
                "count": 5
            },
            {
                "name": "+1",
                "users": [
                    "U0LEKMCRW"
                ],
                "count": 1
            }
        ]
    }
]