[
    {
        "type": "message",
        "text": "| seeking work | Philadelphia - USA \/ remote | full-stack dev with ~7 yrs experience - about six months into elm and loving it <http:\/\/pjwalker.net>",
        "user": "U6D3ERLA1",
        "ts": "1507557866.000170",
        "team": "T0CJ5UNHK",
        "user_team": "T0CJ5UNHK",
        "source_team": "T0CJ5UNHK",
        "user_profile": {
            "avatar_hash": "gce00d6523a0",
            "image_72": "https:\/\/secure.gravatar.com\/avatar\/dce00d6523a073a25ec42f11d877bde1.jpg?s=72&d=https%3A%2F%2Fa.slack-edge.com%2Fdf10d%2Fimg%2Favatars%2Fava_0023-72.png",
            "first_name": "Paul",
            "real_name": "Paul Walker",
            "display_name": "starsinmypockets",
            "team": "T0CJ5UNHK",
            "name": "starsinmypockets",
            "is_restricted": false,
            "is_ultra_restricted": false
        },
        "blocks": [
            {
                "type": "rich_text",
                "block_id": "GLhJn",
                "elements": [
                    {
                        "type": "rich_text_section",
                        "elements": [
                            {
                                "type": "text",
                                "text": "| seeking work | Philadelphia - USA \/ remote | full-stack dev with ~7 yrs experience - about six months into elm and loving it "
                            },
                            {
                                "type": "link",
                                "url": "http:\/\/pjwalker.net"
                            }
                        ]
                    }
                ]
            }
        ],
        "reactions": [
            {
                "name": "+1",
                "users": [
                    "U5E99RPK6",
                    "U0LEKMCRW"
                ],
                "count": 2
            }
        ]
    },
    {
        "type": "message",
        "subtype": "channel_join",
        "ts": "1507573312.000213",
        "user": "U4ZSMTQNR",
        "text": "<@U4ZSMTQNR> has joined the channel"
    },
    {
        "type": "message",
        "subtype": "channel_join",
        "ts": "1507585476.000389",
        "user": "U38MGGDJ6",
        "text": "<@U38MGGDJ6> has joined the channel"
    }
]