[
    {
        "type": "message",
        "text": "| StatRecruit, Inc | Sunnyvale, CA (Onsite or Remote) | Front End\/General Developer | Elm is an integral part of our ability to offer a quality and stable product for the healthcare organizations we serve. We are looking for 1) A contractor to develop a Kanban Board component in elm to be used in multiple places of our application. 2) A fullstack engineer comfortable in backend development in Go &amp; frontend development in Elm. AWS experience and DevOps familiarity a plus. | If applying for #1 please PM or email with your expected flat rate fee for developing a kanban component which allows the user to add new cards and new pipelines. If applying for #2 please send an email with your resume and salary requirements to <mailto:admin@statrecruit.com|admin@statrecruit.com> | Must be comfortable working in a fast paced and rapidly growing early stage startup. Equity compensation will be considered for applicants to #2. You would be joining 2 other Elm developers and one Go developer who all work remotely. Looking forward to hearing from you! Full release scheduled for November 1. Currently in Beta. Our developers speak French, Portugese, and English. We value diversity and passion!",
        "user": "U1XDY566A",
        "ts": "1503120806.000031",
        "team": "T0CJ5UNHK",
        "user_team": "T0CJ5UNHK",
        "source_team": "T0CJ5UNHK",
        "user_profile": {
            "avatar_hash": "g39acd6ec051",
            "image_72": "https:\/\/secure.gravatar.com\/avatar\/839acd6ec05119e86a8b1249679009ac.jpg?s=72&d=https%3A%2F%2Fa.slack-edge.com%2Fdf10d%2Fimg%2Favatars%2Fava_0012-72.png",
            "first_name": "Chris",
            "real_name": "Chris Lewis",
            "display_name": "golfingbuddha",
            "team": "T0CJ5UNHK",
            "name": "golfingbuddha",
            "is_restricted": false,
            "is_ultra_restricted": false
        },
        "edited": {
            "user": "U1XDY566A",
            "ts": "1503120932.000000"
        },
        "blocks": [
            {
                "type": "rich_text",
                "block_id": "bhFX",
                "elements": [
                    {
                        "type": "rich_text_section",
                        "elements": [
                            {
                                "type": "text",
                                "text": "| StatRecruit, Inc | Sunnyvale, CA (Onsite or Remote) | Front End\/General Developer | Elm is an integral part of our ability to offer a quality and stable product for the healthcare organizations we serve. We are looking for 1) A contractor to develop a Kanban Board component in elm to be used in multiple places of our application. 2) A fullstack engineer comfortable in backend development in Go & frontend development in Elm. AWS experience and DevOps familiarity a plus. | If applying for #1 please PM or email with your expected flat rate fee for developing a kanban component which allows the user to add new cards and new pipelines. If applying for #2 please send an email with your resume and salary requirements to "
                            },
                            {
                                "type": "link",
                                "url": "mailto:admin@statrecruit.com",
                                "text": "admin@statrecruit.com"
                            },
                            {
                                "type": "text",
                                "text": " | Must be comfortable working in a fast paced and rapidly growing early stage startup. Equity compensation will be considered for applicants to #2. You would be joining 2 other Elm developers and one Go developer who all work remotely. Looking forward to hearing from you! Full release scheduled for November 1. Currently in Beta. Our developers speak French, Portugese, and English. We value diversity and passion!"
                            }
                        ]
                    }
                ]
            }
        ]
    }
]