[
    {
        "type": "message",
        "text": "| RedElastic | Toronto, Ontario Canada, remote considered | RedElastic is seeking a talented Elm Developer on contract to help us deliver the next generation of user experiences to our client. We need a leader to keep us sharp on all corners of front end architecture and development. The role offers a chance to work with the latest technologies an industry leading rate. \n<https:\/\/redelastic.workable.com\/jobs\/619610>",
        "user": "U0M6WHUAK",
        "ts": "1514533601.000079",
        "team": "T0CJ5UNHK",
        "user_team": "T0CJ5UNHK",
        "source_team": "T0CJ5UNHK",
        "user_profile": {
            "avatar_hash": "136d20df10b4",
            "image_72": "https:\/\/avatars.slack-edge.com\/2021-04-06\/1939150598788_136d20df10b435d9d23a_72.png",
            "first_name": "",
            "real_name": "warry",
            "display_name": "",
            "team": "T0CJ5UNHK",
            "name": "warry",
            "is_restricted": false,
            "is_ultra_restricted": false
        },
        "attachments": [
            {
                "service_name": "https:\/\/www.workable.com",
                "title": "Job opening: Elm Developer at RedElastic Inc.",
                "title_link": "https:\/\/redelastic.workable.com\/jobs\/619610",
                "text": "Job opening: Elm Developer at RedElastic Inc.. Apply at Workable.",
                "fallback": "https:\/\/www.workable.com: Job opening: Elm Developer at RedElastic Inc.",
                "image_url": "https:\/\/www.workable.com\/assets\/facebook-preview.png",
                "from_url": "https:\/\/redelastic.workable.com\/jobs\/619610",
                "image_width": 250,
                "image_height": 250,
                "image_bytes": 34994,
                "service_icon": "https:\/\/redelastic.workable.com\/favicon.ico",
                "id": 1
            }
        ],
        "blocks": [
            {
                "type": "rich_text",
                "block_id": "+40k",
                "elements": [
                    {
                        "type": "rich_text_section",
                        "elements": [
                            {
                                "type": "text",
                                "text": "| RedElastic | Toronto, Ontario Canada, remote considered | RedElastic is seeking a talented Elm Developer on contract to help us deliver the next generation of user experiences to our client. We need a leader to keep us sharp on all corners of front end architecture and development. The role offers a chance to work with the latest technologies an industry leading rate. \n"
                            },
                            {
                                "type": "link",
                                "url": "https:\/\/redelastic.workable.com\/jobs\/619610"
                            }
                        ]
                    }
                ]
            }
        ]
    },
    {
        "type": "message",
        "subtype": "pinned_item",
        "text": "<@U3SJEDR96> pinned a message to this channel.",
        "user": "U3SJEDR96",
        "item_type": "C",
        "attachments": [
            {
                "fallback": "[December 28th, 2017 11:46 PM] warry: | RedElastic | Toronto, Ontario Canada, remote considered | RedElastic is seeking a talented Elm Developer on contract to help us deliver the next generation of user experiences to our client. We need a leader to keep us sharp on all corners of front end architecture and development. The role offers a chance to work with the latest technologies an industry leading rate. \n<https:\/\/redelastic.workable.com\/jobs\/619610>",
                "ts": "1514533601.000079",
                "author_id": "U0M6WHUAK",
                "author_subname": "warry",
                "channel_id": "C0LUAGWRK",
                "channel_team": "T0CJ5UNHK",
                "channel_name": "jobs",
                "is_msg_unfurl": true,
                "text": "| RedElastic | Toronto, Ontario Canada, remote considered | RedElastic is seeking a talented Elm Developer on contract to help us deliver the next generation of user experiences to our client. We need a leader to keep us sharp on all corners of front end architecture and development. The role offers a chance to work with the latest technologies an industry leading rate. \n<https:\/\/redelastic.workable.com\/jobs\/619610>",
                "message_blocks": [
                    {
                        "team": "T0CJ5UNHK",
                        "channel": "C0LUAGWRK",
                        "ts": "1514533601.000079",
                        "message": {
                            "blocks": [
                                {
                                    "type": "rich_text",
                                    "block_id": "t1X",
                                    "elements": [
                                        {
                                            "type": "rich_text_section",
                                            "elements": [
                                                {
                                                    "type": "text",
                                                    "text": "| RedElastic | Toronto, Ontario Canada, remote considered | RedElastic is seeking a talented Elm Developer on contract to help us deliver the next generation of user experiences to our client. We need a leader to keep us sharp on all corners of front end architecture and development. The role offers a chance to work with the latest technologies an industry leading rate. \n"
                                                },
                                                {
                                                    "type": "link",
                                                    "url": "https:\/\/redelastic.workable.com\/jobs\/619610"
                                                }
                                            ]
                                        }
                                    ]
                                }
                            ]
                        }
                    }
                ],
                "author_name": "warry",
                "author_link": "https:\/\/elmlang.slack.com\/team\/U0M6WHUAK",
                "author_icon": "https:\/\/avatars.slack-edge.com\/2021-04-06\/1939150598788_136d20df10b435d9d23a_48.png",
                "mrkdwn_in": [
                    "text"
                ],
                "from_hidden_wksp": false
            }
        ],
        "ts": "1514533841.000045"
    },
    {
        "type": "message",
        "subtype": "pinned_item",
        "text": "<@U3SJEDR96> pinned a message to this channel.",
        "user": "U3SJEDR96",
        "item_type": "C",
        "attachments": [
            {
                "fallback": "[December 24th, 2017 1:03 PM] brian.roth: | PlacePass | Boston\/Cambridge MA, no remote | Senior Front-End Developer | PlacePass is a startup focused on finding great tours and activities for our customers. Founded in late 2015, we recently closed a Series A funding round led by Marriott International. You can check out our main product at <https:\/\/www.placepass.com>, and the Marriott white-label site at <https:\/\/moments.marriott.com>. We’re looking to hire and expand our engineering team, specifically focused around senior-level front-end engineers with experience in Ruby on Rails and\/or Elm. Feel free to DM me or email me at <mailto:brian.roth@placepass.com|brian.roth@placepass.com> if you’re interested or want to hear more!",
                "ts": "1514149401.000056",
                "author_id": "U8BEVUQBD",
                "author_subname": "Brian Roth",
                "channel_id": "C0LUAGWRK",
                "channel_team": "T0CJ5UNHK",
                "channel_name": "jobs",
                "is_msg_unfurl": true,
                "is_thread_root_unfurl": true,
                "text": "| PlacePass | Boston\/Cambridge MA, no remote | Senior Front-End Developer | PlacePass is a startup focused on finding great tours and activities for our customers. Founded in late 2015, we recently closed a Series A funding round led by Marriott International. You can check out our main product at <https:\/\/www.placepass.com>, and the Marriott white-label site at <https:\/\/moments.marriott.com>. We’re looking to hire and expand our engineering team, specifically focused around senior-level front-end engineers with experience in Ruby on Rails and\/or Elm. Feel free to DM me or email me at <mailto:brian.roth@placepass.com|brian.roth@placepass.com> if you’re interested or want to hear more!",
                "message_blocks": [
                    {
                        "team": "T0CJ5UNHK",
                        "channel": "C0LUAGWRK",
                        "ts": "1514149401.000056",
                        "message": {
                            "blocks": [
                                {
                                    "type": "rich_text",
                                    "block_id": "+stTr",
                                    "elements": [
                                        {
                                            "type": "rich_text_section",
                                            "elements": [
                                                {
                                                    "type": "text",
                                                    "text": "| PlacePass | Boston\/Cambridge MA, no remote | Senior Front-End Developer | PlacePass is a startup focused on finding great tours and activities for our customers. Founded in late 2015, we recently closed a Series A funding round led by Marriott International. You can check out our main product at "
                                                },
                                                {
                                                    "type": "link",
                                                    "url": "https:\/\/www.placepass.com"
                                                },
                                                {
                                                    "type": "text",
                                                    "text": ", and the Marriott white-label site at "
                                                },
                                                {
                                                    "type": "link",
                                                    "url": "https:\/\/moments.marriott.com"
                                                },
                                                {
                                                    "type": "text",
                                                    "text": ". We’re looking to hire and expand our engineering team, specifically focused around senior-level front-end engineers with experience in Ruby on Rails and\/or Elm. Feel free to DM me or email me at "
                                                },
                                                {
                                                    "type": "link",
                                                    "url": "mailto:brian.roth@placepass.com",
                                                    "text": "brian.roth@placepass.com"
                                                },
                                                {
                                                    "type": "text",
                                                    "text": " if you’re interested or want to hear more!"
                                                }
                                            ]
                                        }
                                    ]
                                }
                            ]
                        }
                    }
                ],
                "author_name": "Brian Roth",
                "author_link": "https:\/\/elmlang.slack.com\/team\/U8BEVUQBD",
                "author_icon": "https:\/\/secure.gravatar.com\/avatar\/ffcfa4e8a0fbc81701bbd14377ae6bae.jpg?s=48&d=https%3A%2F%2Fa.slack-edge.com%2Fdf10d%2Fimg%2Favatars%2Fava_0013-48.png",
                "mrkdwn_in": [
                    "text"
                ],
                "from_hidden_wksp": false
            }
        ],
        "ts": "1514533852.000029"
    }
]