[
    {
        "type": "message",
        "text": "| seeking work | remote | 10+ yrs as full stack dev; Elm, Elixir, C#, Python, Javascript (Angular, Backbone, ExtJS etc.), SQL Server, MySQL\n\nI have professional Elm experience. \n\nDetails: <https:\/\/www.linkedin.com\/in\/kopotronic>\nLocation: east coast USA,  timezone: UTC-5",
        "user": "U596J1YLV",
        "ts": "1508786218.000046",
        "team": "T0CJ5UNHK",
        "user_team": "T0CJ5UNHK",
        "source_team": "T0CJ5UNHK",
        "user_profile": {
            "avatar_hash": "b6f11c4bcdb9",
            "image_72": "https:\/\/avatars.slack-edge.com\/2017-09-14\/240723200897_b6f11c4bcdb9d19d9d7a_72.jpg",
            "first_name": "Subrata",
            "real_name": "Subrata Das",
            "display_name": "subrata",
            "team": "T0CJ5UNHK",
            "name": "subrata",
            "is_restricted": false,
            "is_ultra_restricted": false
        },
        "blocks": [
            {
                "type": "rich_text",
                "block_id": "ylm",
                "elements": [
                    {
                        "type": "rich_text_section",
                        "elements": [
                            {
                                "type": "text",
                                "text": "| seeking work | remote | 10+ yrs as full stack dev; Elm, Elixir, C#, Python, Javascript (Angular, Backbone, ExtJS etc.), SQL Server, MySQL\n\nI have professional Elm experience. \n\nDetails: "
                            },
                            {
                                "type": "link",
                                "url": "https:\/\/www.linkedin.com\/in\/kopotronic"
                            },
                            {
                                "type": "text",
                                "text": "\nLocation: east coast USA,  timezone: UTC-5"
                            }
                        ]
                    }
                ]
            }
        ],
        "thread_ts": "1508786218.000046",
        "reply_count": 2,
        "reply_users_count": 2,
        "latest_reply": "1508956285.000217",
        "reply_users": [
            "U64C0KZHN",
            "U596J1YLV"
        ],
        "replies": [
            {
                "user": "U64C0KZHN",
                "ts": "1508939455.000591"
            },
            {
                "user": "U596J1YLV",
                "ts": "1508956285.000217"
            }
        ],
        "is_locked": false,
        "subscribed": false,
        "reactions": [
            {
                "name": "+1",
                "users": [
                    "U5E99RPK6",
                    "U0LEKMCRW",
                    "U1A6XRJ0K",
                    "U64C0KZHN",
                    "U0JD7JSUA"
                ],
                "count": 5
            }
        ]
    },
    {
        "type": "message",
        "subtype": "pinned_item",
        "text": "<@U596J1YLV> pinned a message to this channel.",
        "user": "U596J1YLV",
        "item_type": "C",
        "attachments": [
            {
                "fallback": "[October 23rd, 2017 12:16 PM] subrata: | seeking work | remote | 10+ yrs as full stack dev; Elm, Elixir, C#, Python, Javascript (Angular, Backbone, ExtJS etc.), SQL Server, MySQL\n\nI have professional Elm experience. \n\nDetails: <https:\/\/www.linkedin.com\/in\/kopotronic>\nLocation: east coast USA,  timezone: UTC-5",
                "ts": "1508786218.000046",
                "author_id": "U596J1YLV",
                "author_subname": "Subrata Das",
                "channel_id": "C0LUAGWRK",
                "channel_team": "T0CJ5UNHK",
                "channel_name": "jobs",
                "is_msg_unfurl": true,
                "is_thread_root_unfurl": true,
                "text": "| seeking work | remote | 10+ yrs as full stack dev; Elm, Elixir, C#, Python, Javascript (Angular, Backbone, ExtJS etc.), SQL Server, MySQL\n\nI have professional Elm experience. \n\nDetails: <https:\/\/www.linkedin.com\/in\/kopotronic>\nLocation: east coast USA,  timezone: UTC-5",
                "message_blocks": [
                    {
                        "team": "T0CJ5UNHK",
                        "channel": "C0LUAGWRK",
                        "ts": "1508786218.000046",
                        "message": {
                            "blocks": [
                                {
                                    "type": "rich_text",
                                    "block_id": "dI1",
                                    "elements": [
                                        {
                                            "type": "rich_text_section",
                                            "elements": [
                                                {
                                                    "type": "text",
                                                    "text": "| seeking work | remote | 10+ yrs as full stack dev; Elm, Elixir, C#, Python, Javascript (Angular, Backbone, ExtJS etc.), SQL Server, MySQL\n\nI have professional Elm experience. \n\nDetails: "
                                                },
                                                {
                                                    "type": "link",
                                                    "url": "https:\/\/www.linkedin.com\/in\/kopotronic"
                                                },
                                                {
                                                    "type": "text",
                                                    "text": "\nLocation: east coast USA,  timezone: UTC-5"
                                                }
                                            ]
                                        }
                                    ]
                                }
                            ]
                        }
                    }
                ],
                "author_name": "Subrata Das",
                "author_link": "https:\/\/elmlang.slack.com\/team\/U596J1YLV",
                "author_icon": "https:\/\/avatars.slack-edge.com\/2017-09-14\/240723200897_b6f11c4bcdb9d19d9d7a_48.jpg",
                "mrkdwn_in": [
                    "text"
                ],
                "from_hidden_wksp": false
            }
        ],
        "ts": "1508786247.000265"
    },
    {
        "type": "message",
        "text": "| Pacific Health Dynamics | Sydney, Australia (on-site with possibility of remote) | Software Engineer\n\nWe are seeking a front-end developer with at least some experience in functional programming to join a team rebuilding two of it's customer facing products using Elm. A background consisting of .NET, RESTful apis, js\/html\/css would be a bonus.\nThe team is small so being a self starter and taking ownership is critical to the success of the role. This is a great opportunity for anyone wishing to do Elm\/functional programming full time. Please either PM me or send your resume directly to <mailto:garrya@pacifichealthdynamics.com.au|garrya@pacifichealthdynamics.com.au>",
        "user": "U17R26VR8",
        "ts": "1508801752.000246",
        "team": "T0CJ5UNHK",
        "user_team": "T0CJ5UNHK",
        "source_team": "T0CJ5UNHK",
        "user_profile": {
            "avatar_hash": "d2958e51ba12",
            "image_72": "https:\/\/avatars.slack-edge.com\/2019-01-18\/526804239634_d2958e51ba12b82caf12_72.jpg",
            "first_name": "Joseph",
            "real_name": "Joseph Ni",
            "display_name": "mordrax",
            "team": "T0CJ5UNHK",
            "name": "mordrax",
            "is_restricted": false,
            "is_ultra_restricted": false
        },
        "blocks": [
            {
                "type": "rich_text",
                "block_id": "MxX",
                "elements": [
                    {
                        "type": "rich_text_section",
                        "elements": [
                            {
                                "type": "text",
                                "text": "| Pacific Health Dynamics | Sydney, Australia (on-site with possibility of remote) | Software Engineer\n\nWe are seeking a front-end developer with at least some experience in functional programming to join a team rebuilding two of it's customer facing products using Elm. A background consisting of .NET, RESTful apis, js\/html\/css would be a bonus.\nThe team is small so being a self starter and taking ownership is critical to the success of the role. This is a great opportunity for anyone wishing to do Elm\/functional programming full time. Please either PM me or send your resume directly to "
                            },
                            {
                                "type": "link",
                                "url": "mailto:garrya@pacifichealthdynamics.com.au",
                                "text": "garrya@pacifichealthdynamics.com.au",
                                "unsafe": true
                            }
                        ]
                    }
                ]
            }
        ],
        "reactions": [
            {
                "name": "+1",
                "users": [
                    "U6G528W1Z",
                    "U5E99RPK6"
                ],
                "count": 2
            }
        ]
    },
    {
        "type": "message",
        "subtype": "pinned_item",
        "text": "<@U3SJEDR96> pinned a message to this channel.",
        "user": "U3SJEDR96",
        "item_type": "C",
        "attachments": [
            {
                "fallback": "[October 23rd, 2017 4:35 PM] mordrax: | Pacific Health Dynamics | Sydney, Australia (on-site with possibility of remote) | Software Engineer\n\nWe are seeking a front-end developer with at least some experience in functional programming to join a team rebuilding two of it's customer facing products using Elm. A background consisting of .NET, RESTful apis, js\/html\/css would be a bonus.\nThe team is small so being a self starter and taking ownership is critical to the success of the role. This is a great opportunity for anyone wishing to do Elm\/functional programming full time. Please either PM me or send your resume directly to <mailto:garrya@pacifichealthdynamics.com.au|garrya@pacifichealthdynamics.com.au>",
                "ts": "1508801752.000246",
                "author_id": "U17R26VR8",
                "author_subname": "Joseph Ni",
                "channel_id": "C0LUAGWRK",
                "channel_team": "T0CJ5UNHK",
                "channel_name": "jobs",
                "is_msg_unfurl": true,
                "text": "| Pacific Health Dynamics | Sydney, Australia (on-site with possibility of remote) | Software Engineer\n\nWe are seeking a front-end developer with at least some experience in functional programming to join a team rebuilding two of it's customer facing products using Elm. A background consisting of .NET, RESTful apis, js\/html\/css would be a bonus.\nThe team is small so being a self starter and taking ownership is critical to the success of the role. This is a great opportunity for anyone wishing to do Elm\/functional programming full time. Please either PM me or send your resume directly to <mailto:garrya@pacifichealthdynamics.com.au|garrya@pacifichealthdynamics.com.au>",
                "message_blocks": [
                    {
                        "team": "T0CJ5UNHK",
                        "channel": "C0LUAGWRK",
                        "ts": "1508801752.000246",
                        "message": {
                            "blocks": [
                                {
                                    "type": "rich_text",
                                    "block_id": "bks",
                                    "elements": [
                                        {
                                            "type": "rich_text_section",
                                            "elements": [
                                                {
                                                    "type": "text",
                                                    "text": "| Pacific Health Dynamics | Sydney, Australia (on-site with possibility of remote) | Software Engineer\n\nWe are seeking a front-end developer with at least some experience in functional programming to join a team rebuilding two of it's customer facing products using Elm. A background consisting of .NET, RESTful apis, js\/html\/css would be a bonus.\nThe team is small so being a self starter and taking ownership is critical to the success of the role. This is a great opportunity for anyone wishing to do Elm\/functional programming full time. Please either PM me or send your resume directly to "
                                                },
                                                {
                                                    "type": "link",
                                                    "url": "mailto:garrya@pacifichealthdynamics.com.au",
                                                    "text": "garrya@pacifichealthdynamics.com.au",
                                                    "unsafe": true
                                                }
                                            ]
                                        }
                                    ]
                                }
                            ]
                        }
                    }
                ],
                "author_name": "Joseph Ni",
                "author_link": "https:\/\/elmlang.slack.com\/team\/U17R26VR8",
                "author_icon": "https:\/\/avatars.slack-edge.com\/2019-01-18\/526804239634_d2958e51ba12b82caf12_48.jpg",
                "mrkdwn_in": [
                    "text"
                ],
                "from_hidden_wksp": false
            }
        ],
        "ts": "1508801890.000237"
    }
]