[
    {
        "type": "message",
        "subtype": "channel_join",
        "ts": "1501501106.592599",
        "user": "U6F68K1HN",
        "text": "<@U6F68K1HN> has joined the channel"
    },
    {
        "type": "message",
        "text": "any blockchain knowledge \/ experience here?",
        "user": "U2RRNUK4K",
        "ts": "1501515733.739209",
        "team": "T0CJ5UNHK",
        "user_team": "T0CJ5UNHK",
        "source_team": "T0CJ5UNHK",
        "user_profile": {
            "avatar_hash": "fd758940adcc",
            "image_72": "https:\/\/avatars.slack-edge.com\/2016-10-20\/93933038021_fd758940adccfaa4163a_72.jpg",
            "first_name": "Kelvin",
            "real_name": "Kelvin Lockwood",
            "display_name": "kelvin",
            "team": "T0CJ5UNHK",
            "name": "kelvin",
            "is_restricted": false,
            "is_ultra_restricted": false
        },
        "blocks": [
            {
                "type": "rich_text",
                "block_id": "qtUX",
                "elements": [
                    {
                        "type": "rich_text_section",
                        "elements": [
                            {
                                "type": "text",
                                "text": "any blockchain knowledge \/ experience here?"
                            }
                        ]
                    }
                ]
            }
        ]
    },
    {
        "type": "message",
        "text": "Yes, though not looking for jobs, looking for talent.  :slightly_smiling_face:",
        "user": "U5G6HBA05",
        "ts": "1501516383.133875",
        "team": "T0CJ5UNHK",
        "user_team": "T0CJ5UNHK",
        "source_team": "T0CJ5UNHK",
        "user_profile": {
            "avatar_hash": "g0b2bfa28a2c",
            "image_72": "https:\/\/secure.gravatar.com\/avatar\/c0b2bfa28a2c809735b4209cbfcd357d.jpg?s=72&d=https%3A%2F%2Fa.slack-edge.com%2Fdf10d%2Fimg%2Favatars%2Fava_0011-72.png",
            "first_name": "Micah",
            "real_name": "Micah Zoltu",
            "display_name": "micah.zoltu",
            "team": "T0CJ5UNHK",
            "name": "micah.zoltu",
            "is_restricted": false,
            "is_ultra_restricted": false
        },
        "blocks": [
            {
                "type": "rich_text",
                "block_id": "=6l",
                "elements": [
                    {
                        "type": "rich_text_section",
                        "elements": [
                            {
                                "type": "text",
                                "text": "Yes, though not looking for jobs, looking for talent.  "
                            },
                            {
                                "type": "emoji",
                                "name": "slightly_smiling_face",
                                "unicode": "1f642"
                            }
                        ]
                    }
                ]
            }
        ]
    },
    {
        "type": "message",
        "subtype": "channel_join",
        "ts": "1501526343.644521",
        "user": "U6G2VBMT4",
        "text": "<@U6G2VBMT4> has joined the channel"
    },
    {
        "type": "message",
        "subtype": "channel_join",
        "ts": "1501544831.448756",
        "user": "U6G528W1Z",
        "text": "<@U6G528W1Z> has joined the channel"
    },
    {
        "type": "message",
        "subtype": "channel_join",
        "ts": "1501564553.055863",
        "user": "U66NWS8N6",
        "text": "<@U66NWS8N6> has joined the channel"
    }
]