[
    {
        "type": "message",
        "subtype": "channel_join",
        "ts": "1483978870.000141",
        "user": "U1CHKCKBR",
        "text": "<@U1CHKCKBR> has joined the channel"
    },
    {
        "type": "message",
        "text": "Hello,",
        "user": "U24022AN5",
        "ts": "1483991567.000142",
        "team": "T0CJ5UNHK",
        "user_team": "T0CJ5UNHK",
        "source_team": "T0CJ5UNHK",
        "user_profile": {
            "avatar_hash": "9bec2c92c64e",
            "image_72": "https:\/\/avatars.slack-edge.com\/2016-08-25\/72827440692_9bec2c92c64ebb808e3f_72.jpg",
            "first_name": "Arnaud",
            "real_name": "Arnaud Bailly",
            "display_name": "arnaud",
            "team": "T0CJ5UNHK",
            "name": "arnaud",
            "is_restricted": false,
            "is_ultra_restricted": false
        },
        "blocks": [
            {
                "type": "rich_text",
                "block_id": "mIy",
                "elements": [
                    {
                        "type": "rich_text_section",
                        "elements": [
                            {
                                "type": "text",
                                "text": "Hello,"
                            }
                        ]
                    }
                ]
            }
        ]
    },
    {
        "type": "message",
        "text": "I am currently working to grow a startup in the real-estate domain and we are looking for someone to help us develop our product",
        "user": "U24022AN5",
        "ts": "1483991653.000143",
        "team": "T0CJ5UNHK",
        "user_team": "T0CJ5UNHK",
        "source_team": "T0CJ5UNHK",
        "user_profile": {
            "avatar_hash": "9bec2c92c64e",
            "image_72": "https:\/\/avatars.slack-edge.com\/2016-08-25\/72827440692_9bec2c92c64ebb808e3f_72.jpg",
            "first_name": "Arnaud",
            "real_name": "Arnaud Bailly",
            "display_name": "arnaud",
            "team": "T0CJ5UNHK",
            "name": "arnaud",
            "is_restricted": false,
            "is_ultra_restricted": false
        },
        "blocks": [
            {
                "type": "rich_text",
                "block_id": "RIq",
                "elements": [
                    {
                        "type": "rich_text_section",
                        "elements": [
                            {
                                "type": "text",
                                "text": "I am currently working to grow a startup in the real-estate domain and we are looking for someone to help us develop our product"
                            }
                        ]
                    }
                ]
            }
        ]
    },
    {
        "type": "message",
        "text": "At the moment we are looking for a short-term contract, about 2-3 months, to work on a specific feature of the platform we are building. The backend will be part of the whole system but the front-end can evolve in an independent interface, both targeting web and mobile app devices. The core work will be front-end but depending on the person, it can be full-stack. Our main  front-end is developed in Elm and the backend in Haskell, but I am open to other configurations as long as it can be packaged in a Docker and I can read and work with it. This pretty much rules out only PHP :slightly_smiling_face:. \n\nDepending on how things evolve, this contracting could be repeated or transform itself into a full-time hire. Actually, we would definitely like to hire someone in the near future (3-6 months, depending on funding).\n\nWe are located in Singapore but I personally work remotely from France, so remote work is definitely an option. If you are interested\/need more details\/want to chat, feel free to contact me here or privately",
        "user": "U24022AN5",
        "ts": "1483991759.000144",
        "team": "T0CJ5UNHK",
        "user_team": "T0CJ5UNHK",
        "source_team": "T0CJ5UNHK",
        "user_profile": {
            "avatar_hash": "9bec2c92c64e",
            "image_72": "https:\/\/avatars.slack-edge.com\/2016-08-25\/72827440692_9bec2c92c64ebb808e3f_72.jpg",
            "first_name": "Arnaud",
            "real_name": "Arnaud Bailly",
            "display_name": "arnaud",
            "team": "T0CJ5UNHK",
            "name": "arnaud",
            "is_restricted": false,
            "is_ultra_restricted": false
        },
        "edited": {
            "user": "U24022AN5",
            "ts": "1484020220.000000"
        },
        "blocks": [
            {
                "type": "rich_text",
                "block_id": "DS7x8",
                "elements": [
                    {
                        "type": "rich_text_section",
                        "elements": [
                            {
                                "type": "text",
                                "text": "At the moment we are looking for a short-term contract, about 2-3 months, to work on a specific feature of the platform we are building. The backend will be part of the whole system but the front-end can evolve in an independent interface, both targeting web and mobile app devices. The core work will be front-end but depending on the person, it can be full-stack. Our main  front-end is developed in Elm and the backend in Haskell, but I am open to other configurations as long as it can be packaged in a Docker and I can read and work with it. This pretty much rules out only PHP "
                            },
                            {
                                "type": "emoji",
                                "name": "slightly_smiling_face",
                                "unicode": "1f642"
                            },
                            {
                                "type": "text",
                                "text": ". \n\nDepending on how things evolve, this contracting could be repeated or transform itself into a full-time hire. Actually, we would definitely like to hire someone in the near future (3-6 months, depending on funding).\n\nWe are located in Singapore but I personally work remotely from France, so remote work is definitely an option. If you are interested\/need more details\/want to chat, feel free to contact me here or privately"
                            }
                        ]
                    }
                ]
            }
        ]
    },
    {
        "type": "message",
        "text": "Do you have a link or something?",
        "user": "U0EUHKVGB",
        "ts": "1483993557.000145",
        "team": "T0CJ5UNHK",
        "user_team": "T0CJ5UNHK",
        "source_team": "T0CJ5UNHK",
        "user_profile": {
            "avatar_hash": "gc10c2d32882",
            "image_72": "https:\/\/secure.gravatar.com\/avatar\/9c10c2d328820b42f7624edcc76d4157.jpg?s=72&d=https%3A%2F%2Fa.slack-edge.com%2Fdf10d%2Fimg%2Favatars%2Fava_0015-72.png",
            "first_name": "eeue56",
            "real_name": "eeue56",
            "display_name": "eeue56",
            "team": "T0CJ5UNHK",
            "name": "eeue56",
            "is_restricted": false,
            "is_ultra_restricted": false
        },
        "blocks": [
            {
                "type": "rich_text",
                "block_id": "CQY",
                "elements": [
                    {
                        "type": "rich_text_section",
                        "elements": [
                            {
                                "type": "text",
                                "text": "Do you have a link or something?"
                            }
                        ]
                    }
                ]
            }
        ]
    },
    {
        "type": "message",
        "subtype": "pinned_item",
        "text": "<@U0EUHKVGB> pinned a message to this channel.",
        "user": "U0EUHKVGB",
        "item_type": "C",
        "attachments": [
            {
                "fallback": "[January 9th, 2017 11:55 AM] arnaud: At the moment we are looking for a short-term contract, about 2-3 months, to work on a specific feature of the platform we are building. The backend will be part of the whole system but the front-end can evolve in an independent interface, both targeting web and mobile app devices. The core work will be front-end but depending on the person, it can be full-stack. Our main  front-end is developed in Elm and the backend in Haskell, but I am open to other configurations as long as it can be packaged in a Docker and I can read and work with it. This pretty much rules out only PHP :slightly_smiling_face:. \n\nDepending on how things evolve, this contracting could be repeated or transform itself into a full-time hire. Actually, we would definitely like to hire someone in the near future (3-6 months, depending on funding).\n\nWe are located in Singapore but I personally work remotely from France, so remote work is definitely an option. If you are interested\/need more details\/want to chat, feel free to contact me here or privately",
                "ts": "1483991759.000144",
                "author_id": "U24022AN5",
                "author_subname": "Arnaud Bailly",
                "channel_id": "C0LUAGWRK",
                "channel_team": "T0CJ5UNHK",
                "channel_name": "jobs",
                "is_msg_unfurl": true,
                "text": "At the moment we are looking for a short-term contract, about 2-3 months, to work on a specific feature of the platform we are building. The backend will be part of the whole system but the front-end can evolve in an independent interface, both targeting web and mobile app devices. The core work will be front-end but depending on the person, it can be full-stack. Our main  front-end is developed in Elm and the backend in Haskell, but I am open to other configurations as long as it can be packaged in a Docker and I can read and work with it. This pretty much rules out only PHP :slightly_smiling_face:. \n\nDepending on how things evolve, this contracting could be repeated or transform itself into a full-time hire. Actually, we would definitely like to hire someone in the near future (3-6 months, depending on funding).\n\nWe are located in Singapore but I personally work remotely from France, so remote work is definitely an option. If you are interested\/need more details\/want to chat, feel free to contact me here or privately",
                "message_blocks": [
                    {
                        "team": "T0CJ5UNHK",
                        "channel": "C0LUAGWRK",
                        "ts": "1483991759.000144",
                        "message": {
                            "blocks": [
                                {
                                    "type": "rich_text",
                                    "block_id": "I143",
                                    "elements": [
                                        {
                                            "type": "rich_text_section",
                                            "elements": [
                                                {
                                                    "type": "text",
                                                    "text": "At the moment we are looking for a short-term contract, about 2-3 months, to work on a specific feature of the platform we are building. The backend will be part of the whole system but the front-end can evolve in an independent interface, both targeting web and mobile app devices. The core work will be front-end but depending on the person, it can be full-stack. Our main  front-end is developed in Elm and the backend in Haskell, but I am open to other configurations as long as it can be packaged in a Docker and I can read and work with it. This pretty much rules out only PHP "
                                                },
                                                {
                                                    "type": "emoji",
                                                    "name": "slightly_smiling_face",
                                                    "unicode": "1f642"
                                                },
                                                {
                                                    "type": "text",
                                                    "text": ". \n\nDepending on how things evolve, this contracting could be repeated or transform itself into a full-time hire. Actually, we would definitely like to hire someone in the near future (3-6 months, depending on funding).\n\nWe are located in Singapore but I personally work remotely from France, so remote work is definitely an option. If you are interested\/need more details\/want to chat, feel free to contact me here or privately"
                                                }
                                            ]
                                        }
                                    ]
                                }
                            ]
                        }
                    }
                ],
                "author_name": "Arnaud Bailly",
                "author_link": "https:\/\/elmlang.slack.com\/team\/U24022AN5",
                "author_icon": "https:\/\/avatars.slack-edge.com\/2016-08-25\/72827440692_9bec2c92c64ebb808e3f_48.jpg",
                "mrkdwn_in": [
                    "text"
                ],
                "from_hidden_wksp": false
            }
        ],
        "ts": "1483993565.000146"
    },
    {
        "type": "message",
        "text": "a link to the job or the product?",
        "user": "U24022AN5",
        "ts": "1483994481.000147",
        "team": "T0CJ5UNHK",
        "user_team": "T0CJ5UNHK",
        "source_team": "T0CJ5UNHK",
        "user_profile": {
            "avatar_hash": "9bec2c92c64e",
            "image_72": "https:\/\/avatars.slack-edge.com\/2016-08-25\/72827440692_9bec2c92c64ebb808e3f_72.jpg",
            "first_name": "Arnaud",
            "real_name": "Arnaud Bailly",
            "display_name": "arnaud",
            "team": "T0CJ5UNHK",
            "name": "arnaud",
            "is_restricted": false,
            "is_ultra_restricted": false
        },
        "blocks": [
            {
                "type": "rich_text",
                "block_id": "TOFQ7",
                "elements": [
                    {
                        "type": "rich_text_section",
                        "elements": [
                            {
                                "type": "text",
                                "text": "a link to the job or the product?"
                            }
                        ]
                    }
                ]
            }
        ]
    },
    {
        "type": "message",
        "text": "Job, ideally",
        "user": "U0EUHKVGB",
        "ts": "1483994492.000148",
        "team": "T0CJ5UNHK",
        "user_team": "T0CJ5UNHK",
        "source_team": "T0CJ5UNHK",
        "user_profile": {
            "avatar_hash": "gc10c2d32882",
            "image_72": "https:\/\/secure.gravatar.com\/avatar\/9c10c2d328820b42f7624edcc76d4157.jpg?s=72&d=https%3A%2F%2Fa.slack-edge.com%2Fdf10d%2Fimg%2Favatars%2Fava_0015-72.png",
            "first_name": "eeue56",
            "real_name": "eeue56",
            "display_name": "eeue56",
            "team": "T0CJ5UNHK",
            "name": "eeue56",
            "is_restricted": false,
            "is_ultra_restricted": false
        },
        "blocks": [
            {
                "type": "rich_text",
                "block_id": "x78hf",
                "elements": [
                    {
                        "type": "rich_text_section",
                        "elements": [
                            {
                                "type": "text",
                                "text": "Job, ideally"
                            }
                        ]
                    }
                ]
            }
        ]
    },
    {
        "type": "message",
        "text": "Please update your post if you do",
        "user": "U0EUHKVGB",
        "ts": "1483994503.000149",
        "team": "T0CJ5UNHK",
        "user_team": "T0CJ5UNHK",
        "source_team": "T0CJ5UNHK",
        "user_profile": {
            "avatar_hash": "gc10c2d32882",
            "image_72": "https:\/\/secure.gravatar.com\/avatar\/9c10c2d328820b42f7624edcc76d4157.jpg?s=72&d=https%3A%2F%2Fa.slack-edge.com%2Fdf10d%2Fimg%2Favatars%2Fava_0015-72.png",
            "first_name": "eeue56",
            "real_name": "eeue56",
            "display_name": "eeue56",
            "team": "T0CJ5UNHK",
            "name": "eeue56",
            "is_restricted": false,
            "is_ultra_restricted": false
        },
        "blocks": [
            {
                "type": "rich_text",
                "block_id": "V7Jt",
                "elements": [
                    {
                        "type": "rich_text_section",
                        "elements": [
                            {
                                "type": "text",
                                "text": "Please update your post if you do"
                            }
                        ]
                    }
                ]
            }
        ]
    },
    {
        "type": "message",
        "text": "Thanks, will do",
        "user": "U24022AN5",
        "ts": "1483994510.000150",
        "team": "T0CJ5UNHK",
        "user_team": "T0CJ5UNHK",
        "source_team": "T0CJ5UNHK",
        "user_profile": {
            "avatar_hash": "9bec2c92c64e",
            "image_72": "https:\/\/avatars.slack-edge.com\/2016-08-25\/72827440692_9bec2c92c64ebb808e3f_72.jpg",
            "first_name": "Arnaud",
            "real_name": "Arnaud Bailly",
            "display_name": "arnaud",
            "team": "T0CJ5UNHK",
            "name": "arnaud",
            "is_restricted": false,
            "is_ultra_restricted": false
        },
        "blocks": [
            {
                "type": "rich_text",
                "block_id": "w+G",
                "elements": [
                    {
                        "type": "rich_text_section",
                        "elements": [
                            {
                                "type": "text",
                                "text": "Thanks, will do"
                            }
                        ]
                    }
                ]
            }
        ],
        "reactions": [
            {
                "name": "+1",
                "users": [
                    "U2M3TVBSB"
                ],
                "count": 1
            }
        ]
    },
    {
        "type": "message",
        "text": "(pinned messages will be saved - those which aren't pinned are lost)",
        "user": "U0EUHKVGB",
        "ts": "1483994520.000151",
        "team": "T0CJ5UNHK",
        "user_team": "T0CJ5UNHK",
        "source_team": "T0CJ5UNHK",
        "user_profile": {
            "avatar_hash": "gc10c2d32882",
            "image_72": "https:\/\/secure.gravatar.com\/avatar\/9c10c2d328820b42f7624edcc76d4157.jpg?s=72&d=https%3A%2F%2Fa.slack-edge.com%2Fdf10d%2Fimg%2Favatars%2Fava_0015-72.png",
            "first_name": "eeue56",
            "real_name": "eeue56",
            "display_name": "eeue56",
            "team": "T0CJ5UNHK",
            "name": "eeue56",
            "is_restricted": false,
            "is_ultra_restricted": false
        },
        "blocks": [
            {
                "type": "rich_text",
                "block_id": "MK09",
                "elements": [
                    {
                        "type": "rich_text_section",
                        "elements": [
                            {
                                "type": "text",
                                "text": "(pinned messages will be saved - those which aren't pinned are lost)"
                            }
                        ]
                    }
                ]
            }
        ]
    },
    {
        "type": "message",
        "text": "Did not know that… I wasn’t seeing old messages hence not sure about the level of details",
        "user": "U24022AN5",
        "ts": "1483994545.000152",
        "team": "T0CJ5UNHK",
        "user_team": "T0CJ5UNHK",
        "source_team": "T0CJ5UNHK",
        "user_profile": {
            "avatar_hash": "9bec2c92c64e",
            "image_72": "https:\/\/avatars.slack-edge.com\/2016-08-25\/72827440692_9bec2c92c64ebb808e3f_72.jpg",
            "first_name": "Arnaud",
            "real_name": "Arnaud Bailly",
            "display_name": "arnaud",
            "team": "T0CJ5UNHK",
            "name": "arnaud",
            "is_restricted": false,
            "is_ultra_restricted": false
        },
        "blocks": [
            {
                "type": "rich_text",
                "block_id": "L2Hd",
                "elements": [
                    {
                        "type": "rich_text_section",
                        "elements": [
                            {
                                "type": "text",
                                "text": "Did not know that… I wasn’t seeing old messages hence not sure about the level of details"
                            }
                        ]
                    }
                ]
            }
        ]
    },
    {
        "type": "message",
        "text": "I've pinned all the jobs to right -&gt;",
        "user": "U0EUHKVGB",
        "ts": "1483994709.000153",
        "team": "T0CJ5UNHK",
        "user_team": "T0CJ5UNHK",
        "source_team": "T0CJ5UNHK",
        "user_profile": {
            "avatar_hash": "gc10c2d32882",
            "image_72": "https:\/\/secure.gravatar.com\/avatar\/9c10c2d328820b42f7624edcc76d4157.jpg?s=72&d=https%3A%2F%2Fa.slack-edge.com%2Fdf10d%2Fimg%2Favatars%2Fava_0015-72.png",
            "first_name": "eeue56",
            "real_name": "eeue56",
            "display_name": "eeue56",
            "team": "T0CJ5UNHK",
            "name": "eeue56",
            "is_restricted": false,
            "is_ultra_restricted": false
        },
        "blocks": [
            {
                "type": "rich_text",
                "block_id": "caH",
                "elements": [
                    {
                        "type": "rich_text_section",
                        "elements": [
                            {
                                "type": "text",
                                "text": "I've pinned all the jobs to right ->"
                            }
                        ]
                    }
                ]
            }
        ],
        "reactions": [
            {
                "name": "+1",
                "users": [
                    "U0K7S1481",
                    "U2M9FJV5E"
                ],
                "count": 2
            }
        ]
    },
    {
        "type": "message",
        "text": "and you can checkout the history in here: <http:\/\/elmlang.slackarchive.io\/jobs\/>",
        "user": "U0EUHKVGB",
        "ts": "1483994749.000154",
        "team": "T0CJ5UNHK",
        "user_team": "T0CJ5UNHK",
        "source_team": "T0CJ5UNHK",
        "user_profile": {
            "avatar_hash": "gc10c2d32882",
            "image_72": "https:\/\/secure.gravatar.com\/avatar\/9c10c2d328820b42f7624edcc76d4157.jpg?s=72&d=https%3A%2F%2Fa.slack-edge.com%2Fdf10d%2Fimg%2Favatars%2Fava_0015-72.png",
            "first_name": "eeue56",
            "real_name": "eeue56",
            "display_name": "eeue56",
            "team": "T0CJ5UNHK",
            "name": "eeue56",
            "is_restricted": false,
            "is_ultra_restricted": false
        },
        "blocks": [
            {
                "type": "rich_text",
                "block_id": "0Wk2c",
                "elements": [
                    {
                        "type": "rich_text_section",
                        "elements": [
                            {
                                "type": "text",
                                "text": "and you can checkout the history in here: "
                            },
                            {
                                "type": "link",
                                "url": "http:\/\/elmlang.slackarchive.io\/jobs\/"
                            }
                        ]
                    }
                ]
            }
        ]
    },
    {
        "type": "message",
        "text": "Good to know. Was not aware of this feature",
        "user": "U24022AN5",
        "ts": "1483994919.000155",
        "team": "T0CJ5UNHK",
        "user_team": "T0CJ5UNHK",
        "source_team": "T0CJ5UNHK",
        "user_profile": {
            "avatar_hash": "9bec2c92c64e",
            "image_72": "https:\/\/avatars.slack-edge.com\/2016-08-25\/72827440692_9bec2c92c64ebb808e3f_72.jpg",
            "first_name": "Arnaud",
            "real_name": "Arnaud Bailly",
            "display_name": "arnaud",
            "team": "T0CJ5UNHK",
            "name": "arnaud",
            "is_restricted": false,
            "is_ultra_restricted": false
        },
        "blocks": [
            {
                "type": "rich_text",
                "block_id": "I5N",
                "elements": [
                    {
                        "type": "rich_text_section",
                        "elements": [
                            {
                                "type": "text",
                                "text": "Good to know. Was not aware of this feature"
                            }
                        ]
                    }
                ]
            }
        ]
    },
    {
        "type": "message",
        "subtype": "channel_join",
        "ts": "1484032105.000158",
        "user": "U3Q2G1Q14",
        "text": "<@U3Q2G1Q14> has joined the channel"
    }
]