[
    {
        "type": "message",
        "subtype": "channel_join",
        "ts": "1495407395.971939",
        "user": "U5G6HBA05",
        "text": "<@U5G6HBA05> has joined the channel"
    },
    {
        "type": "message",
        "text": "I'm interested in hiring someone to help me learn Elm via a small project I'm working on.  It is basically just a simple single-page form, but I want to use it as an opportunity to learn Elm by watching someone else work through the problem (by watch I mean monitoring GitHub pull requests).",
        "user": "U5G6HBA05",
        "ts": "1495407492.976744",
        "team": "T0CJ5UNHK",
        "user_team": "T0CJ5UNHK",
        "source_team": "T0CJ5UNHK",
        "user_profile": {
            "avatar_hash": "g0b2bfa28a2c",
            "image_72": "https:\/\/secure.gravatar.com\/avatar\/c0b2bfa28a2c809735b4209cbfcd357d.jpg?s=72&d=https%3A%2F%2Fa.slack-edge.com%2Fdf10d%2Fimg%2Favatars%2Fava_0011-72.png",
            "first_name": "Micah",
            "real_name": "Micah Zoltu",
            "display_name": "micah.zoltu",
            "team": "T0CJ5UNHK",
            "name": "micah.zoltu",
            "is_restricted": false,
            "is_ultra_restricted": false
        },
        "blocks": [
            {
                "type": "rich_text",
                "block_id": "UeCJ",
                "elements": [
                    {
                        "type": "rich_text_section",
                        "elements": [
                            {
                                "type": "text",
                                "text": "I'm interested in hiring someone to help me learn Elm via a small project I'm working on.  It is basically just a simple single-page form, but I want to use it as an opportunity to learn Elm by watching someone else work through the problem (by watch I mean monitoring GitHub pull requests)."
                            }
                        ]
                    }
                ]
            }
        ]
    },
    {
        "type": "message",
        "text": "Ideal person would be familiar enough with Elm to be able to explain things to me as I ask questions like, \"What does that do?\" or \"Why did you do that?\" without having to resort to \"because that is what other people do\".  They would also be very good at submitting very small iterative PRs.  I suspect an experienced developer could finish this project in a few hours, but I'm more interested in seeing the work spread out into a series of very small pull requests that I can work through.  Some JavaScript interop will be necessary (need to use some 3rd party libraries for interfacing with an external system) but nothing too complicated.",
        "user": "U5G6HBA05",
        "ts": "1495407622.983927",
        "team": "T0CJ5UNHK",
        "user_team": "T0CJ5UNHK",
        "source_team": "T0CJ5UNHK",
        "user_profile": {
            "avatar_hash": "g0b2bfa28a2c",
            "image_72": "https:\/\/secure.gravatar.com\/avatar\/c0b2bfa28a2c809735b4209cbfcd357d.jpg?s=72&d=https%3A%2F%2Fa.slack-edge.com%2Fdf10d%2Fimg%2Favatars%2Fava_0011-72.png",
            "first_name": "Micah",
            "real_name": "Micah Zoltu",
            "display_name": "micah.zoltu",
            "team": "T0CJ5UNHK",
            "name": "micah.zoltu",
            "is_restricted": false,
            "is_ultra_restricted": false
        },
        "blocks": [
            {
                "type": "rich_text",
                "block_id": "IXI",
                "elements": [
                    {
                        "type": "rich_text_section",
                        "elements": [
                            {
                                "type": "text",
                                "text": "Ideal person would be familiar enough with Elm to be able to explain things to me as I ask questions like, \"What does that do?\" or \"Why did you do that?\" without having to resort to \"because that is what other people do\".  They would also be very good at submitting very small iterative PRs.  I suspect an experienced developer could finish this project in a few hours, but I'm more interested in seeing the work spread out into a series of very small pull requests that I can work through.  Some JavaScript interop will be necessary (need to use some 3rd party libraries for interfacing with an external system) but nothing too complicated."
                            }
                        ]
                    }
                ]
            }
        ]
    },
    {
        "type": "message",
        "text": "Target price would be \"value\", I'm just one guy not a big company but I also am an engineer and I recognize that engineers cost money.",
        "user": "U5G6HBA05",
        "ts": "1495407754.991596",
        "team": "T0CJ5UNHK",
        "user_team": "T0CJ5UNHK",
        "source_team": "T0CJ5UNHK",
        "user_profile": {
            "avatar_hash": "g0b2bfa28a2c",
            "image_72": "https:\/\/secure.gravatar.com\/avatar\/c0b2bfa28a2c809735b4209cbfcd357d.jpg?s=72&d=https%3A%2F%2Fa.slack-edge.com%2Fdf10d%2Fimg%2Favatars%2Fava_0011-72.png",
            "first_name": "Micah",
            "real_name": "Micah Zoltu",
            "display_name": "micah.zoltu",
            "team": "T0CJ5UNHK",
            "name": "micah.zoltu",
            "is_restricted": false,
            "is_ultra_restricted": false
        },
        "edited": {
            "user": "U5G6HBA05",
            "ts": "1495407761.000000"
        },
        "blocks": [
            {
                "type": "rich_text",
                "block_id": "D+7",
                "elements": [
                    {
                        "type": "rich_text_section",
                        "elements": [
                            {
                                "type": "text",
                                "text": "Target price would be \"value\", I'm just one guy not a big company but I also am an engineer and I recognize that engineers cost money."
                            }
                        ]
                    }
                ]
            }
        ]
    }
]