[
    {
        "type": "message",
        "subtype": "channel_join",
        "ts": "1490263084.114151",
        "user": "U4NK7KES1",
        "text": "<@U4NK7KES1> has joined the channel"
    },
    {
        "type": "message",
        "text": "I second that comment by <@U0Q6ENVJR>, they are some of the best and nicest folks I’ve had a pleasure to talk to about tech :slightly_smiling_face:",
        "user": "U1CDP5G1H",
        "ts": "1490269041.151865",
        "team": "T0CJ5UNHK",
        "user_team": "T0CJ5UNHK",
        "source_team": "T0CJ5UNHK",
        "user_profile": {
            "avatar_hash": "98bc14ded668",
            "image_72": "https:\/\/avatars.slack-edge.com\/2017-02-19\/143541361970_98bc14ded6689912c003_72.jpg",
            "first_name": "Ricard",
            "real_name": "Ricard Sole Casas",
            "display_name": "ricard",
            "team": "T0CJ5UNHK",
            "name": "ricard",
            "is_restricted": false,
            "is_ultra_restricted": false
        },
        "edited": {
            "user": "U1CDP5G1H",
            "ts": "1490269082.000000"
        },
        "blocks": [
            {
                "type": "rich_text",
                "block_id": "2yY\/G",
                "elements": [
                    {
                        "type": "rich_text_section",
                        "elements": [
                            {
                                "type": "text",
                                "text": "I second that comment by "
                            },
                            {
                                "type": "user",
                                "user_id": "U0Q6ENVJR"
                            },
                            {
                                "type": "text",
                                "text": ", they are some of the best and nicest folks I’ve had a pleasure to talk to about tech "
                            },
                            {
                                "type": "emoji",
                                "name": "slightly_smiling_face",
                                "unicode": "1f642"
                            }
                        ]
                    }
                ]
            }
        ]
    },
    {
        "type": "message",
        "text": "Yeah, SoPost looks good, but `£25k - 35k` is quite a sharp cut in salary for me, so I've been hesitant to apply.",
        "user": "U17P7CBFB",
        "ts": "1490273625.952950",
        "team": "T0CJ5UNHK",
        "user_team": "T0CJ5UNHK",
        "source_team": "T0CJ5UNHK",
        "user_profile": {
            "avatar_hash": "g0a6d3665624",
            "image_72": "https:\/\/secure.gravatar.com\/avatar\/70a6d3665624041d2f1bdb5faa31752b.jpg?s=72&d=https%3A%2F%2Fa.slack-edge.com%2Fdf10d%2Fimg%2Favatars%2Fava_0022-72.png",
            "first_name": "Filip",
            "real_name": "Filip Haglund",
            "display_name": "drathier",
            "team": "T0CJ5UNHK",
            "name": "drathier",
            "is_restricted": false,
            "is_ultra_restricted": false
        },
        "blocks": [
            {
                "type": "rich_text",
                "block_id": "R0DI",
                "elements": [
                    {
                        "type": "rich_text_section",
                        "elements": [
                            {
                                "type": "text",
                                "text": "Yeah, SoPost looks good, but "
                            },
                            {
                                "type": "text",
                                "text": "£25k - 35k",
                                "style": {
                                    "code": true
                                }
                            },
                            {
                                "type": "text",
                                "text": " is quite a sharp cut in salary for me, so I've been hesitant to apply."
                            }
                        ]
                    }
                ]
            }
        ]
    },
    {
        "type": "message",
        "text": "But of course, great people, remote work and writing in functional languages are great reasons to switch :slightly_smiling_face:",
        "user": "U17P7CBFB",
        "ts": "1490273745.975762",
        "team": "T0CJ5UNHK",
        "user_team": "T0CJ5UNHK",
        "source_team": "T0CJ5UNHK",
        "user_profile": {
            "avatar_hash": "g0a6d3665624",
            "image_72": "https:\/\/secure.gravatar.com\/avatar\/70a6d3665624041d2f1bdb5faa31752b.jpg?s=72&d=https%3A%2F%2Fa.slack-edge.com%2Fdf10d%2Fimg%2Favatars%2Fava_0022-72.png",
            "first_name": "Filip",
            "real_name": "Filip Haglund",
            "display_name": "drathier",
            "team": "T0CJ5UNHK",
            "name": "drathier",
            "is_restricted": false,
            "is_ultra_restricted": false
        },
        "blocks": [
            {
                "type": "rich_text",
                "block_id": "4tlwX",
                "elements": [
                    {
                        "type": "rich_text_section",
                        "elements": [
                            {
                                "type": "text",
                                "text": "But of course, great people, remote work and writing in functional languages are great reasons to switch "
                            },
                            {
                                "type": "emoji",
                                "name": "slightly_smiling_face",
                                "unicode": "1f642"
                            }
                        ]
                    }
                ]
            }
        ]
    },
    {
        "type": "message",
        "text": "It's a sweet area. You're over at Kuali, aren't you <@U0F5SH6UQ> ?",
        "user": "U426CQXAL",
        "ts": "1490304406.927713",
        "team": "T0CJ5UNHK",
        "user_team": "T0CJ5UNHK",
        "source_team": "T0CJ5UNHK",
        "user_profile": {
            "avatar_hash": "ge5e8e746dff",
            "image_72": "https:\/\/secure.gravatar.com\/avatar\/de5e8e746dff6c7d660bc47ef42ce290.jpg?s=72&d=https%3A%2F%2Fa.slack-edge.com%2Fdf10d%2Fimg%2Favatars%2Fava_0019-72.png",
            "first_name": "Cody",
            "real_name": "Cody Poll",
            "display_name": "cjpoll",
            "team": "T0CJ5UNHK",
            "name": "cjpoll",
            "is_restricted": false,
            "is_ultra_restricted": false
        },
        "blocks": [
            {
                "type": "rich_text",
                "block_id": "DM6",
                "elements": [
                    {
                        "type": "rich_text_section",
                        "elements": [
                            {
                                "type": "text",
                                "text": "It's a sweet area. You're over at Kuali, aren't you "
                            },
                            {
                                "type": "user",
                                "user_id": "U0F5SH6UQ"
                            },
                            {
                                "type": "text",
                                "text": " ?"
                            }
                        ]
                    }
                ]
            }
        ],
        "thread_ts": "1489609695.184205",
        "parent_user_id": "U0H8PND27"
    },
    {
        "type": "message",
        "text": "I used to be, good memory <@U426CQXAL> ! I’m at Day One now, also in Lehi",
        "user": "U0F5SH6UQ",
        "ts": "1490304440.935064",
        "team": "T0CJ5UNHK",
        "user_team": "T0CJ5UNHK",
        "source_team": "T0CJ5UNHK",
        "user_profile": {
            "avatar_hash": "d0629567aab3",
            "image_72": "https:\/\/avatars.slack-edge.com\/2017-10-18\/258332157124_d0629567aab3a37c03b2_72.jpg",
            "first_name": "Murphy",
            "real_name": "Murphy Randle",
            "display_name": "splodingsocks",
            "team": "T0CJ5UNHK",
            "name": "splodingsocks",
            "is_restricted": false,
            "is_ultra_restricted": false
        },
        "blocks": [
            {
                "type": "rich_text",
                "block_id": "1Tc",
                "elements": [
                    {
                        "type": "rich_text_section",
                        "elements": [
                            {
                                "type": "text",
                                "text": "I used to be, good memory "
                            },
                            {
                                "type": "user",
                                "user_id": "U426CQXAL"
                            },
                            {
                                "type": "text",
                                "text": " ! I’m at Day One now, also in Lehi"
                            }
                        ]
                    }
                ]
            }
        ],
        "thread_ts": "1489609695.184205",
        "parent_user_id": "U0H8PND27"
    },
    {
        "type": "message",
        "subtype": "channel_join",
        "ts": "1490309571.881743",
        "user": "U4872964V",
        "text": "<@U4872964V> has joined the channel"
    },
    {
        "type": "message",
        "text": "<@U0Q6ENVJR> <@U1CDP5G1H> <@U17P7CBFB> but in the job description they say you have to be in UK even for the remote position(",
        "user": "U1D7SLE4Q",
        "ts": "1490338646.626441",
        "team": "T0CJ5UNHK",
        "user_team": "T0CJ5UNHK",
        "source_team": "T0CJ5UNHK",
        "user_profile": {
            "avatar_hash": "g040fae8bcfa",
            "image_72": "https:\/\/secure.gravatar.com\/avatar\/6040fae8bcfae13e592950cec1a56e58.jpg?s=72&d=https%3A%2F%2Fa.slack-edge.com%2Fdf10d%2Fimg%2Favatars%2Fava_0017-72.png",
            "first_name": "Roman",
            "real_name": "Roman Salnikov",
            "display_name": "bardt",
            "team": "T0CJ5UNHK",
            "name": "bardt",
            "is_restricted": false,
            "is_ultra_restricted": false
        },
        "blocks": [
            {
                "type": "rich_text",
                "block_id": "Tu6V",
                "elements": [
                    {
                        "type": "rich_text_section",
                        "elements": [
                            {
                                "type": "user",
                                "user_id": "U0Q6ENVJR"
                            },
                            {
                                "type": "text",
                                "text": " "
                            },
                            {
                                "type": "user",
                                "user_id": "U1CDP5G1H"
                            },
                            {
                                "type": "text",
                                "text": " "
                            },
                            {
                                "type": "user",
                                "user_id": "U17P7CBFB"
                            },
                            {
                                "type": "text",
                                "text": " but in the job description they say you have to be in UK even for the remote position("
                            }
                        ]
                    }
                ]
            }
        ],
        "thread_ts": "1490338646.626441",
        "reply_count": 1,
        "reply_users_count": 1,
        "latest_reply": "1490348394.911090",
        "reply_users": [
            "U1CDP5G1H"
        ],
        "replies": [
            {
                "user": "U1CDP5G1H",
                "ts": "1490348394.911090"
            }
        ],
        "is_locked": false,
        "subscribed": false
    }
]