[
    {
        "type": "message",
        "subtype": "channel_purpose",
        "ts": "1497596413.239575",
        "user": "U0HNJ2U4B",
        "text": "set the channel description: A channel for job postings and the like, for guidelines see https:\/\/github.com\/elm-community\/slack\/blob\/master\/README.md#jobs",
        "purpose": "A channel for job postings and the like, for guidelines see https:\/\/github.com\/elm-community\/slack\/blob\/master\/README.md#jobs"
    },
    {
        "type": "message",
        "subtype": "channel_join",
        "ts": "1497598519.591901",
        "user": "U0K92QFST",
        "text": "<@U0K92QFST> has joined the channel"
    },
    {
        "type": "message",
        "text": "If anyone wants to know more about Gizra, what we do, how we work and those kind of things from a dev perspective working with them, just ping me.",
        "user": "U1P6FFJ64",
        "ts": "1497604809.911612",
        "team": "T0CJ5UNHK",
        "user_team": "T0CJ5UNHK",
        "source_team": "T0CJ5UNHK",
        "user_profile": {
            "avatar_hash": "gfd1f7853b42",
            "image_72": "https:\/\/secure.gravatar.com\/avatar\/afd1f7853b42a19a7a3fdd603341ed87.jpg?s=72&d=https%3A%2F%2Fa.slack-edge.com%2Fdf10d%2Fimg%2Favatars%2Fava_0007-72.png",
            "first_name": "David",
            "real_name": "David Hernández",
            "display_name": "david_hernandez",
            "team": "T0CJ5UNHK",
            "name": "david_hernandez",
            "is_restricted": false,
            "is_ultra_restricted": false
        },
        "blocks": [
            {
                "type": "rich_text",
                "block_id": "ebh4",
                "elements": [
                    {
                        "type": "rich_text_section",
                        "elements": [
                            {
                                "type": "text",
                                "text": "If anyone wants to know more about Gizra, what we do, how we work and those kind of things from a dev perspective working with them, just ping me."
                            }
                        ]
                    }
                ]
            }
        ]
    },
    {
        "type": "message",
        "subtype": "channel_join",
        "ts": "1497679629.573897",
        "user": "U2M8ER12B",
        "text": "<@U2M8ER12B> has joined the channel"
    }
]