[
    {
        "type": "message",
        "subtype": "channel_join",
        "ts": "1505811853.000004",
        "user": "U763SLUH4",
        "text": "<@U763SLUH4> has joined the channel"
    },
    {
        "type": "message",
        "text": "<@U6UB4U5AM> you can get an idea by looking through the pinned items in this channel. Those items include people offering jobs and people seeking jobs",
        "user": "U0F5SH6UQ",
        "ts": "1505825601.000014",
        "team": "T0CJ5UNHK",
        "user_team": "T0CJ5UNHK",
        "source_team": "T0CJ5UNHK",
        "user_profile": {
            "avatar_hash": "d0629567aab3",
            "image_72": "https:\/\/avatars.slack-edge.com\/2017-10-18\/258332157124_d0629567aab3a37c03b2_72.jpg",
            "first_name": "Murphy",
            "real_name": "Murphy Randle",
            "display_name": "splodingsocks",
            "team": "T0CJ5UNHK",
            "name": "splodingsocks",
            "is_restricted": false,
            "is_ultra_restricted": false
        },
        "blocks": [
            {
                "type": "rich_text",
                "block_id": "O0g",
                "elements": [
                    {
                        "type": "rich_text_section",
                        "elements": [
                            {
                                "type": "user",
                                "user_id": "U6UB4U5AM"
                            },
                            {
                                "type": "text",
                                "text": " you can get an idea by looking through the pinned items in this channel. Those items include people offering jobs and people seeking jobs"
                            }
                        ]
                    }
                ]
            }
        ]
    },
    {
        "type": "message",
        "text": "FYI, regarding <https:\/\/elmlang.slack.com\/archives\/C0LUAGWRK\/p1501273864996696>, the recruiter informed me that this project actually switched to another stack, without Elm.",
        "user": "U3L8MM10T",
        "ts": "1505828562.000045",
        "team": "T0CJ5UNHK",
        "user_team": "T0CJ5UNHK",
        "source_team": "T0CJ5UNHK",
        "user_profile": {
            "avatar_hash": "g2f0025b89bf",
            "image_72": "https:\/\/secure.gravatar.com\/avatar\/e2f0025b89bf22c2ba30f78cb7677e82.jpg?s=72&d=https%3A%2F%2Fa.slack-edge.com%2Fdf10d%2Fimg%2Favatars%2Fava_0013-72.png",
            "first_name": "pdavidow",
            "real_name": "pdavidow",
            "display_name": "pdavidow",
            "team": "T0CJ5UNHK",
            "name": "pdavidow",
            "is_restricted": false,
            "is_ultra_restricted": false
        },
        "attachments": [
            {
                "from_url": "https:\/\/elmlang.slack.com\/archives\/C0LUAGWRK\/p1501273864996696",
                "fallback": "[July 28th, 2017 1:31 PM] seattle-elm-project: Kalles Group Consulting - Reputable Major Research and Care Non-Profit  | Seattle - (Remote possible after first week on-site) | Elm Architect   |  Build SPA on top of Haskell back-end, working with IT Director.  SPA to streamline questions and metadata response for care providers on complex care cases (cancer).  Great opportunity for those interested in \"the greater good\" working with a prestigious Seattle organization.  DM if interested.  :slightly_smiling_face:     150-175K  See Employee Experience here:\n\n<https:\/\/www.glassdoor.com\/Overview\/Working-at-Kalles-Group-EI_IE826366.11,23.htm>",
                "ts": "1501273864.996696",
                "author_id": "U6F6NLU59",
                "author_subname": "Andrew Aldrich",
                "channel_id": "C0LUAGWRK",
                "channel_name": "jobs",
                "is_msg_unfurl": true,
                "text": "Kalles Group Consulting - Reputable Major Research and Care Non-Profit  | Seattle - (Remote possible after first week on-site) | Elm Architect   |  Build SPA on top of Haskell back-end, working with IT Director.  SPA to streamline questions and metadata response for care providers on complex care cases (cancer).  Great opportunity for those interested in \"the greater good\" working with a prestigious Seattle organization.  DM if interested.  :slightly_smiling_face:     150-175K  See Employee Experience here:\n\n<https:\/\/www.glassdoor.com\/Overview\/Working-at-Kalles-Group-EI_IE826366.11,23.htm>",
                "author_name": "Andrew Aldrich",
                "author_link": "https:\/\/elmlang.slack.com\/team\/U6F6NLU59",
                "author_icon": "https:\/\/secure.gravatar.com\/avatar\/c1eedcdad6d72add7ab2d2445319fbb0.jpg?s=48&d=https%3A%2F%2Fcfr.slack-edge.com%2F66f9%2Fimg%2Favatars%2Fava_0023-48.png",
                "mrkdwn_in": [
                    "text"
                ],
                "id": 1,
                "footer": "Posted in #jobs"
            }
        ],
        "blocks": [
            {
                "type": "rich_text",
                "block_id": "OE6SN",
                "elements": [
                    {
                        "type": "rich_text_section",
                        "elements": [
                            {
                                "type": "text",
                                "text": "FYI, regarding "
                            },
                            {
                                "type": "link",
                                "url": "https:\/\/elmlang.slack.com\/archives\/C0LUAGWRK\/p1501273864996696"
                            },
                            {
                                "type": "text",
                                "text": ", the recruiter informed me that this project actually switched to another stack, without Elm."
                            }
                        ]
                    }
                ]
            }
        ]
    },
    {
        "type": "message",
        "subtype": "channel_join",
        "ts": "1505836694.000502",
        "user": "U75DUAYH0",
        "text": "<@U75DUAYH0> has joined the channel"
    },
    {
        "type": "message",
        "subtype": "channel_leave",
        "ts": "1505843296.000696",
        "user": "U14Q8S4EM",
        "text": "<@U14Q8S4EM> has left the channel"
    }
]