[
    {
        "type": "message",
        "subtype": "channel_join",
        "ts": "1492672756.269285",
        "user": "U31SW0PM2",
        "text": "<@U31SW0PM2> has joined the channel"
    },
    {
        "type": "message",
        "subtype": "channel_join",
        "ts": "1492697133.896230",
        "user": "U52QS7JCE",
        "text": "<@U52QS7JCE> has joined the channel"
    },
    {
        "type": "message",
        "subtype": "channel_join",
        "ts": "1492697481.001137",
        "user": "U50P90ZCZ",
        "text": "<@U50P90ZCZ> has joined the channel"
    }
]