[
    {
        "type": "message",
        "subtype": "channel_join",
        "ts": "1504020033.000359",
        "user": "U6UMSMTEV",
        "text": "<@U6UMSMTEV> has joined the channel"
    },
    {
        "type": "message",
        "subtype": "channel_join",
        "ts": "1504032945.000214",
        "user": "U4S42V657",
        "text": "<@U4S42V657> has joined the channel"
    },
    {
        "type": "message",
        "subtype": "channel_join",
        "ts": "1504045100.000119",
        "user": "U1BSBDZ4P",
        "text": "<@U1BSBDZ4P> has joined the channel"
    },
    {
        "type": "message",
        "text": "*Mosaic | mosaic.buzz | Washington DC suburb | Elm\/Elixir\/Phoenix stack*\nWe're looking for a full-time local functional programmer to assist with strategic SPA and future projects. C# knowledge a plus for minimal work on older projects.  Relaxed, casual, collaborative atmosphere and open office space. DM me if interested.",
        "user": "U1BSBDZ4P",
        "ts": "1504046545.000298",
        "team": "T0CJ5UNHK",
        "user_team": "T0CJ5UNHK",
        "source_team": "T0CJ5UNHK",
        "user_profile": {
            "avatar_hash": "24e429e30ec0",
            "image_72": "https:\/\/avatars.slack-edge.com\/2017-08-31\/234668676229_24e429e30ec016f3c92a_72.jpg",
            "first_name": "Joe",
            "real_name": "Joe Fontana",
            "display_name": "fontanajg",
            "team": "T0CJ5UNHK",
            "name": "fontanajg",
            "is_restricted": false,
            "is_ultra_restricted": false
        },
        "edited": {
            "user": "U1BSBDZ4P",
            "ts": "1504048299.000000"
        },
        "blocks": [
            {
                "type": "rich_text",
                "block_id": "Lw47",
                "elements": [
                    {
                        "type": "rich_text_section",
                        "elements": [
                            {
                                "type": "text",
                                "text": "Mosaic | mosaic.buzz | Washington DC suburb | Elm\/Elixir\/Phoenix stack",
                                "style": {
                                    "bold": true
                                }
                            },
                            {
                                "type": "text",
                                "text": "\nWe're looking for a full-time local functional programmer to assist with strategic SPA and future projects. C# knowledge a plus for minimal work on older projects.  Relaxed, casual, collaborative atmosphere and open office space. DM me if interested."
                            }
                        ]
                    }
                ]
            }
        ],
        "reactions": [
            {
                "name": "+1",
                "users": [
                    "U6G528W1Z",
                    "U2SR9DL7Q",
                    "U50P90ZCZ",
                    "U0F5SH6UQ",
                    "U3HQVHERX",
                    "U3L8MM10T"
                ],
                "count": 6
            }
        ]
    },
    {
        "type": "message",
        "subtype": "pinned_item",
        "text": "<@U0F5SH6UQ> pinned a message to this channel.",
        "user": "U0F5SH6UQ",
        "item_type": "C",
        "attachments": [
            {
                "fallback": "[August 29th, 2017 3:42 PM] fontanajg: *Mosaic | mosaic.buzz | Washington DC suburb | Elm\/Elixir\/Phoenix stack*\nWe're looking for a full-time local functional programmer to assist with strategic SPA and future projects. C# knowledge a plus for minimal work on older projects.  Relaxed, casual, collaborative atmosphere and open office space. DM me if interested.",
                "ts": "1504046545.000298",
                "author_id": "U1BSBDZ4P",
                "author_subname": "Joe Fontana",
                "channel_id": "C0LUAGWRK",
                "channel_team": "T0CJ5UNHK",
                "channel_name": "jobs",
                "is_msg_unfurl": true,
                "text": "*Mosaic | mosaic.buzz | Washington DC suburb | Elm\/Elixir\/Phoenix stack*\nWe're looking for a full-time local functional programmer to assist with strategic SPA and future projects. C# knowledge a plus for minimal work on older projects.  Relaxed, casual, collaborative atmosphere and open office space. DM me if interested.",
                "message_blocks": [
                    {
                        "team": "T0CJ5UNHK",
                        "channel": "C0LUAGWRK",
                        "ts": "1504046545.000298",
                        "message": {
                            "blocks": [
                                {
                                    "type": "rich_text",
                                    "block_id": "RvkX6",
                                    "elements": [
                                        {
                                            "type": "rich_text_section",
                                            "elements": [
                                                {
                                                    "type": "text",
                                                    "text": "Mosaic | mosaic.buzz | Washington DC suburb | Elm\/Elixir\/Phoenix stack",
                                                    "style": {
                                                        "bold": true
                                                    }
                                                },
                                                {
                                                    "type": "text",
                                                    "text": "\nWe're looking for a full-time local functional programmer to assist with strategic SPA and future projects. C# knowledge a plus for minimal work on older projects.  Relaxed, casual, collaborative atmosphere and open office space. DM me if interested."
                                                }
                                            ]
                                        }
                                    ]
                                }
                            ]
                        }
                    }
                ],
                "author_name": "Joe Fontana",
                "author_link": "https:\/\/elmlang.slack.com\/team\/U1BSBDZ4P",
                "author_icon": "https:\/\/avatars.slack-edge.com\/2017-08-31\/234668676229_24e429e30ec016f3c92a_48.jpg",
                "mrkdwn_in": [
                    "text"
                ],
                "from_hidden_wksp": false
            }
        ],
        "ts": "1504058388.000162"
    }
]