[
    {
        "type": "message",
        "text": "| Knipster | Malta + no remote | Frontend Developer |\nKnipster is looking for a mid-level Frontend developer using Elm and ReactNative (ES6) in Malta - permanent, no remote, 30k-40k. No professional experience needed with Elm, but basic knowledge of at least one pure functional language is required. The product we are developing is a mobile app for daily fantasy football, in a very friendly and informal environment, in the middle of the Mediterranean Sea (I know someone doesn't consider it an asset, but after 2 years... it definitely is :-))\n\n<https:\/\/meet.knipster.com\/#vacancy-frontend>",
        "user": "U1FFA46TT",
        "ts": "1513159752.000218",
        "team": "T0CJ5UNHK",
        "user_team": "T0CJ5UNHK",
        "source_team": "T0CJ5UNHK",
        "user_profile": {
            "avatar_hash": "gb48530d564b",
            "image_72": "https:\/\/secure.gravatar.com\/avatar\/6b48530d564ba2654e5f909e015eeebc.jpg?s=72&d=https%3A%2F%2Fa.slack-edge.com%2Fdf10d%2Fimg%2Favatars%2Fava_0007-72.png",
            "first_name": "pietro",
            "real_name": "pietro grandi",
            "display_name": "pietro909",
            "team": "T0CJ5UNHK",
            "name": "pietro909",
            "is_restricted": false,
            "is_ultra_restricted": false
        },
        "edited": {
            "user": "U1FFA46TT",
            "ts": "1513160946.000000"
        },
        "attachments": [
            {
                "title": "Knipster - Daily Fantasy Football App",
                "title_link": "https:\/\/meet.knipster.com\/#vacancy-frontend",
                "text": "Knipster is a daily fantasy sports company focusing on the world's most popular sport: Football.",
                "fallback": "Knipster - Daily Fantasy Football App",
                "from_url": "https:\/\/meet.knipster.com\/#vacancy-frontend",
                "service_icon": "https:\/\/meet.knipster.com\/favicon.ico",
                "service_name": "meet.knipster.com",
                "id": 1
            }
        ],
        "blocks": [
            {
                "type": "rich_text",
                "block_id": "P9Kuz",
                "elements": [
                    {
                        "type": "rich_text_section",
                        "elements": [
                            {
                                "type": "text",
                                "text": "| Knipster | Malta + no remote | Frontend Developer |\nKnipster is looking for a mid-level Frontend developer using Elm and ReactNative (ES6) in Malta - permanent, no remote, 30k-40k. No professional experience needed with Elm, but basic knowledge of at least one pure functional language is required. The product we are developing is a mobile app for daily fantasy football, in a very friendly and informal environment, in the middle of the Mediterranean Sea (I know someone doesn't consider it an asset, but after 2 years... it definitely is :-))\n\n"
                            },
                            {
                                "type": "link",
                                "url": "https:\/\/meet.knipster.com\/#vacancy-frontend"
                            }
                        ]
                    }
                ]
            }
        ],
        "thread_ts": "1513159752.000218",
        "reply_count": 2,
        "reply_users_count": 2,
        "latest_reply": "1513160955.000433",
        "reply_users": [
            "U3SJEDR96",
            "U1FFA46TT"
        ],
        "replies": [
            {
                "user": "U3SJEDR96",
                "ts": "1513160140.000145"
            },
            {
                "user": "U1FFA46TT",
                "ts": "1513160955.000433"
            }
        ],
        "is_locked": false,
        "subscribed": false,
        "reactions": [
            {
                "name": "+1",
                "users": [
                    "U0JD7JSUA",
                    "U6XC3SHM0",
                    "U3Q7F13EJ",
                    "U2FJ2D6M7"
                ],
                "count": 4
            }
        ]
    },
    {
        "type": "message",
        "text": "Can you reformat (<https:\/\/github.com\/elm-community\/slack\/blob\/master\/README.md#jobs>) so it can be pinned without losing valuable info? :slightly_smiling_face:",
        "user": "U3SJEDR96",
        "ts": "1513160140.000145",
        "team": "T0CJ5UNHK",
        "user_team": "T0CJ5UNHK",
        "source_team": "T0CJ5UNHK",
        "user_profile": {
            "avatar_hash": "g97bab86e435",
            "image_72": "https:\/\/secure.gravatar.com\/avatar\/797bab86e4358b3919d4b0a614d2f2f3.jpg?s=72&d=https%3A%2F%2Fa.slack-edge.com%2Fdf10d%2Fimg%2Favatars%2Fava_0023-72.png",
            "first_name": "Ilias",
            "real_name": "Ilias Van Peer",
            "display_name": "ilias",
            "team": "T0CJ5UNHK",
            "name": "ilias",
            "is_restricted": false,
            "is_ultra_restricted": false
        },
        "blocks": [
            {
                "type": "rich_text",
                "block_id": "Vut9M",
                "elements": [
                    {
                        "type": "rich_text_section",
                        "elements": [
                            {
                                "type": "text",
                                "text": "Can you reformat ("
                            },
                            {
                                "type": "link",
                                "url": "https:\/\/github.com\/elm-community\/slack\/blob\/master\/README.md#jobs"
                            },
                            {
                                "type": "text",
                                "text": ") so it can be pinned without losing valuable info? "
                            },
                            {
                                "type": "emoji",
                                "name": "slightly_smiling_face",
                                "unicode": "1f642"
                            }
                        ]
                    }
                ]
            }
        ],
        "thread_ts": "1513159752.000218",
        "parent_user_id": "U1FFA46TT",
        "reactions": [
            {
                "name": "ok_hand",
                "users": [
                    "U1FFA46TT"
                ],
                "count": 1
            }
        ]
    },
    {
        "type": "message",
        "text": "thank you, sorry about that!",
        "user": "U1FFA46TT",
        "ts": "1513160955.000433",
        "team": "T0CJ5UNHK",
        "user_team": "T0CJ5UNHK",
        "source_team": "T0CJ5UNHK",
        "user_profile": {
            "avatar_hash": "gb48530d564b",
            "image_72": "https:\/\/secure.gravatar.com\/avatar\/6b48530d564ba2654e5f909e015eeebc.jpg?s=72&d=https%3A%2F%2Fa.slack-edge.com%2Fdf10d%2Fimg%2Favatars%2Fava_0007-72.png",
            "first_name": "pietro",
            "real_name": "pietro grandi",
            "display_name": "pietro909",
            "team": "T0CJ5UNHK",
            "name": "pietro909",
            "is_restricted": false,
            "is_ultra_restricted": false
        },
        "blocks": [
            {
                "type": "rich_text",
                "block_id": "VKwgy",
                "elements": [
                    {
                        "type": "rich_text_section",
                        "elements": [
                            {
                                "type": "text",
                                "text": "thank you, sorry about that!"
                            }
                        ]
                    }
                ]
            }
        ],
        "thread_ts": "1513159752.000218",
        "parent_user_id": "U1FFA46TT",
        "reactions": [
            {
                "name": "+1",
                "users": [
                    "U3SJEDR96"
                ],
                "count": 1
            }
        ]
    },
    {
        "type": "message",
        "subtype": "pinned_item",
        "text": "<@U3SJEDR96> pinned a message to this channel.",
        "user": "U3SJEDR96",
        "item_type": "C",
        "attachments": [
            {
                "fallback": "[December 13th, 2017 2:09 AM] pietro909: | Knipster | Malta + no remote | Frontend Developer |\nKnipster is looking for a mid-level Frontend developer using Elm and ReactNative (ES6) in Malta - permanent, no remote, 30k-40k. No professional experience needed with Elm, but basic knowledge of at least one pure functional language is required. The product we are developing is a mobile app for daily fantasy football, in a very friendly and informal environment, in the middle of the Mediterranean Sea (I know someone doesn't consider it an asset, but after 2 years... it definitely is :-))\n\n<https:\/\/meet.knipster.com\/#vacancy-frontend>",
                "ts": "1513159752.000218",
                "author_id": "U1FFA46TT",
                "author_subname": "pietro grandi",
                "channel_id": "C0LUAGWRK",
                "channel_team": "T0CJ5UNHK",
                "channel_name": "jobs",
                "is_msg_unfurl": true,
                "is_thread_root_unfurl": true,
                "text": "| Knipster | Malta + no remote | Frontend Developer |\nKnipster is looking for a mid-level Frontend developer using Elm and ReactNative (ES6) in Malta - permanent, no remote, 30k-40k. No professional experience needed with Elm, but basic knowledge of at least one pure functional language is required. The product we are developing is a mobile app for daily fantasy football, in a very friendly and informal environment, in the middle of the Mediterranean Sea (I know someone doesn't consider it an asset, but after 2 years... it definitely is :-))\n\n<https:\/\/meet.knipster.com\/#vacancy-frontend>",
                "message_blocks": [
                    {
                        "team": "T0CJ5UNHK",
                        "channel": "C0LUAGWRK",
                        "ts": "1513159752.000218",
                        "message": {
                            "blocks": [
                                {
                                    "type": "rich_text",
                                    "block_id": "hmt",
                                    "elements": [
                                        {
                                            "type": "rich_text_section",
                                            "elements": [
                                                {
                                                    "type": "text",
                                                    "text": "| Knipster | Malta + no remote | Frontend Developer |\nKnipster is looking for a mid-level Frontend developer using Elm and ReactNative (ES6) in Malta - permanent, no remote, 30k-40k. No professional experience needed with Elm, but basic knowledge of at least one pure functional language is required. The product we are developing is a mobile app for daily fantasy football, in a very friendly and informal environment, in the middle of the Mediterranean Sea (I know someone doesn't consider it an asset, but after 2 years... it definitely is :-))\n\n"
                                                },
                                                {
                                                    "type": "link",
                                                    "url": "https:\/\/meet.knipster.com\/#vacancy-frontend"
                                                }
                                            ]
                                        }
                                    ]
                                }
                            ]
                        }
                    }
                ],
                "author_name": "pietro grandi",
                "author_link": "https:\/\/elmlang.slack.com\/team\/U1FFA46TT",
                "author_icon": "https:\/\/secure.gravatar.com\/avatar\/6b48530d564ba2654e5f909e015eeebc.jpg?s=48&d=https%3A%2F%2Fa.slack-edge.com%2Fdf10d%2Fimg%2Favatars%2Fava_0007-48.png",
                "mrkdwn_in": [
                    "text"
                ],
                "from_hidden_wksp": false
            }
        ],
        "ts": "1513160995.000252"
    }
]