[
    {
        "type": "message",
        "subtype": "channel_join",
        "ts": "1489834334.723693",
        "user": "U4L7NNWJX",
        "text": "<@U4L7NNWJX> has joined the channel"
    },
    {
        "type": "message",
        "text": "Looking for part time ELM job....",
        "user": "U4502LCCA",
        "ts": "1489872678.451643",
        "team": "T0CJ5UNHK",
        "user_team": "T0CJ5UNHK",
        "source_team": "T0CJ5UNHK",
        "user_profile": {
            "avatar_hash": "9ca0cb40ac96",
            "image_72": "https:\/\/avatars.slack-edge.com\/2017-02-20\/144021605461_9ca0cb40ac9601e6d0b7_72.png",
            "first_name": "Khal",
            "real_name": "Khal Jouda",
            "display_name": "kjda",
            "team": "T0CJ5UNHK",
            "name": "kjda",
            "is_restricted": false,
            "is_ultra_restricted": false
        },
        "blocks": [
            {
                "type": "rich_text",
                "block_id": "in3",
                "elements": [
                    {
                        "type": "rich_text_section",
                        "elements": [
                            {
                                "type": "text",
                                "text": "Looking for part time ELM job...."
                            }
                        ]
                    }
                ]
            }
        ],
        "thread_ts": "1489872678.451643",
        "reply_count": 1,
        "reply_users_count": 1,
        "latest_reply": "1490068673.074975",
        "reply_users": [
            "U2VCR5R6H"
        ],
        "replies": [
            {
                "user": "U2VCR5R6H",
                "ts": "1490068673.074975"
            }
        ],
        "is_locked": false,
        "subscribed": false
    }
]