[
    {
        "type": "message",
        "subtype": "channel_join",
        "ts": "1492775718.293528",
        "user": "U1973AHFH",
        "text": "<@U1973AHFH> has joined the channel"
    },
    {
        "type": "message",
        "subtype": "channel_join",
        "ts": "1492791743.266989",
        "user": "U4STA0JJC",
        "text": "<@U4STA0JJC> has joined the channel"
    },
    {
        "type": "message",
        "subtype": "channel_join",
        "ts": "1492799934.354669",
        "user": "U399HJMF1",
        "text": "<@U399HJMF1> has joined the channel"
    }
]