[
    {
        "type": "message",
        "subtype": "channel_join",
        "ts": "1504948143.000036",
        "user": "U5VUHJJEN",
        "text": "<@U5VUHJJEN> has joined the channel"
    },
    {
        "type": "message",
        "subtype": "channel_join",
        "ts": "1504957563.000059",
        "user": "U712ASTQX",
        "text": "<@U712ASTQX> has joined the channel"
    },
    {
        "type": "message",
        "subtype": "channel_join",
        "ts": "1504991325.000097",
        "user": "U1P9AHU7J",
        "text": "<@U1P9AHU7J> has joined the channel"
    }
]