[
    {
        "type": "message",
        "subtype": "channel_join",
        "ts": "1484752651.000170",
        "user": "U20P6B0JJ",
        "text": "<@U20P6B0JJ> has joined the channel"
    },
    {
        "type": "message",
        "text": "Frende Forsikring, a Norwegian insurance company based in Bergen is hiring a front-end developer that will work on Elm and JS SPAs. No remote at the moment sadly. Norwegian language skills are required. <https:\/\/m.finn.no\/job\/fulltime\/ad.html?finnkode=88404504>",
        "user": "U20P6B0JJ",
        "ts": "1484752725.000171",
        "team": "T0CJ5UNHK",
        "user_team": "T0CJ5UNHK",
        "source_team": "T0CJ5UNHK",
        "user_profile": {
            "avatar_hash": "g1086b32b3af",
            "image_72": "https:\/\/secure.gravatar.com\/avatar\/11086b32b3af37e30dc0f6e21d039bd8.jpg?s=72&d=https%3A%2F%2Fa.slack-edge.com%2Fdf10d%2Fimg%2Favatars%2Fava_0005-72.png",
            "first_name": "David",
            "real_name": "David Mellum",
            "display_name": "edmellum",
            "team": "T0CJ5UNHK",
            "name": "edmellum",
            "is_restricted": false,
            "is_ultra_restricted": false
        },
        "edited": {
            "user": "U20P6B0JJ",
            "ts": "1484753187.000000"
        },
        "attachments": [
            {
                "service_name": "FINN.no",
                "title": "Frende Forsikring søker IT utvikler",
                "title_link": "https:\/\/m.finn.no\/job\/fulltime\/ad.html?finnkode=88404504",
                "text": "  Frende står foran en spennende tid med temaer som digitale strategier, Internet of Things, mobile plattformer og stort fokus på nye selvbetjente løsninger foran oss.  Er du en solid utvikler som elsker å kode og er klar for nye utfordringer? Vi søker etter en erfaren utvikler til et av våre etablerte team. Vi driver continous deployment og produksjonssetter automatisert og hyppig. Hos oss er ...",
                "fallback": "FINN.no: Frende Forsikring søker IT utvikler",
                "thumb_url": "https:\/\/images.finncdn.no\/dynamic\/1280w\/2017\/1\/3\/4\/884\/045\/04_314441234.png",
                "from_url": "https:\/\/m.finn.no\/job\/fulltime\/ad.html?finnkode=88404504",
                "thumb_width": 300,
                "thumb_height": 50,
                "service_icon": "https:\/\/mstatic.finncdn.no\/static\/images\/apple-touch-icon-57x57.0a05caeb.png",
                "id": 1
            }
        ],
        "blocks": [
            {
                "type": "rich_text",
                "block_id": "g2loG",
                "elements": [
                    {
                        "type": "rich_text_section",
                        "elements": [
                            {
                                "type": "text",
                                "text": "Frende Forsikring, a Norwegian insurance company based in Bergen is hiring a front-end developer that will work on Elm and JS SPAs. No remote at the moment sadly. Norwegian language skills are required. "
                            },
                            {
                                "type": "link",
                                "url": "https:\/\/m.finn.no\/job\/fulltime\/ad.html?finnkode=88404504"
                            }
                        ]
                    }
                ]
            }
        ]
    },
    {
        "type": "message",
        "subtype": "pinned_item",
        "text": "<@U0EUHKVGB> pinned a message to this channel.",
        "user": "U0EUHKVGB",
        "item_type": "C",
        "attachments": [
            {
                "fallback": "[January 18th, 2017 7:18 AM] edmellum: Frende Forsikring, a Norwegian insurance company based in Bergen is hiring a front-end developer that will work on Elm and JS SPAs. No remote at the moment sadly. Norwegian language skills are required. <https:\/\/m.finn.no\/job\/fulltime\/ad.html?finnkode=88404504>",
                "ts": "1484752725.000171",
                "author_id": "U20P6B0JJ",
                "author_subname": "David Mellum",
                "channel_id": "C0LUAGWRK",
                "channel_team": "T0CJ5UNHK",
                "channel_name": "jobs",
                "is_msg_unfurl": true,
                "text": "Frende Forsikring, a Norwegian insurance company based in Bergen is hiring a front-end developer that will work on Elm and JS SPAs. No remote at the moment sadly. Norwegian language skills are required. <https:\/\/m.finn.no\/job\/fulltime\/ad.html?finnkode=88404504>",
                "message_blocks": [
                    {
                        "team": "T0CJ5UNHK",
                        "channel": "C0LUAGWRK",
                        "ts": "1484752725.000171",
                        "message": {
                            "blocks": [
                                {
                                    "type": "rich_text",
                                    "block_id": "=Wpzu",
                                    "elements": [
                                        {
                                            "type": "rich_text_section",
                                            "elements": [
                                                {
                                                    "type": "text",
                                                    "text": "Frende Forsikring, a Norwegian insurance company based in Bergen is hiring a front-end developer that will work on Elm and JS SPAs. No remote at the moment sadly. Norwegian language skills are required. "
                                                },
                                                {
                                                    "type": "link",
                                                    "url": "https:\/\/m.finn.no\/job\/fulltime\/ad.html?finnkode=88404504"
                                                }
                                            ]
                                        }
                                    ]
                                }
                            ]
                        }
                    }
                ],
                "author_name": "David Mellum",
                "author_link": "https:\/\/elmlang.slack.com\/team\/U20P6B0JJ",
                "author_icon": "https:\/\/secure.gravatar.com\/avatar\/11086b32b3af37e30dc0f6e21d039bd8.jpg?s=48&d=https%3A%2F%2Fa.slack-edge.com%2Fdf10d%2Fimg%2Favatars%2Fava_0005-48.png",
                "mrkdwn_in": [
                    "text"
                ],
                "from_hidden_wksp": false
            }
        ],
        "ts": "1484752800.000173"
    },
    {
        "type": "message",
        "text": "<@U20P6B0JJ> worth editing the comment and add a language requirement if there is one",
        "user": "U0EUHKVGB",
        "ts": "1484752859.000174",
        "team": "T0CJ5UNHK",
        "user_team": "T0CJ5UNHK",
        "source_team": "T0CJ5UNHK",
        "user_profile": {
            "avatar_hash": "gc10c2d32882",
            "image_72": "https:\/\/secure.gravatar.com\/avatar\/9c10c2d328820b42f7624edcc76d4157.jpg?s=72&d=https%3A%2F%2Fa.slack-edge.com%2Fdf10d%2Fimg%2Favatars%2Fava_0015-72.png",
            "first_name": "eeue56",
            "real_name": "eeue56",
            "display_name": "eeue56",
            "team": "T0CJ5UNHK",
            "name": "eeue56",
            "is_restricted": false,
            "is_ultra_restricted": false
        },
        "blocks": [
            {
                "type": "rich_text",
                "block_id": "=TFDV",
                "elements": [
                    {
                        "type": "rich_text_section",
                        "elements": [
                            {
                                "type": "user",
                                "user_id": "U20P6B0JJ"
                            },
                            {
                                "type": "text",
                                "text": " worth editing the comment and add a language requirement if there is one"
                            }
                        ]
                    }
                ]
            }
        ]
    },
    {
        "type": "message",
        "text": "<@U0EUHKVGB> Good point! This is why I’m a developer and not a recruiter. :stuck_out_tongue:",
        "user": "U20P6B0JJ",
        "ts": "1484753268.000176",
        "team": "T0CJ5UNHK",
        "user_team": "T0CJ5UNHK",
        "source_team": "T0CJ5UNHK",
        "user_profile": {
            "avatar_hash": "g1086b32b3af",
            "image_72": "https:\/\/secure.gravatar.com\/avatar\/11086b32b3af37e30dc0f6e21d039bd8.jpg?s=72&d=https%3A%2F%2Fa.slack-edge.com%2Fdf10d%2Fimg%2Favatars%2Fava_0005-72.png",
            "first_name": "David",
            "real_name": "David Mellum",
            "display_name": "edmellum",
            "team": "T0CJ5UNHK",
            "name": "edmellum",
            "is_restricted": false,
            "is_ultra_restricted": false
        },
        "blocks": [
            {
                "type": "rich_text",
                "block_id": "SMD8P",
                "elements": [
                    {
                        "type": "rich_text_section",
                        "elements": [
                            {
                                "type": "user",
                                "user_id": "U0EUHKVGB"
                            },
                            {
                                "type": "text",
                                "text": " Good point! This is why I’m a developer and not a recruiter. "
                            },
                            {
                                "type": "emoji",
                                "name": "stuck_out_tongue",
                                "unicode": "1f61b"
                            }
                        ]
                    }
                ]
            }
        ],
        "reactions": [
            {
                "name": "flag-no",
                "users": [
                    "U0JNX5Y0H"
                ],
                "count": 1
            }
        ]
    },
    {
        "type": "message",
        "subtype": "channel_join",
        "ts": "1484758919.000177",
        "user": "U36DG0FMJ",
        "text": "<@U36DG0FMJ> has joined the channel"
    },
    {
        "type": "message",
        "subtype": "channel_join",
        "ts": "1484776843.000178",
        "user": "U138U8K4P",
        "text": "<@U138U8K4P> has joined the channel"
    },
    {
        "type": "message",
        "text": "Hi all,  do you think anybody (possibly fluent in elm, with prior experience in fronted)  would be interested in a two month remote (or based in Copenhagen) gig ?",
        "user": "U138U8K4P",
        "ts": "1484776944.000179",
        "team": "T0CJ5UNHK",
        "user_team": "T0CJ5UNHK",
        "source_team": "T0CJ5UNHK",
        "user_profile": {
            "avatar_hash": "cdd401306170",
            "image_72": "https:\/\/avatars.slack-edge.com\/2016-12-22\/119998558051_cdd4013061705ea4e183_72.jpg",
            "first_name": "giulio",
            "real_name": "giulio ungaretti",
            "display_name": "unga",
            "team": "T0CJ5UNHK",
            "name": "unga",
            "is_restricted": false,
            "is_ultra_restricted": false
        },
        "blocks": [
            {
                "type": "rich_text",
                "block_id": "wGkMw",
                "elements": [
                    {
                        "type": "rich_text_section",
                        "elements": [
                            {
                                "type": "text",
                                "text": "Hi all,  do you think anybody (possibly fluent in elm, with prior experience in fronted)  would be interested in a two month remote (or based in Copenhagen) gig ?"
                            }
                        ]
                    }
                ]
            }
        ]
    },
    {
        "type": "message",
        "subtype": "channel_join",
        "ts": "1484779318.000180",
        "user": "U3RDE7LDP",
        "text": "<@U3RDE7LDP> has joined the channel"
    },
    {
        "type": "message",
        "subtype": "channel_join",
        "ts": "1484781639.000181",
        "user": "U1G51S63S",
        "text": "<@U1G51S63S> has joined the channel"
    }
]