[
    {
        "type": "message",
        "text": "Are you interested in doing elm for QCoDeS an interactive open source data-acquisition system for quantum computing? (Or as much elm as possible)\nIt involves developing a repl, data visualization and more interactive bits. The project is fully open source, developed togheter by Microsoft Station Q and Niels Bohr Institute in Copenhagen, also in collaboration with TU Delf and University of Sydney.\nUnfortunately we can't have remote, one would need to be in Copenhagen Denmark.\nThere is currently no front-end at all. The backend api is also under development (so, no more horribly shaped data for the frontend to deal with! )\nIf you are interested get in touch,  read more about QCoDeS <https:\/\/stationq.microsoft.com\/common-framework-scientific-experiments-qcodes\/>",
        "user": "U138U8K4P",
        "ts": "1488979198.000328",
        "team": "T0CJ5UNHK",
        "user_team": "T0CJ5UNHK",
        "source_team": "T0CJ5UNHK",
        "user_profile": {
            "avatar_hash": "cdd401306170",
            "image_72": "https:\/\/avatars.slack-edge.com\/2016-12-22\/119998558051_cdd4013061705ea4e183_72.jpg",
            "first_name": "giulio",
            "real_name": "giulio ungaretti",
            "display_name": "unga",
            "team": "T0CJ5UNHK",
            "name": "unga",
            "is_restricted": false,
            "is_ultra_restricted": false
        },
        "attachments": [
            {
                "service_name": "Station Q",
                "title": "Common framework for scientific experiments: QCoDeS | Station Q",
                "title_link": "https:\/\/stationq.microsoft.com\/common-framework-scientific-experiments-qcodes\/",
                "text": "QCoDeS is an open source data acquisition framework that was created by distilling the homegrown solutions used in Station Q’s experimental labs, and infused with all the best practices from the open source software world. It includes a simple syntax to define complex sweeps over n-dimensional parameter space, all the machinery required to visualize and …",
                "fallback": "Station Q: Common framework for scientific experiments: QCoDeS | Station Q",
                "thumb_url": "https:\/\/stationq.microsoft.com\/wp-content\/uploads\/2016\/12\/QCoDeS_700x393.png",
                "ts": 1483462834,
                "from_url": "https:\/\/stationq.microsoft.com\/common-framework-scientific-experiments-qcodes\/",
                "thumb_width": 700,
                "thumb_height": 393,
                "id": 1
            }
        ],
        "blocks": [
            {
                "type": "rich_text",
                "block_id": "CvD",
                "elements": [
                    {
                        "type": "rich_text_section",
                        "elements": [
                            {
                                "type": "text",
                                "text": "Are you interested in doing elm for QCoDeS an interactive open source data-acquisition system for quantum computing? (Or as much elm as possible)\nIt involves developing a repl, data visualization and more interactive bits. The project is fully open source, developed togheter by Microsoft Station Q and Niels Bohr Institute in Copenhagen, also in collaboration with TU Delf and University of Sydney.\nUnfortunately we can't have remote, one would need to be in Copenhagen Denmark.\nThere is currently no front-end at all. The backend api is also under development (so, no more horribly shaped data for the frontend to deal with! )\nIf you are interested get in touch,  read more about QCoDeS "
                            },
                            {
                                "type": "link",
                                "url": "https:\/\/stationq.microsoft.com\/common-framework-scientific-experiments-qcodes\/"
                            }
                        ]
                    }
                ]
            }
        ],
        "reactions": [
            {
                "name": "+1",
                "users": [
                    "U23U8APEY",
                    "U0H3A9XLN",
                    "U2X79NKDH"
                ],
                "count": 3
            }
        ]
    },
    {
        "type": "message",
        "subtype": "channel_join",
        "ts": "1489029983.000331",
        "user": "U4CPC9AAF",
        "text": "<@U4CPC9AAF> has joined the channel"
    },
    {
        "type": "message",
        "text": "<@U138U8K4P> I’d recommend you to edit your message and to move the link to the top, so it would still be visible when message is pinned (pinned messages does not show all the text, but several first lines only) and people could still find your website.",
        "user": "U1D7SLE4Q",
        "ts": "1489044375.000332",
        "team": "T0CJ5UNHK",
        "user_team": "T0CJ5UNHK",
        "source_team": "T0CJ5UNHK",
        "user_profile": {
            "avatar_hash": "g040fae8bcfa",
            "image_72": "https:\/\/secure.gravatar.com\/avatar\/6040fae8bcfae13e592950cec1a56e58.jpg?s=72&d=https%3A%2F%2Fa.slack-edge.com%2Fdf10d%2Fimg%2Favatars%2Fava_0017-72.png",
            "first_name": "Roman",
            "real_name": "Roman Salnikov",
            "display_name": "bardt",
            "team": "T0CJ5UNHK",
            "name": "bardt",
            "is_restricted": false,
            "is_ultra_restricted": false
        },
        "blocks": [
            {
                "type": "rich_text",
                "block_id": "wLV=",
                "elements": [
                    {
                        "type": "rich_text_section",
                        "elements": [
                            {
                                "type": "user",
                                "user_id": "U138U8K4P"
                            },
                            {
                                "type": "text",
                                "text": " I’d recommend you to edit your message and to move the link to the top, so it would still be visible when message is pinned (pinned messages does not show all the text, but several first lines only) and people could still find your website."
                            }
                        ]
                    }
                ]
            }
        ]
    }
]