[
    {
        "client_msg_id": "6c6d2343-b3a3-49ff-b1c6-8aa4d3cd99df",
        "type": "message",
        "text": "I guess you mean “funded” instead of “founded”?",
        "user": "U4872964V",
        "ts": "1535131891.000100",
        "team": "T0CJ5UNHK",
        "user_team": "T0CJ5UNHK",
        "source_team": "T0CJ5UNHK",
        "user_profile": {
            "avatar_hash": "g9cddbae2c66",
            "image_72": "https:\/\/secure.gravatar.com\/avatar\/c9cddbae2c663e38984457a9fcb849d3.jpg?s=72&d=https%3A%2F%2Fa.slack-edge.com%2Fdf10d%2Fimg%2Favatars%2Fava_0018-72.png",
            "first_name": "Martin",
            "real_name": "Martin Norbäck Olivers",
            "display_name": "norpan",
            "team": "T0CJ5UNHK",
            "name": "norpan",
            "is_restricted": false,
            "is_ultra_restricted": false
        },
        "blocks": [
            {
                "type": "rich_text",
                "block_id": "5sc7q",
                "elements": [
                    {
                        "type": "rich_text_section",
                        "elements": [
                            {
                                "type": "text",
                                "text": "I guess you mean “funded” instead of “founded”?"
                            }
                        ]
                    }
                ]
            }
        ],
        "thread_ts": "1535002202.000100",
        "parent_user_id": "U0LFFASSV",
        "reactions": [
            {
                "name": "+1",
                "users": [
                    "U0LFFASSV"
                ],
                "count": 1
            }
        ]
    },
    {
        "client_msg_id": "1f4d014c-2b5f-4d1a-8e3a-528e0b904445",
        "type": "message",
        "text": "| HubTran | Chicago + Cincinnati + Remote (US-only) | Lead Developer |\n\n<https:\/\/engineering.hubtran.com\/jobs>\n\nHello! I work at HubTran, where we build automation for backoffices. We’ve got 50k+ lines of production Elm, and 9 developers so far. The link above will take you to the Lead Developer job description. I am also a Lead Developer, so if you have any questions, please feel free to DM me.",
        "user": "U1YUR8HRN",
        "ts": "1535132772.000100",
        "team": "T0CJ5UNHK",
        "user_team": "T0CJ5UNHK",
        "source_team": "T0CJ5UNHK",
        "user_profile": {
            "avatar_hash": "0f76217bc460",
            "image_72": "https:\/\/avatars.slack-edge.com\/2020-12-17\/1589531294932_0f76217bc4604ff28c87_72.jpg",
            "first_name": "Kofi",
            "real_name": "Kofi Gumbs",
            "display_name": "",
            "team": "T0CJ5UNHK",
            "name": "kofi",
            "is_restricted": false,
            "is_ultra_restricted": false
        },
        "edited": {
            "user": "U1YUR8HRN",
            "ts": "1535138731.000000"
        },
        "attachments": [
            {
                "service_name": "The HubTran Technical Blog",
                "title": "Jobs at HubTran",
                "title_link": "https:\/\/engineering.hubtran.com\/jobs",
                "text": "Development blog",
                "fallback": "The HubTran Technical Blog: Jobs at HubTran",
                "from_url": "https:\/\/engineering.hubtran.com\/jobs",
                "id": 1,
                "original_url": "https:\/\/engineering.hubtran.com\/jobs"
            }
        ],
        "blocks": [
            {
                "type": "rich_text",
                "block_id": "y5jp",
                "elements": [
                    {
                        "type": "rich_text_section",
                        "elements": [
                            {
                                "type": "text",
                                "text": "| HubTran | Chicago + Cincinnati + Remote (US-only) | Lead Developer |\n\n"
                            },
                            {
                                "type": "link",
                                "url": "https:\/\/engineering.hubtran.com\/jobs"
                            },
                            {
                                "type": "text",
                                "text": "\n\nHello! I work at HubTran, where we build automation for backoffices. We’ve got 50k+ lines of production Elm, and 9 developers so far. The link above will take you to the Lead Developer job description. I am also a Lead Developer, so if you have any questions, please feel free to DM me."
                            }
                        ]
                    }
                ]
            }
        ],
        "thread_ts": "1535132772.000100",
        "reply_count": 3,
        "reply_users_count": 3,
        "latest_reply": "1535226859.000100",
        "reply_users": [
            "U17R26VR8",
            "U1YUR8HRN",
            "U1890CB1U"
        ],
        "replies": [
            {
                "user": "U17R26VR8",
                "ts": "1535158370.000100"
            },
            {
                "user": "U1YUR8HRN",
                "ts": "1535162895.000100"
            },
            {
                "user": "U1890CB1U",
                "ts": "1535226859.000100"
            }
        ],
        "is_locked": false,
        "subscribed": false,
        "reactions": [
            {
                "name": "100",
                "users": [
                    "U0J1M0F32"
                ],
                "count": 1
            },
            {
                "name": "heart",
                "users": [
                    "U17R26VR8",
                    "U6N2GE001",
                    "U1890CB1U",
                    "U1D6A991D"
                ],
                "count": 4
            },
            {
                "name": "+1",
                "users": [
                    "U0JNX5Y0H"
                ],
                "count": 1
            }
        ]
    },
    {
        "client_msg_id": "a88ac211-1f60-4545-9a93-f748728510eb",
        "type": "message",
        "text": "This kind of team exp, FP culture and business makes me wish I lived in the US. All the best!",
        "user": "U17R26VR8",
        "ts": "1535158370.000100",
        "team": "T0CJ5UNHK",
        "user_team": "T0CJ5UNHK",
        "source_team": "T0CJ5UNHK",
        "user_profile": {
            "avatar_hash": "d2958e51ba12",
            "image_72": "https:\/\/avatars.slack-edge.com\/2019-01-18\/526804239634_d2958e51ba12b82caf12_72.jpg",
            "first_name": "Joseph",
            "real_name": "Joseph Ni",
            "display_name": "mordrax",
            "team": "T0CJ5UNHK",
            "name": "mordrax",
            "is_restricted": false,
            "is_ultra_restricted": false
        },
        "blocks": [
            {
                "type": "rich_text",
                "block_id": "VK4",
                "elements": [
                    {
                        "type": "rich_text_section",
                        "elements": [
                            {
                                "type": "text",
                                "text": "This kind of team exp, FP culture and business makes me wish I lived in the US. All the best!"
                            }
                        ]
                    }
                ]
            }
        ],
        "thread_ts": "1535132772.000100",
        "parent_user_id": "U1YUR8HRN"
    },
    {
        "client_msg_id": "5c894c2f-6393-423c-9de6-33eee521595b",
        "type": "message",
        "text": "Thanks <@U17R26VR8>!! ",
        "user": "U1YUR8HRN",
        "ts": "1535162895.000100",
        "team": "T0CJ5UNHK",
        "user_team": "T0CJ5UNHK",
        "source_team": "T0CJ5UNHK",
        "user_profile": {
            "avatar_hash": "0f76217bc460",
            "image_72": "https:\/\/avatars.slack-edge.com\/2020-12-17\/1589531294932_0f76217bc4604ff28c87_72.jpg",
            "first_name": "Kofi",
            "real_name": "Kofi Gumbs",
            "display_name": "",
            "team": "T0CJ5UNHK",
            "name": "kofi",
            "is_restricted": false,
            "is_ultra_restricted": false
        },
        "blocks": [
            {
                "type": "rich_text",
                "block_id": "VXw",
                "elements": [
                    {
                        "type": "rich_text_section",
                        "elements": [
                            {
                                "type": "text",
                                "text": "Thanks "
                            },
                            {
                                "type": "user",
                                "user_id": "U17R26VR8"
                            },
                            {
                                "type": "text",
                                "text": "!!"
                            }
                        ]
                    }
                ]
            }
        ],
        "thread_ts": "1535132772.000100",
        "parent_user_id": "U1YUR8HRN"
    }
]