[
    {
        "type": "message",
        "text": "| Pickmister | Remote, European timezones | Full-time front-end developer | We are a startup company developing a fantasy football platform (*soccer*, EPL, UCL, La Liga, for now). We are looking for a front-end developer familiar with Elm to join our team. Our two main requirements is a strong aptitude for CSS (currently written in SCSS), and working knowledge and passion for football. Initially most of the work will updating our styles to match existing designs. There are both mobile and desktop versions of the site, so experience of writing responsive CSS is a must.",
        "user": "U696R91EC",
        "ts": "1518604844.000068",
        "team": "T0CJ5UNHK",
        "user_team": "T0CJ5UNHK",
        "source_team": "T0CJ5UNHK",
        "user_profile": {
            "avatar_hash": "gbaed8c010d5",
            "image_72": "https:\/\/secure.gravatar.com\/avatar\/1baed8c010d531e7eca033d8f196ec09.jpg?s=72&d=https%3A%2F%2Fa.slack-edge.com%2Fdf10d%2Fimg%2Favatars%2Fava_0012-72.png",
            "first_name": "allanderek",
            "real_name": "allanderek",
            "display_name": "allanderek",
            "team": "T0CJ5UNHK",
            "name": "allanderek",
            "is_restricted": false,
            "is_ultra_restricted": false
        },
        "edited": {
            "user": "U696R91EC",
            "ts": "1518637205.000000"
        },
        "blocks": [
            {
                "type": "rich_text",
                "block_id": "xqscD",
                "elements": [
                    {
                        "type": "rich_text_section",
                        "elements": [
                            {
                                "type": "text",
                                "text": "| Pickmister | Remote, European timezones | Full-time front-end developer | We are a startup company developing a fantasy football platform ("
                            },
                            {
                                "type": "text",
                                "text": "soccer",
                                "style": {
                                    "bold": true
                                }
                            },
                            {
                                "type": "text",
                                "text": ", EPL, UCL, La Liga, for now). We are looking for a front-end developer familiar with Elm to join our team. Our two main requirements is a strong aptitude for CSS (currently written in SCSS), and working knowledge and passion for football. Initially most of the work will updating our styles to match existing designs. There are both mobile and desktop versions of the site, so experience of writing responsive CSS is a must."
                            }
                        ]
                    }
                ]
            }
        ],
        "reactions": [
            {
                "name": "+1",
                "users": [
                    "U0JD7JSUA",
                    "U3Q7F13EJ",
                    "U3DQT3ZGC",
                    "U1AS0D4KU"
                ],
                "count": 4
            }
        ]
    },
    {
        "type": "message",
        "subtype": "pinned_item",
        "text": "<@U3SJEDR96> pinned a message to this channel.",
        "user": "U3SJEDR96",
        "item_type": "C",
        "attachments": [
            {
                "fallback": "[February 14th, 2018 2:40 AM] allanderek: | Pickmister | Remote, European timezones | Full-time front-end developer | We are a startup company developing a fantasy football platform (*soccer*, EPL, UCL, La Liga, for now). We are looking for a front-end developer familiar with Elm to join our team. Our two main requirements is a strong aptitude for CSS (currently written in SCSS), and working knowledge and passion for football. Initially most of the work will updating our styles to match existing designs. There are both mobile and desktop versions of the site, so experience of writing responsive CSS is a must.",
                "ts": "1518604844.000068",
                "author_id": "U696R91EC",
                "author_subname": "allanderek",
                "channel_id": "C0LUAGWRK",
                "channel_team": "T0CJ5UNHK",
                "channel_name": "jobs",
                "is_msg_unfurl": true,
                "text": "| Pickmister | Remote, European timezones | Full-time front-end developer | We are a startup company developing a fantasy football platform (*soccer*, EPL, UCL, La Liga, for now). We are looking for a front-end developer familiar with Elm to join our team. Our two main requirements is a strong aptitude for CSS (currently written in SCSS), and working knowledge and passion for football. Initially most of the work will updating our styles to match existing designs. There are both mobile and desktop versions of the site, so experience of writing responsive CSS is a must.",
                "message_blocks": [
                    {
                        "team": "T0CJ5UNHK",
                        "channel": "C0LUAGWRK",
                        "ts": "1518604844.000068",
                        "message": {
                            "blocks": [
                                {
                                    "type": "rich_text",
                                    "block_id": "rFJ8",
                                    "elements": [
                                        {
                                            "type": "rich_text_section",
                                            "elements": [
                                                {
                                                    "type": "text",
                                                    "text": "| Pickmister | Remote, European timezones | Full-time front-end developer | We are a startup company developing a fantasy football platform ("
                                                },
                                                {
                                                    "type": "text",
                                                    "text": "soccer",
                                                    "style": {
                                                        "bold": true
                                                    }
                                                },
                                                {
                                                    "type": "text",
                                                    "text": ", EPL, UCL, La Liga, for now). We are looking for a front-end developer familiar with Elm to join our team. Our two main requirements is a strong aptitude for CSS (currently written in SCSS), and working knowledge and passion for football. Initially most of the work will updating our styles to match existing designs. There are both mobile and desktop versions of the site, so experience of writing responsive CSS is a must."
                                                }
                                            ]
                                        }
                                    ]
                                }
                            ]
                        }
                    }
                ],
                "author_name": "allanderek",
                "author_link": "https:\/\/elmlang.slack.com\/team\/U696R91EC",
                "author_icon": "https:\/\/secure.gravatar.com\/avatar\/1baed8c010d531e7eca033d8f196ec09.jpg?s=48&d=https%3A%2F%2Fa.slack-edge.com%2Fdf10d%2Fimg%2Favatars%2Fava_0012-48.png",
                "mrkdwn_in": [
                    "text"
                ],
                "from_hidden_wksp": false
            }
        ],
        "ts": "1518604937.000281"
    }
]