[
    {
        "client_msg_id": "6d16a92a-6713-41d3-aea2-bb4c97fe76ca",
        "type": "message",
        "text": "| Corsando | Remote (CET preferred) | Web Developer\/UX Designer (Contract) |\nCorsando is a Startup located in Switzerland, that wants to bring you closer to various courses near you.\nWe are looking for an experienced Web Developer\/UX Designer to design and write our beautiful and reliable Web Platform.\nWe suspect the initial phase to be around 200-250 hours with a potential for bigger phases to follow.\nPlease DM me, if you are interested or know someone.",
        "user": "U3EPLC6A0",
        "ts": "1534921261.000100",
        "team": "T0CJ5UNHK",
        "user_team": "T0CJ5UNHK",
        "source_team": "T0CJ5UNHK",
        "user_profile": {
            "avatar_hash": "cfa2d1140ede",
            "image_72": "https:\/\/avatars.slack-edge.com\/2017-02-02\/136081215042_cfa2d1140eded5177418_72.jpg",
            "first_name": "Daniel",
            "real_name": "Daniel Mueller",
            "display_name": "damukles",
            "team": "T0CJ5UNHK",
            "name": "damukles",
            "is_restricted": false,
            "is_ultra_restricted": false
        },
        "blocks": [
            {
                "type": "rich_text",
                "block_id": "JNyWb",
                "elements": [
                    {
                        "type": "rich_text_section",
                        "elements": [
                            {
                                "type": "text",
                                "text": "| Corsando | Remote (CET preferred) | Web Developer\/UX Designer (Contract) |\nCorsando is a Startup located in Switzerland, that wants to bring you closer to various courses near you.\nWe are looking for an experienced Web Developer\/UX Designer to design and write our beautiful and reliable Web Platform.\nWe suspect the initial phase to be around 200-250 hours with a potential for bigger phases to follow.\nPlease DM me, if you are interested or know someone."
                            }
                        ]
                    }
                ]
            }
        ]
    },
    {
        "client_msg_id": "8e85f12c-829d-4e96-b786-1031d79367d1",
        "type": "message",
        "text": "| ActiveState | Remote (North America) | Full Stack Engineer |\nHi everyone! We are looking for full stack engineers with elm experience to join our team at ActiveState.\nThe position is open to remote developers in North America, and we've got 100% buy-in for using elm in all of our front-end projects.\nThe full job description can be found here: <https:\/\/www.activestate.com\/careers#op-272588-developer-experience-engineer>\nPlease feel free to DM me for any more details. I'd be happy to answer any questions you might have.",
        "user": "U6CGKP3MX",
        "ts": "1534976849.000100",
        "team": "T0CJ5UNHK",
        "user_team": "T0CJ5UNHK",
        "source_team": "T0CJ5UNHK",
        "user_profile": {
            "avatar_hash": "ge70a790c854",
            "image_72": "https:\/\/secure.gravatar.com\/avatar\/fa1be70a790c8544c74280e9aa881639.jpg?s=72&d=https%3A%2F%2Fa.slack-edge.com%2Fdf10d%2Fimg%2Favatars%2Fava_0018-72.png",
            "first_name": "Chris",
            "real_name": "Chris Gallo",
            "display_name": "cgallo",
            "team": "T0CJ5UNHK",
            "name": "cgallo",
            "is_restricted": false,
            "is_ultra_restricted": false
        },
        "edited": {
            "user": "U6CGKP3MX",
            "ts": "1534977009.000000"
        },
        "blocks": [
            {
                "type": "rich_text",
                "block_id": "CQ=E",
                "elements": [
                    {
                        "type": "rich_text_section",
                        "elements": [
                            {
                                "type": "text",
                                "text": "| ActiveState | Remote (North America) | Full Stack Engineer |\nHi everyone! We are looking for full stack engineers with elm experience to join our team at ActiveState.\nThe position is open to remote developers in North America, and we've got 100% buy-in for using elm in all of our front-end projects.\nThe full job description can be found here: "
                            },
                            {
                                "type": "link",
                                "url": "https:\/\/www.activestate.com\/careers#op-272588-developer-experience-engineer"
                            },
                            {
                                "type": "text",
                                "text": "\nPlease feel free to DM me for any more details. I'd be happy to answer any questions you might have."
                            }
                        ]
                    }
                ]
            }
        ]
    },
    {
        "client_msg_id": "fb1dcf24-2ec4-4430-b294-489f83bf4350",
        "type": "message",
        "text": "| GlobalWebIndex (<https:\/\/globalwebindex.com\/>) | EU remote | Elm dev\nWe’re always* looking for new folks to join us working on our projects. We deploy Elm in many scenarios. From Single page applications to small specialized widgets embedded in server rendered pages. From user-facing flagship product to internal tools enabling employees to do their work more efficiently then they would do otherwise.\nEngineering team is fully remote with folks from :flag-cz::flag-gb::flag-pl::flag-sk::flag-es::flag-si::flag-gr: . Our hiring policy limited just to :flag-eu:.\n\n- We like GDPR <https:\/\/www.globalwebindex.com\/gdpr>\n- We’re not user tracking <https:\/\/blog.globalwebindex.com\/marketing\/why-we-dont-use-device-meters\/>\n- We’re funded <https:\/\/techcrunch.com\/2018\/07\/25\/market-research-firm-globalwebindex-takes-first-vc-with-40m-series-a\/?guccounter=1>",
        "user": "U0LFFASSV",
        "ts": "1535002202.000100",
        "team": "T0CJ5UNHK",
        "user_team": "T0CJ5UNHK",
        "source_team": "T0CJ5UNHK",
        "user_profile": {
            "avatar_hash": "g9d605cfb474",
            "image_72": "https:\/\/secure.gravatar.com\/avatar\/39d605cfb4744f4c5ef4009bb630fa9a.jpg?s=72&d=https%3A%2F%2Fa.slack-edge.com%2Fdf10d%2Fimg%2Favatars%2Fava_0010-72.png",
            "first_name": "",
            "real_name": "turbo_mack",
            "display_name": "",
            "team": "T0CJ5UNHK",
            "name": "turbo_mack",
            "is_restricted": false,
            "is_ultra_restricted": false
        },
        "edited": {
            "user": "U0LFFASSV",
            "ts": "1535190033.000000"
        },
        "blocks": [
            {
                "type": "rich_text",
                "block_id": "kfo",
                "elements": [
                    {
                        "type": "rich_text_section",
                        "elements": [
                            {
                                "type": "text",
                                "text": "| GlobalWebIndex ("
                            },
                            {
                                "type": "link",
                                "url": "https:\/\/globalwebindex.com\/"
                            },
                            {
                                "type": "text",
                                "text": ") | EU remote | Elm dev\nWe’re always* looking for new folks to join us working on our projects. We deploy Elm in many scenarios. From Single page applications to small specialized widgets embedded in server rendered pages. From user-facing flagship product to internal tools enabling employees to do their work more efficiently then they would do otherwise.\nEngineering team is fully remote with folks from "
                            },
                            {
                                "type": "emoji",
                                "name": "flag-cz",
                                "unicode": "1f1e8-1f1ff"
                            },
                            {
                                "type": "emoji",
                                "name": "flag-gb",
                                "unicode": "1f1ec-1f1e7"
                            },
                            {
                                "type": "emoji",
                                "name": "flag-pl",
                                "unicode": "1f1f5-1f1f1"
                            },
                            {
                                "type": "emoji",
                                "name": "flag-sk",
                                "unicode": "1f1f8-1f1f0"
                            },
                            {
                                "type": "emoji",
                                "name": "flag-es",
                                "unicode": "1f1ea-1f1f8"
                            },
                            {
                                "type": "emoji",
                                "name": "flag-si",
                                "unicode": "1f1f8-1f1ee"
                            },
                            {
                                "type": "emoji",
                                "name": "flag-gr",
                                "unicode": "1f1ec-1f1f7"
                            },
                            {
                                "type": "text",
                                "text": " . Our hiring policy limited just to "
                            },
                            {
                                "type": "emoji",
                                "name": "flag-eu",
                                "unicode": "1f1ea-1f1fa"
                            },
                            {
                                "type": "text",
                                "text": ".\n\n- We like GDPR "
                            },
                            {
                                "type": "link",
                                "url": "https:\/\/www.globalwebindex.com\/gdpr"
                            },
                            {
                                "type": "text",
                                "text": "\n- We’re not user tracking "
                            },
                            {
                                "type": "link",
                                "url": "https:\/\/blog.globalwebindex.com\/marketing\/why-we-dont-use-device-meters\/"
                            },
                            {
                                "type": "text",
                                "text": "\n- We’re funded "
                            },
                            {
                                "type": "link",
                                "url": "https:\/\/techcrunch.com\/2018\/07\/25\/market-research-firm-globalwebindex-takes-first-vc-with-40m-series-a\/?guccounter=1"
                            }
                        ]
                    }
                ]
            }
        ],
        "thread_ts": "1535002202.000100",
        "reply_count": 4,
        "reply_users_count": 2,
        "latest_reply": "1535190037.000100",
        "reply_users": [
            "U0LFFASSV",
            "U4872964V"
        ],
        "replies": [
            {
                "user": "U0LFFASSV",
                "ts": "1535002221.000100"
            },
            {
                "user": "U0LFFASSV",
                "ts": "1535003442.000100"
            },
            {
                "user": "U4872964V",
                "ts": "1535131891.000100"
            },
            {
                "user": "U0LFFASSV",
                "ts": "1535190037.000100"
            }
        ],
        "is_locked": false,
        "subscribed": false,
        "reactions": [
            {
                "name": "+1",
                "users": [
                    "U0JNX5Y0H",
                    "U0JD7JSUA",
                    "U18UD6T3J"
                ],
                "count": 3
            }
        ]
    },
    {
        "client_msg_id": "fd630da2-b178-42e7-88a9-e6cf8949f9ee",
        "type": "message",
        "text": "*there are limitations to how fast we can scale processes still",
        "user": "U0LFFASSV",
        "ts": "1535002221.000100",
        "team": "T0CJ5UNHK",
        "user_team": "T0CJ5UNHK",
        "source_team": "T0CJ5UNHK",
        "user_profile": {
            "avatar_hash": "g9d605cfb474",
            "image_72": "https:\/\/secure.gravatar.com\/avatar\/39d605cfb4744f4c5ef4009bb630fa9a.jpg?s=72&d=https%3A%2F%2Fa.slack-edge.com%2Fdf10d%2Fimg%2Favatars%2Fava_0010-72.png",
            "first_name": "",
            "real_name": "turbo_mack",
            "display_name": "",
            "team": "T0CJ5UNHK",
            "name": "turbo_mack",
            "is_restricted": false,
            "is_ultra_restricted": false
        },
        "blocks": [
            {
                "type": "rich_text",
                "block_id": "Zk6",
                "elements": [
                    {
                        "type": "rich_text_section",
                        "elements": [
                            {
                                "type": "text",
                                "text": "*there are limitations to how fast we can scale processes still"
                            }
                        ]
                    }
                ]
            }
        ],
        "thread_ts": "1535002202.000100",
        "parent_user_id": "U0LFFASSV"
    },
    {
        "client_msg_id": "74ea6c6c-8ca7-428a-8356-7129cf7011bd",
        "type": "message",
        "text": "Q&amp;A:\n*What you exactly do?*\nYou can get some feel about what we build from our knowledge base <https:\/\/knowledge.globalwebindex.net\/hc\/en-us>\nWe’re going to answer more specific questions individually as there are many things in whole process that makes the product, different parts of system with their specific roles and it hard to find best answer without knowing background of person who asked.\n\n*Should I send CV*?\nIt’s nice to have CVs especially when we sort candidates for 1st interview with engineering leads looking for people. It’s not required though. Send github, linkedin or CV what ever you prefer. Different people have different record.\n\n*What I is required?*\nYour email so we can contact you. Stuff tends to get lost in Slack.\n\n*Where to Start?*\nPing me directly. I would like to answer some questions and make sure personally that we have a track of you!",
        "user": "U0LFFASSV",
        "ts": "1535003442.000100",
        "team": "T0CJ5UNHK",
        "user_team": "T0CJ5UNHK",
        "source_team": "T0CJ5UNHK",
        "user_profile": {
            "avatar_hash": "g9d605cfb474",
            "image_72": "https:\/\/secure.gravatar.com\/avatar\/39d605cfb4744f4c5ef4009bb630fa9a.jpg?s=72&d=https%3A%2F%2Fa.slack-edge.com%2Fdf10d%2Fimg%2Favatars%2Fava_0010-72.png",
            "first_name": "",
            "real_name": "turbo_mack",
            "display_name": "",
            "team": "T0CJ5UNHK",
            "name": "turbo_mack",
            "is_restricted": false,
            "is_ultra_restricted": false
        },
        "edited": {
            "user": "U0LFFASSV",
            "ts": "1535004488.000000"
        },
        "blocks": [
            {
                "type": "rich_text",
                "block_id": "5xaRl",
                "elements": [
                    {
                        "type": "rich_text_section",
                        "elements": [
                            {
                                "type": "text",
                                "text": "Q&A:\n"
                            },
                            {
                                "type": "text",
                                "text": "What you exactly do?",
                                "style": {
                                    "bold": true
                                }
                            },
                            {
                                "type": "text",
                                "text": "\nYou can get some feel about what we build from our knowledge base "
                            },
                            {
                                "type": "link",
                                "url": "https:\/\/knowledge.globalwebindex.net\/hc\/en-us"
                            },
                            {
                                "type": "text",
                                "text": "\nWe’re going to answer more specific questions individually as there are many things in whole process that makes the product, different parts of system with their specific roles and it hard to find best answer without knowing background of person who asked.\n\n"
                            },
                            {
                                "type": "text",
                                "text": "Should I send CV",
                                "style": {
                                    "bold": true
                                }
                            },
                            {
                                "type": "text",
                                "text": "?\nIt’s nice to have CVs especially when we sort candidates for 1st interview with engineering leads looking for people. It’s not required though. Send github, linkedin or CV what ever you prefer. Different people have different record.\n\n"
                            },
                            {
                                "type": "text",
                                "text": "What I is required?",
                                "style": {
                                    "bold": true
                                }
                            },
                            {
                                "type": "text",
                                "text": "\nYour email so we can contact you. Stuff tends to get lost in Slack.\n\n"
                            },
                            {
                                "type": "text",
                                "text": "Where to Start?",
                                "style": {
                                    "bold": true
                                }
                            },
                            {
                                "type": "text",
                                "text": "\nPing me directly. I would like to answer some questions and make sure personally that we have a track of you!"
                            }
                        ]
                    }
                ]
            }
        ],
        "thread_ts": "1535002202.000100",
        "parent_user_id": "U0LFFASSV"
    }
]