[
    {
        "client_msg_id": "0cb5a48c-0fb1-4389-9a49-97ed14429d80",
        "type": "message",
        "text": "<@U4R17T6F7> are you looking for remote or onsite devs?",
        "user": "U1R5JCM55",
        "ts": "1543414367.034900",
        "team": "T0CJ5UNHK",
        "user_team": "T0CJ5UNHK",
        "source_team": "T0CJ5UNHK",
        "user_profile": {
            "avatar_hash": "g6c358b5bca4",
            "image_72": "https:\/\/secure.gravatar.com\/avatar\/c6c358b5bca4d3125b5783e14c393770.jpg?s=72&d=https%3A%2F%2Fa.slack-edge.com%2Fdf10d%2Fimg%2Favatars%2Fava_0010-72.png",
            "first_name": "Oliver",
            "real_name": "Oliver Searle-Barnes",
            "display_name": "opsb",
            "team": "T0CJ5UNHK",
            "name": "opsb",
            "is_restricted": false,
            "is_ultra_restricted": false
        },
        "blocks": [
            {
                "type": "rich_text",
                "block_id": "Edk",
                "elements": [
                    {
                        "type": "rich_text_section",
                        "elements": [
                            {
                                "type": "user",
                                "user_id": "U4R17T6F7"
                            },
                            {
                                "type": "text",
                                "text": " are you looking for remote or onsite devs?"
                            }
                        ]
                    }
                ]
            }
        ],
        "thread_ts": "1543364393.034200",
        "parent_user_id": "U4R17T6F7"
    },
    {
        "client_msg_id": "8ac6dbfb-a9fc-473f-a1b0-28fcf332afb4",
        "type": "message",
        "text": "<@U1R5JCM55> only onsite, unfortunately",
        "user": "U4R17T6F7",
        "ts": "1543439694.035300",
        "team": "T0CJ5UNHK",
        "user_team": "T0CJ5UNHK",
        "source_team": "T0CJ5UNHK",
        "user_profile": {
            "avatar_hash": "55ff7579a123",
            "image_72": "https:\/\/avatars.slack-edge.com\/2018-02-25\/321325028550_55ff7579a123a9e5f5e2_72.png",
            "first_name": "Lucamug",
            "real_name": "Lucamug",
            "display_name": "lucamug",
            "team": "T0CJ5UNHK",
            "name": "lucamug",
            "is_restricted": false,
            "is_ultra_restricted": false
        },
        "blocks": [
            {
                "type": "rich_text",
                "block_id": "j5cx",
                "elements": [
                    {
                        "type": "rich_text_section",
                        "elements": [
                            {
                                "type": "user",
                                "user_id": "U1R5JCM55"
                            },
                            {
                                "type": "text",
                                "text": " only onsite, unfortunately"
                            }
                        ]
                    }
                ]
            }
        ],
        "thread_ts": "1543364393.034200",
        "parent_user_id": "U4R17T6F7"
    }
]