[
    {
        "client_msg_id": "200109a6-a8cd-4f42-b54f-f0f2ac11531b",
        "type": "message",
        "text": "| seeking work | Montreal, CA \/ Remote | Full-time |\nHave been using elm since 0.13 and am familiar with haskell &amp; category theory. Also have full-time experience building distributed, large-scale systems using golang, kafka, ceph, docker, and mixed aws\/on-prem servers. Experience in going through the transitions of a small start-up environment to a public company. Passionate about pedagogy and creating educational tools and games.",
        "user": "U0GGQSHUZ",
        "ts": "1540235857.000100",
        "team": "T0CJ5UNHK",
        "user_team": "T0CJ5UNHK",
        "source_team": "T0CJ5UNHK",
        "user_profile": {
            "avatar_hash": "g6ce903ff712",
            "image_72": "https:\/\/secure.gravatar.com\/avatar\/96ce903ff712b0994530b8ec21a923f9.jpg?s=72&d=https%3A%2F%2Fa.slack-edge.com%2Fdf10d%2Fimg%2Favatars%2Fava_0023-72.png",
            "first_name": "",
            "real_name": "trotha01",
            "display_name": "",
            "team": "T0CJ5UNHK",
            "name": "trotha01",
            "is_restricted": false,
            "is_ultra_restricted": false
        },
        "blocks": [
            {
                "type": "rich_text",
                "block_id": "G0Y",
                "elements": [
                    {
                        "type": "rich_text_section",
                        "elements": [
                            {
                                "type": "text",
                                "text": "| seeking work | Montreal, CA \/ Remote | Full-time |\nHave been using elm since 0.13 and am familiar with haskell & category theory. Also have full-time experience building distributed, large-scale systems using golang, kafka, ceph, docker, and mixed aws\/on-prem servers. Experience in going through the transitions of a small start-up environment to a public company. Passionate about pedagogy and creating educational tools and games."
                            }
                        ]
                    }
                ]
            }
        ]
    }
]