[
    {
        "client_msg_id": "da9e37ca-4ec4-49aa-862b-8dde2f7016a6",
        "type": "message",
        "text": "How many remote elm jobs are out there? Is there a listing?\nI am learning elm and would love to use it at work, not on weekends only. That's why asking the question above.\n\nP.S: I am asking about remote jobs only because I can't find a single elm jobs in my country.",
        "user": "U9W0SPSTW",
        "ts": "1534160327.000047",
        "team": "T0CJ5UNHK",
        "user_team": "T0CJ5UNHK",
        "source_team": "T0CJ5UNHK",
        "user_profile": {
            "avatar_hash": "46417dce2872",
            "image_72": "https:\/\/avatars.slack-edge.com\/2021-06-02\/2126958942354_46417dce287235dda9dd_72.jpg",
            "first_name": "Saqib",
            "real_name": "Saqib",
            "display_name": "segfaulter",
            "team": "T0CJ5UNHK",
            "name": "muhammadsackib",
            "is_restricted": false,
            "is_ultra_restricted": false
        },
        "blocks": [
            {
                "type": "rich_text",
                "block_id": "OC2J2",
                "elements": [
                    {
                        "type": "rich_text_section",
                        "elements": [
                            {
                                "type": "text",
                                "text": "How many remote elm jobs are out there? Is there a listing?\nI am learning elm and would love to use it at work, not on weekends only. That's why asking the question above.\n\nP.S: I am asking about remote jobs only because I can't find a single elm jobs in my country."
                            }
                        ]
                    }
                ]
            }
        ],
        "thread_ts": "1534160327.000047",
        "reply_count": 8,
        "reply_users_count": 5,
        "latest_reply": "1534241282.000100",
        "reply_users": [
            "U17R26VR8",
            "UBZ1H6D5L",
            "U2T2MKL58",
            "U2VCR5R6H",
            "U1X0EELG3"
        ],
        "replies": [
            {
                "user": "U17R26VR8",
                "ts": "1534160796.000128"
            },
            {
                "user": "UBZ1H6D5L",
                "ts": "1534164639.000158"
            },
            {
                "user": "U2T2MKL58",
                "ts": "1534184809.000405"
            },
            {
                "user": "U2VCR5R6H",
                "ts": "1534232511.000100"
            },
            {
                "user": "U1X0EELG3",
                "ts": "1534236508.000100"
            },
            {
                "user": "U17R26VR8",
                "ts": "1534240667.000100"
            },
            {
                "user": "U17R26VR8",
                "ts": "1534240692.000100"
            },
            {
                "user": "U1X0EELG3",
                "ts": "1534241282.000100"
            }
        ],
        "is_locked": false,
        "subscribed": false
    },
    {
        "client_msg_id": "3ebd0035-6416-4450-a0b6-0c6154c38eb0",
        "type": "message",
        "text": "have a look at the pinned items, i found out if click to delete it 'x', you can see the whole post (obviously, don't delete the pinned item). there's also this: <https:\/\/github.com\/FidelisClayton\/elm-jobs>",
        "user": "U17R26VR8",
        "ts": "1534160796.000128",
        "team": "T0CJ5UNHK",
        "user_team": "T0CJ5UNHK",
        "source_team": "T0CJ5UNHK",
        "user_profile": {
            "avatar_hash": "d2958e51ba12",
            "image_72": "https:\/\/avatars.slack-edge.com\/2019-01-18\/526804239634_d2958e51ba12b82caf12_72.jpg",
            "first_name": "Joseph",
            "real_name": "Joseph Ni",
            "display_name": "mordrax",
            "team": "T0CJ5UNHK",
            "name": "mordrax",
            "is_restricted": false,
            "is_ultra_restricted": false
        },
        "edited": {
            "user": "U17R26VR8",
            "ts": "1534160820.000000"
        },
        "blocks": [
            {
                "type": "rich_text",
                "block_id": "QfSL",
                "elements": [
                    {
                        "type": "rich_text_section",
                        "elements": [
                            {
                                "type": "text",
                                "text": "have a look at the pinned items, i found out if click to delete it 'x', you can see the whole post (obviously, don't delete the pinned item). there's also this: "
                            },
                            {
                                "type": "link",
                                "url": "https:\/\/github.com\/FidelisClayton\/elm-jobs"
                            }
                        ]
                    }
                ]
            }
        ],
        "thread_ts": "1534160327.000047",
        "parent_user_id": "U9W0SPSTW",
        "reactions": [
            {
                "name": "+1",
                "users": [
                    "U4U511M7Z",
                    "U50P90ZCZ"
                ],
                "count": 2
            }
        ]
    },
    {
        "client_msg_id": "70c7bbc4-8070-45ff-8fb5-98ff6886e6f1",
        "type": "message",
        "text": "it's not what you're looking for, but there's a great post \"How to Use Elm at Work\" with some ideas on how to convince dev managers :stuck_out_tongue:\n<http:\/\/elm-lang.org\/blog\/how-to-use-elm-at-work>",
        "user": "UBZ1H6D5L",
        "ts": "1534164639.000158",
        "team": "T0CJ5UNHK",
        "user_team": "T0CJ5UNHK",
        "source_team": "T0CJ5UNHK",
        "user_profile": {
            "avatar_hash": "g3ec0dda25b4",
            "image_72": "https:\/\/secure.gravatar.com\/avatar\/d3ec0dda25b409d1c75525ad339ab8f6.jpg?s=72&d=https%3A%2F%2Fa.slack-edge.com%2Fdf10d%2Fimg%2Favatars%2Fava_0002-72.png",
            "first_name": "",
            "real_name": "Bruno Buccolo",
            "display_name": "buccolo",
            "team": "T0CJ5UNHK",
            "name": "bruno.buccolo",
            "is_restricted": false,
            "is_ultra_restricted": false
        },
        "blocks": [
            {
                "type": "rich_text",
                "block_id": "fzX",
                "elements": [
                    {
                        "type": "rich_text_section",
                        "elements": [
                            {
                                "type": "text",
                                "text": "it's not what you're looking for, but there's a great post \"How to Use Elm at Work\" with some ideas on how to convince dev managers "
                            },
                            {
                                "type": "emoji",
                                "name": "stuck_out_tongue",
                                "unicode": "1f61b"
                            },
                            {
                                "type": "text",
                                "text": "\n"
                            },
                            {
                                "type": "link",
                                "url": "http:\/\/elm-lang.org\/blog\/how-to-use-elm-at-work"
                            }
                        ]
                    }
                ]
            }
        ],
        "thread_ts": "1534160327.000047",
        "parent_user_id": "U9W0SPSTW"
    },
    {
        "client_msg_id": "4b6bd143-3499-4807-83fa-0c8c208707f8",
        "type": "message",
        "text": "also a great talk from elm europe on that subject. I can't remember what the talk was called but you should be able to find it on the elm europe youtube channel",
        "user": "U2T2MKL58",
        "ts": "1534184809.000405",
        "team": "T0CJ5UNHK",
        "user_team": "T0CJ5UNHK",
        "source_team": "T0CJ5UNHK",
        "user_profile": {
            "avatar_hash": "d06e89326146",
            "image_72": "https:\/\/avatars.slack-edge.com\/2018-10-01\/446856973539_d06e893261463e73a74c_72.png",
            "first_name": "Tyler",
            "real_name": "Tyler Haas",
            "display_name": "",
            "team": "T0CJ5UNHK",
            "name": "haasdev",
            "is_restricted": false,
            "is_ultra_restricted": false
        },
        "blocks": [
            {
                "type": "rich_text",
                "block_id": "ISOE",
                "elements": [
                    {
                        "type": "rich_text_section",
                        "elements": [
                            {
                                "type": "text",
                                "text": "also a great talk from elm europe on that subject. I can't remember what the talk was called but you should be able to find it on the elm europe youtube channel"
                            }
                        ]
                    }
                ]
            }
        ],
        "thread_ts": "1534160327.000047",
        "parent_user_id": "U9W0SPSTW"
    }
]