[
    {
        "client_msg_id": "87a278d6-d103-404f-900b-e65ac4ac3833",
        "type": "message",
        "text": "| <http:\/\/www.zeit.io\/> | Germany + remote friendly | Elm developer |\nWe are looking for a part time freelancer to help us with our Elm Project. You should love writing code and like working in an international team. Let me know if you are curious.",
        "user": "U542N6QCT",
        "ts": "1535440721.000100",
        "team": "T0CJ5UNHK",
        "user_team": "T0CJ5UNHK",
        "source_team": "T0CJ5UNHK",
        "user_profile": {
            "avatar_hash": "16212a2e4165",
            "image_72": "https:\/\/avatars.slack-edge.com\/2018-03-14\/329484290739_16212a2e416573d920de_72.png",
            "first_name": "Arup",
            "real_name": "Arup Rakshit",
            "display_name": "arup_r",
            "team": "T0CJ5UNHK",
            "name": "arup_r",
            "is_restricted": false,
            "is_ultra_restricted": false
        },
        "attachments": [
            {
                "title": "ZEIT.IO - Awesome Software built in Ruby on Rails and Elixir - Located in  Hamburg and Göttingen",
                "title_link": "http:\/\/www.zeit.io\/",
                "text": "We build awesome software to power your great ideas, usually powered by Ruby on Rails or Elixir. Located in Hamburg and Göttingen, Germany.",
                "fallback": "ZEIT.IO - Awesome Software built in Ruby on Rails and Elixir - Located in  Hamburg and Göttingen",
                "from_url": "http:\/\/www.zeit.io\/",
                "service_icon": "http:\/\/www.zeit.io\/favicon.ico",
                "service_name": "pagebox",
                "id": 1,
                "original_url": "http:\/\/www.zeit.io\/"
            }
        ],
        "blocks": [
            {
                "type": "rich_text",
                "block_id": "EHK",
                "elements": [
                    {
                        "type": "rich_text_section",
                        "elements": [
                            {
                                "type": "text",
                                "text": "| "
                            },
                            {
                                "type": "link",
                                "url": "http:\/\/www.zeit.io\/"
                            },
                            {
                                "type": "text",
                                "text": " | Germany + remote friendly | Elm developer |\nWe are looking for a part time freelancer to help us with our Elm Project. You should love writing code and like working in an international team. Let me know if you are curious."
                            }
                        ]
                    }
                ]
            }
        ],
        "thread_ts": "1535440721.000100",
        "reply_count": 1,
        "reply_users_count": 1,
        "latest_reply": "1535730651.000100",
        "reply_users": [
            "U1890CB1U"
        ],
        "replies": [
            {
                "user": "U1890CB1U",
                "ts": "1535730651.000100"
            }
        ],
        "is_locked": false,
        "subscribed": false,
        "reactions": [
            {
                "name": "+1",
                "users": [
                    "U2FN13XD4",
                    "U6H9E1YS3",
                    "U18UD6T3J",
                    "U1890CB1U",
                    "U44GBN07L"
                ],
                "count": 5
            }
        ]
    },
    {
        "client_msg_id": "d2bf0f0c-e952-4f44-bf4d-7ba347d339df",
        "type": "message",
        "text": "| Insurello | Sweden (preferably in Stockholm) + Remote possibilities | Software Engineer |\nHi! We are a startup growing and we’re looking for people to join our dev team. Our service focus is to help people get their rightful compensations from insurance companies (in Sweden).\nWe are dedicated to functional languages and technologies, especially to Elm and we are proud to regularly help host Stockholm’s Elm meetup! :heart: :elm: Feel free to DM me if you have questions\n<https:\/\/jobb.insurello.se\/jobs\/118099-software-engineer-elm>",
        "user": "U0ULRASLC",
        "ts": "1535450824.000100",
        "team": "T0CJ5UNHK",
        "user_team": "T0CJ5UNHK",
        "source_team": "T0CJ5UNHK",
        "user_profile": {
            "avatar_hash": "5077a5a03ad9",
            "image_72": "https:\/\/avatars.slack-edge.com\/2018-08-28\/423881847761_5077a5a03ad96e2dab6c_72.jpg",
            "first_name": "Kristian",
            "real_name": "Kristian Lundström",
            "display_name": "mousaka",
            "team": "T0CJ5UNHK",
            "name": "mousaka",
            "is_restricted": false,
            "is_ultra_restricted": false
        },
        "edited": {
            "user": "U0ULRASLC",
            "ts": "1535451783.000000"
        },
        "blocks": [
            {
                "type": "rich_text",
                "block_id": "GmJTU",
                "elements": [
                    {
                        "type": "rich_text_section",
                        "elements": [
                            {
                                "type": "text",
                                "text": "| Insurello | Sweden (preferably in Stockholm) + Remote possibilities | Software Engineer |\nHi! We are a startup growing and we’re looking for people to join our dev team. Our service focus is to help people get their rightful compensations from insurance companies (in Sweden).\nWe are dedicated to functional languages and technologies, especially to Elm and we are proud to regularly help host Stockholm’s Elm meetup! "
                            },
                            {
                                "type": "emoji",
                                "name": "heart",
                                "unicode": "2764-fe0f"
                            },
                            {
                                "type": "text",
                                "text": " "
                            },
                            {
                                "type": "emoji",
                                "name": "elm"
                            },
                            {
                                "type": "text",
                                "text": " Feel free to DM me if you have questions\n"
                            },
                            {
                                "type": "link",
                                "url": "https:\/\/jobb.insurello.se\/jobs\/118099-software-engineer-elm"
                            }
                        ]
                    }
                ]
            }
        ],
        "reactions": [
            {
                "name": "heart",
                "users": [
                    "U0HNJ2U4B",
                    "U1FFA46TT"
                ],
                "count": 2
            },
            {
                "name": "+1",
                "users": [
                    "U9RRF88J0",
                    "U18UD6T3J"
                ],
                "count": 2
            },
            {
                "name": "open_mouth",
                "users": [
                    "U17P7CBFB"
                ],
                "count": 1
            }
        ]
    }
]