[
    {
        "client_msg_id": "38e63628-2bf5-427b-80d7-811e99f5b6fe",
        "type": "message",
        "text": "No, I’m sorry we’re not, but thanks for the interest!",
        "user": "U3DQT3ZGC",
        "ts": "1544777169.011600",
        "team": "T0CJ5UNHK",
        "user_team": "T0CJ5UNHK",
        "source_team": "T0CJ5UNHK",
        "user_profile": {
            "avatar_hash": "089439bbebff",
            "image_72": "https:\/\/avatars.slack-edge.com\/2019-01-03\/515777509378_089439bbebff3172f86e_72.jpg",
            "first_name": "RL",
            "real_name": "RL King",
            "display_name": "rlking",
            "team": "T0CJ5UNHK",
            "name": "rlking",
            "is_restricted": false,
            "is_ultra_restricted": false
        },
        "edited": {
            "user": "U3DQT3ZGC",
            "ts": "1544779575.000000"
        },
        "blocks": [
            {
                "type": "rich_text",
                "block_id": "1F5k=",
                "elements": [
                    {
                        "type": "rich_text_section",
                        "elements": [
                            {
                                "type": "text",
                                "text": "No, I’m sorry we’re not, but thanks for the interest!"
                            }
                        ]
                    }
                ]
            }
        ],
        "thread_ts": "1544641700.007300",
        "parent_user_id": "U3DQT3ZGC"
    },
    {
        "client_msg_id": "6b58490d-3079-4e78-854c-0715c2866174",
        "type": "message",
        "text": "Sweet, I wouldn't mind some part time work either.  <https:\/\/github.com\/bburdette>",
        "user": "UB2U8JBTM",
        "ts": "1544805757.012000",
        "team": "T0CJ5UNHK",
        "user_team": "T0CJ5UNHK",
        "source_team": "T0CJ5UNHK",
        "user_profile": {
            "avatar_hash": "8d96bb23f39b",
            "image_72": "https:\/\/avatars.slack-edge.com\/2019-06-28\/679880886197_8d96bb23f39b7ef128c3_72.jpg",
            "first_name": "Ben",
            "real_name": "Ben",
            "display_name": "progger",
            "team": "T0CJ5UNHK",
            "name": "bburdette",
            "is_restricted": false,
            "is_ultra_restricted": false
        },
        "blocks": [
            {
                "type": "rich_text",
                "block_id": "2Es",
                "elements": [
                    {
                        "type": "rich_text_section",
                        "elements": [
                            {
                                "type": "text",
                                "text": "Sweet, I wouldn't mind some part time work either.  "
                            },
                            {
                                "type": "link",
                                "url": "https:\/\/github.com\/bburdette"
                            }
                        ]
                    }
                ]
            }
        ],
        "thread_ts": "1544680753.009800",
        "parent_user_id": "UEAHNEYLB"
    },
    {
        "client_msg_id": "06483646-22de-433a-83f0-6a4586c6d2e8",
        "type": "message",
        "text": "<https:\/\/github.com\/romariolopezc> :slightly_smiling_face:",
        "user": "U57PB8DFU",
        "ts": "1544814223.012200",
        "team": "T0CJ5UNHK",
        "user_team": "T0CJ5UNHK",
        "source_team": "T0CJ5UNHK",
        "user_profile": {
            "avatar_hash": "g9d3e7becf4f",
            "image_72": "https:\/\/secure.gravatar.com\/avatar\/b9d3e7becf4f1bf31593c02f3ae64b32.jpg?s=72&d=https%3A%2F%2Fa.slack-edge.com%2Fdf10d%2Fimg%2Favatars%2Fava_0013-72.png",
            "first_name": "Romario",
            "real_name": "Romario López",
            "display_name": "rlopez",
            "team": "T0CJ5UNHK",
            "name": "rlopez",
            "is_restricted": false,
            "is_ultra_restricted": false
        },
        "blocks": [
            {
                "type": "rich_text",
                "block_id": "CCEho",
                "elements": [
                    {
                        "type": "rich_text_section",
                        "elements": [
                            {
                                "type": "link",
                                "url": "https:\/\/github.com\/romariolopezc"
                            },
                            {
                                "type": "text",
                                "text": " "
                            },
                            {
                                "type": "emoji",
                                "name": "slightly_smiling_face",
                                "unicode": "1f642"
                            }
                        ]
                    }
                ]
            }
        ],
        "thread_ts": "1544680753.009800",
        "parent_user_id": "UEAHNEYLB"
    }
]