[
    {
        "client_msg_id": "68e85335-331b-47ab-9e6d-743b226b0104",
        "type": "message",
        "text": "| Conduent | Frontend Engineer | Raleigh North Carolina                                                                 Minimum Qualifications:\n    5 – 8 years of programming experience in operating cloud environments using languages       such as Javascript, Haxe or Elm.\n    Bachelor’s or Master’s degree or equivalent years of relevant experience.\n    Minimal travel required, if you like to go to conferences.\n    A curious, passionate engineer preferred,   for more information follow this link                                                                                     <https:\/\/functional.works-hub.com\/jobs\/software-engineer-fe-ii-in-raleigh-united-states-of-america-21abe> you can also write a mail with your CV to <mailto:flavia@functionalworks.com|flavia@functionalworks.com>",
        "user": "UCPKRAUFQ",
        "ts": "1542624719.028800",
        "team": "T0CJ5UNHK",
        "user_team": "T0CJ5UNHK",
        "source_team": "T0CJ5UNHK",
        "user_profile": {
            "avatar_hash": "g3b960ce30de",
            "image_72": "https:\/\/secure.gravatar.com\/avatar\/c3b960ce30def7ee54fa319fef99c611.jpg?s=72&d=https%3A%2F%2Fa.slack-edge.com%2Fdf10d%2Fimg%2Favatars%2Fava_0011-72.png",
            "first_name": "",
            "real_name": "Norbert Fuhs",
            "display_name": "gopunk",
            "team": "T0CJ5UNHK",
            "name": "norbert.fuhs.xyz",
            "is_restricted": false,
            "is_ultra_restricted": false
        },
        "edited": {
            "user": "UCPKRAUFQ",
            "ts": "1542625446.000000"
        },
        "blocks": [
            {
                "type": "rich_text",
                "block_id": "Rvb5",
                "elements": [
                    {
                        "type": "rich_text_section",
                        "elements": [
                            {
                                "type": "text",
                                "text": "| Conduent | Frontend Engineer | Raleigh North Carolina                                                                 Minimum Qualifications:\n    5 – 8 years of programming experience in operating cloud environments using languages       such as Javascript, Haxe or Elm.\n    Bachelor’s or Master’s degree or equivalent years of relevant experience.\n    Minimal travel required, if you like to go to conferences.\n    A curious, passionate engineer preferred,   for more information follow this link                                                                                     "
                            },
                            {
                                "type": "link",
                                "url": "https:\/\/functional.works-hub.com\/jobs\/software-engineer-fe-ii-in-raleigh-united-states-of-america-21abe"
                            },
                            {
                                "type": "text",
                                "text": " you can also write a mail with your CV to "
                            },
                            {
                                "type": "link",
                                "url": "mailto:flavia@functionalworks.com",
                                "text": "flavia@functionalworks.com"
                            }
                        ]
                    }
                ]
            }
        ]
    }
]