[
    {
        "type": "message",
        "text": "Is it possible to interview only for Elm?",
        "user": "U0JD7JSUA",
        "ts": "1527784034.000264",
        "team": "T0CJ5UNHK",
        "user_team": "T0CJ5UNHK",
        "source_team": "T0CJ5UNHK",
        "user_profile": {
            "avatar_hash": "g16ea4da5cae",
            "image_72": "https:\/\/secure.gravatar.com\/avatar\/216ea4da5cae7be4030b6242ab90631c.jpg?s=72&d=https%3A%2F%2Fa.slack-edge.com%2Fdf10d%2Fimg%2Favatars%2Fava_0007-72.png",
            "first_name": "",
            "real_name": "rofrol",
            "display_name": "",
            "team": "T0CJ5UNHK",
            "name": "rofrol",
            "is_restricted": false,
            "is_ultra_restricted": false
        },
        "blocks": [
            {
                "type": "rich_text",
                "block_id": "4UeNx",
                "elements": [
                    {
                        "type": "rich_text_section",
                        "elements": [
                            {
                                "type": "text",
                                "text": "Is it possible to interview only for Elm?"
                            }
                        ]
                    }
                ]
            }
        ],
        "thread_ts": "1527743848.000164",
        "parent_user_id": "U9F5NET8W"
    },
    {
        "type": "message",
        "text": "In the US, converting the ETH to USD (i.e., selling crypto) would invoke the 28% taxrate (IRS treats it as property).  So would that perhaps be compensated for?",
        "user": "U5FU80S06",
        "ts": "1527790156.000293",
        "team": "T0CJ5UNHK",
        "user_team": "T0CJ5UNHK",
        "source_team": "T0CJ5UNHK",
        "user_profile": {
            "avatar_hash": "g5fed50b6f8e",
            "image_72": "https:\/\/secure.gravatar.com\/avatar\/65fed50b6f8ee023c657ad9910d6cb2c.jpg?s=72&d=https%3A%2F%2Fa.slack-edge.com%2Fdf10d%2Fimg%2Favatars%2Fava_0005-72.png",
            "first_name": "Lo",
            "real_name": "Lo Habuyshan Lomed",
            "display_name": "lohabuyshan",
            "team": "T0CJ5UNHK",
            "name": "lohabuyshan",
            "is_restricted": false,
            "is_ultra_restricted": false
        },
        "blocks": [
            {
                "type": "rich_text",
                "block_id": "Jplb",
                "elements": [
                    {
                        "type": "rich_text_section",
                        "elements": [
                            {
                                "type": "text",
                                "text": "In the US, converting the ETH to USD (i.e., selling crypto) would invoke the 28% taxrate (IRS treats it as property).  So would that perhaps be compensated for?"
                            }
                        ]
                    }
                ]
            }
        ],
        "thread_ts": "1527603070.000739",
        "parent_user_id": "U11S0PKC5"
    },
    {
        "type": "message",
        "text": "I think interviewing under pressure is a mistake. One should have a github repo with decent code sample-- which can be discussed at leisure...",
        "user": "U5FU80S06",
        "ts": "1527795448.000186",
        "team": "T0CJ5UNHK",
        "user_team": "T0CJ5UNHK",
        "source_team": "T0CJ5UNHK",
        "user_profile": {
            "avatar_hash": "g5fed50b6f8e",
            "image_72": "https:\/\/secure.gravatar.com\/avatar\/65fed50b6f8ee023c657ad9910d6cb2c.jpg?s=72&d=https%3A%2F%2Fa.slack-edge.com%2Fdf10d%2Fimg%2Favatars%2Fava_0005-72.png",
            "first_name": "Lo",
            "real_name": "Lo Habuyshan Lomed",
            "display_name": "lohabuyshan",
            "team": "T0CJ5UNHK",
            "name": "lohabuyshan",
            "is_restricted": false,
            "is_ultra_restricted": false
        },
        "edited": {
            "user": "U5FU80S06",
            "ts": "1527795486.000000"
        },
        "blocks": [
            {
                "type": "rich_text",
                "block_id": "Wne",
                "elements": [
                    {
                        "type": "rich_text_section",
                        "elements": [
                            {
                                "type": "text",
                                "text": "I think interviewing under pressure is a mistake. One should have a github repo with decent code sample-- which can be discussed at leisure..."
                            }
                        ]
                    }
                ]
            }
        ],
        "thread_ts": "1527743848.000164",
        "parent_user_id": "U9F5NET8W"
    },
    {
        "client_msg_id": "7B55FDEB-6A34-4B47-8F4D-8E57C444634B",
        "type": "message",
        "text": "I ask about Elm, not pressure",
        "user": "U0JD7JSUA",
        "ts": "1527795563.000141",
        "team": "T0CJ5UNHK",
        "user_team": "T0CJ5UNHK",
        "source_team": "T0CJ5UNHK",
        "user_profile": {
            "avatar_hash": "g16ea4da5cae",
            "image_72": "https:\/\/secure.gravatar.com\/avatar\/216ea4da5cae7be4030b6242ab90631c.jpg?s=72&d=https%3A%2F%2Fa.slack-edge.com%2Fdf10d%2Fimg%2Favatars%2Fava_0007-72.png",
            "first_name": "",
            "real_name": "rofrol",
            "display_name": "",
            "team": "T0CJ5UNHK",
            "name": "rofrol",
            "is_restricted": false,
            "is_ultra_restricted": false
        },
        "blocks": [
            {
                "type": "rich_text",
                "block_id": "ba2v",
                "elements": [
                    {
                        "type": "rich_text_section",
                        "elements": [
                            {
                                "type": "text",
                                "text": "I ask about Elm, not pressure"
                            }
                        ]
                    }
                ]
            }
        ],
        "thread_ts": "1527743848.000164",
        "parent_user_id": "U9F5NET8W"
    },
    {
        "client_msg_id": "f4b71286-062e-4a3f-8187-58e2cbf7b337",
        "type": "message",
        "text": "Hahaha :joy::joy:",
        "user": "U0K7S1481",
        "ts": "1527795890.000349",
        "team": "T0CJ5UNHK",
        "user_team": "T0CJ5UNHK",
        "source_team": "T0CJ5UNHK",
        "user_profile": {
            "avatar_hash": "ge14e4f49995",
            "image_72": "https:\/\/secure.gravatar.com\/avatar\/1e14e4f49995d04e483331d3a70e905f.jpg?s=72&d=https%3A%2F%2Fa.slack-edge.com%2Fdf10d%2Fimg%2Favatars%2Fava_0014-72.png",
            "first_name": "",
            "real_name": "note89",
            "display_name": "",
            "team": "T0CJ5UNHK",
            "name": "note89",
            "is_restricted": false,
            "is_ultra_restricted": false
        },
        "blocks": [
            {
                "type": "rich_text",
                "block_id": "+6yL",
                "elements": [
                    {
                        "type": "rich_text_section",
                        "elements": [
                            {
                                "type": "text",
                                "text": "Hahaha "
                            },
                            {
                                "type": "emoji",
                                "name": "joy",
                                "unicode": "1f602"
                            },
                            {
                                "type": "emoji",
                                "name": "joy",
                                "unicode": "1f602"
                            }
                        ]
                    }
                ]
            }
        ],
        "thread_ts": "1527743848.000164",
        "parent_user_id": "U9F5NET8W"
    },
    {
        "client_msg_id": "10D6C4D1-6F3B-4EE4-BDE3-14806035757A",
        "type": "message",
        "text": "This post should probably be removed then",
        "user": "U0JD7JSUA",
        "ts": "1527797924.000422",
        "team": "T0CJ5UNHK",
        "user_team": "T0CJ5UNHK",
        "source_team": "T0CJ5UNHK",
        "user_profile": {
            "avatar_hash": "g16ea4da5cae",
            "image_72": "https:\/\/secure.gravatar.com\/avatar\/216ea4da5cae7be4030b6242ab90631c.jpg?s=72&d=https%3A%2F%2Fa.slack-edge.com%2Fdf10d%2Fimg%2Favatars%2Fava_0007-72.png",
            "first_name": "",
            "real_name": "rofrol",
            "display_name": "",
            "team": "T0CJ5UNHK",
            "name": "rofrol",
            "is_restricted": false,
            "is_ultra_restricted": false
        },
        "blocks": [
            {
                "type": "rich_text",
                "block_id": "N29",
                "elements": [
                    {
                        "type": "rich_text_section",
                        "elements": [
                            {
                                "type": "text",
                                "text": "This post should probably be removed then"
                            }
                        ]
                    }
                ]
            }
        ],
        "thread_ts": "1527743848.000164",
        "parent_user_id": "U9F5NET8W"
    },
    {
        "type": "message",
        "text": "<@U0JD7JSUA> The candidate chooses the language that they wish to code in. It is a requirement that interviewers be able to adapt to that choice of the candidate.\n\n<@U5FFVDC4W> I think you are right in that there are many ways to assess a candidate. While our interviews are time limited, we do offer a no questions asked Re-do opportunity to blunt that pressure a bit. Also, our interviewers strive to make the candidate experience very welcoming and friendly.\n\n<@U0JD7JSUA> While this role doesn't involve working in Elm directly, I posted here because I have really been impressed with the Elm community and would love to work directly with anyone from it that was interested.",
        "user": "U9F5NET8W",
        "ts": "1527817996.000012",
        "team": "T0CJ5UNHK",
        "user_team": "T0CJ5UNHK",
        "source_team": "T0CJ5UNHK",
        "user_profile": {
            "avatar_hash": "gc5e05b1624c",
            "image_72": "https:\/\/secure.gravatar.com\/avatar\/2c5e05b1624c5aee7cb13d14eb4c3a92.jpg?s=72&d=https%3A%2F%2Fa.slack-edge.com%2Fdf10d%2Fimg%2Favatars%2Fava_0022-72.png",
            "first_name": "",
            "real_name": "chrxn",
            "display_name": "chrxn",
            "team": "T0CJ5UNHK",
            "name": "christian390",
            "is_restricted": false,
            "is_ultra_restricted": false
        },
        "blocks": [
            {
                "type": "rich_text",
                "block_id": "\/4R",
                "elements": [
                    {
                        "type": "rich_text_section",
                        "elements": [
                            {
                                "type": "user",
                                "user_id": "U0JD7JSUA"
                            },
                            {
                                "type": "text",
                                "text": " The candidate chooses the language that they wish to code in. It is a requirement that interviewers be able to adapt to that choice of the candidate.\n\n"
                            },
                            {
                                "type": "user",
                                "user_id": "U5FFVDC4W"
                            },
                            {
                                "type": "text",
                                "text": " I think you are right in that there are many ways to assess a candidate. While our interviews are time limited, we do offer a no questions asked Re-do opportunity to blunt that pressure a bit. Also, our interviewers strive to make the candidate experience very welcoming and friendly.\n\n"
                            },
                            {
                                "type": "user",
                                "user_id": "U0JD7JSUA"
                            },
                            {
                                "type": "text",
                                "text": " While this role doesn't involve working in Elm directly, I posted here because I have really been impressed with the Elm community and would love to work directly with anyone from it that was interested."
                            }
                        ]
                    }
                ]
            }
        ],
        "thread_ts": "1527743848.000164",
        "parent_user_id": "U9F5NET8W"
    },
    {
        "client_msg_id": "7FD22F34-AF57-4F83-8012-59C1FA5875FE",
        "type": "message",
        "text": "<@U9F5NET8W> It is a chanel for Elm jobs, not jobs that maybe inolve Elm. So for me it is a spam. For example on codementor I can choose a language I want to teach.",
        "user": "U0JD7JSUA",
        "ts": "1527835844.000367",
        "team": "T0CJ5UNHK",
        "user_team": "T0CJ5UNHK",
        "source_team": "T0CJ5UNHK",
        "user_profile": {
            "avatar_hash": "g16ea4da5cae",
            "image_72": "https:\/\/secure.gravatar.com\/avatar\/216ea4da5cae7be4030b6242ab90631c.jpg?s=72&d=https%3A%2F%2Fa.slack-edge.com%2Fdf10d%2Fimg%2Favatars%2Fava_0007-72.png",
            "first_name": "",
            "real_name": "rofrol",
            "display_name": "",
            "team": "T0CJ5UNHK",
            "name": "rofrol",
            "is_restricted": false,
            "is_ultra_restricted": false
        },
        "edited": {
            "user": "U0JD7JSUA",
            "ts": "1527836034.000000"
        },
        "blocks": [
            {
                "type": "rich_text",
                "block_id": "X4td",
                "elements": [
                    {
                        "type": "rich_text_section",
                        "elements": [
                            {
                                "type": "user",
                                "user_id": "U9F5NET8W"
                            },
                            {
                                "type": "text",
                                "text": " It is a chanel for Elm jobs, not jobs that maybe inolve Elm. So for me it is a spam. For example on codementor I can choose a language I want to teach."
                            }
                        ]
                    }
                ]
            }
        ],
        "thread_ts": "1527743848.000164",
        "parent_user_id": "U9F5NET8W"
    },
    {
        "client_msg_id": "857AD28E-AC26-42D9-9271-D0EB4D4FE6D3",
        "type": "message",
        "text": "<@U0EUHKVGB> ^^^",
        "user": "U0JD7JSUA",
        "ts": "1527835900.000337",
        "team": "T0CJ5UNHK",
        "user_team": "T0CJ5UNHK",
        "source_team": "T0CJ5UNHK",
        "user_profile": {
            "avatar_hash": "g16ea4da5cae",
            "image_72": "https:\/\/secure.gravatar.com\/avatar\/216ea4da5cae7be4030b6242ab90631c.jpg?s=72&d=https%3A%2F%2Fa.slack-edge.com%2Fdf10d%2Fimg%2Favatars%2Fava_0007-72.png",
            "first_name": "",
            "real_name": "rofrol",
            "display_name": "",
            "team": "T0CJ5UNHK",
            "name": "rofrol",
            "is_restricted": false,
            "is_ultra_restricted": false
        },
        "blocks": [
            {
                "type": "rich_text",
                "block_id": "CLqq5",
                "elements": [
                    {
                        "type": "rich_text_section",
                        "elements": [
                            {
                                "type": "user",
                                "user_id": "U0EUHKVGB"
                            },
                            {
                                "type": "text",
                                "text": " ^^^"
                            }
                        ]
                    }
                ]
            }
        ],
        "thread_ts": "1527743848.000164",
        "parent_user_id": "U9F5NET8W"
    }
]