[
    {
        "client_msg_id": "fe3861d2-afa2-4d83-8d3f-dfeebe6b9f28",
        "type": "message",
        "text": "Hey <@U4A45N8PR> :slightly_smiling_face: I just applied for that position and am so excited about your product and stack.",
        "user": "U861KP2CX",
        "ts": "1530127294.000292",
        "team": "T0CJ5UNHK",
        "user_team": "T0CJ5UNHK",
        "source_team": "T0CJ5UNHK",
        "user_profile": {
            "avatar_hash": "919fab10b859",
            "image_72": "https:\/\/avatars.slack-edge.com\/2018-06-07\/377301593588_919fab10b859b801cfef_72.png",
            "first_name": "Arie",
            "real_name": "Arie Marie Mikael Dalleis",
            "display_name": "Charlie",
            "team": "T0CJ5UNHK",
            "name": "thomasoflight",
            "is_restricted": false,
            "is_ultra_restricted": false
        },
        "blocks": [
            {
                "type": "rich_text",
                "block_id": "8HIO",
                "elements": [
                    {
                        "type": "rich_text_section",
                        "elements": [
                            {
                                "type": "text",
                                "text": "Hey "
                            },
                            {
                                "type": "user",
                                "user_id": "U4A45N8PR"
                            },
                            {
                                "type": "text",
                                "text": " "
                            },
                            {
                                "type": "emoji",
                                "name": "slightly_smiling_face",
                                "unicode": "1f642"
                            },
                            {
                                "type": "text",
                                "text": " I just applied for that position and am so excited about your product and stack."
                            }
                        ]
                    }
                ]
            }
        ],
        "thread_ts": "1530127294.000292",
        "reply_count": 1,
        "reply_users_count": 1,
        "latest_reply": "1530136575.000187",
        "reply_users": [
            "U4A45N8PR"
        ],
        "replies": [
            {
                "user": "U4A45N8PR",
                "ts": "1530136575.000187"
            }
        ],
        "is_locked": false,
        "subscribed": false
    },
    {
        "client_msg_id": "234b5320-2577-4f78-bfa3-fa08590fe706",
        "type": "message",
        "text": "Great! let me know if you need anything :+1:",
        "user": "U4A45N8PR",
        "ts": "1530136575.000187",
        "team": "T0CJ5UNHK",
        "user_team": "T0CJ5UNHK",
        "source_team": "T0CJ5UNHK",
        "user_profile": {
            "avatar_hash": "11ad289f3ed1",
            "image_72": "https:\/\/avatars.slack-edge.com\/2017-08-06\/222955032389_11ad289f3ed1e7fec0e5_72.png",
            "first_name": "Alvaro",
            "real_name": "Alvaro Vilanova Vidal",
            "display_name": "alvivi",
            "team": "T0CJ5UNHK",
            "name": "alvivi",
            "is_restricted": false,
            "is_ultra_restricted": false
        },
        "blocks": [
            {
                "type": "rich_text",
                "block_id": "hjq",
                "elements": [
                    {
                        "type": "rich_text_section",
                        "elements": [
                            {
                                "type": "text",
                                "text": "Great! let me know if you need anything "
                            },
                            {
                                "type": "emoji",
                                "name": "+1",
                                "unicode": "1f44d"
                            }
                        ]
                    }
                ]
            }
        ],
        "thread_ts": "1530127294.000292",
        "parent_user_id": "U861KP2CX"
    }
]