[
    {
        "client_msg_id": "fcf35087-19ae-4d33-86c0-a258254f4325",
        "type": "message",
        "text": "| Evers-Internet | Remote | Developer | Elm, one-time |\nHi, I have a ~700 line Elm app, mostly a dynamic form that works for the \"add\" use-case. Now we have an \"edit\" use-case, so we need to set the form values based on some JSON values. Who would want to implement the `setFormData` method for the app?\nHere's its model:\n```type alias Model =\n    { objektArt : Maybe ObjektArt\n    , objektTyp : Maybe ObjektTyp\n    , objektDetails : Dict String String\n    , objektDaten : Dict String String\n    , nutzerDaten : Dict String String\n    , errors : Dict String Bool\n    , serverResponse : Maybe ServerResponse\n    }```\nand the JSON:\n```{\n  \"object_class\": \"WOHNIMMOBILIE\",\n  \"object_type\": \"EINFAMILIENHAUS\",\n  \"object_data\": {\n    \"GRUNDSTUECKSFLAECHE\": \"foobar\",\n    \"UEBERNAHME\": \"foo\",\n    \"WOHNFLAECHE\": \"bar\"\n  },\n  \"asking_price\": \"foo\",\n  \"city\": \"bar\",\n  \"district\": \"bar\",\n  \"misc\": \"bar\",\n  \"street\": \"foo\",\n  \"zipcode\": \"foo\",\n  \"email\": \"<mailto:bar@example.com|bar@example.com>\",\n  \"firstname\": \"foo\",\n  \"lastname\": \"bar\",\n  \"phone\": \"foo\",\n  \"sex\": \"F\"\n}```",
        "user": "UCZ3J2KPT",
        "ts": "1537797188.000100",
        "team": "T0CJ5UNHK",
        "user_team": "T0CJ5UNHK",
        "source_team": "T0CJ5UNHK",
        "user_profile": {
            "avatar_hash": "gd505bd7c904",
            "image_72": "https:\/\/secure.gravatar.com\/avatar\/1d505bd7c9045b119b8ce80550055434.jpg?s=72&d=https%3A%2F%2Fa.slack-edge.com%2Fdf10d%2Fimg%2Favatars%2Fava_0005-72.png",
            "first_name": "",
            "real_name": "Hendrik Richter",
            "display_name": "hendi",
            "team": "T0CJ5UNHK",
            "name": "info859",
            "is_restricted": false,
            "is_ultra_restricted": false
        },
        "edited": {
            "user": "UCZ3J2KPT",
            "ts": "1537797256.000000"
        },
        "blocks": [
            {
                "type": "rich_text",
                "block_id": "ip4J",
                "elements": [
                    {
                        "type": "rich_text_section",
                        "elements": [
                            {
                                "type": "text",
                                "text": "| Evers-Internet | Remote | Developer | Elm, one-time |\nHi, I have a ~700 line Elm app, mostly a dynamic form that works for the \"add\" use-case. Now we have an \"edit\" use-case, so we need to set the form values based on some JSON values. Who would want to implement the "
                            },
                            {
                                "type": "text",
                                "text": "setFormData",
                                "style": {
                                    "code": true
                                }
                            },
                            {
                                "type": "text",
                                "text": " method for the app?\nHere's its model:"
                            }
                        ]
                    },
                    {
                        "type": "rich_text_preformatted",
                        "elements": [
                            {
                                "type": "text",
                                "text": "type alias Model =\n    { objektArt : Maybe ObjektArt\n    , objektTyp : Maybe ObjektTyp\n    , objektDetails : Dict String String\n    , objektDaten : Dict String String\n    , nutzerDaten : Dict String String\n    , errors : Dict String Bool\n    , serverResponse : Maybe ServerResponse\n    }"
                            }
                        ]
                    },
                    {
                        "type": "rich_text_section",
                        "elements": [
                            {
                                "type": "text",
                                "text": "and the JSON:"
                            }
                        ]
                    },
                    {
                        "type": "rich_text_preformatted",
                        "elements": [
                            {
                                "type": "text",
                                "text": "{\n  \"object_class\": \"WOHNIMMOBILIE\",\n  \"object_type\": \"EINFAMILIENHAUS\",\n  \"object_data\": {\n    \"GRUNDSTUECKSFLAECHE\": \"foobar\",\n    \"UEBERNAHME\": \"foo\",\n    \"WOHNFLAECHE\": \"bar\"\n  },\n  \"asking_price\": \"foo\",\n  \"city\": \"bar\",\n  \"district\": \"bar\",\n  \"misc\": \"bar\",\n  \"street\": \"foo\",\n  \"zipcode\": \"foo\",\n  \"email\": \""
                            },
                            {
                                "type": "link",
                                "url": "mailto:bar@example.com",
                                "text": "bar@example.com"
                            },
                            {
                                "type": "text",
                                "text": "\",\n  \"firstname\": \"foo\",\n  \"lastname\": \"bar\",\n  \"phone\": \"foo\",\n  \"sex\": \"F\"\n}"
                            }
                        ]
                    }
                ]
            }
        ],
        "thread_ts": "1537797188.000100",
        "reply_count": 2,
        "reply_users_count": 2,
        "latest_reply": "1537809943.000100",
        "reply_users": [
            "UA50RDC79",
            "U1UMF9XSP"
        ],
        "replies": [
            {
                "user": "UA50RDC79",
                "ts": "1537797985.000100"
            },
            {
                "user": "U1UMF9XSP",
                "ts": "1537809943.000100"
            }
        ],
        "is_locked": false,
        "subscribed": false
    },
    {
        "client_msg_id": "F7267477-0D91-43CF-AE78-9F7B89E73BB9",
        "type": "message",
        "text": "Hey there, I can do it, I’ll send you a dm",
        "user": "UA50RDC79",
        "ts": "1537797985.000100",
        "team": "T0CJ5UNHK",
        "user_team": "T0CJ5UNHK",
        "source_team": "T0CJ5UNHK",
        "user_profile": {
            "avatar_hash": "ca24e9ffb2a2",
            "image_72": "https:\/\/avatars.slack-edge.com\/2018-07-04\/392474331520_ca24e9ffb2a29e64029f_72.png",
            "first_name": "Julian",
            "real_name": "Julian Antonielli",
            "display_name": "",
            "team": "T0CJ5UNHK",
            "name": "jantonielli01",
            "is_restricted": false,
            "is_ultra_restricted": false
        },
        "blocks": [
            {
                "type": "rich_text",
                "block_id": "wNa3",
                "elements": [
                    {
                        "type": "rich_text_section",
                        "elements": [
                            {
                                "type": "text",
                                "text": "Hey there, I can do it, I’ll send you a dm"
                            }
                        ]
                    }
                ]
            }
        ],
        "thread_ts": "1537797188.000100",
        "parent_user_id": "UCZ3J2KPT"
    },
    {
        "client_msg_id": "03975fb0-9476-4311-83bd-7452000b2b86",
        "type": "message",
        "text": "Nice to see this initiative to offer an ad-hoc project. Hope this becomes a commonplace addition to our jobs feed. ",
        "user": "U1UMF9XSP",
        "ts": "1537809943.000100",
        "team": "T0CJ5UNHK",
        "user_team": "T0CJ5UNHK",
        "source_team": "T0CJ5UNHK",
        "user_profile": {
            "avatar_hash": "g17e3e335ccf",
            "image_72": "https:\/\/secure.gravatar.com\/avatar\/617e3e335ccfa0beaf98fdca0a4cebf4.jpg?s=72&d=https%3A%2F%2Fa.slack-edge.com%2Fdf10d%2Fimg%2Favatars%2Fava_0002-72.png",
            "first_name": "Richard",
            "real_name": "Richard Wood",
            "display_name": "rwoodnz",
            "team": "T0CJ5UNHK",
            "name": "rwoodnz",
            "is_restricted": false,
            "is_ultra_restricted": false
        },
        "blocks": [
            {
                "type": "rich_text",
                "block_id": "0aCa",
                "elements": [
                    {
                        "type": "rich_text_section",
                        "elements": [
                            {
                                "type": "text",
                                "text": "Nice to see this initiative to offer an ad-hoc project. Hope this becomes a commonplace addition to our jobs feed."
                            }
                        ]
                    }
                ]
            }
        ],
        "thread_ts": "1537797188.000100",
        "parent_user_id": "UCZ3J2KPT",
        "reactions": [
            {
                "name": "+1",
                "users": [
                    "U2G2JTSTU",
                    "U0LEKMCRW",
                    "U77992HC1",
                    "U4KFY2V6V"
                ],
                "count": 4
            }
        ]
    }
]