[
    {
        "client_msg_id": "6870a97e-116e-498e-8b24-0819e1e17301",
        "type": "message",
        "text": "| Humio | Aarhus Denmark, Stockholm Sweden, or Remote CET timezone, Relocation | Full-Time Frontend Dev |\n\nHumio is a Log Aggregation Platform in the same category as Splunk and Elastic Search. (But much faster, better and cheaper ofcourse :slightly_smiling_face: ). We are 13 develoepers in Aarhus, Stockholm, London and San Fran. We are looking for people to help us create the UI including visualization of time series data, charts and widgets for dashboards, admin UI, API design (GraphQL \/ Scala). We are one of the biggest Elm Code bases in the world and we have been using Elm in prod for just over 2 years. If you know someone or you would like to know more. Ping me.",
        "user": "U5MEJDV34",
        "ts": "1533793180.000072",
        "team": "T0CJ5UNHK",
        "user_team": "T0CJ5UNHK",
        "source_team": "T0CJ5UNHK",
        "user_profile": {
            "avatar_hash": "15879b80ad9c",
            "image_72": "https:\/\/avatars.slack-edge.com\/2018-01-06\/295152313700_15879b80ad9c50fe7822_72.jpg",
            "first_name": "Thomas",
            "real_name": "Thomas Anagrius",
            "display_name": "anagrius",
            "team": "T0CJ5UNHK",
            "name": "anagrius",
            "is_restricted": false,
            "is_ultra_restricted": false
        },
        "edited": {
            "user": "U5MEJDV34",
            "ts": "1533888799.000000"
        },
        "blocks": [
            {
                "type": "rich_text",
                "block_id": "\/1oW",
                "elements": [
                    {
                        "type": "rich_text_section",
                        "elements": [
                            {
                                "type": "text",
                                "text": "| Humio | Aarhus Denmark, Stockholm Sweden, or Remote CET timezone, Relocation | Full-Time Frontend Dev |\n\nHumio is a Log Aggregation Platform in the same category as Splunk and Elastic Search. (But much faster, better and cheaper ofcourse "
                            },
                            {
                                "type": "emoji",
                                "name": "slightly_smiling_face",
                                "unicode": "1f642"
                            },
                            {
                                "type": "text",
                                "text": " ). We are 13 develoepers in Aarhus, Stockholm, London and San Fran. We are looking for people to help us create the UI including visualization of time series data, charts and widgets for dashboards, admin UI, API design (GraphQL \/ Scala). We are one of the biggest Elm Code bases in the world and we have been using Elm in prod for just over 2 years. If you know someone or you would like to know more. Ping me."
                            }
                        ]
                    }
                ]
            }
        ],
        "reactions": [
            {
                "name": "+1",
                "users": [
                    "U0JD7JSUA",
                    "U6N2GE001",
                    "U5J0H2NS2",
                    "U6H9E1YS3"
                ],
                "count": 4
            }
        ]
    }
]