[
    {
        "type": "message",
        "subtype": "pinned_item",
        "text": "<@U3SJEDR96> pinned a message to this channel.",
        "user": "U3SJEDR96",
        "item_type": "C",
        "attachments": [
            {
                "fallback": "[January 3rd, 2018 10:54 PM] rlking: | Driebit | Amsterdam, the Netherlands, no remote | Frontend Developer | We are looking for an experienced Elm developer. You’ll be involved in the full project lifecycle, working closely with clients and designers.\nWe use Erlang to build performant and resilient backends (using our CMS Ginger layered on top of the open source web framework Zotonic). You’ll be part of a professional team that includes two (that’s me and <@U1F1DTTNX>) other Elm developers to bring functional programming to the frontend.\nHave a look at <https:\/\/www.driebit.nl\/nl\/page\/1986\/experienced-elm-developer>. For more info and\/or apply -&gt; <mailto:jobs@driebit.nl|jobs@driebit.nl>",
                "ts": "1515048887.000119",
                "author_id": "U3DQT3ZGC",
                "author_subname": "RL King",
                "channel_id": "C0LUAGWRK",
                "channel_team": "T0CJ5UNHK",
                "channel_name": "jobs",
                "is_msg_unfurl": true,
                "is_thread_root_unfurl": true,
                "text": "| Driebit | Amsterdam, the Netherlands, no remote | Frontend Developer | We are looking for an experienced Elm developer. You’ll be involved in the full project lifecycle, working closely with clients and designers.\nWe use Erlang to build performant and resilient backends (using our CMS Ginger layered on top of the open source web framework Zotonic). You’ll be part of a professional team that includes two (that’s me and <@U1F1DTTNX>) other Elm developers to bring functional programming to the frontend.\nHave a look at <https:\/\/www.driebit.nl\/nl\/page\/1986\/experienced-elm-developer>. For more info and\/or apply -&gt; <mailto:jobs@driebit.nl|jobs@driebit.nl>",
                "message_blocks": [
                    {
                        "team": "T0CJ5UNHK",
                        "channel": "C0LUAGWRK",
                        "ts": "1515048887.000119",
                        "message": {
                            "blocks": [
                                {
                                    "type": "rich_text",
                                    "block_id": "zvz2",
                                    "elements": [
                                        {
                                            "type": "rich_text_section",
                                            "elements": [
                                                {
                                                    "type": "text",
                                                    "text": "| Driebit | Amsterdam, the Netherlands, no remote | Frontend Developer | We are looking for an experienced Elm developer. You’ll be involved in the full project lifecycle, working closely with clients and designers.\nWe use Erlang to build performant and resilient backends (using our CMS Ginger layered on top of the open source web framework Zotonic). You’ll be part of a professional team that includes two (that’s me and "
                                                },
                                                {
                                                    "type": "user",
                                                    "user_id": "U1F1DTTNX"
                                                },
                                                {
                                                    "type": "text",
                                                    "text": ") other Elm developers to bring functional programming to the frontend.\nHave a look at "
                                                },
                                                {
                                                    "type": "link",
                                                    "url": "https:\/\/www.driebit.nl\/nl\/page\/1986\/experienced-elm-developer"
                                                },
                                                {
                                                    "type": "text",
                                                    "text": ". For more info and\/or apply -> "
                                                },
                                                {
                                                    "type": "link",
                                                    "url": "mailto:jobs@driebit.nl",
                                                    "text": "jobs@driebit.nl"
                                                }
                                            ]
                                        }
                                    ]
                                }
                            ]
                        }
                    }
                ],
                "author_name": "RL King",
                "author_link": "https:\/\/elmlang.slack.com\/team\/U3DQT3ZGC",
                "author_icon": "https:\/\/avatars.slack-edge.com\/2019-01-03\/515777509378_089439bbebff3172f86e_48.jpg",
                "mrkdwn_in": [
                    "text"
                ],
                "from_hidden_wksp": false
            }
        ],
        "ts": "1515054098.000206"
    }
]