[
    {
        "type": "message",
        "text": "<https:\/\/jobs.symbaloo.com\/allround-frontend-developer\/>",
        "user": "U6RCNP26S",
        "ts": "1524727089.000279",
        "team": "T0CJ5UNHK",
        "user_team": "T0CJ5UNHK",
        "source_team": "T0CJ5UNHK",
        "user_profile": {
            "avatar_hash": "g480c9cb9a86",
            "image_72": "https:\/\/secure.gravatar.com\/avatar\/b480c9cb9a86d20fd59380e711b3f03f.jpg?s=72&d=https%3A%2F%2Fa.slack-edge.com%2Fdf10d%2Fimg%2Favatars%2Fava_0015-72.png",
            "first_name": "Arian",
            "real_name": "Arian Stolwijk",
            "display_name": "arian",
            "team": "T0CJ5UNHK",
            "name": "arian",
            "is_restricted": false,
            "is_ultra_restricted": false
        },
        "blocks": [
            {
                "type": "rich_text",
                "block_id": "JKizD",
                "elements": [
                    {
                        "type": "rich_text_section",
                        "elements": [
                            {
                                "type": "link",
                                "url": "https:\/\/jobs.symbaloo.com\/allround-frontend-developer\/"
                            }
                        ]
                    }
                ]
            }
        ],
        "thread_ts": "1524647380.000191",
        "parent_user_id": "U1D7SLE4Q",
        "reactions": [
            {
                "name": "+1",
                "users": [
                    "U1D7SLE4Q"
                ],
                "count": 1
            }
        ]
    }
]