[
    {
        "type": "message",
        "text": "| seeking work | remote | full stack development with Elm |\n* 26 years, 2 years professional experience and programming 12 years for fun\n* MSc Computer Science\n* Currectly working as frontend (Angular), backend (Nodejs) and devops (Docker) developer\n* Started with Elm for pet project in v0.17. Learned a lot, applied techniques to Javascript. Can't stop thinking how it would be to use it daily. \n* <https:\/\/github.com\/michie1\/> <https:\/\/www.linkedin.com\/in\/msvos>",
        "user": "U2M17S85D",
        "ts": "1520528034.000780",
        "team": "T0CJ5UNHK",
        "user_team": "T0CJ5UNHK",
        "source_team": "T0CJ5UNHK",
        "user_profile": {
            "avatar_hash": "19f7e517be47",
            "image_72": "https:\/\/avatars.slack-edge.com\/2016-10-21\/94684794117_19f7e517be47dfeb9fea_72.png",
            "first_name": "Michiel",
            "real_name": "Michiel",
            "display_name": "michiel",
            "team": "T0CJ5UNHK",
            "name": "michiel",
            "is_restricted": false,
            "is_ultra_restricted": false
        },
        "blocks": [
            {
                "type": "rich_text",
                "block_id": "8=uv",
                "elements": [
                    {
                        "type": "rich_text_section",
                        "elements": [
                            {
                                "type": "text",
                                "text": "| seeking work | remote | full stack development with Elm |\n* 26 years, 2 years professional experience and programming 12 years for fun\n* MSc Computer Science\n* Currectly working as frontend (Angular), backend (Nodejs) and devops (Docker) developer\n* Started with Elm for pet project in v0.17. Learned a lot, applied techniques to Javascript. Can't stop thinking how it would be to use it daily. \n* "
                            },
                            {
                                "type": "link",
                                "url": "https:\/\/github.com\/michie1\/"
                            },
                            {
                                "type": "text",
                                "text": " "
                            },
                            {
                                "type": "link",
                                "url": "https:\/\/www.linkedin.com\/in\/msvos"
                            }
                        ]
                    }
                ]
            }
        ],
        "reactions": [
            {
                "name": "+1",
                "users": [
                    "U0JD7JSUA",
                    "U1UMF9XSP",
                    "U3T69CXU4",
                    "U3DQT3ZGC",
                    "U5DV9REG7",
                    "U6RCNP26S"
                ],
                "count": 6
            }
        ]
    },
    {
        "type": "message",
        "text": "| seeking work | remote | \nSeeking first Elm opportunity. \nPrefer part time - 10-20 hours\/week.\nRecent - React\/Node\/GraphQL for US startup. JS\/JSX\/mapping for NZ company. \nLearning Elm and Elixir. Background 3 yrs full stack JS\/C# dev on marketplace apps. Before that 20 years as tech magazine editor and journo.\n<https:\/\/www.linkedin.com\/in\/rwoodnz\/>",
        "user": "U1UMF9XSP",
        "ts": "1520528606.000822",
        "team": "T0CJ5UNHK",
        "user_team": "T0CJ5UNHK",
        "source_team": "T0CJ5UNHK",
        "user_profile": {
            "avatar_hash": "g17e3e335ccf",
            "image_72": "https:\/\/secure.gravatar.com\/avatar\/617e3e335ccfa0beaf98fdca0a4cebf4.jpg?s=72&d=https%3A%2F%2Fa.slack-edge.com%2Fdf10d%2Fimg%2Favatars%2Fava_0002-72.png",
            "first_name": "Richard",
            "real_name": "Richard Wood",
            "display_name": "rwoodnz",
            "team": "T0CJ5UNHK",
            "name": "rwoodnz",
            "is_restricted": false,
            "is_ultra_restricted": false
        },
        "blocks": [
            {
                "type": "rich_text",
                "block_id": "JV+l",
                "elements": [
                    {
                        "type": "rich_text_section",
                        "elements": [
                            {
                                "type": "text",
                                "text": "| seeking work | remote | \nSeeking first Elm opportunity. \nPrefer part time - 10-20 hours\/week.\nRecent - React\/Node\/GraphQL for US startup. JS\/JSX\/mapping for NZ company. \nLearning Elm and Elixir. Background 3 yrs full stack JS\/C# dev on marketplace apps. Before that 20 years as tech magazine editor and journo.\n"
                            },
                            {
                                "type": "link",
                                "url": "https:\/\/www.linkedin.com\/in\/rwoodnz\/"
                            }
                        ]
                    }
                ]
            }
        ],
        "reactions": [
            {
                "name": "+1",
                "users": [
                    "U3T69CXU4",
                    "U6LL9UU48",
                    "U5X2T3X3M",
                    "U3Q7F13EJ",
                    "U2M17S85D"
                ],
                "count": 5
            }
        ]
    }
]