[
    {
        "type": "message",
        "text": "| imby | London + remote friendly | mobile app dev |\nWe're looking for a mobile app developer for an initial period of 6 months. If we secure further funding, this will then be extended into a permanent job. The initial work will probably be React Native and there will be opportunities to work with Elm in the future. We would prefer someone full time but can accommodate part time. Full details in this blog post: <https:\/\/www.imby.bio\/hiring\/2018\/03\/14\/hiring-app-developer.html>",
        "user": "U17NYQALB",
        "ts": "1521039477.000464",
        "team": "T0CJ5UNHK",
        "user_team": "T0CJ5UNHK",
        "source_team": "T0CJ5UNHK",
        "user_profile": {
            "avatar_hash": "04e133ba80c7",
            "image_72": "https:\/\/avatars.slack-edge.com\/2017-03-14\/154824059383_04e133ba80c745e058df_72.jpg",
            "first_name": "Bruno",
            "real_name": "Bruno Girin",
            "display_name": "brunogirin",
            "team": "T0CJ5UNHK",
            "name": "brunogirin",
            "is_restricted": false,
            "is_ultra_restricted": false
        },
        "attachments": [
            {
                "title": "We Are Hiring: Mobile App Developer",
                "title_link": "https:\/\/www.imby.bio\/hiring\/2018\/03\/14\/hiring-app-developer.html",
                "text": "We are hiring a mobile app developer. Come and work with imby.bio to build amazing apps to help people make their environment a better place to live in.",
                "fallback": "We Are Hiring: Mobile App Developer",
                "image_url": "https:\/\/www.imby.bio\/assets\/img\/blog\/2017-03-14-when-the-garden-becomes-your-office-small.jpeg",
                "from_url": "https:\/\/www.imby.bio\/hiring\/2018\/03\/14\/hiring-app-developer.html",
                "image_width": 478,
                "image_height": 250,
                "image_bytes": 334895,
                "service_icon": "https:\/\/www.imby.bio\/assets\/img\/favicon.png",
                "service_name": "imby.bio",
                "id": 1
            }
        ],
        "blocks": [
            {
                "type": "rich_text",
                "block_id": "2sP",
                "elements": [
                    {
                        "type": "rich_text_section",
                        "elements": [
                            {
                                "type": "text",
                                "text": "| imby | London + remote friendly | mobile app dev |\nWe're looking for a mobile app developer for an initial period of 6 months. If we secure further funding, this will then be extended into a permanent job. The initial work will probably be React Native and there will be opportunities to work with Elm in the future. We would prefer someone full time but can accommodate part time. Full details in this blog post: "
                            },
                            {
                                "type": "link",
                                "url": "https:\/\/www.imby.bio\/hiring\/2018\/03\/14\/hiring-app-developer.html"
                            }
                        ]
                    }
                ]
            }
        ]
    }
]