[
    {
        "client_msg_id": "bdd655ac-a9db-41a7-9a79-40853cc67deb",
        "type": "message",
        "text": "Hey Elm peeps :metal:We've got an immediate opening for a developer on the front-end of our world-first product at Drip! Elm is the newest language to penetrate our stack and we're building things the world has never seen with it - feel free to PM me directly or check out our listing below.\n*Title* Front-End Developer\n*Location* Onsite in Salt Lake City -OR- Minneapolis\n*Experience Level* Very open-minded - if you are new to Elm but have at least a year of experience with JavaScript, let's chat! If you're an Elm veteran, let's definitely chat\n*Perks* Very competitive pay, equity, up to 100% healthcare, unlimited vacation, and we pay relocation!\n\n<https:\/\/www.drip.com\/careers\/4064167002-front-end-developer>",
        "user": "UDY12962G",
        "ts": "1542055479.012500",
        "team": "T0CJ5UNHK",
        "user_team": "T0CJ5UNHK",
        "source_team": "T0CJ5UNHK",
        "user_profile": {
            "avatar_hash": "7492513668f7",
            "image_72": "https:\/\/avatars.slack-edge.com\/2018-11-12\/477665289332_7492513668f7f783ca0a_72.jpg",
            "first_name": "Eldon",
            "real_name": "Eldon Bailey",
            "display_name": "Eldon",
            "team": "T0CJ5UNHK",
            "name": "eldon.bailey",
            "is_restricted": false,
            "is_ultra_restricted": false
        },
        "edited": {
            "user": "UDY12962G",
            "ts": "1542055701.000000"
        },
        "blocks": [
            {
                "type": "rich_text",
                "block_id": "AxZi",
                "elements": [
                    {
                        "type": "rich_text_section",
                        "elements": [
                            {
                                "type": "text",
                                "text": "Hey Elm peeps "
                            },
                            {
                                "type": "emoji",
                                "name": "metal"
                            },
                            {
                                "type": "text",
                                "text": "We've got an immediate opening for a developer on the front-end of our world-first product at Drip! Elm is the newest language to penetrate our stack and we're building things the world has never seen with it - feel free to PM me directly or check out our listing below.\n"
                            },
                            {
                                "type": "text",
                                "text": "Title",
                                "style": {
                                    "bold": true
                                }
                            },
                            {
                                "type": "text",
                                "text": " Front-End Developer\n"
                            },
                            {
                                "type": "text",
                                "text": "Location",
                                "style": {
                                    "bold": true
                                }
                            },
                            {
                                "type": "text",
                                "text": " Onsite in Salt Lake City -OR- Minneapolis\n"
                            },
                            {
                                "type": "text",
                                "text": "Experience Level",
                                "style": {
                                    "bold": true
                                }
                            },
                            {
                                "type": "text",
                                "text": " Very open-minded - if you are new to Elm but have at least a year of experience with JavaScript, let's chat! If you're an Elm veteran, let's definitely chat\n"
                            },
                            {
                                "type": "text",
                                "text": "Perks",
                                "style": {
                                    "bold": true
                                }
                            },
                            {
                                "type": "text",
                                "text": " Very competitive pay, equity, up to 100% healthcare, unlimited vacation, and we pay relocation!\n\n"
                            },
                            {
                                "type": "link",
                                "url": "https:\/\/www.drip.com\/careers\/4064167002-front-end-developer"
                            }
                        ]
                    }
                ]
            }
        ],
        "thread_ts": "1542055479.012500",
        "reply_count": 1,
        "reply_users_count": 1,
        "latest_reply": "1542062210.012900",
        "reply_users": [
            "U9U6K9UDT"
        ],
        "replies": [
            {
                "user": "U9U6K9UDT",
                "ts": "1542062210.012900"
            }
        ],
        "is_locked": false,
        "subscribed": false
    },
    {
        "client_msg_id": "86267218-e3eb-4677-8f65-b1ebf034075c",
        "type": "message",
        "text": "As a customer, it's nice to see that you're using Elm :slightly_smiling_face:",
        "user": "U9U6K9UDT",
        "ts": "1542062210.012900",
        "team": "T0CJ5UNHK",
        "user_team": "T0CJ5UNHK",
        "source_team": "T0CJ5UNHK",
        "user_profile": {
            "avatar_hash": "g44fea777fb0",
            "image_72": "https:\/\/secure.gravatar.com\/avatar\/244fea777fb02ca92f656e21503ac7fd.jpg?s=72&d=https%3A%2F%2Fa.slack-edge.com%2Fdf10d%2Fimg%2Favatars%2Fava_0020-72.png",
            "first_name": "Alex",
            "real_name": "Alex Korban",
            "display_name": "alexkorban",
            "team": "T0CJ5UNHK",
            "name": "alex.korban",
            "is_restricted": false,
            "is_ultra_restricted": false
        },
        "blocks": [
            {
                "type": "rich_text",
                "block_id": "vxEV",
                "elements": [
                    {
                        "type": "rich_text_section",
                        "elements": [
                            {
                                "type": "text",
                                "text": "As a customer, it's nice to see that you're using Elm "
                            },
                            {
                                "type": "emoji",
                                "name": "slightly_smiling_face",
                                "unicode": "1f642"
                            }
                        ]
                    }
                ]
            }
        ],
        "thread_ts": "1542055479.012500",
        "parent_user_id": "UDY12962G"
    }
]