[
    {
        "type": "message",
        "text": "<@U6RCNP26S> it is mentioned that I need to have EU working visa to apply, but I don’t have it yet. is it a problem?",
        "user": "U1D7SLE4Q",
        "ts": "1524827874.000220",
        "team": "T0CJ5UNHK",
        "user_team": "T0CJ5UNHK",
        "source_team": "T0CJ5UNHK",
        "user_profile": {
            "avatar_hash": "g040fae8bcfa",
            "image_72": "https:\/\/secure.gravatar.com\/avatar\/6040fae8bcfae13e592950cec1a56e58.jpg?s=72&d=https%3A%2F%2Fa.slack-edge.com%2Fdf10d%2Fimg%2Favatars%2Fava_0017-72.png",
            "first_name": "Roman",
            "real_name": "Roman Salnikov",
            "display_name": "bardt",
            "team": "T0CJ5UNHK",
            "name": "bardt",
            "is_restricted": false,
            "is_ultra_restricted": false
        },
        "blocks": [
            {
                "type": "rich_text",
                "block_id": "J8Vo",
                "elements": [
                    {
                        "type": "rich_text_section",
                        "elements": [
                            {
                                "type": "user",
                                "user_id": "U6RCNP26S"
                            },
                            {
                                "type": "text",
                                "text": " it is mentioned that I need to have EU working visa to apply, but I don’t have it yet. is it a problem?"
                            }
                        ]
                    }
                ]
            }
        ],
        "thread_ts": "1524647380.000191",
        "parent_user_id": "U1D7SLE4Q"
    },
    {
        "client_msg_id": "519cb666-2aa7-415b-a103-58481da563b9",
        "type": "message",
        "text": "Not sure, but you could send a mail to the mentioned email address to be sure",
        "user": "U6RCNP26S",
        "ts": "1524828035.000206",
        "team": "T0CJ5UNHK",
        "user_team": "T0CJ5UNHK",
        "source_team": "T0CJ5UNHK",
        "user_profile": {
            "avatar_hash": "g480c9cb9a86",
            "image_72": "https:\/\/secure.gravatar.com\/avatar\/b480c9cb9a86d20fd59380e711b3f03f.jpg?s=72&d=https%3A%2F%2Fa.slack-edge.com%2Fdf10d%2Fimg%2Favatars%2Fava_0015-72.png",
            "first_name": "Arian",
            "real_name": "Arian Stolwijk",
            "display_name": "arian",
            "team": "T0CJ5UNHK",
            "name": "arian",
            "is_restricted": false,
            "is_ultra_restricted": false
        },
        "blocks": [
            {
                "type": "rich_text",
                "block_id": "wH8",
                "elements": [
                    {
                        "type": "rich_text_section",
                        "elements": [
                            {
                                "type": "text",
                                "text": "Not sure, but you could send a mail to the mentioned email address to be sure"
                            }
                        ]
                    }
                ]
            }
        ],
        "thread_ts": "1524647380.000191",
        "parent_user_id": "U1D7SLE4Q"
    }
]