[
    {
        "client_msg_id": "de3de5ba-cff3-4344-a0a0-e244754a2e44",
        "type": "message",
        "text": "My we're an international bunch aren't we :slightly_smiling_face: Shame I live in the uk and absolutely love writing Elm! Guess it'll be for fun not profit :disappointed:",
        "user": "U4CMREF7Y",
        "ts": "1545151192.014300",
        "team": "T0CJ5UNHK",
        "user_team": "T0CJ5UNHK",
        "source_team": "T0CJ5UNHK",
        "user_profile": {
            "avatar_hash": "g257dbbefd84",
            "image_72": "https:\/\/secure.gravatar.com\/avatar\/b257dbbefd849fa0408a90477b1b93bf.jpg?s=72&d=https%3A%2F%2Fa.slack-edge.com%2Fdf10d%2Fimg%2Favatars%2Fava_0005-72.png",
            "first_name": "Felix",
            "real_name": "Felix O'Connor",
            "display_name": "fee",
            "team": "T0CJ5UNHK",
            "name": "fee",
            "is_restricted": false,
            "is_ultra_restricted": false
        },
        "blocks": [
            {
                "type": "rich_text",
                "block_id": "AWteO",
                "elements": [
                    {
                        "type": "rich_text_section",
                        "elements": [
                            {
                                "type": "text",
                                "text": "My we're an international bunch aren't we "
                            },
                            {
                                "type": "emoji",
                                "name": "slightly_smiling_face",
                                "unicode": "1f642"
                            },
                            {
                                "type": "text",
                                "text": " Shame I live in the uk and absolutely love writing Elm! Guess it'll be for fun not profit "
                            },
                            {
                                "type": "emoji",
                                "name": "disappointed",
                                "unicode": "1f61e"
                            }
                        ]
                    }
                ]
            }
        ],
        "thread_ts": "1545151192.014300",
        "reply_count": 9,
        "reply_users_count": 5,
        "latest_reply": "1546617815.008900",
        "reply_users": [
            "U2FMN03NZ",
            "U4SM7ECAG",
            "U2YKDRYNT",
            "U4YBUG8SD",
            "U4CMREF7Y"
        ],
        "replies": [
            {
                "user": "U2FMN03NZ",
                "ts": "1545158556.014900"
            },
            {
                "user": "U4SM7ECAG",
                "ts": "1545163509.015300"
            },
            {
                "user": "U4SM7ECAG",
                "ts": "1545163544.015500"
            },
            {
                "user": "U4SM7ECAG",
                "ts": "1545163560.015700"
            },
            {
                "user": "U2YKDRYNT",
                "ts": "1545209478.015900"
            },
            {
                "user": "U2YKDRYNT",
                "ts": "1545209505.016100"
            },
            {
                "user": "U4YBUG8SD",
                "ts": "1545252767.016700"
            },
            {
                "user": "U4CMREF7Y",
                "ts": "1546605532.008400"
            },
            {
                "user": "U4YBUG8SD",
                "ts": "1546617815.008900"
            }
        ],
        "is_locked": false,
        "subscribed": false
    },
    {
        "client_msg_id": "bc662447-e5f3-4d7f-8c02-c88d8218f2f0",
        "type": "message",
        "text": "Depending on where you are in the UK there are lots of job opportunities!",
        "user": "U2FMN03NZ",
        "ts": "1545158556.014900",
        "team": "T0CJ5UNHK",
        "user_team": "T0CJ5UNHK",
        "source_team": "T0CJ5UNHK",
        "user_profile": {
            "avatar_hash": "94d6ab2aa413",
            "image_72": "https:\/\/avatars.slack-edge.com\/2017-11-30\/279847008946_94d6ab2aa413a68c840d_72.png",
            "first_name": "Mario",
            "real_name": "Mario Rogic",
            "display_name": "supermario",
            "team": "T0CJ5UNHK",
            "name": "supermario",
            "is_restricted": false,
            "is_ultra_restricted": false
        },
        "blocks": [
            {
                "type": "rich_text",
                "block_id": "Z6UH",
                "elements": [
                    {
                        "type": "rich_text_section",
                        "elements": [
                            {
                                "type": "text",
                                "text": "Depending on where you are in the UK there are lots of job opportunities!"
                            }
                        ]
                    }
                ]
            }
        ],
        "thread_ts": "1545151192.014300",
        "parent_user_id": "U4CMREF7Y"
    },
    {
        "client_msg_id": "8b43a5c9-3374-4f0e-8df3-cf49c0bd6350",
        "type": "message",
        "text": "There is a nice company in London that uses elm",
        "user": "U4SM7ECAG",
        "ts": "1545163509.015300",
        "team": "T0CJ5UNHK",
        "user_team": "T0CJ5UNHK",
        "source_team": "T0CJ5UNHK",
        "user_profile": {
            "avatar_hash": "g219fe74c131",
            "image_72": "https:\/\/secure.gravatar.com\/avatar\/b219fe74c13197eb6f4a8389050a6312.jpg?s=72&d=https%3A%2F%2Fa.slack-edge.com%2Fdf10d%2Fimg%2Favatars%2Fava_0007-72.png",
            "first_name": "Leo",
            "real_name": "Leo jPod",
            "display_name": "leojpod",
            "team": "T0CJ5UNHK",
            "name": "leojpod",
            "is_restricted": false,
            "is_ultra_restricted": false
        },
        "blocks": [
            {
                "type": "rich_text",
                "block_id": "aohI",
                "elements": [
                    {
                        "type": "rich_text_section",
                        "elements": [
                            {
                                "type": "text",
                                "text": "There is a nice company in London that uses elm"
                            }
                        ]
                    }
                ]
            }
        ],
        "thread_ts": "1545151192.014300",
        "parent_user_id": "U4CMREF7Y"
    },
    {
        "client_msg_id": "c408894d-9a47-485e-8d55-f45b017064af",
        "type": "message",
        "text": "<https:\/\/www.imby.bio\/>",
        "user": "U4SM7ECAG",
        "ts": "1545163544.015500",
        "team": "T0CJ5UNHK",
        "user_team": "T0CJ5UNHK",
        "source_team": "T0CJ5UNHK",
        "user_profile": {
            "avatar_hash": "g219fe74c131",
            "image_72": "https:\/\/secure.gravatar.com\/avatar\/b219fe74c13197eb6f4a8389050a6312.jpg?s=72&d=https%3A%2F%2Fa.slack-edge.com%2Fdf10d%2Fimg%2Favatars%2Fava_0007-72.png",
            "first_name": "Leo",
            "real_name": "Leo jPod",
            "display_name": "leojpod",
            "team": "T0CJ5UNHK",
            "name": "leojpod",
            "is_restricted": false,
            "is_ultra_restricted": false
        },
        "blocks": [
            {
                "type": "rich_text",
                "block_id": "AB8",
                "elements": [
                    {
                        "type": "rich_text_section",
                        "elements": [
                            {
                                "type": "link",
                                "url": "https:\/\/www.imby.bio\/"
                            }
                        ]
                    }
                ]
            }
        ],
        "thread_ts": "1545151192.014300",
        "parent_user_id": "U4CMREF7Y"
    },
    {
        "client_msg_id": "90f65612-6ee7-406d-9686-ea6f38a02d38",
        "type": "message",
        "text": "They advertised a while back for a job here. They might be looking for some people",
        "user": "U4SM7ECAG",
        "ts": "1545163560.015700",
        "team": "T0CJ5UNHK",
        "user_team": "T0CJ5UNHK",
        "source_team": "T0CJ5UNHK",
        "user_profile": {
            "avatar_hash": "g219fe74c131",
            "image_72": "https:\/\/secure.gravatar.com\/avatar\/b219fe74c13197eb6f4a8389050a6312.jpg?s=72&d=https%3A%2F%2Fa.slack-edge.com%2Fdf10d%2Fimg%2Favatars%2Fava_0007-72.png",
            "first_name": "Leo",
            "real_name": "Leo jPod",
            "display_name": "leojpod",
            "team": "T0CJ5UNHK",
            "name": "leojpod",
            "is_restricted": false,
            "is_ultra_restricted": false
        },
        "blocks": [
            {
                "type": "rich_text",
                "block_id": "r\/K",
                "elements": [
                    {
                        "type": "rich_text_section",
                        "elements": [
                            {
                                "type": "text",
                                "text": "They advertised a while back for a job here. They might be looking for some people"
                            }
                        ]
                    }
                ]
            }
        ],
        "thread_ts": "1545151192.014300",
        "parent_user_id": "U4CMREF7Y"
    }
]