[
    {
        "type": "message",
        "text": "| Recommendr | EU\/AU remote | Freelance\/Contract work |\n\nWe're a startup building out a mobile product using Elm &amp; Haskell. We would like someone to help us apply a bit more dedicated focus on the Frontend.\n\nLooking for a freelance\/contract Elm developer to help us on a part time basis to begin, who is in or between EU\/AU timezones.\n\nPlease reach out via Slack or <mailto:hello@recommendr.com|hello@recommendr.com> if interested :blush:",
        "user": "U9XMLTVC5",
        "ts": "1522328254.000436",
        "team": "T0CJ5UNHK",
        "user_team": "T0CJ5UNHK",
        "source_team": "T0CJ5UNHK",
        "user_profile": {
            "avatar_hash": "g4f944118fdf",
            "image_72": "https:\/\/secure.gravatar.com\/avatar\/c4f944118fdf4ea14cdd5622091057b8.jpg?s=72&d=https%3A%2F%2Fa.slack-edge.com%2Fdf10d%2Fimg%2Favatars%2Fava_0010-72.png",
            "first_name": "Oliver",
            "real_name": "Oliver",
            "display_name": "Oliver",
            "team": "T0CJ5UNHK",
            "name": "hello_elm",
            "is_restricted": false,
            "is_ultra_restricted": false
        },
        "blocks": [
            {
                "type": "rich_text",
                "block_id": "4xax",
                "elements": [
                    {
                        "type": "rich_text_section",
                        "elements": [
                            {
                                "type": "text",
                                "text": "| Recommendr | EU\/AU remote | Freelance\/Contract work |\n\nWe're a startup building out a mobile product using Elm & Haskell. We would like someone to help us apply a bit more dedicated focus on the Frontend.\n\nLooking for a freelance\/contract Elm developer to help us on a part time basis to begin, who is in or between EU\/AU timezones.\n\nPlease reach out via Slack or "
                            },
                            {
                                "type": "link",
                                "url": "mailto:hello@recommendr.com",
                                "text": "hello@recommendr.com"
                            },
                            {
                                "type": "text",
                                "text": " if interested "
                            },
                            {
                                "type": "emoji",
                                "name": "blush",
                                "unicode": "1f60a"
                            }
                        ]
                    }
                ]
            }
        ],
        "reactions": [
            {
                "name": "+1",
                "users": [
                    "U8SCM7Q3E",
                    "U0JD7JSUA",
                    "U1UMF9XSP",
                    "U23U8APEY",
                    "U2D4S9M16",
                    "U6FDQ807L",
                    "U96GUD70E"
                ],
                "count": 7
            }
        ]
    },
    {
        "client_msg_id": "30B7A117-42B9-474C-8A4D-C544A7F37B50",
        "type": "message",
        "text": "| Replenysh | Remote | Full Stack |\n\nHey, the company I'm working for is looking for a remote full stack developer, using Node on backend &amp; Elm with React on the frontend. If anyone's interested there's more info here: <https:\/\/angel.co\/replenysh\/jobs\/347703-full-stack-engineer>",
        "user": "U6GECTTJS",
        "ts": "1522351189.000569",
        "team": "T0CJ5UNHK",
        "user_team": "T0CJ5UNHK",
        "source_team": "T0CJ5UNHK",
        "user_profile": {
            "avatar_hash": "d002867030ca",
            "image_72": "https:\/\/avatars.slack-edge.com\/2017-09-29\/248546518001_d002867030ca16394d1d_72.jpg",
            "first_name": "Jared",
            "real_name": "Jared Ramirez",
            "display_name": "jaredramirez",
            "team": "T0CJ5UNHK",
            "name": "jaredramirez",
            "is_restricted": false,
            "is_ultra_restricted": false
        },
        "edited": {
            "user": "U6GECTTJS",
            "ts": "1522354631.000000"
        },
        "attachments": [
            {
                "title": "Full Stack Engineer - Replenysh Jobs on AngelList",
                "title_link": "https:\/\/angel.co\/replenysh\/jobs\/347703-full-stack-engineer",
                "text": "Apply now for Full Stack Engineer Job at Replenysh in Orange County, Los Angeles - Replenysh is the next generation recycling solution. We are connecting the customer to the circular economy – providing everything they need to make recycling simple and seamless: from complimentary bags to free pickup and proper recycling. We are looking for passionate, determined individuals to join our fast-growing team. Come join Replenysh and help us build the circular economy that will change the landscape of reuse and recycling as we know it.",
                "fallback": "Full Stack Engineer - Replenysh Jobs on AngelList",
                "thumb_url": "https:\/\/d1qb2nb5cznatu.cloudfront.net\/startups\/i\/3169200-77230090a7ebf7aa8821be3c944b6fe9-medium_jpg.jpg?buster=1522256666",
                "fields": [
                    {
                        "title": "Title",
                        "value": "Full Stack Engineer",
                        "short": true
                    },
                    {
                        "title": "Compensation",
                        "value": "$70K – $100K, 0.5% – 1.0%",
                        "short": true
                    }
                ],
                "from_url": "https:\/\/angel.co\/replenysh\/jobs\/347703-full-stack-engineer",
                "thumb_width": 200,
                "thumb_height": 200,
                "service_name": "angel.co",
                "id": 1
            }
        ],
        "blocks": [
            {
                "type": "rich_text",
                "block_id": "o903Q",
                "elements": [
                    {
                        "type": "rich_text_section",
                        "elements": [
                            {
                                "type": "text",
                                "text": "| Replenysh | Remote | Full Stack |\n\nHey, the company I'm working for is looking for a remote full stack developer, using Node on backend & Elm with React on the frontend. If anyone's interested there's more info here: "
                            },
                            {
                                "type": "link",
                                "url": "https:\/\/angel.co\/replenysh\/jobs\/347703-full-stack-engineer"
                            }
                        ]
                    }
                ]
            }
        ],
        "reactions": [
            {
                "name": "+1",
                "users": [
                    "U8SCM7Q3E"
                ],
                "count": 1
            }
        ]
    },
    {
        "type": "message",
        "subtype": "pinned_item",
        "text": "<@U0J8D9M2P> pinned a message to this channel.",
        "user": "U0J8D9M2P",
        "item_type": "C",
        "attachments": [
            {
                "fallback": "[March 29th, 2018 12:19 PM] jaredramirez: | Replenysh | Remote | Full Stack |\n\nHey, the company I'm working for is looking for a remote full stack developer, using Node on backend &amp; Elm with React on the frontend. If anyone's interested there's more info here: <https:\/\/angel.co\/replenysh\/jobs\/347703-full-stack-engineer>",
                "ts": "1522351189.000569",
                "author_id": "U6GECTTJS",
                "author_subname": "Jared Ramirez",
                "channel_id": "C0LUAGWRK",
                "channel_team": "T0CJ5UNHK",
                "channel_name": "jobs",
                "is_msg_unfurl": true,
                "text": "| Replenysh | Remote | Full Stack |\n\nHey, the company I'm working for is looking for a remote full stack developer, using Node on backend &amp; Elm with React on the frontend. If anyone's interested there's more info here: <https:\/\/angel.co\/replenysh\/jobs\/347703-full-stack-engineer>",
                "message_blocks": [
                    {
                        "team": "T0CJ5UNHK",
                        "channel": "C0LUAGWRK",
                        "ts": "1522351189.000569",
                        "message": {
                            "blocks": [
                                {
                                    "type": "rich_text",
                                    "block_id": "LLA",
                                    "elements": [
                                        {
                                            "type": "rich_text_section",
                                            "elements": [
                                                {
                                                    "type": "text",
                                                    "text": "| Replenysh | Remote | Full Stack |\n\nHey, the company I'm working for is looking for a remote full stack developer, using Node on backend & Elm with React on the frontend. If anyone's interested there's more info here: "
                                                },
                                                {
                                                    "type": "link",
                                                    "url": "https:\/\/angel.co\/replenysh\/jobs\/347703-full-stack-engineer"
                                                }
                                            ]
                                        }
                                    ]
                                }
                            ]
                        }
                    }
                ],
                "author_name": "Jared Ramirez",
                "author_link": "https:\/\/elmlang.slack.com\/team\/U6GECTTJS",
                "author_icon": "https:\/\/avatars.slack-edge.com\/2017-09-29\/248546518001_d002867030ca16394d1d_48.jpg",
                "mrkdwn_in": [
                    "text"
                ],
                "from_hidden_wksp": false
            }
        ],
        "ts": "1522374333.000160"
    },
    {
        "type": "message",
        "subtype": "pinned_item",
        "text": "<@U0J8D9M2P> pinned a message to this channel.",
        "user": "U0J8D9M2P",
        "item_type": "C",
        "attachments": [
            {
                "fallback": "[March 29th, 2018 5:57 AM] hello_elm: | Recommendr | EU\/AU remote | Freelance\/Contract work |\n\nWe're a startup building out a mobile product using Elm &amp; Haskell. We would like someone to help us apply a bit more dedicated focus on the Frontend.\n\nLooking for a freelance\/contract Elm developer to help us on a part time basis to begin, who is in or between EU\/AU timezones.\n\nPlease reach out via Slack or <mailto:hello@recommendr.com|hello@recommendr.com> if interested :blush:",
                "ts": "1522328254.000436",
                "author_id": "U9XMLTVC5",
                "author_subname": "Oliver",
                "channel_id": "C0LUAGWRK",
                "channel_team": "T0CJ5UNHK",
                "channel_name": "jobs",
                "is_msg_unfurl": true,
                "text": "| Recommendr | EU\/AU remote | Freelance\/Contract work |\n\nWe're a startup building out a mobile product using Elm &amp; Haskell. We would like someone to help us apply a bit more dedicated focus on the Frontend.\n\nLooking for a freelance\/contract Elm developer to help us on a part time basis to begin, who is in or between EU\/AU timezones.\n\nPlease reach out via Slack or <mailto:hello@recommendr.com|hello@recommendr.com> if interested :blush:",
                "message_blocks": [
                    {
                        "team": "T0CJ5UNHK",
                        "channel": "C0LUAGWRK",
                        "ts": "1522328254.000436",
                        "message": {
                            "blocks": [
                                {
                                    "type": "rich_text",
                                    "block_id": "XeHng",
                                    "elements": [
                                        {
                                            "type": "rich_text_section",
                                            "elements": [
                                                {
                                                    "type": "text",
                                                    "text": "| Recommendr | EU\/AU remote | Freelance\/Contract work |\n\nWe're a startup building out a mobile product using Elm & Haskell. We would like someone to help us apply a bit more dedicated focus on the Frontend.\n\nLooking for a freelance\/contract Elm developer to help us on a part time basis to begin, who is in or between EU\/AU timezones.\n\nPlease reach out via Slack or "
                                                },
                                                {
                                                    "type": "link",
                                                    "url": "mailto:hello@recommendr.com",
                                                    "text": "hello@recommendr.com"
                                                },
                                                {
                                                    "type": "text",
                                                    "text": " if interested "
                                                },
                                                {
                                                    "type": "emoji",
                                                    "name": "blush",
                                                    "unicode": "1f60a"
                                                }
                                            ]
                                        }
                                    ]
                                }
                            ]
                        }
                    }
                ],
                "author_name": "Oliver",
                "author_link": "https:\/\/elmlang.slack.com\/team\/U9XMLTVC5",
                "author_icon": "https:\/\/secure.gravatar.com\/avatar\/c4f944118fdf4ea14cdd5622091057b8.jpg?s=48&d=https%3A%2F%2Fa.slack-edge.com%2Fdf10d%2Fimg%2Favatars%2Fava_0010-48.png",
                "mrkdwn_in": [
                    "text"
                ],
                "from_hidden_wksp": false
            }
        ],
        "ts": "1522374365.000140"
    },
    {
        "type": "message",
        "subtype": "pinned_item",
        "text": "<@U0J8D9M2P> pinned a message to this channel.",
        "user": "U0J8D9M2P",
        "item_type": "C",
        "attachments": [
            {
                "fallback": "[March 26th, 2018 6:31 AM] maxhoffmann: | diesdas.digital | Berlin, Germany | Elm Developer (full-time) |\n\nHello there! :wave: We are diesdas.digital, a digital branding and product development studio in Berlin and we are looking for Elm developers to join us.\nOur team has started learning the language a couple of weeks ago and we are excited to build the first project with Elm as soon as we feel ready for it. I already have a bit more experience with Elm, but would love to find somebody who can help me teach the language and start working on the first project.\nIf you have experience with JavaScript or any other language and want to learn Elm, we’d also love to talk to you! :slightly_smiling_face: Feel free to slack me here or send me a mail: maximilian@diesdas.digital\n\nYou can read more about how it’s like to work with us here:\n<https:\/\/diesdas.digital\/wiki\/join-the-team\/elm-developer>",
                "ts": "1522071098.000244",
                "author_id": "U0K95MHLY",
                "author_subname": "maxhoffmann",
                "channel_id": "C0LUAGWRK",
                "channel_team": "T0CJ5UNHK",
                "channel_name": "jobs",
                "is_msg_unfurl": true,
                "is_thread_root_unfurl": true,
                "text": "| diesdas.digital | Berlin, Germany | Elm Developer (full-time) |\n\nHello there! :wave: We are diesdas.digital, a digital branding and product development studio in Berlin and we are looking for Elm developers to join us.\nOur team has started learning the language a couple of weeks ago and we are excited to build the first project with Elm as soon as we feel ready for it. I already have a bit more experience with Elm, but would love to find somebody who can help me teach the language and start working on the first project.\nIf you have experience with JavaScript or any other language and want to learn Elm, we’d also love to talk to you! :slightly_smiling_face: Feel free to slack me here or send me a mail: maximilian@diesdas.digital\n\nYou can read more about how it’s like to work with us here:\n<https:\/\/diesdas.digital\/wiki\/join-the-team\/elm-developer>",
                "message_blocks": [
                    {
                        "team": "T0CJ5UNHK",
                        "channel": "C0LUAGWRK",
                        "ts": "1522071098.000244",
                        "message": {
                            "blocks": [
                                {
                                    "type": "rich_text",
                                    "block_id": "UCAJM",
                                    "elements": [
                                        {
                                            "type": "rich_text_section",
                                            "elements": [
                                                {
                                                    "type": "text",
                                                    "text": "| diesdas.digital | Berlin, Germany | Elm Developer (full-time) |\n\nHello there! "
                                                },
                                                {
                                                    "type": "emoji",
                                                    "name": "wave",
                                                    "unicode": "1f44b"
                                                },
                                                {
                                                    "type": "text",
                                                    "text": " We are diesdas.digital, a digital branding and product development studio in Berlin and we are looking for Elm developers to join us.\nOur team has started learning the language a couple of weeks ago and we are excited to build the first project with Elm as soon as we feel ready for it. I already have a bit more experience with Elm, but would love to find somebody who can help me teach the language and start working on the first project.\nIf you have experience with JavaScript or any other language and want to learn Elm, we’d also love to talk to you! "
                                                },
                                                {
                                                    "type": "emoji",
                                                    "name": "slightly_smiling_face",
                                                    "unicode": "1f642"
                                                },
                                                {
                                                    "type": "text",
                                                    "text": " Feel free to slack me here or send me a mail: maximilian@diesdas.digital\n\nYou can read more about how it’s like to work with us here:\n"
                                                },
                                                {
                                                    "type": "link",
                                                    "url": "https:\/\/diesdas.digital\/wiki\/join-the-team\/elm-developer"
                                                }
                                            ]
                                        }
                                    ]
                                }
                            ]
                        }
                    }
                ],
                "author_name": "maxhoffmann",
                "author_link": "https:\/\/elmlang.slack.com\/team\/U0K95MHLY",
                "author_icon": "https:\/\/avatars.slack-edge.com\/2022-03-23\/3308329955680_c638bae6b210eaf83393_48.png",
                "mrkdwn_in": [
                    "text"
                ],
                "from_hidden_wksp": false
            }
        ],
        "ts": "1522374413.000056"
    }
]