[
    {
        "client_msg_id": "8569b0f4-74d4-4c19-9c08-f5d682f81f7e",
        "type": "message",
        "text": "If nothing else, NoRedInk supports remote Elm engineers! :slightly_smiling_face:\n\nHere at Culture Amp we do support remote but only within easy travel distance to Melbourne (practically, that means Australia and New Zealand).",
        "user": "U2VCR5R6H",
        "ts": "1534232511.000100",
        "team": "T0CJ5UNHK",
        "user_team": "T0CJ5UNHK",
        "source_team": "T0CJ5UNHK",
        "user_profile": {
            "avatar_hash": "ga0d4d97299e",
            "image_72": "https:\/\/secure.gravatar.com\/avatar\/0a0d4d97299e3cc54f451d769770775f.jpg?s=72&d=https%3A%2F%2Fa.slack-edge.com%2Fdf10d%2Fimg%2Favatars%2Fava_0011-72.png",
            "first_name": "Kevin",
            "real_name": "Kevin Yank",
            "display_name": "kevinyank",
            "team": "T0CJ5UNHK",
            "name": "kevinyank",
            "is_restricted": false,
            "is_ultra_restricted": false
        },
        "blocks": [
            {
                "type": "rich_text",
                "block_id": "jgR9",
                "elements": [
                    {
                        "type": "rich_text_section",
                        "elements": [
                            {
                                "type": "text",
                                "text": "If nothing else, NoRedInk supports remote Elm engineers! "
                            },
                            {
                                "type": "emoji",
                                "name": "slightly_smiling_face",
                                "unicode": "1f642"
                            },
                            {
                                "type": "text",
                                "text": "\n\nHere at Culture Amp we do support remote but only within easy travel distance to Melbourne (practically, that means Australia and New Zealand)."
                            }
                        ]
                    }
                ]
            }
        ],
        "thread_ts": "1534160327.000047",
        "parent_user_id": "U9W0SPSTW"
    },
    {
        "client_msg_id": "fc337aab-66ca-4a50-9eb0-2152fabdd7d2",
        "type": "message",
        "text": "New Zealand is definitely 'remote' :laughing:",
        "user": "U1X0EELG3",
        "ts": "1534236508.000100",
        "team": "T0CJ5UNHK",
        "user_team": "T0CJ5UNHK",
        "source_team": "T0CJ5UNHK",
        "user_profile": {
            "avatar_hash": "b72ba28993ae",
            "image_72": "https:\/\/avatars.slack-edge.com\/2019-01-31\/539969680374_b72ba28993ae87a3db22_72.jpg",
            "first_name": "Rupert",
            "real_name": "Rupert Smith",
            "display_name": "rupertlssmith",
            "team": "T0CJ5UNHK",
            "name": "rupertlssmith",
            "is_restricted": false,
            "is_ultra_restricted": false
        },
        "blocks": [
            {
                "type": "rich_text",
                "block_id": "IkK",
                "elements": [
                    {
                        "type": "rich_text_section",
                        "elements": [
                            {
                                "type": "text",
                                "text": "New Zealand is definitely 'remote' "
                            },
                            {
                                "type": "emoji",
                                "name": "laughing",
                                "unicode": "1f606"
                            }
                        ]
                    }
                ]
            }
        ],
        "thread_ts": "1534160327.000047",
        "parent_user_id": "U9W0SPSTW"
    },
    {
        "client_msg_id": "3efba77d-b984-497a-b725-be15f3f31219",
        "type": "message",
        "text": "if i moved to nz, i'd survive on steamed green lipped mussels alone, none of that half cooked frozen crap that is shipped to us here",
        "user": "U17R26VR8",
        "ts": "1534240667.000100",
        "team": "T0CJ5UNHK",
        "user_team": "T0CJ5UNHK",
        "source_team": "T0CJ5UNHK",
        "user_profile": {
            "avatar_hash": "d2958e51ba12",
            "image_72": "https:\/\/avatars.slack-edge.com\/2019-01-18\/526804239634_d2958e51ba12b82caf12_72.jpg",
            "first_name": "Joseph",
            "real_name": "Joseph Ni",
            "display_name": "mordrax",
            "team": "T0CJ5UNHK",
            "name": "mordrax",
            "is_restricted": false,
            "is_ultra_restricted": false
        },
        "blocks": [
            {
                "type": "rich_text",
                "block_id": "dLO",
                "elements": [
                    {
                        "type": "rich_text_section",
                        "elements": [
                            {
                                "type": "text",
                                "text": "if i moved to nz, i'd survive on steamed green lipped mussels alone, none of that half cooked frozen crap that is shipped to us here"
                            }
                        ]
                    }
                ]
            }
        ],
        "thread_ts": "1534160327.000047",
        "parent_user_id": "U9W0SPSTW"
    },
    {
        "client_msg_id": "cdee65ff-c4ab-4537-9bae-9b5b1c4ab2ff",
        "type": "message",
        "text": "on a recent ski trip, i bought and ate 3kg of it in one sitting :smile:",
        "user": "U17R26VR8",
        "ts": "1534240692.000100",
        "team": "T0CJ5UNHK",
        "user_team": "T0CJ5UNHK",
        "source_team": "T0CJ5UNHK",
        "user_profile": {
            "avatar_hash": "d2958e51ba12",
            "image_72": "https:\/\/avatars.slack-edge.com\/2019-01-18\/526804239634_d2958e51ba12b82caf12_72.jpg",
            "first_name": "Joseph",
            "real_name": "Joseph Ni",
            "display_name": "mordrax",
            "team": "T0CJ5UNHK",
            "name": "mordrax",
            "is_restricted": false,
            "is_ultra_restricted": false
        },
        "blocks": [
            {
                "type": "rich_text",
                "block_id": "MeN",
                "elements": [
                    {
                        "type": "rich_text_section",
                        "elements": [
                            {
                                "type": "text",
                                "text": "on a recent ski trip, i bought and ate 3kg of it in one sitting "
                            },
                            {
                                "type": "emoji",
                                "name": "smile",
                                "unicode": "1f604"
                            }
                        ]
                    }
                ]
            }
        ],
        "thread_ts": "1534160327.000047",
        "parent_user_id": "U9W0SPSTW"
    },
    {
        "client_msg_id": "db655cba-cece-45a0-a140-290e9890dd21",
        "type": "message",
        "text": "I have tried the green lipped mussels there, fresh straight from the sea.",
        "user": "U1X0EELG3",
        "ts": "1534241282.000100",
        "team": "T0CJ5UNHK",
        "user_team": "T0CJ5UNHK",
        "source_team": "T0CJ5UNHK",
        "user_profile": {
            "avatar_hash": "b72ba28993ae",
            "image_72": "https:\/\/avatars.slack-edge.com\/2019-01-31\/539969680374_b72ba28993ae87a3db22_72.jpg",
            "first_name": "Rupert",
            "real_name": "Rupert Smith",
            "display_name": "rupertlssmith",
            "team": "T0CJ5UNHK",
            "name": "rupertlssmith",
            "is_restricted": false,
            "is_ultra_restricted": false
        },
        "blocks": [
            {
                "type": "rich_text",
                "block_id": "k3Xe7",
                "elements": [
                    {
                        "type": "rich_text_section",
                        "elements": [
                            {
                                "type": "text",
                                "text": "I have tried the green lipped mussels there, fresh straight from the sea."
                            }
                        ]
                    }
                ]
            }
        ],
        "thread_ts": "1534160327.000047",
        "parent_user_id": "U9W0SPSTW"
    }
]