[
    {
        "client_msg_id": "7f5c5078-af1c-4ce8-af79-02d28b182e5b",
        "type": "message",
        "text": "Hi, I posted a previous position for fullstack, now this one is for front-end devs. Details here\n<https:\/\/xapo.bamboohr.com\/jobs\/view.php?id=31>",
        "user": "U5JAKLHFU",
        "ts": "1536757869.000100",
        "team": "T0CJ5UNHK",
        "user_team": "T0CJ5UNHK",
        "source_team": "T0CJ5UNHK",
        "user_profile": {
            "avatar_hash": "ge4e348364aa",
            "image_72": "https:\/\/secure.gravatar.com\/avatar\/de4e348364aa35ffa01699f2ecbe12a3.jpg?s=72&d=https%3A%2F%2Fa.slack-edge.com%2Fdf10d%2Fimg%2Favatars%2Fava_0020-72.png",
            "first_name": "Francisco",
            "real_name": "Francisco Dibar",
            "display_name": "frandibar",
            "team": "T0CJ5UNHK",
            "name": "frandibar",
            "is_restricted": false,
            "is_ultra_restricted": false
        },
        "attachments": [
            {
                "title": "Developer - Frontend [with Elm lang experience]",
                "title_link": "https:\/\/xapo.bamboohr.com\/jobs\/view.php?id=31",
                "text": "Overview Xapo is a leading bitcoin wallet, and we have a mission to bring bitcoin to the everyday lives of people across the world. Our business is growing fast, and we want to make sure we can keep providing the best quality support to our customers. We’re known for our fast responses to users, a",
                "fallback": "Developer - Frontend [with Elm lang experience]",
                "image_url": "https:\/\/da88bcf3042f491f7d58-7b1c4a2bf148a2fd7940b1501c14529e.ssl.cf1.rackcdn.com\/logos\/cropped.jpg?v=31",
                "from_url": "https:\/\/xapo.bamboohr.com\/jobs\/view.php?id=31",
                "image_width": 210,
                "image_height": 60,
                "image_bytes": 4025,
                "service_icon": "https:\/\/xapo.bamboohr.com\/favicon.ico",
                "service_name": "xapo.bamboohr.com",
                "id": 1,
                "original_url": "https:\/\/xapo.bamboohr.com\/jobs\/view.php?id=31"
            }
        ],
        "blocks": [
            {
                "type": "rich_text",
                "block_id": "Jq+",
                "elements": [
                    {
                        "type": "rich_text_section",
                        "elements": [
                            {
                                "type": "text",
                                "text": "Hi, I posted a previous position for fullstack, now this one is for front-end devs. Details here\n"
                            },
                            {
                                "type": "link",
                                "url": "https:\/\/xapo.bamboohr.com\/jobs\/view.php?id=31"
                            }
                        ]
                    }
                ]
            }
        ],
        "thread_ts": "1536757869.000100",
        "reply_count": 2,
        "reply_users_count": 2,
        "latest_reply": "1537274221.000100",
        "reply_users": [
            "U0HNJ2U4B",
            "U5JAKLHFU"
        ],
        "replies": [
            {
                "user": "U0HNJ2U4B",
                "ts": "1536760045.000100"
            },
            {
                "user": "U5JAKLHFU",
                "ts": "1537274221.000100"
            }
        ],
        "is_locked": false,
        "subscribed": false
    },
    {
        "client_msg_id": "9801cd77-d63b-499f-ac4c-4f6cf30366a2",
        "type": "message",
        "text": "Please see following link from topic and (i) for the channel: <https:\/\/github.com\/elm-community\/slack\/blob\/master\/README.md#jobs>",
        "user": "U0HNJ2U4B",
        "ts": "1536760045.000100",
        "team": "T0CJ5UNHK",
        "user_team": "T0CJ5UNHK",
        "source_team": "T0CJ5UNHK",
        "user_profile": {
            "avatar_hash": "2918d784663f",
            "image_72": "https:\/\/avatars.slack-edge.com\/2016-01-06\/17812553716_2918d784663f5baf8a32_72.jpg",
            "first_name": "Rasmus",
            "real_name": "Rasmus Larsson",
            "display_name": "stoft",
            "team": "T0CJ5UNHK",
            "name": "stoft",
            "is_restricted": false,
            "is_ultra_restricted": false
        },
        "blocks": [
            {
                "type": "rich_text",
                "block_id": "41KN",
                "elements": [
                    {
                        "type": "rich_text_section",
                        "elements": [
                            {
                                "type": "text",
                                "text": "Please see following link from topic and (i) for the channel: "
                            },
                            {
                                "type": "link",
                                "url": "https:\/\/github.com\/elm-community\/slack\/blob\/master\/README.md#jobs"
                            }
                        ]
                    }
                ]
            }
        ],
        "thread_ts": "1536757869.000100",
        "parent_user_id": "U5JAKLHFU"
    }
]