[
    {
        "type": "message",
        "text": "thanks for all the interest in the freelance elm post.  We've filled it!",
        "user": "U6YDACQCC",
        "ts": "1521719496.000375",
        "team": "T0CJ5UNHK",
        "user_team": "T0CJ5UNHK",
        "source_team": "T0CJ5UNHK",
        "user_profile": {
            "avatar_hash": "7329321236e4",
            "image_72": "https:\/\/avatars.slack-edge.com\/2017-09-06\/237083207109_7329321236e44b21f601_72.jpg",
            "first_name": "Matthew Eric",
            "real_name": "Matthew Eric Bassett",
            "display_name": "",
            "team": "T0CJ5UNHK",
            "name": "mebassett",
            "is_restricted": false,
            "is_ultra_restricted": false
        },
        "blocks": [
            {
                "type": "rich_text",
                "block_id": "Y5D",
                "elements": [
                    {
                        "type": "rich_text_section",
                        "elements": [
                            {
                                "type": "text",
                                "text": "thanks for all the interest in the freelance elm post.  We've filled it!"
                            }
                        ]
                    }
                ]
            }
        ],
        "thread_ts": "1521719496.000375",
        "reply_count": 4,
        "reply_users_count": 3,
        "latest_reply": "1521734130.000691",
        "reply_users": [
            "U2FMN03NZ",
            "U3HQVHERX",
            "U6YDACQCC"
        ],
        "replies": [
            {
                "user": "U2FMN03NZ",
                "ts": "1521730741.000007"
            },
            {
                "user": "U3HQVHERX",
                "ts": "1521732198.000563"
            },
            {
                "user": "U6YDACQCC",
                "ts": "1521734082.000490"
            },
            {
                "user": "U6YDACQCC",
                "ts": "1521734130.000691"
            }
        ],
        "is_locked": false,
        "subscribed": false,
        "reactions": [
            {
                "name": "100",
                "users": [
                    "U1KES8JGK",
                    "U41NK9BM4",
                    "U14RLT7PE",
                    "U0J1M0F32",
                    "U50D5L2MT",
                    "U2FMN03NZ"
                ],
                "count": 6
            },
            {
                "name": "+1::skin-tone-2",
                "users": [
                    "U5J0H2NS2",
                    "U14RLT7PE",
                    "U0J1M0F32",
                    "U2FMN03NZ",
                    "U2SR9DL7Q",
                    "U6CB7CFDY",
                    "U18UD6T3J"
                ],
                "count": 7
            }
        ]
    },
    {
        "type": "message",
        "text": "Do make sure you let folks know in <#C0K384K4Y|news-and-links> if some OSS comes out of this! :slightly_smiling_face:",
        "user": "U2FMN03NZ",
        "ts": "1521730741.000007",
        "team": "T0CJ5UNHK",
        "user_team": "T0CJ5UNHK",
        "source_team": "T0CJ5UNHK",
        "user_profile": {
            "avatar_hash": "94d6ab2aa413",
            "image_72": "https:\/\/avatars.slack-edge.com\/2017-11-30\/279847008946_94d6ab2aa413a68c840d_72.png",
            "first_name": "Mario",
            "real_name": "Mario Rogic",
            "display_name": "supermario",
            "team": "T0CJ5UNHK",
            "name": "supermario",
            "is_restricted": false,
            "is_ultra_restricted": false
        },
        "edited": {
            "user": "U2FMN03NZ",
            "ts": "1521730758.000000"
        },
        "blocks": [
            {
                "type": "rich_text",
                "block_id": "GLcp",
                "elements": [
                    {
                        "type": "rich_text_section",
                        "elements": [
                            {
                                "type": "text",
                                "text": "Do make sure you let folks know in "
                            },
                            {
                                "type": "channel",
                                "channel_id": "C0K384K4Y"
                            },
                            {
                                "type": "text",
                                "text": " if some OSS comes out of this! "
                            },
                            {
                                "type": "emoji",
                                "name": "slightly_smiling_face",
                                "unicode": "1f642"
                            }
                        ]
                    }
                ]
            }
        ],
        "thread_ts": "1521719496.000375",
        "parent_user_id": "U6YDACQCC"
    },
    {
        "type": "message",
        "text": "yeah! this sounds really cool",
        "user": "U3HQVHERX",
        "ts": "1521732198.000563",
        "team": "T0CJ5UNHK",
        "user_team": "T0CJ5UNHK",
        "source_team": "T0CJ5UNHK",
        "user_profile": {
            "avatar_hash": "fcfcb9e7a441",
            "image_72": "https:\/\/avatars.slack-edge.com\/2018-04-02\/339400370192_fcfcb9e7a441c6777185_72.jpg",
            "first_name": "Nate",
            "real_name": "Nate Nichols",
            "display_name": "nqthqn",
            "team": "T0CJ5UNHK",
            "name": "nqthqn",
            "is_restricted": false,
            "is_ultra_restricted": false
        },
        "blocks": [
            {
                "type": "rich_text",
                "block_id": "iNg\/",
                "elements": [
                    {
                        "type": "rich_text_section",
                        "elements": [
                            {
                                "type": "text",
                                "text": "yeah! this sounds really cool"
                            }
                        ]
                    }
                ]
            }
        ],
        "thread_ts": "1521719496.000375",
        "parent_user_id": "U6YDACQCC"
    },
    {
        "type": "message",
        "text": "will do!",
        "user": "U6YDACQCC",
        "ts": "1521734082.000490",
        "team": "T0CJ5UNHK",
        "user_team": "T0CJ5UNHK",
        "source_team": "T0CJ5UNHK",
        "user_profile": {
            "avatar_hash": "7329321236e4",
            "image_72": "https:\/\/avatars.slack-edge.com\/2017-09-06\/237083207109_7329321236e44b21f601_72.jpg",
            "first_name": "Matthew Eric",
            "real_name": "Matthew Eric Bassett",
            "display_name": "",
            "team": "T0CJ5UNHK",
            "name": "mebassett",
            "is_restricted": false,
            "is_ultra_restricted": false
        },
        "blocks": [
            {
                "type": "rich_text",
                "block_id": "6VUpb",
                "elements": [
                    {
                        "type": "rich_text_section",
                        "elements": [
                            {
                                "type": "text",
                                "text": "will do!"
                            }
                        ]
                    }
                ]
            }
        ],
        "thread_ts": "1521719496.000375",
        "parent_user_id": "U6YDACQCC"
    },
    {
        "type": "message",
        "text": "we're not allowed (by my own rules) to open source anything before we launch, just to fix our priorities, but we do plan to.",
        "user": "U6YDACQCC",
        "ts": "1521734130.000691",
        "team": "T0CJ5UNHK",
        "user_team": "T0CJ5UNHK",
        "source_team": "T0CJ5UNHK",
        "user_profile": {
            "avatar_hash": "7329321236e4",
            "image_72": "https:\/\/avatars.slack-edge.com\/2017-09-06\/237083207109_7329321236e44b21f601_72.jpg",
            "first_name": "Matthew Eric",
            "real_name": "Matthew Eric Bassett",
            "display_name": "",
            "team": "T0CJ5UNHK",
            "name": "mebassett",
            "is_restricted": false,
            "is_ultra_restricted": false
        },
        "blocks": [
            {
                "type": "rich_text",
                "block_id": "KDED",
                "elements": [
                    {
                        "type": "rich_text_section",
                        "elements": [
                            {
                                "type": "text",
                                "text": "we're not allowed (by my own rules) to open source anything before we launch, just to fix our priorities, but we do plan to."
                            }
                        ]
                    }
                ]
            }
        ],
        "thread_ts": "1521719496.000375",
        "parent_user_id": "U6YDACQCC"
    }
]