[
    {
        "client_msg_id": "18d14acb-6ee0-469f-9154-b8508631a4a9",
        "type": "message",
        "text": "Hi I just found out there open REMOTE Frontend Developer postion at CollegeVine in Cambridge, Massachusetts where Elm and PureScript are needed maybe this position is interesting for someone from the USA <https:\/\/functional.works-hub.com\/jobs\/remote-front-end-engineer-40b6e>",
        "user": "UCPKRAUFQ",
        "ts": "1542203129.021000",
        "team": "T0CJ5UNHK",
        "user_team": "T0CJ5UNHK",
        "source_team": "T0CJ5UNHK",
        "user_profile": {
            "avatar_hash": "g3b960ce30de",
            "image_72": "https:\/\/secure.gravatar.com\/avatar\/c3b960ce30def7ee54fa319fef99c611.jpg?s=72&d=https%3A%2F%2Fa.slack-edge.com%2Fdf10d%2Fimg%2Favatars%2Fava_0011-72.png",
            "first_name": "",
            "real_name": "Norbert Fuhs",
            "display_name": "gopunk",
            "team": "T0CJ5UNHK",
            "name": "norbert.fuhs.xyz",
            "is_restricted": false,
            "is_ultra_restricted": false
        },
        "attachments": [
            {
                "service_name": "Functional Works",
                "title": "Remote Front End Engineer",
                "title_link": "https:\/\/functional.works-hub.com\/jobs\/remote-front-end-engineer-40b6e",
                "text": "Apply for Front End Engineer. We are seeking an Elm or PureScript developer to help engineer inviting front-end experiences that have real social impact.Our ideal candidate...",
                "fallback": "Functional Works: Remote Front End Engineer",
                "thumb_url": "https:\/\/functional.works-hub.com\/logos\/png\/functional.png",
                "fields": [
                    {
                        "title": "Salary &amp; Location",
                        "value": ":moneybag: $100k - 150k + Equity :us: United States of America",
                        "short": true
                    },
                    {
                        "title": "Skills",
                        "value": ":rocket: Purescript, Elm",
                        "short": true
                    }
                ],
                "from_url": "https:\/\/functional.works-hub.com\/jobs\/remote-front-end-engineer-40b6e",
                "thumb_width": 508,
                "thumb_height": 508,
                "service_icon": "https:\/\/functional.works-hub.com\/favicons\/functional-32x32.png",
                "id": 1,
                "original_url": "https:\/\/functional.works-hub.com\/jobs\/remote-front-end-engineer-40b6e"
            }
        ],
        "blocks": [
            {
                "type": "rich_text",
                "block_id": "FB1",
                "elements": [
                    {
                        "type": "rich_text_section",
                        "elements": [
                            {
                                "type": "text",
                                "text": "Hi I just found out there open REMOTE Frontend Developer postion at CollegeVine in Cambridge, Massachusetts where Elm and PureScript are needed maybe this position is interesting for someone from the USA "
                            },
                            {
                                "type": "link",
                                "url": "https:\/\/functional.works-hub.com\/jobs\/remote-front-end-engineer-40b6e"
                            }
                        ]
                    }
                ]
            }
        ],
        "thread_ts": "1542203129.021000",
        "reply_count": 6,
        "reply_users_count": 3,
        "latest_reply": "1542222077.022600",
        "reply_users": [
            "U0J8D9M2P",
            "UCPKRAUFQ",
            "U1MGHC31P"
        ],
        "replies": [
            {
                "user": "U0J8D9M2P",
                "ts": "1542203398.021400"
            },
            {
                "user": "UCPKRAUFQ",
                "ts": "1542206767.021600"
            },
            {
                "user": "U1MGHC31P",
                "ts": "1542211387.021800"
            },
            {
                "user": "UCPKRAUFQ",
                "ts": "1542212988.022000"
            },
            {
                "user": "UCPKRAUFQ",
                "ts": "1542213011.022200"
            },
            {
                "user": "UCPKRAUFQ",
                "ts": "1542222077.022600"
            }
        ],
        "is_locked": false,
        "subscribed": false
    },
    {
        "client_msg_id": "8d4c7c55-81e1-4ecc-bf5a-48e1b7831ba1",
        "type": "message",
        "text": "This is great!",
        "user": "U0J8D9M2P",
        "ts": "1542203398.021400",
        "team": "T0CJ5UNHK",
        "user_team": "T0CJ5UNHK",
        "source_team": "T0CJ5UNHK",
        "user_profile": {
            "avatar_hash": "g15c251f9eb0",
            "image_72": "https:\/\/secure.gravatar.com\/avatar\/115c251f9eb08a27b771219db85de4c0.jpg?s=72&d=https%3A%2F%2Fa.slack-edge.com%2Fdf10d%2Fimg%2Favatars%2Fava_0013-72.png",
            "first_name": "",
            "real_name": "akoppela",
            "display_name": "",
            "team": "T0CJ5UNHK",
            "name": "akoppela",
            "is_restricted": false,
            "is_ultra_restricted": false
        },
        "blocks": [
            {
                "type": "rich_text",
                "block_id": "\/vt",
                "elements": [
                    {
                        "type": "rich_text_section",
                        "elements": [
                            {
                                "type": "text",
                                "text": "This is great!"
                            }
                        ]
                    }
                ]
            }
        ],
        "thread_ts": "1542203129.021000",
        "parent_user_id": "UCPKRAUFQ"
    },
    {
        "client_msg_id": "1f9e5e42-d3b3-47f8-bdf0-9b61c73bac73",
        "type": "message",
        "text": "Okay fingers crossed :wink: Bye for now I'm on the move!",
        "user": "UCPKRAUFQ",
        "ts": "1542206767.021600",
        "team": "T0CJ5UNHK",
        "user_team": "T0CJ5UNHK",
        "source_team": "T0CJ5UNHK",
        "user_profile": {
            "avatar_hash": "g3b960ce30de",
            "image_72": "https:\/\/secure.gravatar.com\/avatar\/c3b960ce30def7ee54fa319fef99c611.jpg?s=72&d=https%3A%2F%2Fa.slack-edge.com%2Fdf10d%2Fimg%2Favatars%2Fava_0011-72.png",
            "first_name": "",
            "real_name": "Norbert Fuhs",
            "display_name": "gopunk",
            "team": "T0CJ5UNHK",
            "name": "norbert.fuhs.xyz",
            "is_restricted": false,
            "is_ultra_restricted": false
        },
        "blocks": [
            {
                "type": "rich_text",
                "block_id": "k1d",
                "elements": [
                    {
                        "type": "rich_text_section",
                        "elements": [
                            {
                                "type": "text",
                                "text": "Okay fingers crossed "
                            },
                            {
                                "type": "emoji",
                                "name": "wink",
                                "unicode": "1f609"
                            },
                            {
                                "type": "text",
                                "text": " Bye for now I'm on the move!"
                            }
                        ]
                    }
                ]
            }
        ],
        "thread_ts": "1542203129.021000",
        "parent_user_id": "UCPKRAUFQ"
    },
    {
        "client_msg_id": "25947e18-c182-41f9-b816-289da83d791d",
        "type": "message",
        "text": "it looks like they don't actually write Elm there:\n\n&gt; We loved the ideas behind Elm but felt that we could do it better in PureScript (we started off as a bunch of senior Haskell devs), so we made our own Elm-ish framework. It works almost exactly like Elm, except in (our opinion) a more powerful language.",
        "user": "U1MGHC31P",
        "ts": "1542211387.021800",
        "team": "T0CJ5UNHK",
        "user_team": "T0CJ5UNHK",
        "source_team": "T0CJ5UNHK",
        "user_profile": {
            "avatar_hash": "203eba6cde35",
            "image_72": "https:\/\/avatars.slack-edge.com\/2022-04-29\/3451080341270_203eba6cde35322034bb_72.jpg",
            "first_name": "Duncan",
            "real_name": "Duncan Malashock",
            "display_name": "duncan",
            "team": "T0CJ5UNHK",
            "name": "duncan",
            "is_restricted": false,
            "is_ultra_restricted": false
        },
        "blocks": [
            {
                "type": "rich_text",
                "block_id": "Bys",
                "elements": [
                    {
                        "type": "rich_text_section",
                        "elements": [
                            {
                                "type": "text",
                                "text": "it looks like they don't actually write Elm there:\n\n"
                            }
                        ]
                    },
                    {
                        "type": "rich_text_quote",
                        "elements": [
                            {
                                "type": "text",
                                "text": "We loved the ideas behind Elm but felt that we could do it better in PureScript (we started off as a bunch of senior Haskell devs), so we made our own Elm-ish framework. It works almost exactly like Elm, except in (our opinion) a more powerful language."
                            }
                        ]
                    }
                ]
            }
        ],
        "thread_ts": "1542203129.021000",
        "parent_user_id": "UCPKRAUFQ"
    },
    {
        "client_msg_id": "745604bc-9de7-478b-8960-b3b9b5f48326",
        "type": "message",
        "text": "You're basically right I also shred it in an PureScript community",
        "user": "UCPKRAUFQ",
        "ts": "1542212988.022000",
        "team": "T0CJ5UNHK",
        "user_team": "T0CJ5UNHK",
        "source_team": "T0CJ5UNHK",
        "user_profile": {
            "avatar_hash": "g3b960ce30de",
            "image_72": "https:\/\/secure.gravatar.com\/avatar\/c3b960ce30def7ee54fa319fef99c611.jpg?s=72&d=https%3A%2F%2Fa.slack-edge.com%2Fdf10d%2Fimg%2Favatars%2Fava_0011-72.png",
            "first_name": "",
            "real_name": "Norbert Fuhs",
            "display_name": "gopunk",
            "team": "T0CJ5UNHK",
            "name": "norbert.fuhs.xyz",
            "is_restricted": false,
            "is_ultra_restricted": false
        },
        "blocks": [
            {
                "type": "rich_text",
                "block_id": "Oan4f",
                "elements": [
                    {
                        "type": "rich_text_section",
                        "elements": [
                            {
                                "type": "text",
                                "text": "You're basically right I also shred it in an PureScript community"
                            }
                        ]
                    }
                ]
            }
        ],
        "thread_ts": "1542203129.021000",
        "parent_user_id": "UCPKRAUFQ"
    },
    {
        "client_msg_id": "0515a36a-cda1-4140-aae0-9865484e3112",
        "type": "message",
        "text": "Sorry if it is missleading",
        "user": "UCPKRAUFQ",
        "ts": "1542213011.022200",
        "team": "T0CJ5UNHK",
        "user_team": "T0CJ5UNHK",
        "source_team": "T0CJ5UNHK",
        "user_profile": {
            "avatar_hash": "g3b960ce30de",
            "image_72": "https:\/\/secure.gravatar.com\/avatar\/c3b960ce30def7ee54fa319fef99c611.jpg?s=72&d=https%3A%2F%2Fa.slack-edge.com%2Fdf10d%2Fimg%2Favatars%2Fava_0011-72.png",
            "first_name": "",
            "real_name": "Norbert Fuhs",
            "display_name": "gopunk",
            "team": "T0CJ5UNHK",
            "name": "norbert.fuhs.xyz",
            "is_restricted": false,
            "is_ultra_restricted": false
        },
        "blocks": [
            {
                "type": "rich_text",
                "block_id": "IUP=X",
                "elements": [
                    {
                        "type": "rich_text_section",
                        "elements": [
                            {
                                "type": "text",
                                "text": "Sorry if it is missleading"
                            }
                        ]
                    }
                ]
            }
        ],
        "thread_ts": "1542203129.021000",
        "parent_user_id": "UCPKRAUFQ"
    },
    {
        "client_msg_id": "1d32fe51-695e-4f2d-9e57-d561867548a9",
        "type": "message",
        "text": "Since there is still Elm in their stack they search for Elmish developers.. <https:\/\/www.linkedin.com\/jobs\/search\/?currentJobId=643857745&amp;f_C=3310978&amp;locationId=OTHERS.worldwide>",
        "user": "UCPKRAUFQ",
        "ts": "1542222077.022600",
        "team": "T0CJ5UNHK",
        "user_team": "T0CJ5UNHK",
        "source_team": "T0CJ5UNHK",
        "user_profile": {
            "avatar_hash": "g3b960ce30de",
            "image_72": "https:\/\/secure.gravatar.com\/avatar\/c3b960ce30def7ee54fa319fef99c611.jpg?s=72&d=https%3A%2F%2Fa.slack-edge.com%2Fdf10d%2Fimg%2Favatars%2Fava_0011-72.png",
            "first_name": "",
            "real_name": "Norbert Fuhs",
            "display_name": "gopunk",
            "team": "T0CJ5UNHK",
            "name": "norbert.fuhs.xyz",
            "is_restricted": false,
            "is_ultra_restricted": false
        },
        "blocks": [
            {
                "type": "rich_text",
                "block_id": "xFmx",
                "elements": [
                    {
                        "type": "rich_text_section",
                        "elements": [
                            {
                                "type": "text",
                                "text": "Since there is still Elm in their stack they search for Elmish developers.. "
                            },
                            {
                                "type": "link",
                                "url": "https:\/\/www.linkedin.com\/jobs\/search\/?currentJobId=643857745&amp;f_C=3310978&amp;locationId=OTHERS.worldwide",
                                "text": "https:\/\/www.linkedin.com\/jobs\/search\/?currentJobId=643857745&f_C=3310978&locationId=OTHERS.worldwide"
                            }
                        ]
                    }
                ]
            }
        ],
        "thread_ts": "1542203129.021000",
        "parent_user_id": "UCPKRAUFQ"
    }
]