[
    {
        "type": "message",
        "text": "One job found: <https:\/\/www.upwork.com\/o\/jobs\/browse\/skill\/elm>",
        "user": "U0JD7JSUA",
        "ts": "1518168794.000203",
        "team": "T0CJ5UNHK",
        "user_team": "T0CJ5UNHK",
        "source_team": "T0CJ5UNHK",
        "user_profile": {
            "avatar_hash": "g16ea4da5cae",
            "image_72": "https:\/\/secure.gravatar.com\/avatar\/216ea4da5cae7be4030b6242ab90631c.jpg?s=72&d=https%3A%2F%2Fa.slack-edge.com%2Fdf10d%2Fimg%2Favatars%2Fava_0007-72.png",
            "first_name": "",
            "real_name": "rofrol",
            "display_name": "",
            "team": "T0CJ5UNHK",
            "name": "rofrol",
            "is_restricted": false,
            "is_ultra_restricted": false
        },
        "attachments": [
            {
                "title": " Best Freelance Elm Jobs Online In February 2018",
                "title_link": "https:\/\/www.upwork.com\/o\/jobs\/browse\/skill\/elm",
                "text": "Find freelance Elm work on Upwork. 1 Elm online jobs are available.",
                "fallback": " Best Freelance Elm Jobs Online In February 2018",
                "from_url": "https:\/\/www.upwork.com\/o\/jobs\/browse\/skill\/elm",
                "service_icon": "https:\/\/www.upwork.com\/favicon.ico",
                "service_name": "upwork.com",
                "id": 1
            }
        ],
        "blocks": [
            {
                "type": "rich_text",
                "block_id": "SIB7",
                "elements": [
                    {
                        "type": "rich_text_section",
                        "elements": [
                            {
                                "type": "text",
                                "text": "One job found: "
                            },
                            {
                                "type": "link",
                                "url": "https:\/\/www.upwork.com\/o\/jobs\/browse\/skill\/elm"
                            }
                        ]
                    }
                ]
            }
        ]
    },
    {
        "client_msg_id": "49aa7d8d-1c4e-4f9c-b2b5-e0229791fe7c",
        "type": "message",
        "text": "Adjustment on a frontend, $1000",
        "user": "U8SCM7Q3E",
        "ts": "1518169607.000078",
        "team": "T0CJ5UNHK",
        "user_team": "T0CJ5UNHK",
        "source_team": "T0CJ5UNHK",
        "user_profile": {
            "avatar_hash": "g46039054cfc",
            "image_72": "https:\/\/secure.gravatar.com\/avatar\/a46039054cfc6c7d979a4931791e30e3.jpg?s=72&d=https%3A%2F%2Fa.slack-edge.com%2Fdf10d%2Fimg%2Favatars%2Fava_0000-72.png",
            "first_name": "",
            "real_name": "Dylan Broadbridge",
            "display_name": "dylan_b",
            "team": "T0CJ5UNHK",
            "name": "thatguy72",
            "is_restricted": false,
            "is_ultra_restricted": false
        },
        "blocks": [
            {
                "type": "rich_text",
                "block_id": "Qhnu",
                "elements": [
                    {
                        "type": "rich_text_section",
                        "elements": [
                            {
                                "type": "text",
                                "text": "Adjustment on a frontend, $1000"
                            }
                        ]
                    }
                ]
            }
        ]
    },
    {
        "client_msg_id": "0b3651e7-402b-40ca-b6ee-15cbb93d66a3",
        "type": "message",
        "text": "$1k to come into an existing code base and build something, probably not worth it esp since upwork will take 20%",
        "user": "U8SCM7Q3E",
        "ts": "1518169849.000317",
        "team": "T0CJ5UNHK",
        "user_team": "T0CJ5UNHK",
        "source_team": "T0CJ5UNHK",
        "user_profile": {
            "avatar_hash": "g46039054cfc",
            "image_72": "https:\/\/secure.gravatar.com\/avatar\/a46039054cfc6c7d979a4931791e30e3.jpg?s=72&d=https%3A%2F%2Fa.slack-edge.com%2Fdf10d%2Fimg%2Favatars%2Fava_0000-72.png",
            "first_name": "",
            "real_name": "Dylan Broadbridge",
            "display_name": "dylan_b",
            "team": "T0CJ5UNHK",
            "name": "thatguy72",
            "is_restricted": false,
            "is_ultra_restricted": false
        },
        "blocks": [
            {
                "type": "rich_text",
                "block_id": "hqwCO",
                "elements": [
                    {
                        "type": "rich_text_section",
                        "elements": [
                            {
                                "type": "text",
                                "text": "$1k to come into an existing code base and build something, probably not worth it esp since upwork will take 20%"
                            }
                        ]
                    }
                ]
            }
        ],
        "thread_ts": "1518169849.000317",
        "reply_count": 5,
        "reply_users_count": 3,
        "latest_reply": "1518187240.000169",
        "reply_users": [
            "U0L27J3N0",
            "U4872964V",
            "U3DFNEW5A"
        ],
        "replies": [
            {
                "user": "U0L27J3N0",
                "ts": "1518172077.000054"
            },
            {
                "user": "U4872964V",
                "ts": "1518175544.000111"
            },
            {
                "user": "U4872964V",
                "ts": "1518175559.000197"
            },
            {
                "user": "U4872964V",
                "ts": "1518175624.000330"
            },
            {
                "user": "U3DFNEW5A",
                "ts": "1518187240.000169"
            }
        ],
        "is_locked": false,
        "subscribed": false
    },
    {
        "type": "message",
        "text": "It depends where you are from. Perhaps it's not worth it for your location, but on a global scale, there's tons of places where $1000 is a huge amount of money.",
        "user": "U0EUHKVGB",
        "ts": "1518170583.000229",
        "team": "T0CJ5UNHK",
        "user_team": "T0CJ5UNHK",
        "source_team": "T0CJ5UNHK",
        "user_profile": {
            "avatar_hash": "gc10c2d32882",
            "image_72": "https:\/\/secure.gravatar.com\/avatar\/9c10c2d328820b42f7624edcc76d4157.jpg?s=72&d=https%3A%2F%2Fa.slack-edge.com%2Fdf10d%2Fimg%2Favatars%2Fava_0015-72.png",
            "first_name": "eeue56",
            "real_name": "eeue56",
            "display_name": "eeue56",
            "team": "T0CJ5UNHK",
            "name": "eeue56",
            "is_restricted": false,
            "is_ultra_restricted": false
        },
        "blocks": [
            {
                "type": "rich_text",
                "block_id": "Opr5",
                "elements": [
                    {
                        "type": "rich_text_section",
                        "elements": [
                            {
                                "type": "text",
                                "text": "It depends where you are from. Perhaps it's not worth it for your location, but on a global scale, there's tons of places where $1000 is a huge amount of money."
                            }
                        ]
                    }
                ]
            }
        ],
        "reactions": [
            {
                "name": "elm",
                "users": [
                    "U0KD3QGTV"
                ],
                "count": 1
            }
        ]
    },
    {
        "type": "message",
        "text": "You mean, if it takes you 10 hours to do the thing and end up being paid $100 per hour is not worth it?",
        "user": "U0L27J3N0",
        "ts": "1518172077.000054",
        "team": "T0CJ5UNHK",
        "user_team": "T0CJ5UNHK",
        "source_team": "T0CJ5UNHK",
        "user_profile": {
            "avatar_hash": "ba2b64aafe93",
            "image_72": "https:\/\/avatars.slack-edge.com\/2021-09-17\/2502213822834_ba2b64aafe9339f839ef_72.png",
            "first_name": "Peter",
            "real_name": "Peter Damoc",
            "display_name": "Peter",
            "team": "T0CJ5UNHK",
            "name": "pdamoc",
            "is_restricted": false,
            "is_ultra_restricted": false
        },
        "blocks": [
            {
                "type": "rich_text",
                "block_id": "dE=W",
                "elements": [
                    {
                        "type": "rich_text_section",
                        "elements": [
                            {
                                "type": "text",
                                "text": "You mean, if it takes you 10 hours to do the thing and end up being paid $100 per hour is not worth it?"
                            }
                        ]
                    }
                ]
            }
        ],
        "thread_ts": "1518169849.000317",
        "parent_user_id": "U8SCM7Q3E"
    },
    {
        "type": "message",
        "text": "$100 per hour is a decent salary, that’s avout what I charge for longer jobs",
        "user": "U4872964V",
        "ts": "1518175544.000111",
        "team": "T0CJ5UNHK",
        "user_team": "T0CJ5UNHK",
        "source_team": "T0CJ5UNHK",
        "user_profile": {
            "avatar_hash": "g9cddbae2c66",
            "image_72": "https:\/\/secure.gravatar.com\/avatar\/c9cddbae2c663e38984457a9fcb849d3.jpg?s=72&d=https%3A%2F%2Fa.slack-edge.com%2Fdf10d%2Fimg%2Favatars%2Fava_0018-72.png",
            "first_name": "Martin",
            "real_name": "Martin Norbäck Olivers",
            "display_name": "norpan",
            "team": "T0CJ5UNHK",
            "name": "norpan",
            "is_restricted": false,
            "is_ultra_restricted": false
        },
        "blocks": [
            {
                "type": "rich_text",
                "block_id": "xAV=",
                "elements": [
                    {
                        "type": "rich_text_section",
                        "elements": [
                            {
                                "type": "text",
                                "text": "$100 per hour is a decent salary, that’s avout what I charge for longer jobs"
                            }
                        ]
                    }
                ]
            }
        ],
        "thread_ts": "1518169849.000317",
        "parent_user_id": "U8SCM7Q3E"
    },
    {
        "type": "message",
        "text": "maybe a bit more",
        "user": "U4872964V",
        "ts": "1518175559.000197",
        "team": "T0CJ5UNHK",
        "user_team": "T0CJ5UNHK",
        "source_team": "T0CJ5UNHK",
        "user_profile": {
            "avatar_hash": "g9cddbae2c66",
            "image_72": "https:\/\/secure.gravatar.com\/avatar\/c9cddbae2c663e38984457a9fcb849d3.jpg?s=72&d=https%3A%2F%2Fa.slack-edge.com%2Fdf10d%2Fimg%2Favatars%2Fava_0018-72.png",
            "first_name": "Martin",
            "real_name": "Martin Norbäck Olivers",
            "display_name": "norpan",
            "team": "T0CJ5UNHK",
            "name": "norpan",
            "is_restricted": false,
            "is_ultra_restricted": false
        },
        "blocks": [
            {
                "type": "rich_text",
                "block_id": "U4nnO",
                "elements": [
                    {
                        "type": "rich_text_section",
                        "elements": [
                            {
                                "type": "text",
                                "text": "maybe a bit more"
                            }
                        ]
                    }
                ]
            }
        ],
        "thread_ts": "1518169849.000317",
        "parent_user_id": "U8SCM7Q3E"
    },
    {
        "type": "message",
        "text": "Then 65% of that goes to the tax man, but that’s a different story :slightly_smiling_face:",
        "user": "U4872964V",
        "ts": "1518175624.000330",
        "team": "T0CJ5UNHK",
        "user_team": "T0CJ5UNHK",
        "source_team": "T0CJ5UNHK",
        "user_profile": {
            "avatar_hash": "g9cddbae2c66",
            "image_72": "https:\/\/secure.gravatar.com\/avatar\/c9cddbae2c663e38984457a9fcb849d3.jpg?s=72&d=https%3A%2F%2Fa.slack-edge.com%2Fdf10d%2Fimg%2Favatars%2Fava_0018-72.png",
            "first_name": "Martin",
            "real_name": "Martin Norbäck Olivers",
            "display_name": "norpan",
            "team": "T0CJ5UNHK",
            "name": "norpan",
            "is_restricted": false,
            "is_ultra_restricted": false
        },
        "blocks": [
            {
                "type": "rich_text",
                "block_id": "nH5R",
                "elements": [
                    {
                        "type": "rich_text_section",
                        "elements": [
                            {
                                "type": "text",
                                "text": "Then 65% of that goes to the tax man, but that’s a different story "
                            },
                            {
                                "type": "emoji",
                                "name": "slightly_smiling_face",
                                "unicode": "1f642"
                            }
                        ]
                    }
                ]
            }
        ],
        "thread_ts": "1518169849.000317",
        "parent_user_id": "U8SCM7Q3E"
    },
    {
        "client_msg_id": "57b29961-07b7-48aa-9944-2b2250cc1d81",
        "type": "message",
        "text": "Unemployment compensation in AZ (USA), year 2003, was 220$ per week. Thats the max. So, 4+ weeks of not being bored...",
        "user": "U1AN4JRFV",
        "ts": "1518177936.000290",
        "team": "T0CJ5UNHK",
        "user_team": "T0CJ5UNHK",
        "source_team": "T0CJ5UNHK",
        "user_profile": {
            "avatar_hash": "6e60cbb09d2b",
            "image_72": "https:\/\/avatars.slack-edge.com\/2016-11-17\/105888132610_6e60cbb09d2b8bc3889a_72.jpg",
            "first_name": "Manuel",
            "real_name": "Manuel Baumann",
            "display_name": "mbaumann",
            "team": "T0CJ5UNHK",
            "name": "mbaumann",
            "is_restricted": false,
            "is_ultra_restricted": false
        },
        "edited": {
            "user": "U1AN4JRFV",
            "ts": "1518177968.000000"
        },
        "blocks": [
            {
                "type": "rich_text",
                "block_id": "OQ1",
                "elements": [
                    {
                        "type": "rich_text_section",
                        "elements": [
                            {
                                "type": "text",
                                "text": "Unemployment compensation in AZ (USA), year 2003, was 220$ per week. Thats the max. So, 4+ weeks of not being bored..."
                            }
                        ]
                    }
                ]
            }
        ]
    },
    {
        "client_msg_id": "C2BC6F10-3EAA-48D0-916A-A279900AE1BE",
        "type": "message",
        "text": "Note they didn’t actually say “Elm” in the post. It’s tagged with Elixir, Laravel, Elm, etc. No idea what they actually need.",
        "user": "U3DFNEW5A",
        "ts": "1518187240.000169",
        "team": "T0CJ5UNHK",
        "user_team": "T0CJ5UNHK",
        "source_team": "T0CJ5UNHK",
        "user_profile": {
            "avatar_hash": "gd778043b9c0",
            "image_72": "https:\/\/secure.gravatar.com\/avatar\/9d778043b9c008cf3f5c6bc52e648c53.jpg?s=72&d=https%3A%2F%2Fa.slack-edge.com%2Fdf10d%2Fimg%2Favatars%2Fava_0011-72.png",
            "first_name": "Joe",
            "real_name": "Joe Fiorini",
            "display_name": "joefiorini",
            "team": "T0CJ5UNHK",
            "name": "joefiorini",
            "is_restricted": false,
            "is_ultra_restricted": false
        },
        "blocks": [
            {
                "type": "rich_text",
                "block_id": "anq",
                "elements": [
                    {
                        "type": "rich_text_section",
                        "elements": [
                            {
                                "type": "text",
                                "text": "Note they didn’t actually say “Elm” in the post. It’s tagged with Elixir, Laravel, Elm, etc. No idea what they actually need."
                            }
                        ]
                    }
                ]
            }
        ],
        "thread_ts": "1518169849.000317",
        "parent_user_id": "U8SCM7Q3E"
    },
    {
        "client_msg_id": "9CC75FE9-8EEC-41F5-8DDE-B8DFC75E4A32",
        "type": "message",
        "text": "Do clients on upwork usually tag skills? I did a regular search for Elm, filtered to software development and found a whole 2 projects. One was linked above. The other one matched “elm” in a tiny url :triumph:",
        "user": "U3DFNEW5A",
        "ts": "1518187402.000513",
        "team": "T0CJ5UNHK",
        "user_team": "T0CJ5UNHK",
        "source_team": "T0CJ5UNHK",
        "user_profile": {
            "avatar_hash": "gd778043b9c0",
            "image_72": "https:\/\/secure.gravatar.com\/avatar\/9d778043b9c008cf3f5c6bc52e648c53.jpg?s=72&d=https%3A%2F%2Fa.slack-edge.com%2Fdf10d%2Fimg%2Favatars%2Fava_0011-72.png",
            "first_name": "Joe",
            "real_name": "Joe Fiorini",
            "display_name": "joefiorini",
            "team": "T0CJ5UNHK",
            "name": "joefiorini",
            "is_restricted": false,
            "is_ultra_restricted": false
        },
        "blocks": [
            {
                "type": "rich_text",
                "block_id": "v=Fq",
                "elements": [
                    {
                        "type": "rich_text_section",
                        "elements": [
                            {
                                "type": "text",
                                "text": "Do clients on upwork usually tag skills? I did a regular search for Elm, filtered to software development and found a whole 2 projects. One was linked above. The other one matched “elm” in a tiny url "
                            },
                            {
                                "type": "emoji",
                                "name": "triumph",
                                "unicode": "1f624"
                            }
                        ]
                    }
                ]
            }
        ]
    },
    {
        "type": "message",
        "text": "Most of the projects also just want to start from scratch, and they never heard about Elm. So it’s a good opportunity to introduce Elm.",
        "user": "U0J8D9M2P",
        "ts": "1518191341.000683",
        "team": "T0CJ5UNHK",
        "user_team": "T0CJ5UNHK",
        "source_team": "T0CJ5UNHK",
        "user_profile": {
            "avatar_hash": "g15c251f9eb0",
            "image_72": "https:\/\/secure.gravatar.com\/avatar\/115c251f9eb08a27b771219db85de4c0.jpg?s=72&d=https%3A%2F%2Fa.slack-edge.com%2Fdf10d%2Fimg%2Favatars%2Fava_0013-72.png",
            "first_name": "",
            "real_name": "akoppela",
            "display_name": "",
            "team": "T0CJ5UNHK",
            "name": "akoppela",
            "is_restricted": false,
            "is_ultra_restricted": false
        },
        "blocks": [
            {
                "type": "rich_text",
                "block_id": "Zqye1",
                "elements": [
                    {
                        "type": "rich_text_section",
                        "elements": [
                            {
                                "type": "text",
                                "text": "Most of the projects also just want to start from scratch, and they never heard about Elm. So it’s a good opportunity to introduce Elm."
                            }
                        ]
                    }
                ]
            }
        ]
    },
    {
        "type": "message",
        "text": "If you really want to work with Elm it will happen at some point.",
        "user": "U0J8D9M2P",
        "ts": "1518191358.000657",
        "team": "T0CJ5UNHK",
        "user_team": "T0CJ5UNHK",
        "source_team": "T0CJ5UNHK",
        "user_profile": {
            "avatar_hash": "g15c251f9eb0",
            "image_72": "https:\/\/secure.gravatar.com\/avatar\/115c251f9eb08a27b771219db85de4c0.jpg?s=72&d=https%3A%2F%2Fa.slack-edge.com%2Fdf10d%2Fimg%2Favatars%2Fava_0013-72.png",
            "first_name": "",
            "real_name": "akoppela",
            "display_name": "",
            "team": "T0CJ5UNHK",
            "name": "akoppela",
            "is_restricted": false,
            "is_ultra_restricted": false
        },
        "blocks": [
            {
                "type": "rich_text",
                "block_id": "C46W",
                "elements": [
                    {
                        "type": "rich_text_section",
                        "elements": [
                            {
                                "type": "text",
                                "text": "If you really want to work with Elm it will happen at some point."
                            }
                        ]
                    }
                ]
            }
        ]
    },
    {
        "type": "message",
        "text": "dreams are always comes true :smiley:",
        "user": "U0J8D9M2P",
        "ts": "1518191368.000373",
        "team": "T0CJ5UNHK",
        "user_team": "T0CJ5UNHK",
        "source_team": "T0CJ5UNHK",
        "user_profile": {
            "avatar_hash": "g15c251f9eb0",
            "image_72": "https:\/\/secure.gravatar.com\/avatar\/115c251f9eb08a27b771219db85de4c0.jpg?s=72&d=https%3A%2F%2Fa.slack-edge.com%2Fdf10d%2Fimg%2Favatars%2Fava_0013-72.png",
            "first_name": "",
            "real_name": "akoppela",
            "display_name": "",
            "team": "T0CJ5UNHK",
            "name": "akoppela",
            "is_restricted": false,
            "is_ultra_restricted": false
        },
        "blocks": [
            {
                "type": "rich_text",
                "block_id": "+uL3",
                "elements": [
                    {
                        "type": "rich_text_section",
                        "elements": [
                            {
                                "type": "text",
                                "text": "dreams are always comes true "
                            },
                            {
                                "type": "emoji",
                                "name": "smiley",
                                "unicode": "1f603"
                            }
                        ]
                    }
                ]
            }
        ]
    },
    {
        "type": "message",
        "text": "it’s a way of programming the reality :smiley:",
        "user": "U0J8D9M2P",
        "ts": "1518191385.000685",
        "team": "T0CJ5UNHK",
        "user_team": "T0CJ5UNHK",
        "source_team": "T0CJ5UNHK",
        "user_profile": {
            "avatar_hash": "g15c251f9eb0",
            "image_72": "https:\/\/secure.gravatar.com\/avatar\/115c251f9eb08a27b771219db85de4c0.jpg?s=72&d=https%3A%2F%2Fa.slack-edge.com%2Fdf10d%2Fimg%2Favatars%2Fava_0013-72.png",
            "first_name": "",
            "real_name": "akoppela",
            "display_name": "",
            "team": "T0CJ5UNHK",
            "name": "akoppela",
            "is_restricted": false,
            "is_ultra_restricted": false
        },
        "blocks": [
            {
                "type": "rich_text",
                "block_id": "MSYp",
                "elements": [
                    {
                        "type": "rich_text_section",
                        "elements": [
                            {
                                "type": "text",
                                "text": "it’s a way of programming the reality "
                            },
                            {
                                "type": "emoji",
                                "name": "smiley",
                                "unicode": "1f603"
                            }
                        ]
                    }
                ]
            }
        ]
    },
    {
        "type": "message",
        "text": "If there are so many of us Elm programmers, but no jobs, maybe let’s gather and work as a team. Offer creating websites in Elm. etc",
        "user": "U0JD7JSUA",
        "ts": "1518191946.000476",
        "team": "T0CJ5UNHK",
        "user_team": "T0CJ5UNHK",
        "source_team": "T0CJ5UNHK",
        "user_profile": {
            "avatar_hash": "g16ea4da5cae",
            "image_72": "https:\/\/secure.gravatar.com\/avatar\/216ea4da5cae7be4030b6242ab90631c.jpg?s=72&d=https%3A%2F%2Fa.slack-edge.com%2Fdf10d%2Fimg%2Favatars%2Fava_0007-72.png",
            "first_name": "",
            "real_name": "rofrol",
            "display_name": "",
            "team": "T0CJ5UNHK",
            "name": "rofrol",
            "is_restricted": false,
            "is_ultra_restricted": false
        },
        "blocks": [
            {
                "type": "rich_text",
                "block_id": "\/cN",
                "elements": [
                    {
                        "type": "rich_text_section",
                        "elements": [
                            {
                                "type": "text",
                                "text": "If there are so many of us Elm programmers, but no jobs, maybe let’s gather and work as a team. Offer creating websites in Elm. etc"
                            }
                        ]
                    }
                ]
            }
        ],
        "thread_ts": "1518191946.000476",
        "reply_count": 39,
        "reply_users_count": 7,
        "latest_reply": "1518565649.000360",
        "reply_users": [
            "U3DFNEW5A",
            "U0JD7JSUA",
            "U3T69CXU4",
            "U5X2T3X3M",
            "U10P7HT98",
            "U53M3GVFA",
            "U0LEKMCRW"
        ],
        "replies": [
            {
                "user": "U3DFNEW5A",
                "ts": "1518192120.000258"
            },
            {
                "user": "U0JD7JSUA",
                "ts": "1518192148.000156"
            },
            {
                "user": "U3DFNEW5A",
                "ts": "1518192188.000771"
            },
            {
                "user": "U3DFNEW5A",
                "ts": "1518193702.000447"
            },
            {
                "user": "U0JD7JSUA",
                "ts": "1518193736.000728"
            },
            {
                "user": "U0JD7JSUA",
                "ts": "1518193791.000608"
            },
            {
                "user": "U0JD7JSUA",
                "ts": "1518193796.000549"
            },
            {
                "user": "U0JD7JSUA",
                "ts": "1518193807.000008"
            },
            {
                "user": "U0JD7JSUA",
                "ts": "1518193823.000866"
            },
            {
                "user": "U0JD7JSUA",
                "ts": "1518193833.000388"
            },
            {
                "user": "U0JD7JSUA",
                "ts": "1518193853.000764"
            },
            {
                "user": "U3DFNEW5A",
                "ts": "1518193858.000760"
            },
            {
                "user": "U0JD7JSUA",
                "ts": "1518193927.000729"
            },
            {
                "user": "U3T69CXU4",
                "ts": "1518193971.000132"
            },
            {
                "user": "U3DFNEW5A",
                "ts": "1518193973.000819"
            },
            {
                "user": "U0JD7JSUA",
                "ts": "1518194021.000115"
            },
            {
                "user": "U0JD7JSUA",
                "ts": "1518194038.000540"
            },
            {
                "user": "U3DFNEW5A",
                "ts": "1518194041.000395"
            },
            {
                "user": "U3DFNEW5A",
                "ts": "1518194046.000310"
            },
            {
                "user": "U3DFNEW5A",
                "ts": "1518194064.000361"
            },
            {
                "user": "U5X2T3X3M",
                "ts": "1518523833.000350"
            },
            {
                "user": "U10P7HT98",
                "ts": "1518543234.000078"
            },
            {
                "user": "U0JD7JSUA",
                "ts": "1518543287.000638"
            },
            {
                "user": "U0JD7JSUA",
                "ts": "1518543301.000218"
            },
            {
                "user": "U10P7HT98",
                "ts": "1518543310.000671"
            },
            {
                "user": "U5X2T3X3M",
                "ts": "1518543348.000596"
            },
            {
                "user": "U10P7HT98",
                "ts": "1518543445.000110"
            },
            {
                "user": "U10P7HT98",
                "ts": "1518543491.000335"
            },
            {
                "user": "U0JD7JSUA",
                "ts": "1518543724.000659"
            },
            {
                "user": "U0JD7JSUA",
                "ts": "1518543736.000633"
            },
            {
                "user": "U5X2T3X3M",
                "ts": "1518543802.000057"
            },
            {
                "user": "U0JD7JSUA",
                "ts": "1518543820.000508"
            },
            {
                "user": "U53M3GVFA",
                "ts": "1518562341.000376"
            },
            {
                "user": "U53M3GVFA",
                "ts": "1518562394.000268"
            },
            {
                "user": "U53M3GVFA",
                "ts": "1518562871.000012"
            },
            {
                "user": "U10P7HT98",
                "ts": "1518563008.000248"
            },
            {
                "user": "U10P7HT98",
                "ts": "1518563035.000027"
            },
            {
                "user": "U0LEKMCRW",
                "ts": "1518565492.000234"
            },
            {
                "user": "U0LEKMCRW",
                "ts": "1518565649.000360"
            }
        ],
        "is_locked": false,
        "subscribed": false
    },
    {
        "type": "message",
        "text": "i’m down!",
        "user": "U3DFNEW5A",
        "ts": "1518192120.000258",
        "team": "T0CJ5UNHK",
        "user_team": "T0CJ5UNHK",
        "source_team": "T0CJ5UNHK",
        "user_profile": {
            "avatar_hash": "gd778043b9c0",
            "image_72": "https:\/\/secure.gravatar.com\/avatar\/9d778043b9c008cf3f5c6bc52e648c53.jpg?s=72&d=https%3A%2F%2Fa.slack-edge.com%2Fdf10d%2Fimg%2Favatars%2Fava_0011-72.png",
            "first_name": "Joe",
            "real_name": "Joe Fiorini",
            "display_name": "joefiorini",
            "team": "T0CJ5UNHK",
            "name": "joefiorini",
            "is_restricted": false,
            "is_ultra_restricted": false
        },
        "blocks": [
            {
                "type": "rich_text",
                "block_id": "gUfg",
                "elements": [
                    {
                        "type": "rich_text_section",
                        "elements": [
                            {
                                "type": "text",
                                "text": "i’m down!"
                            }
                        ]
                    }
                ]
            }
        ],
        "thread_ts": "1518191946.000476",
        "parent_user_id": "U0JD7JSUA"
    },
    {
        "type": "message",
        "text": "what do you mean?",
        "user": "U0JD7JSUA",
        "ts": "1518192148.000156",
        "team": "T0CJ5UNHK",
        "user_team": "T0CJ5UNHK",
        "source_team": "T0CJ5UNHK",
        "user_profile": {
            "avatar_hash": "g16ea4da5cae",
            "image_72": "https:\/\/secure.gravatar.com\/avatar\/216ea4da5cae7be4030b6242ab90631c.jpg?s=72&d=https%3A%2F%2Fa.slack-edge.com%2Fdf10d%2Fimg%2Favatars%2Fava_0007-72.png",
            "first_name": "",
            "real_name": "rofrol",
            "display_name": "",
            "team": "T0CJ5UNHK",
            "name": "rofrol",
            "is_restricted": false,
            "is_ultra_restricted": false
        },
        "blocks": [
            {
                "type": "rich_text",
                "block_id": "Uyyqe",
                "elements": [
                    {
                        "type": "rich_text_section",
                        "elements": [
                            {
                                "type": "text",
                                "text": "what do you mean?"
                            }
                        ]
                    }
                ]
            }
        ],
        "thread_ts": "1518191946.000476",
        "parent_user_id": "U0JD7JSUA"
    },
    {
        "type": "message",
        "text": "sorry, I mean I’m interested in talking about teaming up",
        "user": "U3DFNEW5A",
        "ts": "1518192188.000771",
        "team": "T0CJ5UNHK",
        "user_team": "T0CJ5UNHK",
        "source_team": "T0CJ5UNHK",
        "user_profile": {
            "avatar_hash": "gd778043b9c0",
            "image_72": "https:\/\/secure.gravatar.com\/avatar\/9d778043b9c008cf3f5c6bc52e648c53.jpg?s=72&d=https%3A%2F%2Fa.slack-edge.com%2Fdf10d%2Fimg%2Favatars%2Fava_0011-72.png",
            "first_name": "Joe",
            "real_name": "Joe Fiorini",
            "display_name": "joefiorini",
            "team": "T0CJ5UNHK",
            "name": "joefiorini",
            "is_restricted": false,
            "is_ultra_restricted": false
        },
        "blocks": [
            {
                "type": "rich_text",
                "block_id": "\/JX",
                "elements": [
                    {
                        "type": "rich_text_section",
                        "elements": [
                            {
                                "type": "text",
                                "text": "sorry, I mean I’m interested in talking about teaming up"
                            }
                        ]
                    }
                ]
            }
        ],
        "thread_ts": "1518191946.000476",
        "parent_user_id": "U0JD7JSUA",
        "reactions": [
            {
                "name": "heart_eyes",
                "users": [
                    "U0JD7JSUA"
                ],
                "count": 1
            },
            {
                "name": "+1",
                "users": [
                    "U3T69CXU4",
                    "U5X2T3X3M"
                ],
                "count": 2
            }
        ]
    },
    {
        "type": "message",
        "text": "question is: how do we get started? should we find a simple project to pair up on (maybe something for the community?) to see how we work together before we try charging someone for it?",
        "user": "U3DFNEW5A",
        "ts": "1518193702.000447",
        "team": "T0CJ5UNHK",
        "user_team": "T0CJ5UNHK",
        "source_team": "T0CJ5UNHK",
        "user_profile": {
            "avatar_hash": "gd778043b9c0",
            "image_72": "https:\/\/secure.gravatar.com\/avatar\/9d778043b9c008cf3f5c6bc52e648c53.jpg?s=72&d=https%3A%2F%2Fa.slack-edge.com%2Fdf10d%2Fimg%2Favatars%2Fava_0011-72.png",
            "first_name": "Joe",
            "real_name": "Joe Fiorini",
            "display_name": "joefiorini",
            "team": "T0CJ5UNHK",
            "name": "joefiorini",
            "is_restricted": false,
            "is_ultra_restricted": false
        },
        "blocks": [
            {
                "type": "rich_text",
                "block_id": "YkG",
                "elements": [
                    {
                        "type": "rich_text_section",
                        "elements": [
                            {
                                "type": "text",
                                "text": "question is: how do we get started? should we find a simple project to pair up on (maybe something for the community?) to see how we work together before we try charging someone for it?"
                            }
                        ]
                    }
                ]
            }
        ],
        "thread_ts": "1518191946.000476",
        "parent_user_id": "U0JD7JSUA"
    },
    {
        "type": "message",
        "text": "I like the idea",
        "user": "U0JD7JSUA",
        "ts": "1518193736.000728",
        "team": "T0CJ5UNHK",
        "user_team": "T0CJ5UNHK",
        "source_team": "T0CJ5UNHK",
        "user_profile": {
            "avatar_hash": "g16ea4da5cae",
            "image_72": "https:\/\/secure.gravatar.com\/avatar\/216ea4da5cae7be4030b6242ab90631c.jpg?s=72&d=https%3A%2F%2Fa.slack-edge.com%2Fdf10d%2Fimg%2Favatars%2Fava_0007-72.png",
            "first_name": "",
            "real_name": "rofrol",
            "display_name": "",
            "team": "T0CJ5UNHK",
            "name": "rofrol",
            "is_restricted": false,
            "is_ultra_restricted": false
        },
        "blocks": [
            {
                "type": "rich_text",
                "block_id": "uvD5E",
                "elements": [
                    {
                        "type": "rich_text_section",
                        "elements": [
                            {
                                "type": "text",
                                "text": "I like the idea"
                            }
                        ]
                    }
                ]
            }
        ],
        "thread_ts": "1518191946.000476",
        "parent_user_id": "U0JD7JSUA"
    },
    {
        "type": "message",
        "text": "For the start, server that just gathers number of packages from <http:\/\/package.elm-lang.org|package.elm-lang.org>",
        "user": "U0JD7JSUA",
        "ts": "1518193791.000608",
        "team": "T0CJ5UNHK",
        "user_team": "T0CJ5UNHK",
        "source_team": "T0CJ5UNHK",
        "user_profile": {
            "avatar_hash": "g16ea4da5cae",
            "image_72": "https:\/\/secure.gravatar.com\/avatar\/216ea4da5cae7be4030b6242ab90631c.jpg?s=72&d=https%3A%2F%2Fa.slack-edge.com%2Fdf10d%2Fimg%2Favatars%2Fava_0007-72.png",
            "first_name": "",
            "real_name": "rofrol",
            "display_name": "",
            "team": "T0CJ5UNHK",
            "name": "rofrol",
            "is_restricted": false,
            "is_ultra_restricted": false
        },
        "blocks": [
            {
                "type": "rich_text",
                "block_id": "Va\/",
                "elements": [
                    {
                        "type": "rich_text_section",
                        "elements": [
                            {
                                "type": "text",
                                "text": "For the start, server that just gathers number of packages from "
                            },
                            {
                                "type": "link",
                                "url": "http:\/\/package.elm-lang.org",
                                "text": "package.elm-lang.org"
                            }
                        ]
                    }
                ]
            }
        ],
        "thread_ts": "1518191946.000476",
        "parent_user_id": "U0JD7JSUA"
    },
    {
        "type": "message",
        "text": "and displays graph",
        "user": "U0JD7JSUA",
        "ts": "1518193796.000549",
        "team": "T0CJ5UNHK",
        "user_team": "T0CJ5UNHK",
        "source_team": "T0CJ5UNHK",
        "user_profile": {
            "avatar_hash": "g16ea4da5cae",
            "image_72": "https:\/\/secure.gravatar.com\/avatar\/216ea4da5cae7be4030b6242ab90631c.jpg?s=72&d=https%3A%2F%2Fa.slack-edge.com%2Fdf10d%2Fimg%2Favatars%2Fava_0007-72.png",
            "first_name": "",
            "real_name": "rofrol",
            "display_name": "",
            "team": "T0CJ5UNHK",
            "name": "rofrol",
            "is_restricted": false,
            "is_ultra_restricted": false
        },
        "blocks": [
            {
                "type": "rich_text",
                "block_id": "1OQvp",
                "elements": [
                    {
                        "type": "rich_text_section",
                        "elements": [
                            {
                                "type": "text",
                                "text": "and displays graph"
                            }
                        ]
                    }
                ]
            }
        ],
        "thread_ts": "1518191946.000476",
        "parent_user_id": "U0JD7JSUA"
    },
    {
        "type": "message",
        "text": "<https:\/\/www.reddit.com\/r\/elm\/comments\/79qucw\/789_packages_for_018_listed_in_packageelmlangorg\/>",
        "user": "U0JD7JSUA",
        "ts": "1518193807.000008",
        "team": "T0CJ5UNHK",
        "user_team": "T0CJ5UNHK",
        "source_team": "T0CJ5UNHK",
        "user_profile": {
            "avatar_hash": "g16ea4da5cae",
            "image_72": "https:\/\/secure.gravatar.com\/avatar\/216ea4da5cae7be4030b6242ab90631c.jpg?s=72&d=https%3A%2F%2Fa.slack-edge.com%2Fdf10d%2Fimg%2Favatars%2Fava_0007-72.png",
            "first_name": "",
            "real_name": "rofrol",
            "display_name": "",
            "team": "T0CJ5UNHK",
            "name": "rofrol",
            "is_restricted": false,
            "is_ultra_restricted": false
        },
        "attachments": [
            {
                "service_name": "reddit",
                "title": "789 packages for 0.18 listed in package.elm-lang.org • r\/elm",
                "title_link": "https:\/\/www.reddit.com\/r\/elm\/comments\/79qucw\/789_packages_for_018_listed_in_packageelmlangorg\/",
                "text": "Right now I'm checking the number of packages using this query: document.querySelector('.catalog &gt; div').children.length As I recall, 6...",
                "fallback": "reddit: 789 packages for 0.18 listed in package.elm-lang.org • r\/elm",
                "thumb_url": "https:\/\/www.redditstatic.com\/icon.png",
                "from_url": "https:\/\/www.reddit.com\/r\/elm\/comments\/79qucw\/789_packages_for_018_listed_in_packageelmlangorg\/",
                "thumb_width": 256,
                "thumb_height": 256,
                "service_icon": "http:\/\/www.redditstatic.com\/desktop2x\/img\/favicon\/apple-icon-57x57.png",
                "id": 1
            }
        ],
        "blocks": [
            {
                "type": "rich_text",
                "block_id": "rmjO",
                "elements": [
                    {
                        "type": "rich_text_section",
                        "elements": [
                            {
                                "type": "link",
                                "url": "https:\/\/www.reddit.com\/r\/elm\/comments\/79qucw\/789_packages_for_018_listed_in_packageelmlangorg\/"
                            }
                        ]
                    }
                ]
            }
        ],
        "thread_ts": "1518191946.000476",
        "parent_user_id": "U0JD7JSUA"
    },
    {
        "type": "message",
        "text": "hosting on vultr",
        "user": "U0JD7JSUA",
        "ts": "1518193823.000866",
        "team": "T0CJ5UNHK",
        "user_team": "T0CJ5UNHK",
        "source_team": "T0CJ5UNHK",
        "user_profile": {
            "avatar_hash": "g16ea4da5cae",
            "image_72": "https:\/\/secure.gravatar.com\/avatar\/216ea4da5cae7be4030b6242ab90631c.jpg?s=72&d=https%3A%2F%2Fa.slack-edge.com%2Fdf10d%2Fimg%2Favatars%2Fava_0007-72.png",
            "first_name": "",
            "real_name": "rofrol",
            "display_name": "",
            "team": "T0CJ5UNHK",
            "name": "rofrol",
            "is_restricted": false,
            "is_ultra_restricted": false
        },
        "blocks": [
            {
                "type": "rich_text",
                "block_id": "FQTjR",
                "elements": [
                    {
                        "type": "rich_text_section",
                        "elements": [
                            {
                                "type": "text",
                                "text": "hosting on vultr"
                            }
                        ]
                    }
                ]
            }
        ],
        "thread_ts": "1518191946.000476",
        "parent_user_id": "U0JD7JSUA"
    },
    {
        "type": "message",
        "text": "domain can be just github pages",
        "user": "U0JD7JSUA",
        "ts": "1518193833.000388",
        "team": "T0CJ5UNHK",
        "user_team": "T0CJ5UNHK",
        "source_team": "T0CJ5UNHK",
        "user_profile": {
            "avatar_hash": "g16ea4da5cae",
            "image_72": "https:\/\/secure.gravatar.com\/avatar\/216ea4da5cae7be4030b6242ab90631c.jpg?s=72&d=https%3A%2F%2Fa.slack-edge.com%2Fdf10d%2Fimg%2Favatars%2Fava_0007-72.png",
            "first_name": "",
            "real_name": "rofrol",
            "display_name": "",
            "team": "T0CJ5UNHK",
            "name": "rofrol",
            "is_restricted": false,
            "is_ultra_restricted": false
        },
        "blocks": [
            {
                "type": "rich_text",
                "block_id": "y8yX",
                "elements": [
                    {
                        "type": "rich_text_section",
                        "elements": [
                            {
                                "type": "text",
                                "text": "domain can be just github pages"
                            }
                        ]
                    }
                ]
            }
        ],
        "thread_ts": "1518191946.000476",
        "parent_user_id": "U0JD7JSUA"
    },
    {
        "type": "message",
        "text": "or maybe even some free hosting for the start",
        "user": "U0JD7JSUA",
        "ts": "1518193853.000764",
        "team": "T0CJ5UNHK",
        "user_team": "T0CJ5UNHK",
        "source_team": "T0CJ5UNHK",
        "user_profile": {
            "avatar_hash": "g16ea4da5cae",
            "image_72": "https:\/\/secure.gravatar.com\/avatar\/216ea4da5cae7be4030b6242ab90631c.jpg?s=72&d=https%3A%2F%2Fa.slack-edge.com%2Fdf10d%2Fimg%2Favatars%2Fava_0007-72.png",
            "first_name": "",
            "real_name": "rofrol",
            "display_name": "",
            "team": "T0CJ5UNHK",
            "name": "rofrol",
            "is_restricted": false,
            "is_ultra_restricted": false
        },
        "blocks": [
            {
                "type": "rich_text",
                "block_id": "yXJ",
                "elements": [
                    {
                        "type": "rich_text_section",
                        "elements": [
                            {
                                "type": "text",
                                "text": "or maybe even some free hosting for the start"
                            }
                        ]
                    }
                ]
            }
        ],
        "thread_ts": "1518191946.000476",
        "parent_user_id": "U0JD7JSUA"
    },
    {
        "type": "message",
        "text": "like it :slightly_smiling_face:",
        "user": "U3DFNEW5A",
        "ts": "1518193858.000760",
        "team": "T0CJ5UNHK",
        "user_team": "T0CJ5UNHK",
        "source_team": "T0CJ5UNHK",
        "user_profile": {
            "avatar_hash": "gd778043b9c0",
            "image_72": "https:\/\/secure.gravatar.com\/avatar\/9d778043b9c008cf3f5c6bc52e648c53.jpg?s=72&d=https%3A%2F%2Fa.slack-edge.com%2Fdf10d%2Fimg%2Favatars%2Fava_0011-72.png",
            "first_name": "Joe",
            "real_name": "Joe Fiorini",
            "display_name": "joefiorini",
            "team": "T0CJ5UNHK",
            "name": "joefiorini",
            "is_restricted": false,
            "is_ultra_restricted": false
        },
        "blocks": [
            {
                "type": "rich_text",
                "block_id": "Wleh",
                "elements": [
                    {
                        "type": "rich_text_section",
                        "elements": [
                            {
                                "type": "text",
                                "text": "like it "
                            },
                            {
                                "type": "emoji",
                                "name": "slightly_smiling_face",
                                "unicode": "1f642"
                            }
                        ]
                    }
                ]
            }
        ],
        "thread_ts": "1518191946.000476",
        "parent_user_id": "U0JD7JSUA"
    },
    {
        "type": "message",
        "text": "for graph <https:\/\/github.com\/terezka\/line-charts> ?",
        "user": "U0JD7JSUA",
        "ts": "1518193927.000729",
        "team": "T0CJ5UNHK",
        "user_team": "T0CJ5UNHK",
        "source_team": "T0CJ5UNHK",
        "user_profile": {
            "avatar_hash": "g16ea4da5cae",
            "image_72": "https:\/\/secure.gravatar.com\/avatar\/216ea4da5cae7be4030b6242ab90631c.jpg?s=72&d=https%3A%2F%2Fa.slack-edge.com%2Fdf10d%2Fimg%2Favatars%2Fava_0007-72.png",
            "first_name": "",
            "real_name": "rofrol",
            "display_name": "",
            "team": "T0CJ5UNHK",
            "name": "rofrol",
            "is_restricted": false,
            "is_ultra_restricted": false
        },
        "blocks": [
            {
                "type": "rich_text",
                "block_id": "uAq",
                "elements": [
                    {
                        "type": "rich_text_section",
                        "elements": [
                            {
                                "type": "text",
                                "text": "for graph "
                            },
                            {
                                "type": "link",
                                "url": "https:\/\/github.com\/terezka\/line-charts"
                            },
                            {
                                "type": "text",
                                "text": " ?"
                            }
                        ]
                    }
                ]
            }
        ],
        "thread_ts": "1518191946.000476",
        "parent_user_id": "U0JD7JSUA",
        "reactions": [
            {
                "name": "100",
                "users": [
                    "U0CL0AS3V"
                ],
                "count": 1
            }
        ]
    },
    {
        "type": "message",
        "text": "hey, this sounds good!",
        "user": "U3T69CXU4",
        "ts": "1518193971.000132",
        "team": "T0CJ5UNHK",
        "user_team": "T0CJ5UNHK",
        "source_team": "T0CJ5UNHK",
        "user_profile": {
            "avatar_hash": "ge63c771f7cb",
            "image_72": "https:\/\/secure.gravatar.com\/avatar\/9e63c771f7cb11ee45ed92df9d469c0b.jpg?s=72&d=https%3A%2F%2Fa.slack-edge.com%2Fdf10d%2Fimg%2Favatars%2Fava_0018-72.png",
            "first_name": "Gabriel",
            "real_name": "Gabriel Perales",
            "display_name": "gperales",
            "team": "T0CJ5UNHK",
            "name": "gperales",
            "is_restricted": false,
            "is_ultra_restricted": false
        },
        "blocks": [
            {
                "type": "rich_text",
                "block_id": "MJtK",
                "elements": [
                    {
                        "type": "rich_text_section",
                        "elements": [
                            {
                                "type": "text",
                                "text": "hey, this sounds good!"
                            }
                        ]
                    }
                ]
            }
        ],
        "thread_ts": "1518191946.000476",
        "parent_user_id": "U0JD7JSUA"
    },
    {
        "type": "message",
        "text": "I don’t have experience with many libs yet, so I trust your opinion there and I’m open to trying anything",
        "user": "U3DFNEW5A",
        "ts": "1518193973.000819",
        "team": "T0CJ5UNHK",
        "user_team": "T0CJ5UNHK",
        "source_team": "T0CJ5UNHK",
        "user_profile": {
            "avatar_hash": "gd778043b9c0",
            "image_72": "https:\/\/secure.gravatar.com\/avatar\/9d778043b9c008cf3f5c6bc52e648c53.jpg?s=72&d=https%3A%2F%2Fa.slack-edge.com%2Fdf10d%2Fimg%2Favatars%2Fava_0011-72.png",
            "first_name": "Joe",
            "real_name": "Joe Fiorini",
            "display_name": "joefiorini",
            "team": "T0CJ5UNHK",
            "name": "joefiorini",
            "is_restricted": false,
            "is_ultra_restricted": false
        },
        "blocks": [
            {
                "type": "rich_text",
                "block_id": "Vur",
                "elements": [
                    {
                        "type": "rich_text_section",
                        "elements": [
                            {
                                "type": "text",
                                "text": "I don’t have experience with many libs yet, so I trust your opinion there and I’m open to trying anything"
                            }
                        ]
                    }
                ]
            }
        ],
        "thread_ts": "1518191946.000476",
        "parent_user_id": "U0JD7JSUA"
    },
    {
        "type": "message",
        "text": "What’s your idea for hosting?",
        "user": "U0JD7JSUA",
        "ts": "1518194021.000115",
        "team": "T0CJ5UNHK",
        "user_team": "T0CJ5UNHK",
        "source_team": "T0CJ5UNHK",
        "user_profile": {
            "avatar_hash": "g16ea4da5cae",
            "image_72": "https:\/\/secure.gravatar.com\/avatar\/216ea4da5cae7be4030b6242ab90631c.jpg?s=72&d=https%3A%2F%2Fa.slack-edge.com%2Fdf10d%2Fimg%2Favatars%2Fava_0007-72.png",
            "first_name": "",
            "real_name": "rofrol",
            "display_name": "",
            "team": "T0CJ5UNHK",
            "name": "rofrol",
            "is_restricted": false,
            "is_ultra_restricted": false
        },
        "blocks": [
            {
                "type": "rich_text",
                "block_id": "tBR",
                "elements": [
                    {
                        "type": "rich_text_section",
                        "elements": [
                            {
                                "type": "text",
                                "text": "What’s your idea for hosting?"
                            }
                        ]
                    }
                ]
            }
        ],
        "thread_ts": "1518191946.000476",
        "parent_user_id": "U0JD7JSUA"
    },
    {
        "type": "message",
        "text": "I could just setup some rust + postgresql server",
        "user": "U0JD7JSUA",
        "ts": "1518194038.000540",
        "team": "T0CJ5UNHK",
        "user_team": "T0CJ5UNHK",
        "source_team": "T0CJ5UNHK",
        "user_profile": {
            "avatar_hash": "g16ea4da5cae",
            "image_72": "https:\/\/secure.gravatar.com\/avatar\/216ea4da5cae7be4030b6242ab90631c.jpg?s=72&d=https%3A%2F%2Fa.slack-edge.com%2Fdf10d%2Fimg%2Favatars%2Fava_0007-72.png",
            "first_name": "",
            "real_name": "rofrol",
            "display_name": "",
            "team": "T0CJ5UNHK",
            "name": "rofrol",
            "is_restricted": false,
            "is_ultra_restricted": false
        },
        "blocks": [
            {
                "type": "rich_text",
                "block_id": "GK\/\/0",
                "elements": [
                    {
                        "type": "rich_text_section",
                        "elements": [
                            {
                                "type": "text",
                                "text": "I could just setup some rust + postgresql server"
                            }
                        ]
                    }
                ]
            }
        ],
        "thread_ts": "1518191946.000476",
        "parent_user_id": "U0JD7JSUA"
    },
    {
        "type": "message",
        "text": "I use 5apps for flittal; it’s free and easy",
        "user": "U3DFNEW5A",
        "ts": "1518194041.000395",
        "team": "T0CJ5UNHK",
        "user_team": "T0CJ5UNHK",
        "source_team": "T0CJ5UNHK",
        "user_profile": {
            "avatar_hash": "gd778043b9c0",
            "image_72": "https:\/\/secure.gravatar.com\/avatar\/9d778043b9c008cf3f5c6bc52e648c53.jpg?s=72&d=https%3A%2F%2Fa.slack-edge.com%2Fdf10d%2Fimg%2Favatars%2Fava_0011-72.png",
            "first_name": "Joe",
            "real_name": "Joe Fiorini",
            "display_name": "joefiorini",
            "team": "T0CJ5UNHK",
            "name": "joefiorini",
            "is_restricted": false,
            "is_ultra_restricted": false
        },
        "blocks": [
            {
                "type": "rich_text",
                "block_id": "QkbyJ",
                "elements": [
                    {
                        "type": "rich_text_section",
                        "elements": [
                            {
                                "type": "text",
                                "text": "I use 5apps for flittal; it’s free and easy"
                            }
                        ]
                    }
                ]
            }
        ],
        "thread_ts": "1518191946.000476",
        "parent_user_id": "U0JD7JSUA"
    },
    {
        "type": "message",
        "text": "but that’s just for static",
        "user": "U3DFNEW5A",
        "ts": "1518194046.000310",
        "team": "T0CJ5UNHK",
        "user_team": "T0CJ5UNHK",
        "source_team": "T0CJ5UNHK",
        "user_profile": {
            "avatar_hash": "gd778043b9c0",
            "image_72": "https:\/\/secure.gravatar.com\/avatar\/9d778043b9c008cf3f5c6bc52e648c53.jpg?s=72&d=https%3A%2F%2Fa.slack-edge.com%2Fdf10d%2Fimg%2Favatars%2Fava_0011-72.png",
            "first_name": "Joe",
            "real_name": "Joe Fiorini",
            "display_name": "joefiorini",
            "team": "T0CJ5UNHK",
            "name": "joefiorini",
            "is_restricted": false,
            "is_ultra_restricted": false
        },
        "blocks": [
            {
                "type": "rich_text",
                "block_id": "Ax5",
                "elements": [
                    {
                        "type": "rich_text_section",
                        "elements": [
                            {
                                "type": "text",
                                "text": "but that’s just for static"
                            }
                        ]
                    }
                ]
            }
        ],
        "thread_ts": "1518191946.000476",
        "parent_user_id": "U0JD7JSUA"
    },
    {
        "type": "message",
        "text": "I haven’t done rust, but happy to learn",
        "user": "U3DFNEW5A",
        "ts": "1518194064.000361",
        "team": "T0CJ5UNHK",
        "user_team": "T0CJ5UNHK",
        "source_team": "T0CJ5UNHK",
        "user_profile": {
            "avatar_hash": "gd778043b9c0",
            "image_72": "https:\/\/secure.gravatar.com\/avatar\/9d778043b9c008cf3f5c6bc52e648c53.jpg?s=72&d=https%3A%2F%2Fa.slack-edge.com%2Fdf10d%2Fimg%2Favatars%2Fava_0011-72.png",
            "first_name": "Joe",
            "real_name": "Joe Fiorini",
            "display_name": "joefiorini",
            "team": "T0CJ5UNHK",
            "name": "joefiorini",
            "is_restricted": false,
            "is_ultra_restricted": false
        },
        "blocks": [
            {
                "type": "rich_text",
                "block_id": "6ct",
                "elements": [
                    {
                        "type": "rich_text_section",
                        "elements": [
                            {
                                "type": "text",
                                "text": "I haven’t done rust, but happy to learn"
                            }
                        ]
                    }
                ]
            }
        ],
        "thread_ts": "1518191946.000476",
        "parent_user_id": "U0JD7JSUA"
    },
    {
        "type": "message",
        "text": "We will have an open position <https:\/\/coya-jobs.personio.de\/job\/54308>",
        "user": "U62RCPXV3",
        "ts": "1518195430.000730",
        "team": "T0CJ5UNHK",
        "user_team": "T0CJ5UNHK",
        "source_team": "T0CJ5UNHK",
        "user_profile": {
            "avatar_hash": "ga3bc014f6d5",
            "image_72": "https:\/\/secure.gravatar.com\/avatar\/9a3bc014f6d5a472aaf5a804fc2d423e.jpg?s=72&d=https%3A%2F%2Fa.slack-edge.com%2Fdf10d%2Fimg%2Favatars%2Fava_0020-72.png",
            "first_name": "Juan",
            "real_name": "Juan Fraire",
            "display_name": "groteck",
            "team": "T0CJ5UNHK",
            "name": "groteck",
            "is_restricted": false,
            "is_ultra_restricted": false
        },
        "attachments": [
            {
                "title": "Fullstack Engineer (m\/f) | Jobs bei Coya",
                "title_link": "https:\/\/coya-jobs.personio.de\/job\/54308",
                "text": "Du willst Teil der Revolution im Versicherungswesen sein?Du bist fasziniert von neuen Technologien und ihren Auswirkungen auf den Versicherungsbereich? Du willst mit dabei sein, wenn die etablierte Versicherungswirtschaft in Deutschland und im Ausland fundamental verändert wird?Wir sind ein solide finanziertes InsurTech Start-up mit einem erstklassigen Gründungsteam aus etablierten Fintech Entrepreneurs und führenden Versicherungsexperten. Leidenschaft, Einfachheit, Schnelligkeit, Flexibilität und Transparenz - das sind Kernwerte unseres Unternehmens, das wir gemeinsam mit Dir aufbauen wollen.",
                "fallback": "Fullstack Engineer (m\/f) | Jobs bei Coya",
                "image_url": "https:\/\/coya-jobs.personio.de\/assets\/social-logo?latest=1",
                "from_url": "https:\/\/coya-jobs.personio.de\/job\/54308",
                "image_width": 464,
                "image_height": 243,
                "image_bytes": 1012,
                "service_icon": "https:\/\/coya-jobs.personio.de\/favicon.ico",
                "service_name": "coya-jobs.personio.de",
                "id": 1
            }
        ],
        "blocks": [
            {
                "type": "rich_text",
                "block_id": "8mM",
                "elements": [
                    {
                        "type": "rich_text_section",
                        "elements": [
                            {
                                "type": "text",
                                "text": "We will have an open position "
                            },
                            {
                                "type": "link",
                                "url": "https:\/\/coya-jobs.personio.de\/job\/54308"
                            }
                        ]
                    }
                ]
            }
        ],
        "thread_ts": "1518195430.000730",
        "reply_count": 2,
        "reply_users_count": 2,
        "latest_reply": "1518520004.000087",
        "reply_users": [
            "U5DV9REG7",
            "U62RCPXV3"
        ],
        "replies": [
            {
                "user": "U5DV9REG7",
                "ts": "1518467823.000406"
            },
            {
                "user": "U62RCPXV3",
                "ts": "1518520004.000087"
            }
        ],
        "is_locked": false,
        "subscribed": false
    },
    {
        "type": "message",
        "text": "to start next month :slightly_smiling_face:",
        "user": "U62RCPXV3",
        "ts": "1518195442.000774",
        "team": "T0CJ5UNHK",
        "user_team": "T0CJ5UNHK",
        "source_team": "T0CJ5UNHK",
        "user_profile": {
            "avatar_hash": "ga3bc014f6d5",
            "image_72": "https:\/\/secure.gravatar.com\/avatar\/9a3bc014f6d5a472aaf5a804fc2d423e.jpg?s=72&d=https%3A%2F%2Fa.slack-edge.com%2Fdf10d%2Fimg%2Favatars%2Fava_0020-72.png",
            "first_name": "Juan",
            "real_name": "Juan Fraire",
            "display_name": "groteck",
            "team": "T0CJ5UNHK",
            "name": "groteck",
            "is_restricted": false,
            "is_ultra_restricted": false
        },
        "blocks": [
            {
                "type": "rich_text",
                "block_id": "Chck",
                "elements": [
                    {
                        "type": "rich_text_section",
                        "elements": [
                            {
                                "type": "text",
                                "text": "to start next month "
                            },
                            {
                                "type": "emoji",
                                "name": "slightly_smiling_face",
                                "unicode": "1f642"
                            }
                        ]
                    }
                ]
            }
        ]
    }
]