[
    {
        "type": "message",
        "text": "| Azara | Boulder, CO - on site | Software Engineer | <https:\/\/www.azara.io\/jobs\/>\n\nEver wanted to write Haskell or Elm for a living? Come join us!\n\nWe are ooking for full-time senior software engineer to join our quickly growing team in beautiful Boulder, Colorado. We value passion for software over all other traits, and want someone ready to jump into any part of our web or mobile app. Our web stack is Haskell and Elm with Postgres on the back-end, and our mobile app is React Native and Typescript.\n\nRequired\n\n5+ years professional software experience\n\nAt least some professional experience specifically in mobile or web\n\nPreferred:\n\nLocal or willing to relocate to Boulder, CO. We will provide relocation if applicable. (We will entertain pure remote work if we think you are really exceptional).\n\nExperience developing both web and mobile apps.\n\nHigh competency in databases, specifically Postgres.\n\nWell versed in typed, functional languages like Haskell. At a minimum, you have tinkered with these languages and are interested in growing more in them",
        "user": "U0JD7JSUA",
        "ts": "1520018401.000678",
        "team": "T0CJ5UNHK",
        "user_team": "T0CJ5UNHK",
        "source_team": "T0CJ5UNHK",
        "user_profile": {
            "avatar_hash": "g16ea4da5cae",
            "image_72": "https:\/\/secure.gravatar.com\/avatar\/216ea4da5cae7be4030b6242ab90631c.jpg?s=72&d=https%3A%2F%2Fa.slack-edge.com%2Fdf10d%2Fimg%2Favatars%2Fava_0007-72.png",
            "first_name": "",
            "real_name": "rofrol",
            "display_name": "",
            "team": "T0CJ5UNHK",
            "name": "rofrol",
            "is_restricted": false,
            "is_ultra_restricted": false
        },
        "attachments": [
            {
                "service_name": "Azara",
                "title": "jobs",
                "title_link": "https:\/\/www.azara.io\/jobs\/",
                "text": "Our mission is to provide cannabis compliance in a box. We give marijuana business owners peace of mind through our easy to use tools, automated tasks, and accurate reporting. Headquartered in Boulder Colorado.",
                "fallback": "Azara: jobs",
                "from_url": "https:\/\/www.azara.io\/jobs\/",
                "service_icon": "https:\/\/www.azara.io\/favicon.ico",
                "id": 1
            }
        ],
        "blocks": [
            {
                "type": "rich_text",
                "block_id": "a87",
                "elements": [
                    {
                        "type": "rich_text_section",
                        "elements": [
                            {
                                "type": "text",
                                "text": "| Azara | Boulder, CO - on site | Software Engineer | "
                            },
                            {
                                "type": "link",
                                "url": "https:\/\/www.azara.io\/jobs\/"
                            },
                            {
                                "type": "text",
                                "text": "\n\nEver wanted to write Haskell or Elm for a living? Come join us!\n\nWe are ooking for full-time senior software engineer to join our quickly growing team in beautiful Boulder, Colorado. We value passion for software over all other traits, and want someone ready to jump into any part of our web or mobile app. Our web stack is Haskell and Elm with Postgres on the back-end, and our mobile app is React Native and Typescript.\n\nRequired\n\n5+ years professional software experience\n\nAt least some professional experience specifically in mobile or web\n\nPreferred:\n\nLocal or willing to relocate to Boulder, CO. We will provide relocation if applicable. (We will entertain pure remote work if we think you are really exceptional).\n\nExperience developing both web and mobile apps.\n\nHigh competency in databases, specifically Postgres.\n\nWell versed in typed, functional languages like Haskell. At a minimum, you have tinkered with these languages and are interested in growing more in them"
                            }
                        ]
                    }
                ]
            }
        ],
        "reactions": [
            {
                "name": "tada",
                "users": [
                    "U0J1M0F32",
                    "U3FJSB596"
                ],
                "count": 2
            },
            {
                "name": "+1",
                "users": [
                    "U2L5T3751"
                ],
                "count": 1
            }
        ]
    },
    {
        "type": "message",
        "subtype": "pinned_item",
        "text": "<@U0JD7JSUA> pinned a message to this channel.",
        "user": "U0JD7JSUA",
        "item_type": "C",
        "attachments": [
            {
                "fallback": "[March 2nd, 2018 11:20 AM] rofrol: | Azara | Boulder, CO - on site | Software Engineer | <https:\/\/www.azara.io\/jobs\/>\n\nEver wanted to write Haskell or Elm for a living? Come join us!\n\nWe are ooking for full-time senior software engineer to join our quickly growing team in beautiful Boulder, Colorado. We value passion for software over all other traits, and want someone ready to jump into any part of our web or mobile app. Our web stack is Haskell and Elm with Postgres on the back-end, and our mobile app is React Native and Typescript.\n\nRequired\n\n5+ years professional software experience\n\nAt least some professional experience specifically in mobile or web\n\nPreferred:\n\nLocal or willing to relocate to Boulder, CO. We will provide relocation if applicable. (We will entertain pure remote work if we think you are really exceptional).\n\nExperience developing both web and mobile apps.\n\nHigh competency in databases, specifically Postgres.\n\nWell versed in typed, functional languages like Haskell. At a minimum, you have tinkered with these languages and are interested in growing more in them",
                "ts": "1520018401.000678",
                "author_id": "U0JD7JSUA",
                "author_subname": "rofrol",
                "channel_id": "C0LUAGWRK",
                "channel_team": "T0CJ5UNHK",
                "channel_name": "jobs",
                "is_msg_unfurl": true,
                "text": "| Azara | Boulder, CO - on site | Software Engineer | <https:\/\/www.azara.io\/jobs\/>\n\nEver wanted to write Haskell or Elm for a living? Come join us!\n\nWe are ooking for full-time senior software engineer to join our quickly growing team in beautiful Boulder, Colorado. We value passion for software over all other traits, and want someone ready to jump into any part of our web or mobile app. Our web stack is Haskell and Elm with Postgres on the back-end, and our mobile app is React Native and Typescript.\n\nRequired\n\n5+ years professional software experience\n\nAt least some professional experience specifically in mobile or web\n\nPreferred:\n\nLocal or willing to relocate to Boulder, CO. We will provide relocation if applicable. (We will entertain pure remote work if we think you are really exceptional).\n\nExperience developing both web and mobile apps.\n\nHigh competency in databases, specifically Postgres.\n\nWell versed in typed, functional languages like Haskell. At a minimum, you have tinkered with these languages and are interested in growing more in them",
                "message_blocks": [
                    {
                        "team": "T0CJ5UNHK",
                        "channel": "C0LUAGWRK",
                        "ts": "1520018401.000678",
                        "message": {
                            "blocks": [
                                {
                                    "type": "rich_text",
                                    "block_id": "75\/",
                                    "elements": [
                                        {
                                            "type": "rich_text_section",
                                            "elements": [
                                                {
                                                    "type": "text",
                                                    "text": "| Azara | Boulder, CO - on site | Software Engineer | "
                                                },
                                                {
                                                    "type": "link",
                                                    "url": "https:\/\/www.azara.io\/jobs\/"
                                                },
                                                {
                                                    "type": "text",
                                                    "text": "\n\nEver wanted to write Haskell or Elm for a living? Come join us!\n\nWe are ooking for full-time senior software engineer to join our quickly growing team in beautiful Boulder, Colorado. We value passion for software over all other traits, and want someone ready to jump into any part of our web or mobile app. Our web stack is Haskell and Elm with Postgres on the back-end, and our mobile app is React Native and Typescript.\n\nRequired\n\n5+ years professional software experience\n\nAt least some professional experience specifically in mobile or web\n\nPreferred:\n\nLocal or willing to relocate to Boulder, CO. We will provide relocation if applicable. (We will entertain pure remote work if we think you are really exceptional).\n\nExperience developing both web and mobile apps.\n\nHigh competency in databases, specifically Postgres.\n\nWell versed in typed, functional languages like Haskell. At a minimum, you have tinkered with these languages and are interested in growing more in them"
                                                }
                                            ]
                                        }
                                    ]
                                }
                            ]
                        }
                    }
                ],
                "author_name": "rofrol",
                "author_link": "https:\/\/elmlang.slack.com\/team\/U0JD7JSUA",
                "author_icon": "https:\/\/secure.gravatar.com\/avatar\/216ea4da5cae7be4030b6242ab90631c.jpg?s=48&d=https%3A%2F%2Fa.slack-edge.com%2Fdf10d%2Fimg%2Favatars%2Fava_0007-48.png",
                "mrkdwn_in": [
                    "text"
                ],
                "from_hidden_wksp": false
            }
        ],
        "ts": "1520018413.000284"
    },
    {
        "type": "message",
        "text": "There appeared a couple of Elm positions <https:\/\/news.ycombinator.com\/item?id=16492994>",
        "user": "U0JD7JSUA",
        "ts": "1520018704.000051",
        "team": "T0CJ5UNHK",
        "user_team": "T0CJ5UNHK",
        "source_team": "T0CJ5UNHK",
        "user_profile": {
            "avatar_hash": "g16ea4da5cae",
            "image_72": "https:\/\/secure.gravatar.com\/avatar\/216ea4da5cae7be4030b6242ab90631c.jpg?s=72&d=https%3A%2F%2Fa.slack-edge.com%2Fdf10d%2Fimg%2Favatars%2Fava_0007-72.png",
            "first_name": "",
            "real_name": "rofrol",
            "display_name": "",
            "team": "T0CJ5UNHK",
            "name": "rofrol",
            "is_restricted": false,
            "is_ultra_restricted": false
        },
        "blocks": [
            {
                "type": "rich_text",
                "block_id": "4FLJC",
                "elements": [
                    {
                        "type": "rich_text_section",
                        "elements": [
                            {
                                "type": "text",
                                "text": "There appeared a couple of Elm positions "
                            },
                            {
                                "type": "link",
                                "url": "https:\/\/news.ycombinator.com\/item?id=16492994"
                            }
                        ]
                    }
                ]
            }
        ]
    },
    {
        "type": "message",
        "text": "| BuddyLoans | Manchester, UK - on site | Developer | <https:\/\/www.buddyloans.com> |  email <mailto:php.recruitment@buddyloans.com|php.recruitment@buddyloans.com>\n\nBuddyLoans is a fast growing UK guarantor lender with great recent funding. We are looking for experienced developers to help us build a bespoke guarantor lending platform integrated with an in-house multi-channel contact center (built with Twilio). You’ll have direct input in making new business decisions, from a strategic level to design and implementation of new features. Our current stack is PHP 7 on the backend (Zend Framework\/Expressive), JavaScript (React) and Elm on the frontend, along with MySQL. Our applications are hosted on AWS.\n\nRequired strong experience with:\n- OO PHP programming with good use of design patterns\n- At least one major PHP framework e.g. Zend Framework, Symfony, Laravel, Phalcon, CodeIgniter - MySQL\n- Git version control\n\nDesired experience in:\n- Integrating with 3rd party APIs\n- Writing testable PHP code using PHPUnit or phpspec\n- JavaScript frameworks eg. React, Ember, jQuery.\n- AWS\n- Twilio cloud communications platform\n\nPlease email <mailto:php.recruitment@buddyloans.com|php.recruitment@buddyloans.com> if you are interested. No agencies.\n\n<https:\/\/news.ycombinator.com\/item?id=16493751>",
        "user": "U0JD7JSUA",
        "ts": "1520018853.000205",
        "team": "T0CJ5UNHK",
        "user_team": "T0CJ5UNHK",
        "source_team": "T0CJ5UNHK",
        "user_profile": {
            "avatar_hash": "g16ea4da5cae",
            "image_72": "https:\/\/secure.gravatar.com\/avatar\/216ea4da5cae7be4030b6242ab90631c.jpg?s=72&d=https%3A%2F%2Fa.slack-edge.com%2Fdf10d%2Fimg%2Favatars%2Fava_0007-72.png",
            "first_name": "",
            "real_name": "rofrol",
            "display_name": "",
            "team": "T0CJ5UNHK",
            "name": "rofrol",
            "is_restricted": false,
            "is_ultra_restricted": false
        },
        "attachments": [
            {
                "title": "Guarantor Loans, Direct Lender £1,000-7,500 | buddyloans.com",
                "title_link": "https:\/\/www.buddyloans.com",
                "text": "Buddy Loans is a UK based fast friendly and flexible loan lender. Same day guarantor loans from £1,000 to £7,500. Bad credit accepted, apply online, no fees.",
                "fallback": "Guarantor Loans, Direct Lender £1,000-7,500 | buddyloans.com",
                "from_url": "https:\/\/www.buddyloans.com",
                "service_icon": "https:\/\/www.buddyloans.com\/library\/img\/apple-touch-icon-76x76.png",
                "service_name": "buddyloans.com",
                "id": 1
            }
        ],
        "blocks": [
            {
                "type": "rich_text",
                "block_id": "cNq",
                "elements": [
                    {
                        "type": "rich_text_section",
                        "elements": [
                            {
                                "type": "text",
                                "text": "| BuddyLoans | Manchester, UK - on site | Developer | "
                            },
                            {
                                "type": "link",
                                "url": "https:\/\/www.buddyloans.com"
                            },
                            {
                                "type": "text",
                                "text": " |  email "
                            },
                            {
                                "type": "link",
                                "url": "mailto:php.recruitment@buddyloans.com",
                                "text": "php.recruitment@buddyloans.com"
                            },
                            {
                                "type": "text",
                                "text": "\n\nBuddyLoans is a fast growing UK guarantor lender with great recent funding. We are looking for experienced developers to help us build a bespoke guarantor lending platform integrated with an in-house multi-channel contact center (built with Twilio). You’ll have direct input in making new business decisions, from a strategic level to design and implementation of new features. Our current stack is PHP 7 on the backend (Zend Framework\/Expressive), JavaScript (React) and Elm on the frontend, along with MySQL. Our applications are hosted on AWS.\n\nRequired strong experience with:\n- OO PHP programming with good use of design patterns\n- At least one major PHP framework e.g. Zend Framework, Symfony, Laravel, Phalcon, CodeIgniter - MySQL\n- Git version control\n\nDesired experience in:\n- Integrating with 3rd party APIs\n- Writing testable PHP code using PHPUnit or phpspec\n- JavaScript frameworks eg. React, Ember, jQuery.\n- AWS\n- Twilio cloud communications platform\n\nPlease email "
                            },
                            {
                                "type": "link",
                                "url": "mailto:php.recruitment@buddyloans.com",
                                "text": "php.recruitment@buddyloans.com"
                            },
                            {
                                "type": "text",
                                "text": " if you are interested. No agencies.\n\n"
                            },
                            {
                                "type": "link",
                                "url": "https:\/\/news.ycombinator.com\/item?id=16493751"
                            }
                        ]
                    }
                ]
            }
        ]
    },
    {
        "type": "message",
        "subtype": "pinned_item",
        "text": "<@U0JD7JSUA> pinned a message to this channel.",
        "user": "U0JD7JSUA",
        "item_type": "C",
        "attachments": [
            {
                "fallback": "[March 2nd, 2018 11:27 AM] rofrol: | BuddyLoans | Manchester, UK - on site | Developer | <https:\/\/www.buddyloans.com> |  email <mailto:php.recruitment@buddyloans.com|php.recruitment@buddyloans.com>\n\nBuddyLoans is a fast growing UK guarantor lender with great recent funding. We are looking for experienced developers to help us build a bespoke guarantor lending platform integrated with an in-house multi-channel contact center (built with Twilio). You’ll have direct input in making new business decisions, from a strategic level to design and implementation of new features. Our current stack is PHP 7 on the backend (Zend Framework\/Expressive), JavaScript (React) and Elm on the frontend, along with MySQL. Our applications are hosted on AWS.\n\nRequired strong experience with:\n- OO PHP programming with good use of design patterns\n- At least one major PHP framework e.g. Zend Framework, Symfony, Laravel, Phalcon, CodeIgniter - MySQL\n- Git version control\n\nDesired experience in:\n- Integrating with 3rd party APIs\n- Writing testable PHP code using PHPUnit or phpspec\n- JavaScript frameworks eg. React, Ember, jQuery.\n- AWS\n- Twilio cloud communications platform\n\nPlease email <mailto:php.recruitment@buddyloans.com|php.recruitment@buddyloans.com> if you are interested. No agencies.\n\n<https:\/\/news.ycombinator.com\/item?id=16493751>",
                "ts": "1520018853.000205",
                "author_id": "U0JD7JSUA",
                "author_subname": "rofrol",
                "channel_id": "C0LUAGWRK",
                "channel_team": "T0CJ5UNHK",
                "channel_name": "jobs",
                "is_msg_unfurl": true,
                "text": "| BuddyLoans | Manchester, UK - on site | Developer | <https:\/\/www.buddyloans.com> |  email <mailto:php.recruitment@buddyloans.com|php.recruitment@buddyloans.com>\n\nBuddyLoans is a fast growing UK guarantor lender with great recent funding. We are looking for experienced developers to help us build a bespoke guarantor lending platform integrated with an in-house multi-channel contact center (built with Twilio). You’ll have direct input in making new business decisions, from a strategic level to design and implementation of new features. Our current stack is PHP 7 on the backend (Zend Framework\/Expressive), JavaScript (React) and Elm on the frontend, along with MySQL. Our applications are hosted on AWS.\n\nRequired strong experience with:\n- OO PHP programming with good use of design patterns\n- At least one major PHP framework e.g. Zend Framework, Symfony, Laravel, Phalcon, CodeIgniter - MySQL\n- Git version control\n\nDesired experience in:\n- Integrating with 3rd party APIs\n- Writing testable PHP code using PHPUnit or phpspec\n- JavaScript frameworks eg. React, Ember, jQuery.\n- AWS\n- Twilio cloud communications platform\n\nPlease email <mailto:php.recruitment@buddyloans.com|php.recruitment@buddyloans.com> if you are interested. No agencies.\n\n<https:\/\/news.ycombinator.com\/item?id=16493751>",
                "message_blocks": [
                    {
                        "team": "T0CJ5UNHK",
                        "channel": "C0LUAGWRK",
                        "ts": "1520018853.000205",
                        "message": {
                            "blocks": [
                                {
                                    "type": "rich_text",
                                    "block_id": "NcQe",
                                    "elements": [
                                        {
                                            "type": "rich_text_section",
                                            "elements": [
                                                {
                                                    "type": "text",
                                                    "text": "| BuddyLoans | Manchester, UK - on site | Developer | "
                                                },
                                                {
                                                    "type": "link",
                                                    "url": "https:\/\/www.buddyloans.com"
                                                },
                                                {
                                                    "type": "text",
                                                    "text": " |  email "
                                                },
                                                {
                                                    "type": "link",
                                                    "url": "mailto:php.recruitment@buddyloans.com",
                                                    "text": "php.recruitment@buddyloans.com"
                                                },
                                                {
                                                    "type": "text",
                                                    "text": "\n\nBuddyLoans is a fast growing UK guarantor lender with great recent funding. We are looking for experienced developers to help us build a bespoke guarantor lending platform integrated with an in-house multi-channel contact center (built with Twilio). You’ll have direct input in making new business decisions, from a strategic level to design and implementation of new features. Our current stack is PHP 7 on the backend (Zend Framework\/Expressive), JavaScript (React) and Elm on the frontend, along with MySQL. Our applications are hosted on AWS.\n\nRequired strong experience with:\n- OO PHP programming with good use of design patterns\n- At least one major PHP framework e.g. Zend Framework, Symfony, Laravel, Phalcon, CodeIgniter - MySQL\n- Git version control\n\nDesired experience in:\n- Integrating with 3rd party APIs\n- Writing testable PHP code using PHPUnit or phpspec\n- JavaScript frameworks eg. React, Ember, jQuery.\n- AWS\n- Twilio cloud communications platform\n\nPlease email "
                                                },
                                                {
                                                    "type": "link",
                                                    "url": "mailto:php.recruitment@buddyloans.com",
                                                    "text": "php.recruitment@buddyloans.com"
                                                },
                                                {
                                                    "type": "text",
                                                    "text": " if you are interested. No agencies.\n\n"
                                                },
                                                {
                                                    "type": "link",
                                                    "url": "https:\/\/news.ycombinator.com\/item?id=16493751"
                                                }
                                            ]
                                        }
                                    ]
                                }
                            ]
                        }
                    }
                ],
                "author_name": "rofrol",
                "author_link": "https:\/\/elmlang.slack.com\/team\/U0JD7JSUA",
                "author_icon": "https:\/\/secure.gravatar.com\/avatar\/216ea4da5cae7be4030b6242ab90631c.jpg?s=48&d=https%3A%2F%2Fa.slack-edge.com%2Fdf10d%2Fimg%2Favatars%2Fava_0007-48.png",
                "mrkdwn_in": [
                    "text"
                ],
                "from_hidden_wksp": false
            }
        ],
        "ts": "1520018861.000723"
    },
    {
        "type": "message",
        "text": "Where is the \"compile\" button? :slightly_smiling_face:",
        "user": "U5DV9REG7",
        "ts": "1520021238.000143",
        "team": "T0CJ5UNHK",
        "user_team": "T0CJ5UNHK",
        "source_team": "T0CJ5UNHK",
        "user_profile": {
            "avatar_hash": "g787e406f035",
            "image_72": "https:\/\/secure.gravatar.com\/avatar\/f787e406f0358db5bb0c089242cb9a6d.jpg?s=72&d=https%3A%2F%2Fa.slack-edge.com%2Fdf10d%2Fimg%2Favatars%2Fava_0011-72.png",
            "first_name": "Daniel",
            "real_name": "Daniel Albuschat",
            "display_name": "daniel-kun",
            "team": "T0CJ5UNHK",
            "name": "daniel-kun",
            "is_restricted": false,
            "is_ultra_restricted": false
        },
        "blocks": [
            {
                "type": "rich_text",
                "block_id": "gWf",
                "elements": [
                    {
                        "type": "rich_text_section",
                        "elements": [
                            {
                                "type": "text",
                                "text": "Where is the \"compile\" button? "
                            },
                            {
                                "type": "emoji",
                                "name": "slightly_smiling_face",
                                "unicode": "1f642"
                            }
                        ]
                    }
                ]
            }
        ],
        "thread_ts": "1519965407.000069",
        "parent_user_id": "U6UMSMTEV"
    },
    {
        "type": "message",
        "text": "That's actually the editor with the most potential that I've seen so far",
        "user": "U5DV9REG7",
        "ts": "1520021259.000313",
        "team": "T0CJ5UNHK",
        "user_team": "T0CJ5UNHK",
        "source_team": "T0CJ5UNHK",
        "user_profile": {
            "avatar_hash": "g787e406f035",
            "image_72": "https:\/\/secure.gravatar.com\/avatar\/f787e406f0358db5bb0c089242cb9a6d.jpg?s=72&d=https%3A%2F%2Fa.slack-edge.com%2Fdf10d%2Fimg%2Favatars%2Fava_0011-72.png",
            "first_name": "Daniel",
            "real_name": "Daniel Albuschat",
            "display_name": "daniel-kun",
            "team": "T0CJ5UNHK",
            "name": "daniel-kun",
            "is_restricted": false,
            "is_ultra_restricted": false
        },
        "blocks": [
            {
                "type": "rich_text",
                "block_id": "FAyo",
                "elements": [
                    {
                        "type": "rich_text_section",
                        "elements": [
                            {
                                "type": "text",
                                "text": "That's actually the editor with the most potential that I've seen so far"
                            }
                        ]
                    }
                ]
            }
        ],
        "thread_ts": "1519965407.000069",
        "parent_user_id": "U6UMSMTEV"
    },
    {
        "type": "message",
        "text": "wow, more on site only ones :disappointed:",
        "user": "U3DFNEW5A",
        "ts": "1520026714.000261",
        "team": "T0CJ5UNHK",
        "user_team": "T0CJ5UNHK",
        "source_team": "T0CJ5UNHK",
        "user_profile": {
            "avatar_hash": "gd778043b9c0",
            "image_72": "https:\/\/secure.gravatar.com\/avatar\/9d778043b9c008cf3f5c6bc52e648c53.jpg?s=72&d=https%3A%2F%2Fa.slack-edge.com%2Fdf10d%2Fimg%2Favatars%2Fava_0011-72.png",
            "first_name": "Joe",
            "real_name": "Joe Fiorini",
            "display_name": "joefiorini",
            "team": "T0CJ5UNHK",
            "name": "joefiorini",
            "is_restricted": false,
            "is_ultra_restricted": false
        },
        "blocks": [
            {
                "type": "rich_text",
                "block_id": "Qrj",
                "elements": [
                    {
                        "type": "rich_text_section",
                        "elements": [
                            {
                                "type": "text",
                                "text": "wow, more on site only ones "
                            },
                            {
                                "type": "emoji",
                                "name": "disappointed",
                                "unicode": "1f61e"
                            }
                        ]
                    }
                ]
            }
        ]
    },
    {
        "type": "message",
        "text": "surprising with how much better the tools for remote are these days that more companies aren’t doing it",
        "user": "U3DFNEW5A",
        "ts": "1520026751.000128",
        "team": "T0CJ5UNHK",
        "user_team": "T0CJ5UNHK",
        "source_team": "T0CJ5UNHK",
        "user_profile": {
            "avatar_hash": "gd778043b9c0",
            "image_72": "https:\/\/secure.gravatar.com\/avatar\/9d778043b9c008cf3f5c6bc52e648c53.jpg?s=72&d=https%3A%2F%2Fa.slack-edge.com%2Fdf10d%2Fimg%2Favatars%2Fava_0011-72.png",
            "first_name": "Joe",
            "real_name": "Joe Fiorini",
            "display_name": "joefiorini",
            "team": "T0CJ5UNHK",
            "name": "joefiorini",
            "is_restricted": false,
            "is_ultra_restricted": false
        },
        "edited": {
            "user": "U3DFNEW5A",
            "ts": "1520026817.000000"
        },
        "blocks": [
            {
                "type": "rich_text",
                "block_id": "79Ad",
                "elements": [
                    {
                        "type": "rich_text_section",
                        "elements": [
                            {
                                "type": "text",
                                "text": "surprising with how much better the tools for remote are these days that more companies aren’t doing it"
                            }
                        ]
                    }
                ]
            }
        ]
    },
    {
        "type": "message",
        "text": "Aww, you're exceptional to me! (but yes. Remote ftw.)",
        "user": "U3SJEDR96",
        "ts": "1520026773.000395",
        "team": "T0CJ5UNHK",
        "user_team": "T0CJ5UNHK",
        "source_team": "T0CJ5UNHK",
        "user_profile": {
            "avatar_hash": "g97bab86e435",
            "image_72": "https:\/\/secure.gravatar.com\/avatar\/797bab86e4358b3919d4b0a614d2f2f3.jpg?s=72&d=https%3A%2F%2Fa.slack-edge.com%2Fdf10d%2Fimg%2Favatars%2Fava_0023-72.png",
            "first_name": "Ilias",
            "real_name": "Ilias Van Peer",
            "display_name": "ilias",
            "team": "T0CJ5UNHK",
            "name": "ilias",
            "is_restricted": false,
            "is_ultra_restricted": false
        },
        "blocks": [
            {
                "type": "rich_text",
                "block_id": "Ofcl",
                "elements": [
                    {
                        "type": "rich_text_section",
                        "elements": [
                            {
                                "type": "text",
                                "text": "Aww, you're exceptional to me! (but yes. Remote ftw.)"
                            }
                        ]
                    }
                ]
            }
        ],
        "reactions": [
            {
                "name": "smile",
                "users": [
                    "U3DFNEW5A"
                ],
                "count": 1
            }
        ]
    },
    {
        "type": "message",
        "text": "Yeah, I wish I could find an awesome remote employer, too. But it's very rare, and in Germany it's even 10x rarer",
        "user": "U5DV9REG7",
        "ts": "1520027016.000263",
        "team": "T0CJ5UNHK",
        "user_team": "T0CJ5UNHK",
        "source_team": "T0CJ5UNHK",
        "user_profile": {
            "avatar_hash": "g787e406f035",
            "image_72": "https:\/\/secure.gravatar.com\/avatar\/f787e406f0358db5bb0c089242cb9a6d.jpg?s=72&d=https%3A%2F%2Fa.slack-edge.com%2Fdf10d%2Fimg%2Favatars%2Fava_0011-72.png",
            "first_name": "Daniel",
            "real_name": "Daniel Albuschat",
            "display_name": "daniel-kun",
            "team": "T0CJ5UNHK",
            "name": "daniel-kun",
            "is_restricted": false,
            "is_ultra_restricted": false
        },
        "blocks": [
            {
                "type": "rich_text",
                "block_id": "wmd",
                "elements": [
                    {
                        "type": "rich_text_section",
                        "elements": [
                            {
                                "type": "text",
                                "text": "Yeah, I wish I could find an awesome remote employer, too. But it's very rare, and in Germany it's even 10x rarer"
                            }
                        ]
                    }
                ]
            }
        ]
    },
    {
        "type": "message",
        "text": "It’s not news to me, but somehow it still catches me by surprise",
        "user": "U3DFNEW5A",
        "ts": "1520027131.000511",
        "team": "T0CJ5UNHK",
        "user_team": "T0CJ5UNHK",
        "source_team": "T0CJ5UNHK",
        "user_profile": {
            "avatar_hash": "gd778043b9c0",
            "image_72": "https:\/\/secure.gravatar.com\/avatar\/9d778043b9c008cf3f5c6bc52e648c53.jpg?s=72&d=https%3A%2F%2Fa.slack-edge.com%2Fdf10d%2Fimg%2Favatars%2Fava_0011-72.png",
            "first_name": "Joe",
            "real_name": "Joe Fiorini",
            "display_name": "joefiorini",
            "team": "T0CJ5UNHK",
            "name": "joefiorini",
            "is_restricted": false,
            "is_ultra_restricted": false
        },
        "blocks": [
            {
                "type": "rich_text",
                "block_id": "YB=W",
                "elements": [
                    {
                        "type": "rich_text_section",
                        "elements": [
                            {
                                "type": "text",
                                "text": "It’s not news to me, but somehow it still catches me by surprise"
                            }
                        ]
                    }
                ]
            }
        ]
    },
    {
        "type": "message",
        "text": "btw, flittal looks cool",
        "user": "U5DV9REG7",
        "ts": "1520027380.000344",
        "team": "T0CJ5UNHK",
        "user_team": "T0CJ5UNHK",
        "source_team": "T0CJ5UNHK",
        "user_profile": {
            "avatar_hash": "g787e406f035",
            "image_72": "https:\/\/secure.gravatar.com\/avatar\/f787e406f0358db5bb0c089242cb9a6d.jpg?s=72&d=https%3A%2F%2Fa.slack-edge.com%2Fdf10d%2Fimg%2Favatars%2Fava_0011-72.png",
            "first_name": "Daniel",
            "real_name": "Daniel Albuschat",
            "display_name": "daniel-kun",
            "team": "T0CJ5UNHK",
            "name": "daniel-kun",
            "is_restricted": false,
            "is_ultra_restricted": false
        },
        "blocks": [
            {
                "type": "rich_text",
                "block_id": "tey",
                "elements": [
                    {
                        "type": "rich_text_section",
                        "elements": [
                            {
                                "type": "text",
                                "text": "btw, flittal looks cool"
                            }
                        ]
                    }
                ]
            }
        ]
    },
    {
        "type": "message",
        "text": "hey, thanks :slightly_smiling_face:",
        "user": "U3DFNEW5A",
        "ts": "1520028244.000158",
        "team": "T0CJ5UNHK",
        "user_team": "T0CJ5UNHK",
        "source_team": "T0CJ5UNHK",
        "user_profile": {
            "avatar_hash": "gd778043b9c0",
            "image_72": "https:\/\/secure.gravatar.com\/avatar\/9d778043b9c008cf3f5c6bc52e648c53.jpg?s=72&d=https%3A%2F%2Fa.slack-edge.com%2Fdf10d%2Fimg%2Favatars%2Fava_0011-72.png",
            "first_name": "Joe",
            "real_name": "Joe Fiorini",
            "display_name": "joefiorini",
            "team": "T0CJ5UNHK",
            "name": "joefiorini",
            "is_restricted": false,
            "is_ultra_restricted": false
        },
        "blocks": [
            {
                "type": "rich_text",
                "block_id": "rvDYl",
                "elements": [
                    {
                        "type": "rich_text_section",
                        "elements": [
                            {
                                "type": "text",
                                "text": "hey, thanks "
                            },
                            {
                                "type": "emoji",
                                "name": "slightly_smiling_face",
                                "unicode": "1f642"
                            }
                        ]
                    }
                ]
            }
        ]
    },
    {
        "type": "message",
        "text": "It's been in alpha since 2015?",
        "user": "U5DV9REG7",
        "ts": "1520028365.000322",
        "team": "T0CJ5UNHK",
        "user_team": "T0CJ5UNHK",
        "source_team": "T0CJ5UNHK",
        "user_profile": {
            "avatar_hash": "g787e406f035",
            "image_72": "https:\/\/secure.gravatar.com\/avatar\/f787e406f0358db5bb0c089242cb9a6d.jpg?s=72&d=https%3A%2F%2Fa.slack-edge.com%2Fdf10d%2Fimg%2Favatars%2Fava_0011-72.png",
            "first_name": "Daniel",
            "real_name": "Daniel Albuschat",
            "display_name": "daniel-kun",
            "team": "T0CJ5UNHK",
            "name": "daniel-kun",
            "is_restricted": false,
            "is_ultra_restricted": false
        },
        "blocks": [
            {
                "type": "rich_text",
                "block_id": "rNo",
                "elements": [
                    {
                        "type": "rich_text_section",
                        "elements": [
                            {
                                "type": "text",
                                "text": "It's been in alpha since 2015?"
                            }
                        ]
                    }
                ]
            }
        ]
    },
    {
        "type": "message",
        "text": "haha, well, I released it that way in 2015 (it was a side project), worked on it for a few months, then life got in the way",
        "user": "U3DFNEW5A",
        "ts": "1520028703.000051",
        "team": "T0CJ5UNHK",
        "user_team": "T0CJ5UNHK",
        "source_team": "T0CJ5UNHK",
        "user_profile": {
            "avatar_hash": "gd778043b9c0",
            "image_72": "https:\/\/secure.gravatar.com\/avatar\/9d778043b9c008cf3f5c6bc52e648c53.jpg?s=72&d=https%3A%2F%2Fa.slack-edge.com%2Fdf10d%2Fimg%2Favatars%2Fava_0011-72.png",
            "first_name": "Joe",
            "real_name": "Joe Fiorini",
            "display_name": "joefiorini",
            "team": "T0CJ5UNHK",
            "name": "joefiorini",
            "is_restricted": false,
            "is_ultra_restricted": false
        },
        "blocks": [
            {
                "type": "rich_text",
                "block_id": "8rEH",
                "elements": [
                    {
                        "type": "rich_text_section",
                        "elements": [
                            {
                                "type": "text",
                                "text": "haha, well, I released it that way in 2015 (it was a side project), worked on it for a few months, then life got in the way"
                            }
                        ]
                    }
                ]
            }
        ]
    },
    {
        "type": "message",
        "text": "just got back to it recently and currently upgrading to 0.18",
        "user": "U3DFNEW5A",
        "ts": "1520028720.000205",
        "team": "T0CJ5UNHK",
        "user_team": "T0CJ5UNHK",
        "source_team": "T0CJ5UNHK",
        "user_profile": {
            "avatar_hash": "gd778043b9c0",
            "image_72": "https:\/\/secure.gravatar.com\/avatar\/9d778043b9c008cf3f5c6bc52e648c53.jpg?s=72&d=https%3A%2F%2Fa.slack-edge.com%2Fdf10d%2Fimg%2Favatars%2Fava_0011-72.png",
            "first_name": "Joe",
            "real_name": "Joe Fiorini",
            "display_name": "joefiorini",
            "team": "T0CJ5UNHK",
            "name": "joefiorini",
            "is_restricted": false,
            "is_ultra_restricted": false
        },
        "blocks": [
            {
                "type": "rich_text",
                "block_id": "3wor",
                "elements": [
                    {
                        "type": "rich_text_section",
                        "elements": [
                            {
                                "type": "text",
                                "text": "just got back to it recently and currently upgrading to 0.18"
                            }
                        ]
                    }
                ]
            }
        ]
    },
    {
        "type": "message",
        "text": "once that’s done I may take off the alpha tag :slightly_smiling_face:",
        "user": "U3DFNEW5A",
        "ts": "1520028730.000110",
        "team": "T0CJ5UNHK",
        "user_team": "T0CJ5UNHK",
        "source_team": "T0CJ5UNHK",
        "user_profile": {
            "avatar_hash": "gd778043b9c0",
            "image_72": "https:\/\/secure.gravatar.com\/avatar\/9d778043b9c008cf3f5c6bc52e648c53.jpg?s=72&d=https%3A%2F%2Fa.slack-edge.com%2Fdf10d%2Fimg%2Favatars%2Fava_0011-72.png",
            "first_name": "Joe",
            "real_name": "Joe Fiorini",
            "display_name": "joefiorini",
            "team": "T0CJ5UNHK",
            "name": "joefiorini",
            "is_restricted": false,
            "is_ultra_restricted": false
        },
        "blocks": [
            {
                "type": "rich_text",
                "block_id": "IFkE",
                "elements": [
                    {
                        "type": "rich_text_section",
                        "elements": [
                            {
                                "type": "text",
                                "text": "once that’s done I may take off the alpha tag "
                            },
                            {
                                "type": "emoji",
                                "name": "slightly_smiling_face",
                                "unicode": "1f642"
                            }
                        ]
                    }
                ]
            }
        ]
    },
    {
        "type": "message",
        "text": "The first part happens to all side projects, the second part is usually pretty rare :wink:",
        "user": "U5DV9REG7",
        "ts": "1520028796.000478",
        "team": "T0CJ5UNHK",
        "user_team": "T0CJ5UNHK",
        "source_team": "T0CJ5UNHK",
        "user_profile": {
            "avatar_hash": "g787e406f035",
            "image_72": "https:\/\/secure.gravatar.com\/avatar\/f787e406f0358db5bb0c089242cb9a6d.jpg?s=72&d=https%3A%2F%2Fa.slack-edge.com%2Fdf10d%2Fimg%2Favatars%2Fava_0011-72.png",
            "first_name": "Daniel",
            "real_name": "Daniel Albuschat",
            "display_name": "daniel-kun",
            "team": "T0CJ5UNHK",
            "name": "daniel-kun",
            "is_restricted": false,
            "is_ultra_restricted": false
        },
        "blocks": [
            {
                "type": "rich_text",
                "block_id": "y\/Knw",
                "elements": [
                    {
                        "type": "rich_text_section",
                        "elements": [
                            {
                                "type": "text",
                                "text": "The first part happens to all side projects, the second part is usually pretty rare "
                            },
                            {
                                "type": "emoji",
                                "name": "wink",
                                "unicode": "1f609"
                            }
                        ]
                    }
                ]
            }
        ]
    },
    {
        "type": "message",
        "text": "yeah, especially for me! which is why I’m making a point to at least upgrade it…",
        "user": "U3DFNEW5A",
        "ts": "1520028883.000050",
        "team": "T0CJ5UNHK",
        "user_team": "T0CJ5UNHK",
        "source_team": "T0CJ5UNHK",
        "user_profile": {
            "avatar_hash": "gd778043b9c0",
            "image_72": "https:\/\/secure.gravatar.com\/avatar\/9d778043b9c008cf3f5c6bc52e648c53.jpg?s=72&d=https%3A%2F%2Fa.slack-edge.com%2Fdf10d%2Fimg%2Favatars%2Fava_0011-72.png",
            "first_name": "Joe",
            "real_name": "Joe Fiorini",
            "display_name": "joefiorini",
            "team": "T0CJ5UNHK",
            "name": "joefiorini",
            "is_restricted": false,
            "is_ultra_restricted": false
        },
        "blocks": [
            {
                "type": "rich_text",
                "block_id": "ZN6q",
                "elements": [
                    {
                        "type": "rich_text_section",
                        "elements": [
                            {
                                "type": "text",
                                "text": "yeah, especially for me! which is why I’m making a point to at least upgrade it…"
                            }
                        ]
                    }
                ]
            }
        ]
    }
]