[
    {
        "type": "message",
        "text": "Perhaps some research needs to be conducted to figure out why there is no job demand (as per this Slack channel).",
        "user": "U5FU80S06",
        "ts": "1519842413.000053",
        "team": "T0CJ5UNHK",
        "user_team": "T0CJ5UNHK",
        "source_team": "T0CJ5UNHK",
        "user_profile": {
            "avatar_hash": "g5fed50b6f8e",
            "image_72": "https:\/\/secure.gravatar.com\/avatar\/65fed50b6f8ee023c657ad9910d6cb2c.jpg?s=72&d=https%3A%2F%2Fa.slack-edge.com%2Fdf10d%2Fimg%2Favatars%2Fava_0005-72.png",
            "first_name": "Lo",
            "real_name": "Lo Habuyshan Lomed",
            "display_name": "lohabuyshan",
            "team": "T0CJ5UNHK",
            "name": "lohabuyshan",
            "is_restricted": false,
            "is_ultra_restricted": false
        },
        "edited": {
            "user": "U5FU80S06",
            "ts": "1519842451.000000"
        },
        "blocks": [
            {
                "type": "rich_text",
                "block_id": "Jbn",
                "elements": [
                    {
                        "type": "rich_text_section",
                        "elements": [
                            {
                                "type": "text",
                                "text": "Perhaps some research needs to be conducted to figure out why there is no job demand (as per this Slack channel)."
                            }
                        ]
                    }
                ]
            }
        ]
    },
    {
        "type": "message",
        "text": "ha",
        "user": "U3HQVHERX",
        "ts": "1519842485.000790",
        "team": "T0CJ5UNHK",
        "user_team": "T0CJ5UNHK",
        "source_team": "T0CJ5UNHK",
        "user_profile": {
            "avatar_hash": "fcfcb9e7a441",
            "image_72": "https:\/\/avatars.slack-edge.com\/2018-04-02\/339400370192_fcfcb9e7a441c6777185_72.jpg",
            "first_name": "Nate",
            "real_name": "Nate Nichols",
            "display_name": "nqthqn",
            "team": "T0CJ5UNHK",
            "name": "nqthqn",
            "is_restricted": false,
            "is_ultra_restricted": false
        },
        "blocks": [
            {
                "type": "rich_text",
                "block_id": "A5\/l",
                "elements": [
                    {
                        "type": "rich_text_section",
                        "elements": [
                            {
                                "type": "text",
                                "text": "ha"
                            }
                        ]
                    }
                ]
            }
        ]
    },
    {
        "type": "message",
        "text": "73 pinned items doesn’t seem too bad. At least 5 have been in the last couple months!",
        "user": "U2FMN03NZ",
        "ts": "1519843416.000140",
        "team": "T0CJ5UNHK",
        "user_team": "T0CJ5UNHK",
        "source_team": "T0CJ5UNHK",
        "user_profile": {
            "avatar_hash": "94d6ab2aa413",
            "image_72": "https:\/\/avatars.slack-edge.com\/2017-11-30\/279847008946_94d6ab2aa413a68c840d_72.png",
            "first_name": "Mario",
            "real_name": "Mario Rogic",
            "display_name": "supermario",
            "team": "T0CJ5UNHK",
            "name": "supermario",
            "is_restricted": false,
            "is_ultra_restricted": false
        },
        "blocks": [
            {
                "type": "rich_text",
                "block_id": "Ujk+j",
                "elements": [
                    {
                        "type": "rich_text_section",
                        "elements": [
                            {
                                "type": "text",
                                "text": "73 pinned items doesn’t seem too bad. At least 5 have been in the last couple months!"
                            }
                        ]
                    }
                ]
            }
        ]
    },
    {
        "type": "message",
        "text": "we are still looking for help :wink:",
        "user": "U2LC0U8JY",
        "ts": "1519843539.000330",
        "team": "T0CJ5UNHK",
        "user_team": "T0CJ5UNHK",
        "source_team": "T0CJ5UNHK",
        "user_profile": {
            "avatar_hash": "gf71dbbf1cbb",
            "image_72": "https:\/\/secure.gravatar.com\/avatar\/ff71dbbf1cbb0285a1f870bb629bea8f.jpg?s=72&d=https%3A%2F%2Fa.slack-edge.com%2Fdf10d%2Fimg%2Favatars%2Fava_0011-72.png",
            "first_name": "Thomas",
            "real_name": "Thomas Sattlecker",
            "display_name": "littlestudent",
            "team": "T0CJ5UNHK",
            "name": "littlestudent",
            "is_restricted": false,
            "is_ultra_restricted": false
        },
        "blocks": [
            {
                "type": "rich_text",
                "block_id": "y3l",
                "elements": [
                    {
                        "type": "rich_text_section",
                        "elements": [
                            {
                                "type": "text",
                                "text": "we are still looking for help "
                            },
                            {
                                "type": "emoji",
                                "name": "wink",
                                "unicode": "1f609"
                            }
                        ]
                    }
                ]
            }
        ],
        "thread_ts": "1519843539.000330",
        "reply_count": 2,
        "reply_users_count": 2,
        "latest_reply": "1519843945.000131",
        "reply_users": [
            "U2M17S85D",
            "U2LC0U8JY"
        ],
        "replies": [
            {
                "user": "U2M17S85D",
                "ts": "1519843799.000748"
            },
            {
                "user": "U2LC0U8JY",
                "ts": "1519843945.000131"
            }
        ],
        "is_locked": false,
        "subscribed": false
    },
    {
        "type": "message",
        "text": "Also – note that this channel history is invisible because of the 10k messages limit across the Elm slack. It’s not just an empty channel with 1119 people sitting here silently :sweat_smile:",
        "user": "U2FMN03NZ",
        "ts": "1519843701.000135",
        "team": "T0CJ5UNHK",
        "user_team": "T0CJ5UNHK",
        "source_team": "T0CJ5UNHK",
        "user_profile": {
            "avatar_hash": "94d6ab2aa413",
            "image_72": "https:\/\/avatars.slack-edge.com\/2017-11-30\/279847008946_94d6ab2aa413a68c840d_72.png",
            "first_name": "Mario",
            "real_name": "Mario Rogic",
            "display_name": "supermario",
            "team": "T0CJ5UNHK",
            "name": "supermario",
            "is_restricted": false,
            "is_ultra_restricted": false
        },
        "blocks": [
            {
                "type": "rich_text",
                "block_id": "Wuu",
                "elements": [
                    {
                        "type": "rich_text_section",
                        "elements": [
                            {
                                "type": "text",
                                "text": "Also – note that this channel history is invisible because of the 10k messages limit across the Elm slack. It’s not just an empty channel with 1119 people sitting here silently "
                            },
                            {
                                "type": "emoji",
                                "name": "sweat_smile",
                                "unicode": "1f605"
                            }
                        ]
                    }
                ]
            }
        ]
    },
    {
        "type": "message",
        "text": "You mean your are looking for elm developers? Or help to find find an elm job?",
        "user": "U2M17S85D",
        "ts": "1519843799.000748",
        "team": "T0CJ5UNHK",
        "user_team": "T0CJ5UNHK",
        "source_team": "T0CJ5UNHK",
        "user_profile": {
            "avatar_hash": "19f7e517be47",
            "image_72": "https:\/\/avatars.slack-edge.com\/2016-10-21\/94684794117_19f7e517be47dfeb9fea_72.png",
            "first_name": "Michiel",
            "real_name": "Michiel",
            "display_name": "michiel",
            "team": "T0CJ5UNHK",
            "name": "michiel",
            "is_restricted": false,
            "is_ultra_restricted": false
        },
        "blocks": [
            {
                "type": "rich_text",
                "block_id": "wqh",
                "elements": [
                    {
                        "type": "rich_text_section",
                        "elements": [
                            {
                                "type": "text",
                                "text": "You mean your are looking for elm developers? Or help to find find an elm job?"
                            }
                        ]
                    }
                ]
            }
        ],
        "thread_ts": "1519843539.000330",
        "parent_user_id": "U2LC0U8JY"
    },
    {
        "type": "message",
        "text": "<https:\/\/elmlang.slackarchive.io\/jobs\/> for backscroll. It usually lags behind a little, though - slack has silly api limits",
        "user": "U3SJEDR96",
        "ts": "1519843943.000546",
        "team": "T0CJ5UNHK",
        "user_team": "T0CJ5UNHK",
        "source_team": "T0CJ5UNHK",
        "user_profile": {
            "avatar_hash": "g97bab86e435",
            "image_72": "https:\/\/secure.gravatar.com\/avatar\/797bab86e4358b3919d4b0a614d2f2f3.jpg?s=72&d=https%3A%2F%2Fa.slack-edge.com%2Fdf10d%2Fimg%2Favatars%2Fava_0023-72.png",
            "first_name": "Ilias",
            "real_name": "Ilias Van Peer",
            "display_name": "ilias",
            "team": "T0CJ5UNHK",
            "name": "ilias",
            "is_restricted": false,
            "is_ultra_restricted": false
        },
        "blocks": [
            {
                "type": "rich_text",
                "block_id": "Efp5",
                "elements": [
                    {
                        "type": "rich_text_section",
                        "elements": [
                            {
                                "type": "link",
                                "url": "https:\/\/elmlang.slackarchive.io\/jobs\/"
                            },
                            {
                                "type": "text",
                                "text": " for backscroll. It usually lags behind a little, though - slack has silly api limits"
                            }
                        ]
                    }
                ]
            }
        ]
    },
    {
        "type": "message",
        "text": "we look for an elm dev. the posting is already pinned",
        "user": "U2LC0U8JY",
        "ts": "1519843945.000131",
        "team": "T0CJ5UNHK",
        "user_team": "T0CJ5UNHK",
        "source_team": "T0CJ5UNHK",
        "user_profile": {
            "avatar_hash": "gf71dbbf1cbb",
            "image_72": "https:\/\/secure.gravatar.com\/avatar\/ff71dbbf1cbb0285a1f870bb629bea8f.jpg?s=72&d=https%3A%2F%2Fa.slack-edge.com%2Fdf10d%2Fimg%2Favatars%2Fava_0011-72.png",
            "first_name": "Thomas",
            "real_name": "Thomas Sattlecker",
            "display_name": "littlestudent",
            "team": "T0CJ5UNHK",
            "name": "littlestudent",
            "is_restricted": false,
            "is_ultra_restricted": false
        },
        "blocks": [
            {
                "type": "rich_text",
                "block_id": "V\/i",
                "elements": [
                    {
                        "type": "rich_text_section",
                        "elements": [
                            {
                                "type": "text",
                                "text": "we look for an elm dev. the posting is already pinned"
                            }
                        ]
                    }
                ]
            }
        ],
        "thread_ts": "1519843539.000330",
        "parent_user_id": "U2LC0U8JY",
        "reactions": [
            {
                "name": "ok_hand",
                "users": [
                    "U2M17S85D"
                ],
                "count": 1
            }
        ]
    },
    {
        "type": "message",
        "text": "<https:\/\/elmlang.slackarchive.io\/jobs\/page-7\/ts-1510089006000405> is still valid :slightly_smiling_face:",
        "user": "U7WCPEBJ6",
        "ts": "1519845621.000579",
        "team": "T0CJ5UNHK",
        "user_team": "T0CJ5UNHK",
        "source_team": "T0CJ5UNHK",
        "user_profile": {
            "avatar_hash": "gf3557c6f1e5",
            "image_72": "https:\/\/secure.gravatar.com\/avatar\/9f3557c6f1e51fc88cda4c966d0c5b94.jpg?s=72&d=https%3A%2F%2Fa.slack-edge.com%2Fdf10d%2Fimg%2Favatars%2Fava_0025-72.png",
            "first_name": "Ian",
            "real_name": "Ian Connolly",
            "display_name": "ianconnolly",
            "team": "T0CJ5UNHK",
            "name": "ian030",
            "is_restricted": false,
            "is_ultra_restricted": false
        },
        "blocks": [
            {
                "type": "rich_text",
                "block_id": "EOA",
                "elements": [
                    {
                        "type": "rich_text_section",
                        "elements": [
                            {
                                "type": "link",
                                "url": "https:\/\/elmlang.slackarchive.io\/jobs\/page-7\/ts-1510089006000405"
                            },
                            {
                                "type": "text",
                                "text": " is still valid "
                            },
                            {
                                "type": "emoji",
                                "name": "slightly_smiling_face",
                                "unicode": "1f642"
                            }
                        ]
                    }
                ]
            }
        ]
    },
    {
        "type": "message",
        "text": "^ feel free to DM me if you have any q's at all",
        "user": "U7WCPEBJ6",
        "ts": "1519845981.000462",
        "team": "T0CJ5UNHK",
        "user_team": "T0CJ5UNHK",
        "source_team": "T0CJ5UNHK",
        "user_profile": {
            "avatar_hash": "gf3557c6f1e5",
            "image_72": "https:\/\/secure.gravatar.com\/avatar\/9f3557c6f1e51fc88cda4c966d0c5b94.jpg?s=72&d=https%3A%2F%2Fa.slack-edge.com%2Fdf10d%2Fimg%2Favatars%2Fava_0025-72.png",
            "first_name": "Ian",
            "real_name": "Ian Connolly",
            "display_name": "ianconnolly",
            "team": "T0CJ5UNHK",
            "name": "ian030",
            "is_restricted": false,
            "is_ultra_restricted": false
        },
        "blocks": [
            {
                "type": "rich_text",
                "block_id": "L+rt",
                "elements": [
                    {
                        "type": "rich_text_section",
                        "elements": [
                            {
                                "type": "text",
                                "text": "^ feel free to DM me if you have any q's at all"
                            }
                        ]
                    }
                ]
            }
        ]
    },
    {
        "type": "message",
        "text": "“no job demand” is maybe not how i’d characterize it exactly, but i think the point that it can be pretty difficult to find elm jobs is a valid one, and i think a discussion about it could be relevant to this channel",
        "user": "U1MGHC31P",
        "ts": "1519865062.000326",
        "team": "T0CJ5UNHK",
        "user_team": "T0CJ5UNHK",
        "source_team": "T0CJ5UNHK",
        "user_profile": {
            "avatar_hash": "203eba6cde35",
            "image_72": "https:\/\/avatars.slack-edge.com\/2022-04-29\/3451080341270_203eba6cde35322034bb_72.jpg",
            "first_name": "Duncan",
            "real_name": "Duncan Malashock",
            "display_name": "duncan",
            "team": "T0CJ5UNHK",
            "name": "duncan",
            "is_restricted": false,
            "is_ultra_restricted": false
        },
        "edited": {
            "user": "U1MGHC31P",
            "ts": "1519865942.000000"
        },
        "blocks": [
            {
                "type": "rich_text",
                "block_id": "RAKC",
                "elements": [
                    {
                        "type": "rich_text_section",
                        "elements": [
                            {
                                "type": "text",
                                "text": "“no job demand” is maybe not how i’d characterize it exactly, but i think the point that it can be pretty difficult to find elm jobs is a valid one, and i think a discussion about it could be relevant to this channel"
                            }
                        ]
                    }
                ]
            }
        ],
        "reactions": [
            {
                "name": "+1",
                "users": [
                    "U5W86UED6",
                    "U0J1M0F32",
                    "U5FU80S06"
                ],
                "count": 3
            }
        ]
    },
    {
        "type": "message",
        "text": "Looking through the pinned items, a lot of the demand seems to be Europe",
        "user": "U3DFNEW5A",
        "ts": "1519869213.000094",
        "team": "T0CJ5UNHK",
        "user_team": "T0CJ5UNHK",
        "source_team": "T0CJ5UNHK",
        "user_profile": {
            "avatar_hash": "gd778043b9c0",
            "image_72": "https:\/\/secure.gravatar.com\/avatar\/9d778043b9c008cf3f5c6bc52e648c53.jpg?s=72&d=https%3A%2F%2Fa.slack-edge.com%2Fdf10d%2Fimg%2Favatars%2Fava_0011-72.png",
            "first_name": "Joe",
            "real_name": "Joe Fiorini",
            "display_name": "joefiorini",
            "team": "T0CJ5UNHK",
            "name": "joefiorini",
            "is_restricted": false,
            "is_ultra_restricted": false
        },
        "blocks": [
            {
                "type": "rich_text",
                "block_id": "N4NUt",
                "elements": [
                    {
                        "type": "rich_text_section",
                        "elements": [
                            {
                                "type": "text",
                                "text": "Looking through the pinned items, a lot of the demand seems to be Europe"
                            }
                        ]
                    }
                ]
            }
        ]
    },
    {
        "type": "message",
        "text": "of course, we’re also just getting through the slowest time of year for hiring (late Q4 and into Q1)",
        "user": "U3DFNEW5A",
        "ts": "1519869242.000168",
        "team": "T0CJ5UNHK",
        "user_team": "T0CJ5UNHK",
        "source_team": "T0CJ5UNHK",
        "user_profile": {
            "avatar_hash": "gd778043b9c0",
            "image_72": "https:\/\/secure.gravatar.com\/avatar\/9d778043b9c008cf3f5c6bc52e648c53.jpg?s=72&d=https%3A%2F%2Fa.slack-edge.com%2Fdf10d%2Fimg%2Favatars%2Fava_0011-72.png",
            "first_name": "Joe",
            "real_name": "Joe Fiorini",
            "display_name": "joefiorini",
            "team": "T0CJ5UNHK",
            "name": "joefiorini",
            "is_restricted": false,
            "is_ultra_restricted": false
        },
        "blocks": [
            {
                "type": "rich_text",
                "block_id": "p8nD",
                "elements": [
                    {
                        "type": "rich_text_section",
                        "elements": [
                            {
                                "type": "text",
                                "text": "of course, we’re also just getting through the slowest time of year for hiring (late Q4 and into Q1)"
                            }
                        ]
                    }
                ]
            }
        ]
    },
    {
        "type": "message",
        "text": "hopefully we’ll start to see demand pick up as excitement\/buzz around 0.19 starts",
        "user": "U3DFNEW5A",
        "ts": "1519869318.000206",
        "team": "T0CJ5UNHK",
        "user_team": "T0CJ5UNHK",
        "source_team": "T0CJ5UNHK",
        "user_profile": {
            "avatar_hash": "gd778043b9c0",
            "image_72": "https:\/\/secure.gravatar.com\/avatar\/9d778043b9c008cf3f5c6bc52e648c53.jpg?s=72&d=https%3A%2F%2Fa.slack-edge.com%2Fdf10d%2Fimg%2Favatars%2Fava_0011-72.png",
            "first_name": "Joe",
            "real_name": "Joe Fiorini",
            "display_name": "joefiorini",
            "team": "T0CJ5UNHK",
            "name": "joefiorini",
            "is_restricted": false,
            "is_ultra_restricted": false
        },
        "blocks": [
            {
                "type": "rich_text",
                "block_id": "HL91",
                "elements": [
                    {
                        "type": "rich_text_section",
                        "elements": [
                            {
                                "type": "text",
                                "text": "hopefully we’ll start to see demand pick up as excitement\/buzz around 0.19 starts"
                            }
                        ]
                    }
                ]
            }
        ]
    },
    {
        "type": "message",
        "text": "anecdotally, the couple of people who've DM'd me here re: my posting have themselves been based in Europe which is interesting",
        "user": "U7WCPEBJ6",
        "ts": "1519871487.000262",
        "team": "T0CJ5UNHK",
        "user_team": "T0CJ5UNHK",
        "source_team": "T0CJ5UNHK",
        "user_profile": {
            "avatar_hash": "gf3557c6f1e5",
            "image_72": "https:\/\/secure.gravatar.com\/avatar\/9f3557c6f1e51fc88cda4c966d0c5b94.jpg?s=72&d=https%3A%2F%2Fa.slack-edge.com%2Fdf10d%2Fimg%2Favatars%2Fava_0025-72.png",
            "first_name": "Ian",
            "real_name": "Ian Connolly",
            "display_name": "ianconnolly",
            "team": "T0CJ5UNHK",
            "name": "ian030",
            "is_restricted": false,
            "is_ultra_restricted": false
        },
        "blocks": [
            {
                "type": "rich_text",
                "block_id": "6eB",
                "elements": [
                    {
                        "type": "rich_text_section",
                        "elements": [
                            {
                                "type": "text",
                                "text": "anecdotally, the couple of people who've DM'd me here re: my posting have themselves been based in Europe which is interesting"
                            }
                        ]
                    }
                ]
            }
        ]
    },
    {
        "type": "message",
        "text": "i would again like to stress that the above posting for the well-paid job at a well-funded startup working on a new programming language + editor + *aaS in SF working in OCaml + Elm is still valid :wink:",
        "user": "U7WCPEBJ6",
        "ts": "1519871612.000261",
        "team": "T0CJ5UNHK",
        "user_team": "T0CJ5UNHK",
        "source_team": "T0CJ5UNHK",
        "user_profile": {
            "avatar_hash": "gf3557c6f1e5",
            "image_72": "https:\/\/secure.gravatar.com\/avatar\/9f3557c6f1e51fc88cda4c966d0c5b94.jpg?s=72&d=https%3A%2F%2Fa.slack-edge.com%2Fdf10d%2Fimg%2Favatars%2Fava_0025-72.png",
            "first_name": "Ian",
            "real_name": "Ian Connolly",
            "display_name": "ianconnolly",
            "team": "T0CJ5UNHK",
            "name": "ian030",
            "is_restricted": false,
            "is_ultra_restricted": false
        },
        "blocks": [
            {
                "type": "rich_text",
                "block_id": "nWr",
                "elements": [
                    {
                        "type": "rich_text_section",
                        "elements": [
                            {
                                "type": "text",
                                "text": "i would again like to stress that the above posting for the well-paid job at a well-funded startup working on a new programming language + editor + *aaS in SF working in OCaml + Elm is still valid "
                            },
                            {
                                "type": "emoji",
                                "name": "wink",
                                "unicode": "1f609"
                            }
                        ]
                    }
                ]
            }
        ]
    },
    {
        "type": "message",
        "text": "(no previous knowledge of either required, looking for deep front-end expertise and a curiosity about PLs\/infra)",
        "user": "U7WCPEBJ6",
        "ts": "1519871700.000117",
        "team": "T0CJ5UNHK",
        "user_team": "T0CJ5UNHK",
        "source_team": "T0CJ5UNHK",
        "user_profile": {
            "avatar_hash": "gf3557c6f1e5",
            "image_72": "https:\/\/secure.gravatar.com\/avatar\/9f3557c6f1e51fc88cda4c966d0c5b94.jpg?s=72&d=https%3A%2F%2Fa.slack-edge.com%2Fdf10d%2Fimg%2Favatars%2Fava_0025-72.png",
            "first_name": "Ian",
            "real_name": "Ian Connolly",
            "display_name": "ianconnolly",
            "team": "T0CJ5UNHK",
            "name": "ian030",
            "is_restricted": false,
            "is_ultra_restricted": false
        },
        "blocks": [
            {
                "type": "rich_text",
                "block_id": "eg0",
                "elements": [
                    {
                        "type": "rich_text_section",
                        "elements": [
                            {
                                "type": "text",
                                "text": "(no previous knowledge of either required, looking for deep front-end expertise and a curiosity about PLs\/infra)"
                            }
                        ]
                    }
                ]
            }
        ]
    },
    {
        "type": "message",
        "text": "<@U7WCPEBJ6> your concept is almost making me wish moving was an option, but best of luck, it’s a problem I’ve been giving some serious thought to as well",
        "user": "U3DFNEW5A",
        "ts": "1519872063.000230",
        "team": "T0CJ5UNHK",
        "user_team": "T0CJ5UNHK",
        "source_team": "T0CJ5UNHK",
        "user_profile": {
            "avatar_hash": "gd778043b9c0",
            "image_72": "https:\/\/secure.gravatar.com\/avatar\/9d778043b9c008cf3f5c6bc52e648c53.jpg?s=72&d=https%3A%2F%2Fa.slack-edge.com%2Fdf10d%2Fimg%2Favatars%2Fava_0011-72.png",
            "first_name": "Joe",
            "real_name": "Joe Fiorini",
            "display_name": "joefiorini",
            "team": "T0CJ5UNHK",
            "name": "joefiorini",
            "is_restricted": false,
            "is_ultra_restricted": false
        },
        "blocks": [
            {
                "type": "rich_text",
                "block_id": "iZLq",
                "elements": [
                    {
                        "type": "rich_text_section",
                        "elements": [
                            {
                                "type": "user",
                                "user_id": "U7WCPEBJ6"
                            },
                            {
                                "type": "text",
                                "text": " your concept is almost making me wish moving was an option, but best of luck, it’s a problem I’ve been giving some serious thought to as well"
                            }
                        ]
                    }
                ]
            }
        ]
    },
    {
        "type": "message",
        "text": "aw, thanks! it's a super interesting space, lots of people thinking about it from various angles atm.",
        "user": "U7WCPEBJ6",
        "ts": "1519872732.000034",
        "team": "T0CJ5UNHK",
        "user_team": "T0CJ5UNHK",
        "source_team": "T0CJ5UNHK",
        "user_profile": {
            "avatar_hash": "gf3557c6f1e5",
            "image_72": "https:\/\/secure.gravatar.com\/avatar\/9f3557c6f1e51fc88cda4c966d0c5b94.jpg?s=72&d=https%3A%2F%2Fa.slack-edge.com%2Fdf10d%2Fimg%2Favatars%2Fava_0025-72.png",
            "first_name": "Ian",
            "real_name": "Ian Connolly",
            "display_name": "ianconnolly",
            "team": "T0CJ5UNHK",
            "name": "ian030",
            "is_restricted": false,
            "is_ultra_restricted": false
        },
        "blocks": [
            {
                "type": "rich_text",
                "block_id": "HrGYX",
                "elements": [
                    {
                        "type": "rich_text_section",
                        "elements": [
                            {
                                "type": "text",
                                "text": "aw, thanks! it's a super interesting space, lots of people thinking about it from various angles atm."
                            }
                        ]
                    }
                ]
            }
        ]
    }
]