[
    {
        "client_msg_id": "4c83c9be-f9f6-4cbe-9ba5-904593617300",
        "type": "message",
        "text": "thx!",
        "user": "U0LFFASSV",
        "ts": "1535190037.000100",
        "team": "T0CJ5UNHK",
        "user_team": "T0CJ5UNHK",
        "source_team": "T0CJ5UNHK",
        "user_profile": {
            "avatar_hash": "g9d605cfb474",
            "image_72": "https:\/\/secure.gravatar.com\/avatar\/39d605cfb4744f4c5ef4009bb630fa9a.jpg?s=72&d=https%3A%2F%2Fa.slack-edge.com%2Fdf10d%2Fimg%2Favatars%2Fava_0010-72.png",
            "first_name": "",
            "real_name": "turbo_mack",
            "display_name": "",
            "team": "T0CJ5UNHK",
            "name": "turbo_mack",
            "is_restricted": false,
            "is_ultra_restricted": false
        },
        "blocks": [
            {
                "type": "rich_text",
                "block_id": "FCk\/+",
                "elements": [
                    {
                        "type": "rich_text_section",
                        "elements": [
                            {
                                "type": "text",
                                "text": "thx!"
                            }
                        ]
                    }
                ]
            }
        ],
        "thread_ts": "1535002202.000100",
        "parent_user_id": "U0LFFASSV"
    },
    {
        "client_msg_id": "c2154ade-c118-4666-b14f-2cbad60b20e9",
        "type": "message",
        "text": "Looks awesome",
        "user": "U1890CB1U",
        "ts": "1535226859.000100",
        "team": "T0CJ5UNHK",
        "user_team": "T0CJ5UNHK",
        "source_team": "T0CJ5UNHK",
        "user_profile": {
            "avatar_hash": "g19ffe9ace64",
            "image_72": "https:\/\/secure.gravatar.com\/avatar\/219ffe9ace64c5a1f4bfec5ff3076137.jpg?s=72&d=https%3A%2F%2Fa.slack-edge.com%2Fdf10d%2Fimg%2Favatars%2Fava_0022-72.png",
            "first_name": "Ashish",
            "real_name": "Ashish Chandwani",
            "display_name": "ashishsc",
            "team": "T0CJ5UNHK",
            "name": "ashishsc",
            "is_restricted": false,
            "is_ultra_restricted": false
        },
        "blocks": [
            {
                "type": "rich_text",
                "block_id": "a=c",
                "elements": [
                    {
                        "type": "rich_text_section",
                        "elements": [
                            {
                                "type": "text",
                                "text": "Looks awesome"
                            }
                        ]
                    }
                ]
            }
        ],
        "thread_ts": "1535132772.000100",
        "parent_user_id": "U1YUR8HRN",
        "reactions": [
            {
                "name": "pray::skin-tone-5",
                "users": [
                    "U1YUR8HRN"
                ],
                "count": 1
            }
        ]
    }
]