[
    {
        "client_msg_id": "e2bc7106-5637-43c4-abf2-fbcf50421496",
        "type": "message",
        "text": "PinMeTo | Malmö\/Sweden | Full stack developer | On-site\nPinMeTo is a Marketing technology platform for multi location businesses to reach local customers and drive sales from online platforms.\n<https:\/\/www.pinmeto.com\/2018\/07\/04\/we-are-hiring-elixir-elm-mongodb-neo4j-node-js-angularjs\/>",
        "user": "U2FPAM2NP",
        "ts": "1538159915.000100",
        "team": "T0CJ5UNHK",
        "user_team": "T0CJ5UNHK",
        "source_team": "T0CJ5UNHK",
        "user_profile": {
            "avatar_hash": "394c2e08675c",
            "image_72": "https:\/\/avatars.slack-edge.com\/2018-09-28\/445302641428_394c2e08675c2108b899_72.jpg",
            "first_name": "Fredrik",
            "real_name": "Fredrik Leijon",
            "display_name": "fredrik",
            "team": "T0CJ5UNHK",
            "name": "fredrik",
            "is_restricted": false,
            "is_ultra_restricted": false
        },
        "blocks": [
            {
                "type": "rich_text",
                "block_id": "o1B",
                "elements": [
                    {
                        "type": "rich_text_section",
                        "elements": [
                            {
                                "type": "text",
                                "text": "PinMeTo | Malmö\/Sweden | Full stack developer | On-site\nPinMeTo is a Marketing technology platform for multi location businesses to reach local customers and drive sales from online platforms.\n"
                            },
                            {
                                "type": "link",
                                "url": "https:\/\/www.pinmeto.com\/2018\/07\/04\/we-are-hiring-elixir-elm-mongodb-neo4j-node-js-angularjs\/"
                            }
                        ]
                    }
                ]
            }
        ],
        "reactions": [
            {
                "name": "clap",
                "users": [
                    "U0KD3QGTV"
                ],
                "count": 1
            }
        ]
    },
    {
        "client_msg_id": "8067dd66-88fa-4732-be2c-dfca6fdfd9fa",
        "type": "message",
        "text": "Opolis |  Denver, CO  - Remote friendly | Mid-Senior Dev keen on Elm\/Haskell\/Blockchain\n\nHello! Opolis is hiring for a full time mid-to-senior level software engineer. We’re located in the beautiful front range of Colorado, we have an office in Denver, and are very flexible with remote work. We use Haskell + Elm + Ethereum\/Soldiity, all on top of AWS (serverless). I am the author of elm-ethereum, as well as organizer of a couple blockchain meetups in the Denver area. Visit <http:\/\/opolis.co|opolis.co> to find out more about the company. We are also the company behind <http:\/\/ethdenver.com|ethdenver.com>, one of the largest blockchain hackathons.\n\nMessage me if you’re interested, thanks!",
        "user": "U2H92KKEY",
        "ts": "1538166838.000100",
        "team": "T0CJ5UNHK",
        "user_team": "T0CJ5UNHK",
        "source_team": "T0CJ5UNHK",
        "user_profile": {
            "avatar_hash": "01b1d5baeab8",
            "image_72": "https:\/\/avatars.slack-edge.com\/2017-02-14\/141673986804_01b1d5baeab898da7ed7_72.png",
            "first_name": "Coury",
            "real_name": "Coury Ditch",
            "display_name": "cmditch",
            "team": "T0CJ5UNHK",
            "name": "cmditch",
            "is_restricted": false,
            "is_ultra_restricted": false
        },
        "edited": {
            "user": "U2H92KKEY",
            "ts": "1538495847.000000"
        },
        "blocks": [
            {
                "type": "rich_text",
                "block_id": "xVqv",
                "elements": [
                    {
                        "type": "rich_text_section",
                        "elements": [
                            {
                                "type": "text",
                                "text": "Opolis |  Denver, CO  - Remote friendly | Mid-Senior Dev keen on Elm\/Haskell\/Blockchain\n\nHello! Opolis is hiring for a full time mid-to-senior level software engineer. We’re located in the beautiful front range of Colorado, we have an office in Denver, and are very flexible with remote work. We use Haskell + Elm + Ethereum\/Soldiity, all on top of AWS (serverless). I am the author of elm-ethereum, as well as organizer of a couple blockchain meetups in the Denver area. Visit "
                            },
                            {
                                "type": "link",
                                "url": "http:\/\/opolis.co",
                                "text": "opolis.co"
                            },
                            {
                                "type": "text",
                                "text": " to find out more about the company. We are also the company behind "
                            },
                            {
                                "type": "link",
                                "url": "http:\/\/ethdenver.com",
                                "text": "ethdenver.com"
                            },
                            {
                                "type": "text",
                                "text": ", one of the largest blockchain hackathons.\n\nMessage me if you’re interested, thanks!"
                            }
                        ]
                    }
                ]
            }
        ],
        "thread_ts": "1538166838.000100",
        "reply_count": 2,
        "reply_users_count": 2,
        "latest_reply": "1538495767.000100",
        "reply_users": [
            "U17MNKY3H",
            "U2H92KKEY"
        ],
        "replies": [
            {
                "user": "U17MNKY3H",
                "ts": "1538298179.000100"
            },
            {
                "user": "U2H92KKEY",
                "ts": "1538495767.000100"
            }
        ],
        "is_locked": false,
        "subscribed": false
    }
]