[
    {
        "client_msg_id": "d850019d-8282-4cd0-94e7-0fe10fc30927",
        "type": "message",
        "text": "*Elm Developer Wanted*\nWe are hiring a web developer to join our remote Berlin\/Swiss team. We are are a multi-project startup based in Berlin and Switzerland and our team is made up of developers committed to supporting and implementing next-generation technologies in order to build progressive web applications.\n\nYou will work mainly on an Elm PWA for the region Engadin, connected to a new (myData driven) tourist platform. The App is as well part of a new OSS\/open-knowledge platform for the Engadin. So be prepared to work with linked data :wink:\n\nBasic Qualifications:\n- Experience and fluency in Web Technologies.\n- Remote work: Self-motivated to prioritize and manage workload and to meet deadlines.\n\nPreferred Qualifications:\n- Experience in Elm\n\npm for more information!",
        "user": "U190N461Y",
        "ts": "1563871145.001800",
        "team": "T0CJ5UNHK",
        "user_team": "T0CJ5UNHK",
        "source_team": "T0CJ5UNHK",
        "user_profile": {
            "avatar_hash": "geeec931eef4",
            "image_72": "https:\/\/secure.gravatar.com\/avatar\/9eeec931eef4c087940d7954099f9114.jpg?s=72&d=https%3A%2F%2Fa.slack-edge.com%2Fdf10d%2Fimg%2Favatars%2Fava_0019-72.png",
            "first_name": "fillidefilla",
            "real_name": "fillidefilla",
            "display_name": "fillidefilla",
            "team": "T0CJ5UNHK",
            "name": "fabio",
            "is_restricted": false,
            "is_ultra_restricted": false
        },
        "edited": {
            "user": "U190N461Y",
            "ts": "1563871226.000000"
        },
        "blocks": [
            {
                "type": "rich_text",
                "block_id": "Fedy",
                "elements": [
                    {
                        "type": "rich_text_section",
                        "elements": [
                            {
                                "type": "text",
                                "text": "Elm Developer Wanted",
                                "style": {
                                    "bold": true
                                }
                            },
                            {
                                "type": "text",
                                "text": "\nWe are hiring a web developer to join our remote Berlin\/Swiss team. We are are a multi-project startup based in Berlin and Switzerland and our team is made up of developers committed to supporting and implementing next-generation technologies in order to build progressive web applications.\n\nYou will work mainly on an Elm PWA for the region Engadin, connected to a new (myData driven) tourist platform. The App is as well part of a new OSS\/open-knowledge platform for the Engadin. So be prepared to work with linked data "
                            },
                            {
                                "type": "emoji",
                                "name": "wink",
                                "unicode": "1f609"
                            },
                            {
                                "type": "text",
                                "text": "\n\nBasic Qualifications:\n- Experience and fluency in Web Technologies.\n- Remote work: Self-motivated to prioritize and manage workload and to meet deadlines.\n\nPreferred Qualifications:\n- Experience in Elm\n\npm for more information!"
                            }
                        ]
                    }
                ]
            }
        ],
        "thread_ts": "1563871145.001800",
        "reply_count": 3,
        "reply_users_count": 3,
        "latest_reply": "1564055432.007000",
        "reply_users": [
            "U4G0M9E6Q",
            "UB2U8JBTM",
            "U190N461Y"
        ],
        "replies": [
            {
                "user": "U4G0M9E6Q",
                "ts": "1563885834.002100"
            },
            {
                "user": "UB2U8JBTM",
                "ts": "1563892612.002700"
            },
            {
                "user": "U190N461Y",
                "ts": "1564055432.007000"
            }
        ],
        "is_locked": false,
        "subscribed": false
    },
    {
        "client_msg_id": "89df8e7d-34bb-4d0b-a1a0-abc1c2371509",
        "type": "message",
        "text": "there is also a <#C0MGUUJN9|berlin> channel.",
        "user": "U4G0M9E6Q",
        "ts": "1563885834.002100",
        "team": "T0CJ5UNHK",
        "user_team": "T0CJ5UNHK",
        "source_team": "T0CJ5UNHK",
        "user_profile": {
            "avatar_hash": "b23fd2a80789",
            "image_72": "https:\/\/avatars.slack-edge.com\/2020-09-03\/1341003558562_b23fd2a8078906b8b8b5_72.jpg",
            "first_name": "Erkal",
            "real_name": "Erkal Selman",
            "display_name": "erkalselman",
            "team": "T0CJ5UNHK",
            "name": "erkalselman",
            "is_restricted": false,
            "is_ultra_restricted": false
        },
        "blocks": [
            {
                "type": "rich_text",
                "block_id": "W1R",
                "elements": [
                    {
                        "type": "rich_text_section",
                        "elements": [
                            {
                                "type": "text",
                                "text": "there is also a "
                            },
                            {
                                "type": "channel",
                                "channel_id": "C0MGUUJN9"
                            },
                            {
                                "type": "text",
                                "text": " channel."
                            }
                        ]
                    }
                ]
            }
        ],
        "thread_ts": "1563871145.001800",
        "parent_user_id": "U190N461Y",
        "reactions": [
            {
                "name": "+1",
                "users": [
                    "U190N461Y",
                    "ULZFD85AT"
                ],
                "count": 2
            }
        ]
    },
    {
        "client_msg_id": "b86e3546-9ec8-46a8-a512-f0022338ff5e",
        "type": "message",
        "text": "Are you interested in remote developers from outside the EU?",
        "user": "UB2U8JBTM",
        "ts": "1563892612.002700",
        "team": "T0CJ5UNHK",
        "user_team": "T0CJ5UNHK",
        "source_team": "T0CJ5UNHK",
        "user_profile": {
            "avatar_hash": "8d96bb23f39b",
            "image_72": "https:\/\/avatars.slack-edge.com\/2019-06-28\/679880886197_8d96bb23f39b7ef128c3_72.jpg",
            "first_name": "Ben",
            "real_name": "Ben",
            "display_name": "progger",
            "team": "T0CJ5UNHK",
            "name": "bburdette",
            "is_restricted": false,
            "is_ultra_restricted": false
        },
        "blocks": [
            {
                "type": "rich_text",
                "block_id": "NEQl",
                "elements": [
                    {
                        "type": "rich_text_section",
                        "elements": [
                            {
                                "type": "text",
                                "text": "Are you interested in remote developers from outside the EU?"
                            }
                        ]
                    }
                ]
            }
        ],
        "thread_ts": "1563871145.001800",
        "parent_user_id": "U190N461Y",
        "reactions": [
            {
                "name": "point_up_2",
                "users": [
                    "UFJAQK4Q3",
                    "U2ZKEFM9V"
                ],
                "count": 2
            }
        ]
    }
]