[
    {
        "client_msg_id": "69fff576-fa7e-4762-ba0c-d7e95f0dbd48",
        "type": "message",
        "text": "<@U1NDHS741> interesting you guys are using Tailwind, did you write any Elm wrappers on top of that?",
        "user": "UARRVTL1H",
        "ts": "1557871141.037800",
        "team": "T0CJ5UNHK",
        "user_team": "T0CJ5UNHK",
        "source_team": "T0CJ5UNHK",
        "user_profile": {
            "avatar_hash": "ga812c9d06e0",
            "image_72": "https:\/\/secure.gravatar.com\/avatar\/2a812c9d06e0a83559f2a4f49dd99568.jpg?s=72&d=https%3A%2F%2Fa.slack-edge.com%2Fdf10d%2Fimg%2Favatars%2Fava_0017-72.png",
            "first_name": "Berend",
            "real_name": "Berend de Boer",
            "display_name": "",
            "team": "T0CJ5UNHK",
            "name": "berend",
            "is_restricted": false,
            "is_ultra_restricted": false
        },
        "blocks": [
            {
                "type": "rich_text",
                "block_id": "trz",
                "elements": [
                    {
                        "type": "rich_text_section",
                        "elements": [
                            {
                                "type": "user",
                                "user_id": "U1NDHS741"
                            },
                            {
                                "type": "text",
                                "text": " interesting you guys are using Tailwind, did you write any Elm wrappers on top of that?"
                            }
                        ]
                    }
                ]
            }
        ]
    },
    {
        "type": "message",
        "subtype": "slackbot_response",
        "text": "Terms like _guys_ can make people feel like they're being left out! :scream: Let _everyone_ and all the _folks_ know you're talking to them! :hearts: :robot_face:",
        "user": "USLACKBOT",
        "ts": "1557871142.037900"
    },
    {
        "client_msg_id": "ac1a49fa-f792-47af-a1da-885a64dfcd7d",
        "type": "message",
        "text": "<@UARRVTL1H> No, we had an external design team come in unfamiliar with Elm, and familiar (more than us) with Tailwind. They picked up Elm quickly and just used the classes directly in the Elm view.",
        "user": "U1NDHS741",
        "ts": "1557875835.039700",
        "team": "T0CJ5UNHK",
        "user_team": "T0CJ5UNHK",
        "source_team": "T0CJ5UNHK",
        "user_profile": {
            "avatar_hash": "g45355cfdc64",
            "image_72": "https:\/\/secure.gravatar.com\/avatar\/b45355cfdc64d509b8cbfe2d5789ee94.jpg?s=72&d=https%3A%2F%2Fa.slack-edge.com%2Fdf10d%2Fimg%2Favatars%2Fava_0002-72.png",
            "first_name": "Adam",
            "real_name": "Adam Davies",
            "display_name": "adz",
            "team": "T0CJ5UNHK",
            "name": "adz",
            "is_restricted": false,
            "is_ultra_restricted": false
        },
        "blocks": [
            {
                "type": "rich_text",
                "block_id": "\/1QN4",
                "elements": [
                    {
                        "type": "rich_text_section",
                        "elements": [
                            {
                                "type": "user",
                                "user_id": "UARRVTL1H"
                            },
                            {
                                "type": "text",
                                "text": " No, we had an external design team come in unfamiliar with Elm, and familiar (more than us) with Tailwind. They picked up Elm quickly and just used the classes directly in the Elm view."
                            }
                        ]
                    }
                ]
            }
        ]
    },
    {
        "client_msg_id": "b9713d89-f439-4019-8b19-f6be9066df1a",
        "type": "message",
        "text": "You think Tailwind was a good choice? I'm considering it for a project at the moment.",
        "user": "UARRVTL1H",
        "ts": "1557875911.040300",
        "team": "T0CJ5UNHK",
        "user_team": "T0CJ5UNHK",
        "source_team": "T0CJ5UNHK",
        "user_profile": {
            "avatar_hash": "ga812c9d06e0",
            "image_72": "https:\/\/secure.gravatar.com\/avatar\/2a812c9d06e0a83559f2a4f49dd99568.jpg?s=72&d=https%3A%2F%2Fa.slack-edge.com%2Fdf10d%2Fimg%2Favatars%2Fava_0017-72.png",
            "first_name": "Berend",
            "real_name": "Berend de Boer",
            "display_name": "",
            "team": "T0CJ5UNHK",
            "name": "berend",
            "is_restricted": false,
            "is_ultra_restricted": false
        },
        "blocks": [
            {
                "type": "rich_text",
                "block_id": "bW8",
                "elements": [
                    {
                        "type": "rich_text_section",
                        "elements": [
                            {
                                "type": "text",
                                "text": "You think Tailwind was a good choice? I'm considering it for a project at the moment."
                            }
                        ]
                    }
                ]
            }
        ],
        "thread_ts": "1557875911.040300",
        "reply_count": 1,
        "reply_users_count": 1,
        "latest_reply": "1557884154.043500",
        "reply_users": [
            "UC08HHPAM"
        ],
        "replies": [
            {
                "user": "UC08HHPAM",
                "ts": "1557884154.043500"
            }
        ],
        "is_locked": false,
        "subscribed": false
    },
    {
        "client_msg_id": "25df5b3a-0b9b-49f0-b3c0-7be5deea01f6",
        "type": "message",
        "text": "there is <https:\/\/package.elm-lang.org\/packages\/afidegnum\/elm-tailwind\/latest\/> but no idea how good that is",
        "user": "U3207UZA8",
        "ts": "1557877948.040800",
        "team": "T0CJ5UNHK",
        "user_team": "T0CJ5UNHK",
        "source_team": "T0CJ5UNHK",
        "user_profile": {
            "avatar_hash": "7aafb68ef703",
            "image_72": "https:\/\/avatars.slack-edge.com\/2018-11-26\/487972908994_7aafb68ef703f94fa249_72.jpg",
            "first_name": "Kolja",
            "real_name": "Kolja Lampe",
            "display_name": "razzeee",
            "team": "T0CJ5UNHK",
            "name": "razzeee",
            "is_restricted": false,
            "is_ultra_restricted": false
        },
        "blocks": [
            {
                "type": "rich_text",
                "block_id": "1VAoK",
                "elements": [
                    {
                        "type": "rich_text_section",
                        "elements": [
                            {
                                "type": "text",
                                "text": "there is "
                            },
                            {
                                "type": "link",
                                "url": "https:\/\/package.elm-lang.org\/packages\/afidegnum\/elm-tailwind\/latest\/"
                            },
                            {
                                "type": "text",
                                "text": " but no idea how good that is"
                            }
                        ]
                    }
                ]
            }
        ],
        "reactions": [
            {
                "name": "+1",
                "users": [
                    "UARRVTL1H"
                ],
                "count": 1
            }
        ]
    },
    {
        "client_msg_id": "37be4f00-8a2d-4ec3-bdf6-70211f4964da",
        "type": "message",
        "text": "i had a very pleasant experience with tachyons a couple of months ago which has a similar approach i think. going away from pre-styled components to a more modular structure seemed to speed things up for me. so i think its a good choice probably. since i discovered elm-ui i didn’t look back though :slightly_smiling_face:",
        "user": "UC08HHPAM",
        "ts": "1557884154.043500",
        "team": "T0CJ5UNHK",
        "user_team": "T0CJ5UNHK",
        "source_team": "T0CJ5UNHK",
        "user_profile": {
            "avatar_hash": "d78b7503649e",
            "image_72": "https:\/\/avatars.slack-edge.com\/2019-03-30\/595285601142_d78b7503649e29686e8d_72.jpg",
            "first_name": "Joshua",
            "real_name": "Joshua Peschke",
            "display_name": "eulervoid",
            "team": "T0CJ5UNHK",
            "name": "josh486",
            "is_restricted": false,
            "is_ultra_restricted": false
        },
        "blocks": [
            {
                "type": "rich_text",
                "block_id": "XVK",
                "elements": [
                    {
                        "type": "rich_text_section",
                        "elements": [
                            {
                                "type": "text",
                                "text": "i had a very pleasant experience with tachyons a couple of months ago which has a similar approach i think. going away from pre-styled components to a more modular structure seemed to speed things up for me. so i think its a good choice probably. since i discovered elm-ui i didn’t look back though "
                            },
                            {
                                "type": "emoji",
                                "name": "slightly_smiling_face",
                                "unicode": "1f642"
                            }
                        ]
                    }
                ]
            }
        ],
        "thread_ts": "1557875911.040300",
        "parent_user_id": "UARRVTL1H"
    },
    {
        "client_msg_id": "bd5f0f9f-12c5-44d9-9bd4-31259141da35",
        "type": "message",
        "text": "<@UARRVTL1H> It was a good choice for us, since 1) most visual elements were custom designed without much overlap and 2) the designers could pretty much own it without knowing Elm very well at all.\n\nIt was useful to use repeating `class` functions so you could sort of group some tailwind classes (i.e. positional vs other) and `classList` for classes you want to switch on\/off based on something. You can use both and the resultant classes all concatenate together.\n\nIf it was just me, I'm not sure. I'd probably go for elm-ui since I don't find CSS flex\/grid layouts so intuitive.",
        "user": "U1NDHS741",
        "ts": "1557895477.049000",
        "team": "T0CJ5UNHK",
        "user_team": "T0CJ5UNHK",
        "source_team": "T0CJ5UNHK",
        "user_profile": {
            "avatar_hash": "g45355cfdc64",
            "image_72": "https:\/\/secure.gravatar.com\/avatar\/b45355cfdc64d509b8cbfe2d5789ee94.jpg?s=72&d=https%3A%2F%2Fa.slack-edge.com%2Fdf10d%2Fimg%2Favatars%2Fava_0002-72.png",
            "first_name": "Adam",
            "real_name": "Adam Davies",
            "display_name": "adz",
            "team": "T0CJ5UNHK",
            "name": "adz",
            "is_restricted": false,
            "is_ultra_restricted": false
        },
        "blocks": [
            {
                "type": "rich_text",
                "block_id": "0QGYd",
                "elements": [
                    {
                        "type": "rich_text_section",
                        "elements": [
                            {
                                "type": "user",
                                "user_id": "UARRVTL1H"
                            },
                            {
                                "type": "text",
                                "text": " It was a good choice for us, since 1) most visual elements were custom designed without much overlap and 2) the designers could pretty much own it without knowing Elm very well at all.\n\nIt was useful to use repeating "
                            },
                            {
                                "type": "text",
                                "text": "class",
                                "style": {
                                    "code": true
                                }
                            },
                            {
                                "type": "text",
                                "text": " functions so you could sort of group some tailwind classes (i.e. positional vs other) and "
                            },
                            {
                                "type": "text",
                                "text": "classList",
                                "style": {
                                    "code": true
                                }
                            },
                            {
                                "type": "text",
                                "text": " for classes you want to switch on\/off based on something. You can use both and the resultant classes all concatenate together.\n\nIf it was just me, I'm not sure. I'd probably go for elm-ui since I don't find CSS flex\/grid layouts so intuitive."
                            }
                        ]
                    }
                ]
            }
        ],
        "reactions": [
            {
                "name": "+1",
                "users": [
                    "UARRVTL1H"
                ],
                "count": 1
            }
        ]
    }
]