[
    {
        "client_msg_id": "d033ccda-d6a1-415a-aee4-c2e65a4fef42",
        "type": "message",
        "text": "| seeking work | The Hague \/ Contract \/ Remote | Fullstack Elm\/TypeScript\/GraphQL\/Kotlin, Background in graphic design\nI'm looking for an opportunity to work with Elm.\nI have recently launched a fairly large project, the frontend of which is almost entierly written in Elm: <https:\/\/thesisproject.us\/>\nA selection of projects I've worked on and more information about me is available at <https:\/\/krks.info>\nMy CV at: <https:\/\/krks.info\/files\/CV-Gabor-Kerekes.pdf>\nWhile I would prefer a contract-based or remote job, I'm also open to consider other opportunities near The Hague \/ Amsterdam \/ Rotterdam, or even relocation within Europe.\n:peace:",
        "user": "U73H53K9N",
        "ts": "1548017669.062500",
        "team": "T0CJ5UNHK",
        "user_team": "T0CJ5UNHK",
        "source_team": "T0CJ5UNHK",
        "user_profile": {
            "avatar_hash": "2756dae7a582",
            "image_72": "https:\/\/avatars.slack-edge.com\/2021-10-03\/2572785860273_2756dae7a582470e2a59_72.jpg",
            "first_name": "Gabor",
            "real_name": "Gabor Kerekes",
            "display_name": "gabor",
            "team": "T0CJ5UNHK",
            "name": "krks.gbr",
            "is_restricted": false,
            "is_ultra_restricted": false
        },
        "edited": {
            "user": "U73H53K9N",
            "ts": "1548017692.000000"
        },
        "blocks": [
            {
                "type": "rich_text",
                "block_id": "I+4",
                "elements": [
                    {
                        "type": "rich_text_section",
                        "elements": [
                            {
                                "type": "text",
                                "text": "| seeking work | The Hague \/ Contract \/ Remote | Fullstack Elm\/TypeScript\/GraphQL\/Kotlin, Background in graphic design\nI'm looking for an opportunity to work with Elm.\nI have recently launched a fairly large project, the frontend of which is almost entierly written in Elm: "
                            },
                            {
                                "type": "link",
                                "url": "https:\/\/thesisproject.us\/"
                            },
                            {
                                "type": "text",
                                "text": "\nA selection of projects I've worked on and more information about me is available at "
                            },
                            {
                                "type": "link",
                                "url": "https:\/\/krks.info"
                            },
                            {
                                "type": "text",
                                "text": "\nMy CV at: "
                            },
                            {
                                "type": "link",
                                "url": "https:\/\/krks.info\/files\/CV-Gabor-Kerekes.pdf"
                            },
                            {
                                "type": "text",
                                "text": "\nWhile I would prefer a contract-based or remote job, I'm also open to consider other opportunities near The Hague \/ Amsterdam \/ Rotterdam, or even relocation within Europe.\n"
                            },
                            {
                                "type": "emoji",
                                "name": "peace"
                            }
                        ]
                    }
                ]
            }
        ],
        "thread_ts": "1548017669.062500",
        "reply_count": 2,
        "reply_users_count": 2,
        "latest_reply": "1548065178.064400",
        "reply_users": [
            "U0J8D9M2P",
            "U73H53K9N"
        ],
        "replies": [
            {
                "user": "U0J8D9M2P",
                "ts": "1548051054.064200"
            },
            {
                "user": "U73H53K9N",
                "ts": "1548065178.064400"
            }
        ],
        "is_locked": false,
        "subscribed": false,
        "reactions": [
            {
                "name": "+1",
                "users": [
                    "U2FN13XD4"
                ],
                "count": 1
            }
        ]
    },
    {
        "client_msg_id": "89381546-9BE5-48A7-8C42-3F58E3E2C34D",
        "type": "message",
        "text": "We are looking for onsite developer in Norway. Would you be interested to relocate?",
        "user": "U0J8D9M2P",
        "ts": "1548051054.064200",
        "team": "T0CJ5UNHK",
        "user_team": "T0CJ5UNHK",
        "source_team": "T0CJ5UNHK",
        "user_profile": {
            "avatar_hash": "g15c251f9eb0",
            "image_72": "https:\/\/secure.gravatar.com\/avatar\/115c251f9eb08a27b771219db85de4c0.jpg?s=72&d=https%3A%2F%2Fa.slack-edge.com%2Fdf10d%2Fimg%2Favatars%2Fava_0013-72.png",
            "first_name": "",
            "real_name": "akoppela",
            "display_name": "",
            "team": "T0CJ5UNHK",
            "name": "akoppela",
            "is_restricted": false,
            "is_ultra_restricted": false
        },
        "blocks": [
            {
                "type": "rich_text",
                "block_id": "kentc",
                "elements": [
                    {
                        "type": "rich_text_section",
                        "elements": [
                            {
                                "type": "text",
                                "text": "We are looking for onsite developer in Norway. Would you be interested to relocate?"
                            }
                        ]
                    }
                ]
            }
        ],
        "thread_ts": "1548017669.062500",
        "parent_user_id": "U73H53K9N"
    }
]