[
    {
        "client_msg_id": "520954b9-d85c-4d37-87ae-c74544a03e93",
        "type": "message",
        "text": "| Butternut Box | London, United Kingdom | Product Engineer |\n\nHi all, at Butternut Box, we create really high quality dog food, perfectly portioned for your dog, and delivered straight to your door. We are a company full of dog lovers who want to deliver a better experience for our customers, and we strongly believe that we can use technology to do this. We are looking for engineers to join our growing engineering team, and help build products and features in Elm and Rails (No experience in Rails, or indeed Elm required).\n\nWe’re looking for people passionate about dogs and building great customer experiences who want to help transform an arcane industry using some of the latest technology. If this sounds interesting:\n\n• Message me here for more info or email me at <mailto:niall@butternutbox.com|niall@butternutbox.com>\n• Check out our website: <https:\/\/butternutbox.com>\n• Most importantly, if you want to check out some of our furry office visitors, check out our instagram here: <https:\/\/www.instagram.com\/butternutbox\/> :dog:",
        "user": "UECFTVAH5",
        "ts": "1557919436.057400",
        "team": "T0CJ5UNHK",
        "user_team": "T0CJ5UNHK",
        "source_team": "T0CJ5UNHK",
        "user_profile": {
            "avatar_hash": "g29b68ecf4f2",
            "image_72": "https:\/\/secure.gravatar.com\/avatar\/629b68ecf4f21d05815674427c7cc09b.jpg?s=72&d=https%3A%2F%2Fa.slack-edge.com%2Fdf10d%2Fimg%2Favatars%2Fava_0013-72.png",
            "first_name": "",
            "real_name": "Niall Paterson",
            "display_name": "",
            "team": "T0CJ5UNHK",
            "name": "npaters",
            "is_restricted": false,
            "is_ultra_restricted": false
        },
        "attachments": [
            {
                "title": "Butternut Box | Freshly Prepared Dog Food Delivery",
                "title_link": "https:\/\/butternutbox.com\/",
                "text": "Butternut Box is the UK's home for fresh dog food delivery. All of our healthy, freshly prepared meals are delivered direct to your door. Made with human grade ingredients, and perfect for fussy eaters or sensitive tummies.",
                "fallback": "Butternut Box | Freshly Prepared Dog Food Delivery",
                "thumb_url": "https:\/\/d1qzwxap7t1x49.cloudfront.net\/assets\/og_social_image-82449b49038921cfd3b3e3c24df4609a1c03f111c90b8e4454ac5543cc41eedd.jpg",
                "from_url": "https:\/\/butternutbox.com\/",
                "thumb_width": 1200,
                "thumb_height": 630,
                "service_icon": "https:\/\/d1qzwxap7t1x49.cloudfront.net\/assets\/favicons\/apple-touch-icon-d0393ce43805568d0c707dc3f5dcf4552cb7005c174997abe931df1dbe3a63fa.png",
                "service_name": "butternutbox.com",
                "id": 1,
                "original_url": "https:\/\/butternutbox.com"
            },
            {
                "title": "Butternut Box (@butternutbox) • Instagram photos and videos",
                "title_link": "https:\/\/www.instagram.com\/butternutbox\/",
                "text": "16k Followers, 2,973 Following, 768 Posts - See Instagram photos and videos from Butternut Box (@butternutbox)",
                "fallback": "Butternut Box (@butternutbox) • Instagram photos and videos",
                "from_url": "https:\/\/www.instagram.com\/butternutbox\/",
                "thumb_url": "https:\/\/scontent-iad3-1.cdninstagram.com\/vp\/4ea76e46e60ff9a9ad5eeabe9d8290e9\/5D63305C\/t51.2885-19\/s150x150\/19380072_116314755640854_2690800176334897152_a.jpg?_nc_ht=scontent-iad3-1.cdninstagram.com",
                "thumb_width": 150,
                "thumb_height": 150,
                "service_icon": "https:\/\/www.instagram.com\/static\/images\/ico\/apple-touch-icon-76x76-precomposed.png\/4272e394f5ad.png",
                "service_name": "instagram.com",
                "id": 2,
                "original_url": "https:\/\/www.instagram.com\/butternutbox\/"
            }
        ],
        "blocks": [
            {
                "type": "rich_text",
                "block_id": "bWb",
                "elements": [
                    {
                        "type": "rich_text_section",
                        "elements": [
                            {
                                "type": "text",
                                "text": "| Butternut Box | London, United Kingdom | Product Engineer |\n\nHi all, at Butternut Box, we create really high quality dog food, perfectly portioned for your dog, and delivered straight to your door. We are a company full of dog lovers who want to deliver a better experience for our customers, and we strongly believe that we can use technology to do this. We are looking for engineers to join our growing engineering team, and help build products and features in Elm and Rails (No experience in Rails, or indeed Elm required).\n\nWe’re looking for people passionate about dogs and building great customer experiences who want to help transform an arcane industry using some of the latest technology. If this sounds interesting:\n\n• Message me here for more info or email me at "
                            },
                            {
                                "type": "link",
                                "url": "mailto:niall@butternutbox.com",
                                "text": "niall@butternutbox.com"
                            },
                            {
                                "type": "text",
                                "text": "\n• Check out our website: "
                            },
                            {
                                "type": "link",
                                "url": "https:\/\/butternutbox.com"
                            },
                            {
                                "type": "text",
                                "text": "\n• Most importantly, if you want to check out some of our furry office visitors, check out our instagram here: "
                            },
                            {
                                "type": "link",
                                "url": "https:\/\/www.instagram.com\/butternutbox\/"
                            },
                            {
                                "type": "text",
                                "text": " "
                            },
                            {
                                "type": "emoji",
                                "name": "dog",
                                "unicode": "1f436"
                            }
                        ]
                    }
                ]
            }
        ],
        "thread_ts": "1557919436.057400",
        "reply_count": 4,
        "reply_users_count": 3,
        "latest_reply": "1558131418.067500",
        "reply_users": [
            "UED9UCNL8",
            "UECFTVAH5",
            "UA50RDC79"
        ],
        "replies": [
            {
                "user": "UED9UCNL8",
                "ts": "1558099595.066100"
            },
            {
                "user": "UECFTVAH5",
                "ts": "1558101394.066500"
            },
            {
                "user": "UED9UCNL8",
                "ts": "1558101862.066900"
            },
            {
                "user": "UA50RDC79",
                "ts": "1558131418.067500"
            }
        ],
        "is_locked": false,
        "subscribed": false,
        "reactions": [
            {
                "name": "dog2",
                "users": [
                    "U5J0H2NS2",
                    "UECFTVAH5",
                    "UBABAH0UF",
                    "U2GCKJTC0",
                    "U0JD7JSUA"
                ],
                "count": 5
            }
        ]
    }
]