[
    {
        "client_msg_id": "56c9379e-1dd0-4639-8ab2-7ac06a00f109",
        "type": "message",
        "text": "Nothing to do with me, but I saw this one on jobserve - London based contract mentions Elm: <https:\/\/www.jobserve.com\/gb\/en\/search-jobs-in-City-of-London,-London,-United-Kingdom\/FULL-STACK-JS-DEVELOPER-CONTRACT-LONDON-C96433F3FE6269AAAF\/>",
        "user": "U1X0EELG3",
        "ts": "1563448377.082900",
        "team": "T0CJ5UNHK",
        "user_team": "T0CJ5UNHK",
        "source_team": "T0CJ5UNHK",
        "user_profile": {
            "avatar_hash": "b72ba28993ae",
            "image_72": "https:\/\/avatars.slack-edge.com\/2019-01-31\/539969680374_b72ba28993ae87a3db22_72.jpg",
            "first_name": "Rupert",
            "real_name": "Rupert Smith",
            "display_name": "rupertlssmith",
            "team": "T0CJ5UNHK",
            "name": "rupertlssmith",
            "is_restricted": false,
            "is_ultra_restricted": false
        },
        "attachments": [
            {
                "title": "  Full-Stack JS Developer - Contract - London  - City of London - July-16-2019 (HE20A) ",
                "title_link": "https:\/\/www.jobserve.com\/gb\/en\/search-jobs-in-City-of-London,-London,-United-Kingdom\/FULL-STACK-JS-DEVELOPER-CONTRACT-LONDON-C96433F3FE6269AAAF\/",
                "text": "Full Stack JS Developer Contract London City of London London United Kingdom (HE20A)",
                "fallback": "  Full-Stack JS Developer - Contract - London  - City of London - July-16-2019 (HE20A) ",
                "from_url": "https:\/\/www.jobserve.com\/gb\/en\/search-jobs-in-City-of-London,-London,-United-Kingdom\/FULL-STACK-JS-DEVELOPER-CONTRACT-LONDON-C96433F3FE6269AAAF\/",
                "service_icon": "https:\/\/www.jobserve.com\/favicon.ico",
                "service_name": "jobserve.com",
                "id": 1,
                "original_url": "https:\/\/www.jobserve.com\/gb\/en\/search-jobs-in-City-of-London,-London,-United-Kingdom\/FULL-STACK-JS-DEVELOPER-CONTRACT-LONDON-C96433F3FE6269AAAF\/"
            }
        ],
        "blocks": [
            {
                "type": "rich_text",
                "block_id": "Tod",
                "elements": [
                    {
                        "type": "rich_text_section",
                        "elements": [
                            {
                                "type": "text",
                                "text": "Nothing to do with me, but I saw this one on jobserve - London based contract mentions Elm: "
                            },
                            {
                                "type": "link",
                                "url": "https:\/\/www.jobserve.com\/gb\/en\/search-jobs-in-City-of-London,-London,-United-Kingdom\/FULL-STACK-JS-DEVELOPER-CONTRACT-LONDON-C96433F3FE6269AAAF\/"
                            }
                        ]
                    }
                ]
            }
        ]
    },
    {
        "client_msg_id": "56f63862-f441-4738-9908-e0ce5d4a51c8",
        "type": "message",
        "text": "o(1) Labs | San Francisco | Product Engineer (Front end) |\n\n*TLDR:* If you’ve got experience building beautiful frontends and want to work on an innovative team in SF, then check out the job post here (<http:\/\/bit.ly\/2XWVV1x>)\n\nO(1) Labs is committed to building a diverse, inclusive company. People of color, LGBTQ individuals, women, and people with disabilities are strongly encouraged to apply.\n\n*Requirements*\n3+ years working on product\nWillingness to work on-site in a San Francisco based office\nFamiliarity with functional programming, know your way around map and reduce.\nCSS chops, should be comfortable with Flexbox.\nExposure to a declarative frontend framework, such as React, Angular, Vue, Elm etc.Bonus: Experience with React Hooks or GraphQL\nExperience working on multiple collaborative projects with a product team containing at least one additional developer or designer.\n\n*Nice to have*\nExposure to working with cryptocurrencies\nExperience with ReasonML, OCaml, Elm, or Purescript\nEarly stage startup experience\nExperience with contributing to open source\n\nIf there’s any questions, just let me know",
        "user": "UKSEVTPJ4",
        "ts": "1563455744.085100",
        "team": "T0CJ5UNHK",
        "user_team": "T0CJ5UNHK",
        "source_team": "T0CJ5UNHK",
        "user_profile": {
            "avatar_hash": "54209f53cb0f",
            "image_72": "https:\/\/avatars.slack-edge.com\/2019-06-21\/672513195728_54209f53cb0fe6577835_72.jpg",
            "first_name": "",
            "real_name": "Josh",
            "display_name": "Josh",
            "team": "T0CJ5UNHK",
            "name": "josh.kaplan",
            "is_restricted": false,
            "is_ultra_restricted": false
        },
        "edited": {
            "user": "UKSEVTPJ4",
            "ts": "1563457244.000000"
        },
        "attachments": [
            {
                "service_name": "Functional Works",
                "title": "Product Engineer (Front End)  in San Francisco",
                "title_link": "http:\/\/bit.ly\/2XWVV1x",
                "text": "Product Engineer (Front End) in San Francisco, Competitive, React, Javascript - Build the frontend of Coda Protocol and this leading SF based start up",
                "fallback": "Functional Works: Product Engineer (Front End)  in San Francisco",
                "image_url": "https:\/\/functional.works-hub.com\/logos\/png\/functional.png",
                "fields": [
                    {
                        "title": "Salary &amp; Location",
                        "value": ":moneybag: Competitive :us: San Francisco, United States of America",
                        "short": true
                    },
                    {
                        "title": "Skills",
                        "value": ":rocket: React, Javascript",
                        "short": true
                    }
                ],
                "from_url": "http:\/\/bit.ly\/2XWVV1x",
                "image_width": 250,
                "image_height": 250,
                "image_bytes": 31330,
                "service_icon": "https:\/\/functional.works-hub.com\/favicons\/functional-32x32.png",
                "id": 1,
                "original_url": "http:\/\/bit.ly\/2XWVV1x"
            }
        ],
        "blocks": [
            {
                "type": "rich_text",
                "block_id": "Lpf",
                "elements": [
                    {
                        "type": "rich_text_section",
                        "elements": [
                            {
                                "type": "text",
                                "text": "o(1) Labs | San Francisco | Product Engineer (Front end) |\n\n"
                            },
                            {
                                "type": "text",
                                "text": "TLDR:",
                                "style": {
                                    "bold": true
                                }
                            },
                            {
                                "type": "text",
                                "text": " If you’ve got experience building beautiful frontends and want to work on an innovative team in SF, then check out the job post here ("
                            },
                            {
                                "type": "link",
                                "url": "http:\/\/bit.ly\/2XWVV1x"
                            },
                            {
                                "type": "text",
                                "text": ")\n\nO(1) Labs is committed to building a diverse, inclusive company. People of color, LGBTQ individuals, women, and people with disabilities are strongly encouraged to apply.\n\n"
                            },
                            {
                                "type": "text",
                                "text": "Requirements",
                                "style": {
                                    "bold": true
                                }
                            },
                            {
                                "type": "text",
                                "text": "\n3+ years working on product\nWillingness to work on-site in a San Francisco based office\nFamiliarity with functional programming, know your way around map and reduce.\nCSS chops, should be comfortable with Flexbox.\nExposure to a declarative frontend framework, such as React, Angular, Vue, Elm etc.Bonus: Experience with React Hooks or GraphQL\nExperience working on multiple collaborative projects with a product team containing at least one additional developer or designer.\n\n"
                            },
                            {
                                "type": "text",
                                "text": "Nice to have",
                                "style": {
                                    "bold": true
                                }
                            },
                            {
                                "type": "text",
                                "text": "\nExposure to working with cryptocurrencies\nExperience with ReasonML, OCaml, Elm, or Purescript\nEarly stage startup experience\nExperience with contributing to open source\n\nIf there’s any questions, just let me know"
                            }
                        ]
                    }
                ]
            }
        ],
        "thread_ts": "1563455744.085100",
        "reply_count": 6,
        "reply_users_count": 3,
        "latest_reply": "1563471818.086600",
        "reply_users": [
            "U0JUBLV8F",
            "UKSEVTPJ4",
            "U9J662F45"
        ],
        "replies": [
            {
                "user": "U0JUBLV8F",
                "ts": "1563456933.085300"
            },
            {
                "user": "U0JUBLV8F",
                "ts": "1563456960.085500"
            },
            {
                "user": "UKSEVTPJ4",
                "ts": "1563457032.085700"
            },
            {
                "user": "UKSEVTPJ4",
                "ts": "1563457039.085900"
            },
            {
                "user": "U0JUBLV8F",
                "ts": "1563457054.086100"
            },
            {
                "user": "U9J662F45",
                "ts": "1563471818.086600"
            }
        ],
        "is_locked": false,
        "subscribed": false
    },
    {
        "client_msg_id": "4ab5c45c-3aca-4cea-aa18-a79782414ff6",
        "type": "message",
        "text": "hi, does this job *use* Elm or are you just looking for Elm experience?",
        "user": "U0JUBLV8F",
        "ts": "1563456933.085300",
        "team": "T0CJ5UNHK",
        "user_team": "T0CJ5UNHK",
        "source_team": "T0CJ5UNHK",
        "user_profile": {
            "avatar_hash": "gca2f8814a85",
            "image_72": "https:\/\/secure.gravatar.com\/avatar\/fca2f8814a85e23af81f5553adbd4d62.jpg?s=72&d=https%3A%2F%2Fa.slack-edge.com%2Fdf10d%2Fimg%2Favatars%2Fava_0024-72.png",
            "first_name": "Brian",
            "real_name": "Brian Hicks",
            "display_name": "brianhicks",
            "team": "T0CJ5UNHK",
            "name": "brianhicks",
            "is_restricted": false,
            "is_ultra_restricted": false
        },
        "blocks": [
            {
                "type": "rich_text",
                "block_id": "8MwQ",
                "elements": [
                    {
                        "type": "rich_text_section",
                        "elements": [
                            {
                                "type": "text",
                                "text": "hi, does this job "
                            },
                            {
                                "type": "text",
                                "text": "use",
                                "style": {
                                    "bold": true
                                }
                            },
                            {
                                "type": "text",
                                "text": " Elm or are you just looking for Elm experience?"
                            }
                        ]
                    }
                ]
            }
        ],
        "thread_ts": "1563455744.085100",
        "parent_user_id": "UKSEVTPJ4",
        "reactions": [
            {
                "name": "+1",
                "users": [
                    "UFJAQK4Q3"
                ],
                "count": 1
            }
        ]
    },
    {
        "client_msg_id": "c51eb63a-f20e-4c07-bd37-b361b3d63a86",
        "type": "message",
        "text": "also please see the rules here for formatting: <https:\/\/github.com\/elm-community\/slack\/blob\/master\/README.md#jobs>",
        "user": "U0JUBLV8F",
        "ts": "1563456960.085500",
        "team": "T0CJ5UNHK",
        "user_team": "T0CJ5UNHK",
        "source_team": "T0CJ5UNHK",
        "user_profile": {
            "avatar_hash": "gca2f8814a85",
            "image_72": "https:\/\/secure.gravatar.com\/avatar\/fca2f8814a85e23af81f5553adbd4d62.jpg?s=72&d=https%3A%2F%2Fa.slack-edge.com%2Fdf10d%2Fimg%2Favatars%2Fava_0024-72.png",
            "first_name": "Brian",
            "real_name": "Brian Hicks",
            "display_name": "brianhicks",
            "team": "T0CJ5UNHK",
            "name": "brianhicks",
            "is_restricted": false,
            "is_ultra_restricted": false
        },
        "blocks": [
            {
                "type": "rich_text",
                "block_id": "iZ5",
                "elements": [
                    {
                        "type": "rich_text_section",
                        "elements": [
                            {
                                "type": "text",
                                "text": "also please see the rules here for formatting: "
                            },
                            {
                                "type": "link",
                                "url": "https:\/\/github.com\/elm-community\/slack\/blob\/master\/README.md#jobs"
                            }
                        ]
                    }
                ]
            }
        ],
        "thread_ts": "1563455744.085100",
        "parent_user_id": "UKSEVTPJ4"
    },
    {
        "client_msg_id": "cf6cb71b-0e42-4f53-8bb1-a5a9c2f862c8",
        "type": "message",
        "text": "Yeah it’s predominantly elm, but other functional languages are a plus",
        "user": "UKSEVTPJ4",
        "ts": "1563457032.085700",
        "team": "T0CJ5UNHK",
        "user_team": "T0CJ5UNHK",
        "source_team": "T0CJ5UNHK",
        "user_profile": {
            "avatar_hash": "54209f53cb0f",
            "image_72": "https:\/\/avatars.slack-edge.com\/2019-06-21\/672513195728_54209f53cb0fe6577835_72.jpg",
            "first_name": "",
            "real_name": "Josh",
            "display_name": "Josh",
            "team": "T0CJ5UNHK",
            "name": "josh.kaplan",
            "is_restricted": false,
            "is_ultra_restricted": false
        },
        "blocks": [
            {
                "type": "rich_text",
                "block_id": "XjxbA",
                "elements": [
                    {
                        "type": "rich_text_section",
                        "elements": [
                            {
                                "type": "text",
                                "text": "Yeah it’s predominantly elm, but other functional languages are a plus"
                            }
                        ]
                    }
                ]
            }
        ],
        "thread_ts": "1563455744.085100",
        "parent_user_id": "UKSEVTPJ4"
    },
    {
        "client_msg_id": "06eaa6fc-2da2-4379-b6e8-8b013d29ef88",
        "type": "message",
        "text": "will amend the formatting",
        "user": "UKSEVTPJ4",
        "ts": "1563457039.085900",
        "team": "T0CJ5UNHK",
        "user_team": "T0CJ5UNHK",
        "source_team": "T0CJ5UNHK",
        "user_profile": {
            "avatar_hash": "54209f53cb0f",
            "image_72": "https:\/\/avatars.slack-edge.com\/2019-06-21\/672513195728_54209f53cb0fe6577835_72.jpg",
            "first_name": "",
            "real_name": "Josh",
            "display_name": "Josh",
            "team": "T0CJ5UNHK",
            "name": "josh.kaplan",
            "is_restricted": false,
            "is_ultra_restricted": false
        },
        "blocks": [
            {
                "type": "rich_text",
                "block_id": "32qGv",
                "elements": [
                    {
                        "type": "rich_text_section",
                        "elements": [
                            {
                                "type": "text",
                                "text": "will amend the formatting"
                            }
                        ]
                    }
                ]
            }
        ],
        "thread_ts": "1563455744.085100",
        "parent_user_id": "UKSEVTPJ4"
    },
    {
        "client_msg_id": "1f60708b-75b3-4ea2-8fb3-7d6bde931ec4",
        "type": "message",
        "text": "thanks!",
        "user": "U0JUBLV8F",
        "ts": "1563457054.086100",
        "team": "T0CJ5UNHK",
        "user_team": "T0CJ5UNHK",
        "source_team": "T0CJ5UNHK",
        "user_profile": {
            "avatar_hash": "gca2f8814a85",
            "image_72": "https:\/\/secure.gravatar.com\/avatar\/fca2f8814a85e23af81f5553adbd4d62.jpg?s=72&d=https%3A%2F%2Fa.slack-edge.com%2Fdf10d%2Fimg%2Favatars%2Fava_0024-72.png",
            "first_name": "Brian",
            "real_name": "Brian Hicks",
            "display_name": "brianhicks",
            "team": "T0CJ5UNHK",
            "name": "brianhicks",
            "is_restricted": false,
            "is_ultra_restricted": false
        },
        "blocks": [
            {
                "type": "rich_text",
                "block_id": "Q6XF",
                "elements": [
                    {
                        "type": "rich_text_section",
                        "elements": [
                            {
                                "type": "text",
                                "text": "thanks!"
                            }
                        ]
                    }
                ]
            }
        ],
        "thread_ts": "1563455744.085100",
        "parent_user_id": "UKSEVTPJ4"
    },
    {
        "client_msg_id": "98ab8151-ecb2-4620-ae1d-41880def3502",
        "type": "message",
        "text": "It's really not coming out that it is mainly elm.",
        "user": "U9J662F45",
        "ts": "1563471818.086600",
        "team": "T0CJ5UNHK",
        "user_team": "T0CJ5UNHK",
        "source_team": "T0CJ5UNHK",
        "user_profile": {
            "avatar_hash": "d1e70e541e30",
            "image_72": "https:\/\/avatars.slack-edge.com\/2022-07-07\/3784358447505_d1e70e541e3048a9b4a9_72.jpg",
            "first_name": "Jan",
            "real_name": "Jan Wirth",
            "display_name": "",
            "team": "T0CJ5UNHK",
            "name": "jottenwe",
            "is_restricted": false,
            "is_ultra_restricted": false
        },
        "blocks": [
            {
                "type": "rich_text",
                "block_id": "mfR",
                "elements": [
                    {
                        "type": "rich_text_section",
                        "elements": [
                            {
                                "type": "text",
                                "text": "It's really not coming out that it is mainly elm."
                            }
                        ]
                    }
                ]
            }
        ],
        "thread_ts": "1563455744.085100",
        "parent_user_id": "UKSEVTPJ4",
        "reactions": [
            {
                "name": "+1",
                "users": [
                    "UFJAQK4Q3"
                ],
                "count": 1
            }
        ]
    }
]