[
    {
        "client_msg_id": "b1af3703-e2d4-4e64-bcd6-d9dd385327af",
        "type": "message",
        "text": ":car:  Mercedes-Benz | Berlin + Stuttgart Germany; Lisbon, Portugal | Freelance\n\n:wave: <@UKN81R82Z>, <@UKHA2QGN8> and I are working on a *project using elm at <http:\/\/mercedes-benz.io|mercedes-benz.io>. We are looking to staff up our team.*\n\nWe work with *experts of design, product and marketing*. We are using a mix of lean and design thinking to develop a product on top of tested hypothesis. You could say *we are applying the scientific method to product development.* :female-scientist: :male-scientist:\n\nIf this sounds interesting to you send us a direct message. *We are looking forward to build with you!*\n<https:\/\/www.mercedes-benz.io\/> is located in Stuttgart, Lisbon and Berlin. *Applications from places nearby welcome* (we are a distributed team anyways).\n\n_Greetings from Berlin_",
        "user": "U9J662F45",
        "ts": "1560849906.029900",
        "team": "T0CJ5UNHK",
        "user_team": "T0CJ5UNHK",
        "source_team": "T0CJ5UNHK",
        "user_profile": {
            "avatar_hash": "d1e70e541e30",
            "image_72": "https:\/\/avatars.slack-edge.com\/2022-07-07\/3784358447505_d1e70e541e3048a9b4a9_72.jpg",
            "first_name": "Jan",
            "real_name": "Jan Wirth",
            "display_name": "",
            "team": "T0CJ5UNHK",
            "name": "jottenwe",
            "is_restricted": false,
            "is_ultra_restricted": false
        },
        "edited": {
            "user": "U9J662F45",
            "ts": "1561123028.000000"
        },
        "blocks": [
            {
                "type": "rich_text",
                "block_id": "iScP",
                "elements": [
                    {
                        "type": "rich_text_section",
                        "elements": [
                            {
                                "type": "emoji",
                                "name": "car",
                                "unicode": "1f697"
                            },
                            {
                                "type": "text",
                                "text": "  Mercedes-Benz | Berlin + Stuttgart Germany; Lisbon, Portugal | Freelance\n\n"
                            },
                            {
                                "type": "emoji",
                                "name": "wave",
                                "unicode": "1f44b"
                            },
                            {
                                "type": "text",
                                "text": " "
                            },
                            {
                                "type": "user",
                                "user_id": "UKN81R82Z"
                            },
                            {
                                "type": "text",
                                "text": ", "
                            },
                            {
                                "type": "user",
                                "user_id": "UKHA2QGN8"
                            },
                            {
                                "type": "text",
                                "text": " and I are working on a "
                            },
                            {
                                "type": "text",
                                "text": "project using elm at ",
                                "style": {
                                    "bold": true
                                }
                            },
                            {
                                "type": "link",
                                "url": "http:\/\/mercedes-benz.io",
                                "text": "mercedes-benz.io",
                                "style": {
                                    "bold": true
                                }
                            },
                            {
                                "type": "text",
                                "text": ". We are looking to staff up our team.",
                                "style": {
                                    "bold": true
                                }
                            },
                            {
                                "type": "text",
                                "text": "\n\nWe work with "
                            },
                            {
                                "type": "text",
                                "text": "experts of design, product and marketing",
                                "style": {
                                    "bold": true
                                }
                            },
                            {
                                "type": "text",
                                "text": ". We are using a mix of lean and design thinking to develop a product on top of tested hypothesis. You could say "
                            },
                            {
                                "type": "text",
                                "text": "we are applying the scientific method to product development.",
                                "style": {
                                    "bold": true
                                }
                            },
                            {
                                "type": "text",
                                "text": " "
                            },
                            {
                                "type": "emoji",
                                "name": "female-scientist",
                                "unicode": "1f469-200d-1f52c"
                            },
                            {
                                "type": "text",
                                "text": " "
                            },
                            {
                                "type": "emoji",
                                "name": "male-scientist",
                                "unicode": "1f468-200d-1f52c"
                            },
                            {
                                "type": "text",
                                "text": "\n\nIf this sounds interesting to you send us a direct message. "
                            },
                            {
                                "type": "text",
                                "text": "We are looking forward to build with you!",
                                "style": {
                                    "bold": true
                                }
                            },
                            {
                                "type": "text",
                                "text": "\n"
                            },
                            {
                                "type": "link",
                                "url": "https:\/\/www.mercedes-benz.io\/"
                            },
                            {
                                "type": "text",
                                "text": " is located in Stuttgart, Lisbon and Berlin. "
                            },
                            {
                                "type": "text",
                                "text": "Applications from places nearby welcome",
                                "style": {
                                    "bold": true
                                }
                            },
                            {
                                "type": "text",
                                "text": " (we are a distributed team anyways).\n\n"
                            },
                            {
                                "type": "text",
                                "text": "Greetings from Berlin",
                                "style": {
                                    "italic": true
                                }
                            }
                        ]
                    }
                ]
            }
        ],
        "thread_ts": "1560849906.029900",
        "reply_count": 2,
        "reply_users_count": 2,
        "latest_reply": "1560851152.030200",
        "reply_users": [
            "U3207UZA8",
            "U18UD6T3J"
        ],
        "replies": [
            {
                "user": "U3207UZA8",
                "ts": "1560850842.030000"
            },
            {
                "user": "U18UD6T3J",
                "ts": "1560851152.030200"
            }
        ],
        "is_locked": false,
        "subscribed": false,
        "reactions": [
            {
                "name": "+1",
                "users": [
                    "U2FN13XD4",
                    "U3207UZA8",
                    "UAMRQEZ4L",
                    "U78GSEJ6A",
                    "U2H5HKG3Y",
                    "U44R1N656",
                    "U4KFY2V6V",
                    "U0J1M0F32",
                    "UEPHFTMNH",
                    "U18UD6T3J"
                ],
                "count": 10
            },
            {
                "name": "car",
                "users": [
                    "UA50RDC79",
                    "U44R1N656",
                    "U5J0H2NS2",
                    "U0J1M0F32",
                    "U5UBF7Z7G",
                    "UEPHFTMNH",
                    "U18UD6T3J"
                ],
                "count": 7
            }
        ]
    },
    {
        "client_msg_id": "6173ae5d-76cd-4beb-a93b-4155f8942509",
        "type": "message",
        "text": "how near is nearby",
        "user": "U3207UZA8",
        "ts": "1560850842.030000",
        "team": "T0CJ5UNHK",
        "user_team": "T0CJ5UNHK",
        "source_team": "T0CJ5UNHK",
        "user_profile": {
            "avatar_hash": "7aafb68ef703",
            "image_72": "https:\/\/avatars.slack-edge.com\/2018-11-26\/487972908994_7aafb68ef703f94fa249_72.jpg",
            "first_name": "Kolja",
            "real_name": "Kolja Lampe",
            "display_name": "razzeee",
            "team": "T0CJ5UNHK",
            "name": "razzeee",
            "is_restricted": false,
            "is_ultra_restricted": false
        },
        "blocks": [
            {
                "type": "rich_text",
                "block_id": "tUI",
                "elements": [
                    {
                        "type": "rich_text_section",
                        "elements": [
                            {
                                "type": "text",
                                "text": "how near is nearby"
                            }
                        ]
                    }
                ]
            }
        ],
        "thread_ts": "1560849906.029900",
        "parent_user_id": "U9J662F45"
    },
    {
        "client_msg_id": "6aac7894-a256-4fe3-9b29-033429e2046b",
        "type": "message",
        "text": "would Norway work? :smile:",
        "user": "U18UD6T3J",
        "ts": "1560851152.030200",
        "team": "T0CJ5UNHK",
        "user_team": "T0CJ5UNHK",
        "source_team": "T0CJ5UNHK",
        "user_profile": {
            "avatar_hash": "4001e884a1a2",
            "image_72": "https:\/\/avatars.slack-edge.com\/2016-05-14\/42960254454_4001e884a1a2b23d23b3_72.jpg",
            "first_name": "Antonis",
            "real_name": "Antonis Karamitros",
            "display_name": "antonis",
            "team": "T0CJ5UNHK",
            "name": "antonis",
            "is_restricted": false,
            "is_ultra_restricted": false
        },
        "blocks": [
            {
                "type": "rich_text",
                "block_id": "y0AU4",
                "elements": [
                    {
                        "type": "rich_text_section",
                        "elements": [
                            {
                                "type": "text",
                                "text": "would Norway work? "
                            },
                            {
                                "type": "emoji",
                                "name": "smile",
                                "unicode": "1f604"
                            }
                        ]
                    }
                ]
            }
        ],
        "thread_ts": "1560849906.029900",
        "parent_user_id": "U9J662F45"
    },
    {
        "client_msg_id": "5fe973c5-6a61-44d2-9c71-90110ecd5076",
        "type": "message",
        "text": "TruQu | Aalsmeer (near Amsterdam), or remote (preferably Western Europe, for timezone compatibility) | Fulltime\n\nWe’ve been using Elm in production since 0.15 with Erlang on the backend, and are looking for someone to strengthen our team. We create a product aimed at helping employees manage their own growth and competences through goal-setting and feedback from their peers. We’re _especially_ interested in people who have some experience with Erlang, but you’ll no doubt be contributing to our Elm code as well.\n\nThe rest of our stack is made up of some Elixir, some Haskell, some typescript, a bunch of bash-scripts and ansible-playbooks to bind it all together.\n\nIf you’re into Erlang, Elm, love educating your coworkers and have a willingness to learn a bunch of stuff yourself as well, feel free to reach out!\n\n<https:\/\/truqu.com\/en\/medior-senior-backend-developer\/> (I’m linking the backend vacancy, but you know, we’re quite flexible :smile: )\n_Feel free to reach out to me by PM, as well_",
        "user": "U3SJEDR96",
        "ts": "1560885055.038900",
        "team": "T0CJ5UNHK",
        "user_team": "T0CJ5UNHK",
        "source_team": "T0CJ5UNHK",
        "user_profile": {
            "avatar_hash": "g97bab86e435",
            "image_72": "https:\/\/secure.gravatar.com\/avatar\/797bab86e4358b3919d4b0a614d2f2f3.jpg?s=72&d=https%3A%2F%2Fa.slack-edge.com%2Fdf10d%2Fimg%2Favatars%2Fava_0023-72.png",
            "first_name": "Ilias",
            "real_name": "Ilias Van Peer",
            "display_name": "ilias",
            "team": "T0CJ5UNHK",
            "name": "ilias",
            "is_restricted": false,
            "is_ultra_restricted": false
        },
        "blocks": [
            {
                "type": "rich_text",
                "block_id": "EymaB",
                "elements": [
                    {
                        "type": "rich_text_section",
                        "elements": [
                            {
                                "type": "text",
                                "text": "TruQu | Aalsmeer (near Amsterdam), or remote (preferably Western Europe, for timezone compatibility) | Fulltime\n\nWe’ve been using Elm in production since 0.15 with Erlang on the backend, and are looking for someone to strengthen our team. We create a product aimed at helping employees manage their own growth and competences through goal-setting and feedback from their peers. We’re "
                            },
                            {
                                "type": "text",
                                "text": "especially",
                                "style": {
                                    "italic": true
                                }
                            },
                            {
                                "type": "text",
                                "text": " interested in people who have some experience with Erlang, but you’ll no doubt be contributing to our Elm code as well.\n\nThe rest of our stack is made up of some Elixir, some Haskell, some typescript, a bunch of bash-scripts and ansible-playbooks to bind it all together.\n\nIf you’re into Erlang, Elm, love educating your coworkers and have a willingness to learn a bunch of stuff yourself as well, feel free to reach out!\n\n"
                            },
                            {
                                "type": "link",
                                "url": "https:\/\/truqu.com\/en\/medior-senior-backend-developer\/"
                            },
                            {
                                "type": "text",
                                "text": " (I’m linking the backend vacancy, but you know, we’re quite flexible "
                            },
                            {
                                "type": "emoji",
                                "name": "smile",
                                "unicode": "1f604"
                            },
                            {
                                "type": "text",
                                "text": " )\n"
                            },
                            {
                                "type": "text",
                                "text": "Feel free to reach out to me by PM, as well",
                                "style": {
                                    "italic": true
                                }
                            }
                        ]
                    }
                ]
            }
        ],
        "reactions": [
            {
                "name": "+1",
                "users": [
                    "UC4U4KK4M",
                    "U3DQT3ZGC",
                    "UE6TZE8Q1",
                    "U17TXDBJR",
                    "U5J0H2NS2",
                    "U44R1N656",
                    "U18UD6T3J",
                    "UAMRQEZ4L",
                    "U6R0D5SJF",
                    "U0J1M0F32",
                    "U4G0M9E6Q",
                    "UEPHFTMNH"
                ],
                "count": 12
            }
        ]
    },
    {
        "client_msg_id": "2f68c706-7614-4d6b-ba64-0a377e98bc5a",
        "type": "message",
        "text": "Corvus Insurance | Boston, MA | Full-time\n\nWe’re a startup looking for a Full Stack Engineer to join our team. We’ve been using Elm on the front-end since day one, about two years ago. We love Elm and are looking for someone else who either has Elm experience, or wants to gain a lot of Elm experience.\n\nWe run Elixir on the back-end to power our GraphQL API, and run all of our services in AWS Elastic Container Service.\n\n<https:\/\/corvusinsurance.workable.com\/jobs\/479642>\n\nIf you have any interest, you can reach out directly via DM, <mailto:eperson@corvusinsurance.com|eperson@corvusinsurance.com>, or apply at the link.",
        "user": "U2XRG0UKA",
        "ts": "1560886722.039600",
        "team": "T0CJ5UNHK",
        "user_team": "T0CJ5UNHK",
        "source_team": "T0CJ5UNHK",
        "user_profile": {
            "avatar_hash": "gd0371460c58",
            "image_72": "https:\/\/secure.gravatar.com\/avatar\/8d0371460c58706c26641f3d578145aa.jpg?s=72&d=https%3A%2F%2Fa.slack-edge.com%2Fdf10d%2Fimg%2Favatars%2Fava_0009-72.png",
            "first_name": "Erik",
            "real_name": "Erik Person",
            "display_name": "thaterikperson",
            "team": "T0CJ5UNHK",
            "name": "thaterikperson",
            "is_restricted": false,
            "is_ultra_restricted": false
        },
        "edited": {
            "user": "U2XRG0UKA",
            "ts": "1560886728.000000"
        },
        "blocks": [
            {
                "type": "rich_text",
                "block_id": "K8g",
                "elements": [
                    {
                        "type": "rich_text_section",
                        "elements": [
                            {
                                "type": "text",
                                "text": "Corvus Insurance | Boston, MA | Full-time\n\nWe’re a startup looking for a Full Stack Engineer to join our team. We’ve been using Elm on the front-end since day one, about two years ago. We love Elm and are looking for someone else who either has Elm experience, or wants to gain a lot of Elm experience.\n\nWe run Elixir on the back-end to power our GraphQL API, and run all of our services in AWS Elastic Container Service.\n\n"
                            },
                            {
                                "type": "link",
                                "url": "https:\/\/corvusinsurance.workable.com\/jobs\/479642"
                            },
                            {
                                "type": "text",
                                "text": "\n\nIf you have any interest, you can reach out directly via DM, "
                            },
                            {
                                "type": "link",
                                "url": "mailto:eperson@corvusinsurance.com",
                                "text": "eperson@corvusinsurance.com"
                            },
                            {
                                "type": "text",
                                "text": ", or apply at the link."
                            }
                        ]
                    }
                ]
            }
        ]
    },
    {
        "client_msg_id": "624781a8-7a19-4b27-9180-1d68af89166c",
        "type": "message",
        "text": "Oh fun. I'm not in need of a job right now, but I do quite a bit of volunteer work for Open Broadcaster Software.",
        "user": "U92EEJ1SM",
        "ts": "1560894183.040600",
        "team": "T0CJ5UNHK",
        "user_team": "T0CJ5UNHK",
        "source_team": "T0CJ5UNHK",
        "user_profile": {
            "avatar_hash": "gdf1a963f63d",
            "image_72": "https:\/\/secure.gravatar.com\/avatar\/3df1a963f63de61ce366f162f9e36d27.jpg?s=72&d=https%3A%2F%2Fa.slack-edge.com%2Fdf10d%2Fimg%2Favatars%2Fava_0006-72.png",
            "first_name": "",
            "real_name": "Ben Torell",
            "display_name": "dodgepong",
            "team": "T0CJ5UNHK",
            "name": "dodgepong",
            "is_restricted": false,
            "is_ultra_restricted": false
        },
        "blocks": [
            {
                "type": "rich_text",
                "block_id": "DQW",
                "elements": [
                    {
                        "type": "rich_text_section",
                        "elements": [
                            {
                                "type": "text",
                                "text": "Oh fun. I'm not in need of a job right now, but I do quite a bit of volunteer work for Open Broadcaster Software."
                            }
                        ]
                    }
                ]
            }
        ],
        "thread_ts": "1560367096.011500",
        "parent_user_id": "UEXB1LP47"
    }
]