[
    {
        "client_msg_id": "40037fdb-2529-429b-a033-1b9beecb93e6",
        "type": "message",
        "text": "Thanks to all the people who answered to our job offering. We found a freenlance for the first leg of our project and we have now a couple of very promissing contact if we need more ressources. Many thanks to all of you who answered our job offer.",
        "user": "U5R6L5MT4",
        "ts": "1572430714.040300",
        "team": "T0CJ5UNHK",
        "user_team": "T0CJ5UNHK",
        "source_team": "T0CJ5UNHK",
        "user_profile": {
            "avatar_hash": "g8e87ebebf7b",
            "image_72": "https:\/\/secure.gravatar.com\/avatar\/48e87ebebf7bee2a0ca10aa2362795a6.jpg?s=72&d=https%3A%2F%2Fa.slack-edge.com%2Fdf10d%2Fimg%2Favatars%2Fava_0006-72.png",
            "first_name": "",
            "real_name": "natim",
            "display_name": "",
            "team": "T0CJ5UNHK",
            "name": "natim",
            "is_restricted": false,
            "is_ultra_restricted": false
        },
        "blocks": [
            {
                "type": "rich_text",
                "block_id": "5uL",
                "elements": [
                    {
                        "type": "rich_text_section",
                        "elements": [
                            {
                                "type": "text",
                                "text": "Thanks to all the people who answered to our job offering. We found a freenlance for the first leg of our project and we have now a couple of very promissing contact if we need more ressources. Many thanks to all of you who answered our job offer."
                            }
                        ]
                    }
                ]
            }
        ],
        "thread_ts": "1571761424.027200",
        "parent_user_id": "U5R6L5MT4"
    },
    {
        "client_msg_id": "610bbbf9-0e0c-4424-9056-eb1740a17242",
        "type": "message",
        "text": "I encourage you to edit your post using this guidelines so that your message is pinned: <https:\/\/github.com\/elm-community\/slack\/blob\/master\/README.md#jobs>",
        "user": "U5R6L5MT4",
        "ts": "1572430876.040500",
        "team": "T0CJ5UNHK",
        "user_team": "T0CJ5UNHK",
        "source_team": "T0CJ5UNHK",
        "user_profile": {
            "avatar_hash": "g8e87ebebf7b",
            "image_72": "https:\/\/secure.gravatar.com\/avatar\/48e87ebebf7bee2a0ca10aa2362795a6.jpg?s=72&d=https%3A%2F%2Fa.slack-edge.com%2Fdf10d%2Fimg%2Favatars%2Fava_0006-72.png",
            "first_name": "",
            "real_name": "natim",
            "display_name": "",
            "team": "T0CJ5UNHK",
            "name": "natim",
            "is_restricted": false,
            "is_ultra_restricted": false
        },
        "blocks": [
            {
                "type": "rich_text",
                "block_id": "g0iPp",
                "elements": [
                    {
                        "type": "rich_text_section",
                        "elements": [
                            {
                                "type": "text",
                                "text": "I encourage you to edit your post using this guidelines so that your message is pinned: "
                            },
                            {
                                "type": "link",
                                "url": "https:\/\/github.com\/elm-community\/slack\/blob\/master\/README.md#jobs"
                            }
                        ]
                    }
                ]
            }
        ],
        "thread_ts": "1572041481.037200",
        "parent_user_id": "UPVC9ME8N"
    },
    {
        "client_msg_id": "e422f476-cf83-47e3-a260-bd36d39dc026",
        "type": "message",
        "text": "I recruited with Elm in the mission but not requiring any Elm experience. I'm very curious how many applicants you'll see with 3+ years of Elm experience.",
        "user": "UN47P3BKJ",
        "ts": "1572446281.040800",
        "team": "T0CJ5UNHK",
        "user_team": "T0CJ5UNHK",
        "source_team": "T0CJ5UNHK",
        "user_profile": {
            "avatar_hash": "ga12da4fb5d0",
            "image_72": "https:\/\/secure.gravatar.com\/avatar\/ea12da4fb5d06d2e5da1c53b272f5ccd.jpg?s=72&d=https%3A%2F%2Fa.slack-edge.com%2Fdf10d%2Fimg%2Favatars%2Fava_0021-72.png",
            "first_name": "",
            "real_name": "Pierre Thierry",
            "display_name": "Pierre Thierry",
            "team": "T0CJ5UNHK",
            "name": "pierre340",
            "is_restricted": false,
            "is_ultra_restricted": false
        },
        "blocks": [
            {
                "type": "rich_text",
                "block_id": "RwyG",
                "elements": [
                    {
                        "type": "rich_text_section",
                        "elements": [
                            {
                                "type": "text",
                                "text": "I recruited with Elm in the mission but not requiring any Elm experience. I'm very curious how many applicants you'll see with 3+ years of Elm experience."
                            }
                        ]
                    }
                ]
            }
        ],
        "thread_ts": "1571244942.004900",
        "parent_user_id": "U6R0D5SJF"
    }
]