[
    {
        "type": "message",
        "subtype": "tombstone",
        "text": "This message was deleted.",
        "user": "USLACKBOT",
        "hidden": true,
        "ts": "1566036181.045000",
        "thread_ts": "1566036181.045000",
        "reply_count": 1,
        "reply_users_count": 1,
        "latest_reply": "1566037058.046800",
        "reply_users": [
            "U9RGY8ZAP"
        ],
        "replies": [
            {
                "user": "U9RGY8ZAP",
                "ts": "1566037058.046800"
            }
        ],
        "is_locked": false,
        "subscribed": false
    },
    {
        "client_msg_id": "15C67C29-2F09-4556-88DC-605ACBF20B15",
        "type": "message",
        "text": "Does this position involve elm? There doesn’t seem to be any mention of it",
        "user": "U9RGY8ZAP",
        "ts": "1566037058.046800",
        "team": "T0CJ5UNHK",
        "user_team": "T0CJ5UNHK",
        "source_team": "T0CJ5UNHK",
        "user_profile": {
            "avatar_hash": "gc2057c0c875",
            "image_72": "https:\/\/secure.gravatar.com\/avatar\/3c2057c0c875ac8701a3edd33d9f5df1.jpg?s=72&d=https%3A%2F%2Fa.slack-edge.com%2Fdf10d%2Fimg%2Favatars%2Fava_0020-72.png",
            "first_name": "",
            "real_name": "Martin Stewart",
            "display_name": "",
            "team": "T0CJ5UNHK",
            "name": "martinsstewart",
            "is_restricted": false,
            "is_ultra_restricted": false
        },
        "blocks": [
            {
                "type": "rich_text",
                "block_id": "aHl",
                "elements": [
                    {
                        "type": "rich_text_section",
                        "elements": [
                            {
                                "type": "text",
                                "text": "Does this position involve elm? There doesn’t seem to be any mention of it"
                            }
                        ]
                    }
                ]
            }
        ],
        "thread_ts": "1566036181.045000",
        "parent_user_id": "UMHMFB3PG"
    }
]