[
    {
        "client_msg_id": "0df97969-e161-425d-a3b6-f4de70f03297",
        "type": "message",
        "text": "Anyone hiring in Wellington, NZ, or remote capable?",
        "user": "U7V3HJSJH",
        "ts": "1563852328.001600",
        "team": "T0CJ5UNHK",
        "user_team": "T0CJ5UNHK",
        "source_team": "T0CJ5UNHK",
        "user_profile": {
            "avatar_hash": "g09db44d9b56",
            "image_72": "https:\/\/secure.gravatar.com\/avatar\/709db44d9b561f1e46636b3941aa4e88.jpg?s=72&d=https%3A%2F%2Fa.slack-edge.com%2Fdf10d%2Fimg%2Favatars%2Fava_0025-72.png",
            "first_name": "",
            "real_name": "Ben Anderson",
            "display_name": "Ben",
            "team": "T0CJ5UNHK",
            "name": "benanderson",
            "is_restricted": false,
            "is_ultra_restricted": false
        },
        "blocks": [
            {
                "type": "rich_text",
                "block_id": "=A2",
                "elements": [
                    {
                        "type": "rich_text_section",
                        "elements": [
                            {
                                "type": "text",
                                "text": "Anyone hiring in Wellington, NZ, or remote capable?"
                            }
                        ]
                    }
                ]
            }
        ]
    }
]