[
    {
        "client_msg_id": "66689e0a-f2cf-4a43-91a3-d8d70fa3170a",
        "type": "message",
        "text": "Fulltime Elm and\/or Haskell developer positions in Oslo, Norway (no remote): <https:\/\/hub.no\/jobs\/company\/folq>",
        "user": "U2W8CSAQ7",
        "ts": "1551193094.019700",
        "team": "T0CJ5UNHK",
        "user_team": "T0CJ5UNHK",
        "source_team": "T0CJ5UNHK",
        "user_profile": {
            "avatar_hash": "g26b5eab242a",
            "image_72": "https:\/\/secure.gravatar.com\/avatar\/d26b5eab242a26fe1a65524d4c1e734f.jpg?s=72&d=https%3A%2F%2Fa.slack-edge.com%2Fdf10d%2Fimg%2Favatars%2Fava_0016-72.png",
            "first_name": "Runar",
            "real_name": "Runar Furenes",
            "display_name": "ruf",
            "team": "T0CJ5UNHK",
            "name": "ruf",
            "is_restricted": false,
            "is_ultra_restricted": false
        },
        "edited": {
            "user": "U2W8CSAQ7",
            "ts": "1551193102.000000"
        },
        "blocks": [
            {
                "type": "rich_text",
                "block_id": "yZZ",
                "elements": [
                    {
                        "type": "rich_text_section",
                        "elements": [
                            {
                                "type": "text",
                                "text": "Fulltime Elm and\/or Haskell developer positions in Oslo, Norway (no remote): "
                            },
                            {
                                "type": "link",
                                "url": "https:\/\/hub.no\/jobs\/company\/folq"
                            }
                        ]
                    }
                ]
            }
        ],
        "thread_ts": "1551193094.019700",
        "reply_count": 8,
        "reply_users_count": 7,
        "latest_reply": "1551430324.003300",
        "reply_users": [
            "UC4U4KK4M",
            "U3SJEDR96",
            "U2W8CSAQ7",
            "UAS7NTLAU",
            "U6R0D5SJF",
            "U4PT7NG4V",
            "U608MQG0P"
        ],
        "replies": [
            {
                "user": "UC4U4KK4M",
                "ts": "1551193314.020500"
            },
            {
                "user": "U3SJEDR96",
                "ts": "1551194564.020800"
            },
            {
                "user": "U2W8CSAQ7",
                "ts": "1551194647.021500"
            },
            {
                "user": "UAS7NTLAU",
                "ts": "1551194670.022000"
            },
            {
                "user": "U6R0D5SJF",
                "ts": "1551261147.028100"
            },
            {
                "user": "U2W8CSAQ7",
                "ts": "1551266614.028500"
            },
            {
                "user": "U4PT7NG4V",
                "ts": "1551301158.028700"
            },
            {
                "user": "U608MQG0P",
                "ts": "1551430324.003300"
            }
        ],
        "is_locked": false,
        "subscribed": false
    },
    {
        "client_msg_id": "02ce54df-8d7d-48dd-bc68-797a6b8f6e29",
        "type": "message",
        "text": "I’ve read your jobs page a couple of days ago. It’s very well made and makes me want to work for you. I’m not looking for a job right now, but I think a praise for your job page is in order :slightly_smiling_face:",
        "user": "UC4U4KK4M",
        "ts": "1551193314.020500",
        "team": "T0CJ5UNHK",
        "user_team": "T0CJ5UNHK",
        "source_team": "T0CJ5UNHK",
        "user_profile": {
            "avatar_hash": "75b5d86baff7",
            "image_72": "https:\/\/avatars.slack-edge.com\/2018-08-09\/414584561463_75b5d86baff7e0cf5c69_72.jpg",
            "first_name": "Manuel",
            "real_name": "Manuel Fuchs",
            "display_name": "Malax",
            "team": "T0CJ5UNHK",
            "name": "manuel.fuchs",
            "is_restricted": false,
            "is_ultra_restricted": false
        },
        "edited": {
            "user": "UC4U4KK4M",
            "ts": "1551430370.000000"
        },
        "blocks": [
            {
                "type": "rich_text",
                "block_id": "r76z6",
                "elements": [
                    {
                        "type": "rich_text_section",
                        "elements": [
                            {
                                "type": "text",
                                "text": "I’ve read your jobs page a couple of days ago. It’s very well made and makes me want to work for you. I’m not looking for a job right now, but I think a praise for your job page is in order "
                            },
                            {
                                "type": "emoji",
                                "name": "slightly_smiling_face",
                                "unicode": "1f642"
                            }
                        ]
                    }
                ]
            }
        ],
        "thread_ts": "1551193094.019700",
        "parent_user_id": "U2W8CSAQ7",
        "reactions": [
            {
                "name": "smile",
                "users": [
                    "U2W8CSAQ7",
                    "U18UD6T3J",
                    "U44R1N656"
                ],
                "count": 3
            }
        ]
    },
    {
        "client_msg_id": "1c5c924f-fa16-4fcd-bcc4-910563989abf",
        "type": "message",
        "text": "Also, there's some impressive facial hair going on there.",
        "user": "U3SJEDR96",
        "ts": "1551194564.020800",
        "team": "T0CJ5UNHK",
        "user_team": "T0CJ5UNHK",
        "source_team": "T0CJ5UNHK",
        "user_profile": {
            "avatar_hash": "g97bab86e435",
            "image_72": "https:\/\/secure.gravatar.com\/avatar\/797bab86e4358b3919d4b0a614d2f2f3.jpg?s=72&d=https%3A%2F%2Fa.slack-edge.com%2Fdf10d%2Fimg%2Favatars%2Fava_0023-72.png",
            "first_name": "Ilias",
            "real_name": "Ilias Van Peer",
            "display_name": "ilias",
            "team": "T0CJ5UNHK",
            "name": "ilias",
            "is_restricted": false,
            "is_ultra_restricted": false
        },
        "blocks": [
            {
                "type": "rich_text",
                "block_id": "MGj",
                "elements": [
                    {
                        "type": "rich_text_section",
                        "elements": [
                            {
                                "type": "text",
                                "text": "Also, there's some impressive facial hair going on there."
                            }
                        ]
                    }
                ]
            }
        ],
        "thread_ts": "1551193094.019700",
        "parent_user_id": "U2W8CSAQ7",
        "reactions": [
            {
                "name": "bearded_person",
                "users": [
                    "U2W8CSAQ7"
                ],
                "count": 1
            }
        ]
    },
    {
        "client_msg_id": "fe849c92-f387-4d55-ba0d-a7967a58ebde",
        "type": "message",
        "text": "Facial hair is _not_ necessary",
        "user": "U2W8CSAQ7",
        "ts": "1551194647.021500",
        "team": "T0CJ5UNHK",
        "user_team": "T0CJ5UNHK",
        "source_team": "T0CJ5UNHK",
        "user_profile": {
            "avatar_hash": "g26b5eab242a",
            "image_72": "https:\/\/secure.gravatar.com\/avatar\/d26b5eab242a26fe1a65524d4c1e734f.jpg?s=72&d=https%3A%2F%2Fa.slack-edge.com%2Fdf10d%2Fimg%2Favatars%2Fava_0016-72.png",
            "first_name": "Runar",
            "real_name": "Runar Furenes",
            "display_name": "ruf",
            "team": "T0CJ5UNHK",
            "name": "ruf",
            "is_restricted": false,
            "is_ultra_restricted": false
        },
        "blocks": [
            {
                "type": "rich_text",
                "block_id": "f6p",
                "elements": [
                    {
                        "type": "rich_text_section",
                        "elements": [
                            {
                                "type": "text",
                                "text": "Facial hair is "
                            },
                            {
                                "type": "text",
                                "text": "not",
                                "style": {
                                    "italic": true
                                }
                            },
                            {
                                "type": "text",
                                "text": " necessary"
                            }
                        ]
                    }
                ]
            }
        ],
        "thread_ts": "1551193094.019700",
        "parent_user_id": "U2W8CSAQ7",
        "reactions": [
            {
                "name": "bearded_person",
                "users": [
                    "U18UD6T3J"
                ],
                "count": 1
            }
        ]
    },
    {
        "client_msg_id": "AD2C84C1-ADDB-4DFC-876F-D1AECCAE7357",
        "type": "message",
        "text": "The Folq folks are super nice :+1:",
        "user": "UAS7NTLAU",
        "ts": "1551194670.022000",
        "team": "T0CJ5UNHK",
        "user_team": "T0CJ5UNHK",
        "source_team": "T0CJ5UNHK",
        "user_profile": {
            "avatar_hash": "g0d68c1fad9b",
            "image_72": "https:\/\/secure.gravatar.com\/avatar\/f0d68c1fad9ba7588f4b50036a995dbd.jpg?s=72&d=https%3A%2F%2Fa.slack-edge.com%2Fdf10d%2Fimg%2Favatars%2Fava_0010-72.png",
            "first_name": "Chew",
            "real_name": "Chew Choon Keat",
            "display_name": "choonkeat",
            "team": "T0CJ5UNHK",
            "name": "choonkeat",
            "is_restricted": false,
            "is_ultra_restricted": false
        },
        "blocks": [
            {
                "type": "rich_text",
                "block_id": "Gle",
                "elements": [
                    {
                        "type": "rich_text_section",
                        "elements": [
                            {
                                "type": "text",
                                "text": "The Folq folks are super nice "
                            },
                            {
                                "type": "emoji",
                                "name": "+1",
                                "unicode": "1f44d"
                            }
                        ]
                    }
                ]
            }
        ],
        "thread_ts": "1551193094.019700",
        "parent_user_id": "U2W8CSAQ7",
        "reactions": [
            {
                "name": "grinning",
                "users": [
                    "U2W8CSAQ7",
                    "UC4U4KK4M",
                    "U44R1N656"
                ],
                "count": 3
            }
        ]
    }
]