[
    {
        "client_msg_id": "f4176185-cb6d-434f-9f16-fc97a913b38e",
        "type": "message",
        "text": "Good for you!!",
        "user": "U3LUC6SNS",
        "ts": "1556122665.037200",
        "team": "T0CJ5UNHK",
        "user_team": "T0CJ5UNHK",
        "source_team": "T0CJ5UNHK",
        "user_profile": {
            "avatar_hash": "2596e9b361f2",
            "image_72": "https:\/\/avatars.slack-edge.com\/2017-09-14\/241479663956_2596e9b361f21ef8e540_72.png",
            "first_name": "James",
            "real_name": "James Carlson",
            "display_name": "jxxcarlson",
            "team": "T0CJ5UNHK",
            "name": "jxxcarlson",
            "is_restricted": false,
            "is_ultra_restricted": false
        },
        "blocks": [
            {
                "type": "rich_text",
                "block_id": "b3s",
                "elements": [
                    {
                        "type": "rich_text_section",
                        "elements": [
                            {
                                "type": "text",
                                "text": "Good for you!!"
                            }
                        ]
                    }
                ]
            }
        ],
        "thread_ts": "1556089094.035300",
        "parent_user_id": "U4BUNNJTV"
    }
]