[
    {
        "client_msg_id": "c9828f5d-10fa-41c9-8a7f-8473b08c01d5",
        "type": "message",
        "text": "<http:\/\/caffeine.tv|caffeine.tv> is looking to hire an experienced Elm engineer on a contract basis to create a new internal tool. The position is remote friendly as long as you are based in either USA or UK, and we are based in Silicon Valley. We will agree on an hourly rate and you can invoice us every 2 weeks. You'll be working with a REST backend and we would like to use elm-bulma for the UI. Please DM me if interested.",
        "user": "UEXB1LP47",
        "ts": "1560367096.011500",
        "team": "T0CJ5UNHK",
        "user_team": "T0CJ5UNHK",
        "source_team": "T0CJ5UNHK",
        "user_profile": {
            "avatar_hash": "g2437d8be141",
            "image_72": "https:\/\/secure.gravatar.com\/avatar\/82437d8be141d96116e840f6a47cbe63.jpg?s=72&d=https%3A%2F%2Fa.slack-edge.com%2Fdf10d%2Fimg%2Favatars%2Fava_0009-72.png",
            "first_name": "",
            "real_name": "Peter Sankauskas",
            "display_name": "pas256",
            "team": "T0CJ5UNHK",
            "name": "pas256",
            "is_restricted": false,
            "is_ultra_restricted": false
        },
        "blocks": [
            {
                "type": "rich_text",
                "block_id": "Zsx",
                "elements": [
                    {
                        "type": "rich_text_section",
                        "elements": [
                            {
                                "type": "link",
                                "url": "http:\/\/caffeine.tv",
                                "text": "caffeine.tv"
                            },
                            {
                                "type": "text",
                                "text": " is looking to hire an experienced Elm engineer on a contract basis to create a new internal tool. The position is remote friendly as long as you are based in either USA or UK, and we are based in Silicon Valley. We will agree on an hourly rate and you can invoice us every 2 weeks. You'll be working with a REST backend and we would like to use elm-bulma for the UI. Please DM me if interested."
                            }
                        ]
                    }
                ]
            }
        ],
        "thread_ts": "1560367096.011500",
        "reply_count": 4,
        "reply_users_count": 4,
        "latest_reply": "1560894183.040600",
        "reply_users": [
            "UA50RDC79",
            "UEXB1LP47",
            "U4YBUG8SD",
            "U92EEJ1SM"
        ],
        "replies": [
            {
                "user": "UA50RDC79",
                "ts": "1560367689.011700"
            },
            {
                "user": "UEXB1LP47",
                "ts": "1560380328.013000"
            },
            {
                "user": "U4YBUG8SD",
                "ts": "1560405318.014500"
            },
            {
                "user": "U92EEJ1SM",
                "ts": "1560894183.040600"
            }
        ],
        "is_locked": false,
        "subscribed": false,
        "reactions": [
            {
                "name": "+1",
                "users": [
                    "UBALC3JSU",
                    "U44R1N656",
                    "U17TXDBJR",
                    "UA54MLQCF"
                ],
                "count": 4
            }
        ]
    },
    {
        "client_msg_id": "6dda478d-2434-4791-8f84-93349648c7ac",
        "type": "message",
        "text": "Is being based in US\/UK a hard requirement? I'd be interested but I'm in Argentina.",
        "user": "UA50RDC79",
        "ts": "1560367689.011700",
        "team": "T0CJ5UNHK",
        "user_team": "T0CJ5UNHK",
        "source_team": "T0CJ5UNHK",
        "user_profile": {
            "avatar_hash": "ca24e9ffb2a2",
            "image_72": "https:\/\/avatars.slack-edge.com\/2018-07-04\/392474331520_ca24e9ffb2a29e64029f_72.png",
            "first_name": "Julian",
            "real_name": "Julian Antonielli",
            "display_name": "",
            "team": "T0CJ5UNHK",
            "name": "jantonielli01",
            "is_restricted": false,
            "is_ultra_restricted": false
        },
        "blocks": [
            {
                "type": "rich_text",
                "block_id": "OA6pT",
                "elements": [
                    {
                        "type": "rich_text_section",
                        "elements": [
                            {
                                "type": "text",
                                "text": "Is being based in US\/UK a hard requirement? I'd be interested but I'm in Argentina."
                            }
                        ]
                    }
                ]
            }
        ],
        "thread_ts": "1560367096.011500",
        "parent_user_id": "UEXB1LP47"
    },
    {
        "client_msg_id": "cc5631eb-7b73-4950-98a5-96502a327a57",
        "type": "message",
        "text": "Timeline | London, United Kingdom, Remote | Full time\n\nTimeline helps financial planners create and manage retirement plans in the US, UK, and many more countries.\n\nWe use extensive empirical research, asset class returns, inflation and mortality data to assess how a retirement strategy might fare under various market conditions.\n\nWe are looking for a Full Stack Engineer. Our tech team is 100% remote and our stack is Elm, Elixir and Julia.\nMore info here: <https:\/\/weworkremotely.com\/remote-jobs\/timeline-full-stack-engineer>\nIf you are interested please ping me or email your CV and Cover Letter to <mailto:tech@timelineapp.co|tech@timelineapp.co>",
        "user": "U11S0PKC5",
        "ts": "1560370990.012300",
        "team": "T0CJ5UNHK",
        "user_team": "T0CJ5UNHK",
        "source_team": "T0CJ5UNHK",
        "user_profile": {
            "avatar_hash": "gcff61b94808",
            "image_72": "https:\/\/secure.gravatar.com\/avatar\/5cff61b94808785f860b2c464f258aa1.jpg?s=72&d=https%3A%2F%2Fa.slack-edge.com%2Fdf10d%2Fimg%2Favatars%2Fava_0026-72.png",
            "first_name": "Ignacio",
            "real_name": "Ignacio Gutierrez",
            "display_name": "devnacho",
            "team": "T0CJ5UNHK",
            "name": "devnacho",
            "is_restricted": false,
            "is_ultra_restricted": false
        },
        "attachments": [
            {
                "service_name": "We Work Remotely",
                "title": "Timeline: Full Stack Engineer",
                "title_link": "https:\/\/weworkremotely.com\/remote-jobs\/timeline-full-stack-engineer",
                "text": "About TimelineTimeline is a B2B SaaS application that helps financial planners create and manage retirement plans in the US, UK, and many more countries.Timeline uses extensive empirical research, asset class returns, inflation and mortality data to assess how a retirement strategy might fare und...",
                "fallback": "We Work Remotely: Timeline: Full Stack Engineer",
                "thumb_url": "https:\/\/we-work-remotely.imgix.net\/logos\/0015\/7046\/logo.gif?ixlib=rails-2.1.3&fit=fill&w=200&h=200&bg=FFFFFF&pad=5",
                "from_url": "https:\/\/weworkremotely.com\/remote-jobs\/timeline-full-stack-engineer",
                "thumb_width": 200,
                "thumb_height": 200,
                "service_icon": "https:\/\/weworkremotely.com\/favicon.ico",
                "id": 1,
                "original_url": "https:\/\/weworkremotely.com\/remote-jobs\/timeline-full-stack-engineer"
            }
        ],
        "blocks": [
            {
                "type": "rich_text",
                "block_id": "TrI",
                "elements": [
                    {
                        "type": "rich_text_section",
                        "elements": [
                            {
                                "type": "text",
                                "text": "Timeline | London, United Kingdom, Remote | Full time\n\nTimeline helps financial planners create and manage retirement plans in the US, UK, and many more countries.\n\nWe use extensive empirical research, asset class returns, inflation and mortality data to assess how a retirement strategy might fare under various market conditions.\n\nWe are looking for a Full Stack Engineer. Our tech team is 100% remote and our stack is Elm, Elixir and Julia.\nMore info here: "
                            },
                            {
                                "type": "link",
                                "url": "https:\/\/weworkremotely.com\/remote-jobs\/timeline-full-stack-engineer"
                            },
                            {
                                "type": "text",
                                "text": "\nIf you are interested please ping me or email your CV and Cover Letter to "
                            },
                            {
                                "type": "link",
                                "url": "mailto:tech@timelineapp.co",
                                "text": "tech@timelineapp.co"
                            }
                        ]
                    }
                ]
            }
        ],
        "reactions": [
            {
                "name": "bananadance",
                "users": [
                    "U6H9E1YS3",
                    "U44R1N656",
                    "U0JD7JSUA"
                ],
                "count": 3
            }
        ]
    },
    {
        "client_msg_id": "826fcd1d-1715-4151-990f-ee75f98d9dff",
        "type": "message",
        "text": "It is if you want to get paid :slightly_smiling_face: Sorry",
        "user": "UEXB1LP47",
        "ts": "1560380328.013000",
        "team": "T0CJ5UNHK",
        "user_team": "T0CJ5UNHK",
        "source_team": "T0CJ5UNHK",
        "user_profile": {
            "avatar_hash": "g2437d8be141",
            "image_72": "https:\/\/secure.gravatar.com\/avatar\/82437d8be141d96116e840f6a47cbe63.jpg?s=72&d=https%3A%2F%2Fa.slack-edge.com%2Fdf10d%2Fimg%2Favatars%2Fava_0009-72.png",
            "first_name": "",
            "real_name": "Peter Sankauskas",
            "display_name": "pas256",
            "team": "T0CJ5UNHK",
            "name": "pas256",
            "is_restricted": false,
            "is_ultra_restricted": false
        },
        "blocks": [
            {
                "type": "rich_text",
                "block_id": "4v3y",
                "elements": [
                    {
                        "type": "rich_text_section",
                        "elements": [
                            {
                                "type": "text",
                                "text": "It is if you want to get paid "
                            },
                            {
                                "type": "emoji",
                                "name": "slightly_smiling_face",
                                "unicode": "1f642"
                            },
                            {
                                "type": "text",
                                "text": " Sorry"
                            }
                        ]
                    }
                ]
            }
        ],
        "thread_ts": "1560367096.011500",
        "parent_user_id": "UEXB1LP47",
        "reactions": [
            {
                "name": "+1",
                "users": [
                    "U17TXDBJR"
                ],
                "count": 1
            }
        ]
    },
    {
        "client_msg_id": "531AB671-D81F-42CB-8704-3592412E8585",
        "type": "message",
        "text": "Oh man. Why couldn’t you have hired for this six months ago?",
        "user": "U4YBUG8SD",
        "ts": "1560405318.014500",
        "team": "T0CJ5UNHK",
        "user_team": "T0CJ5UNHK",
        "source_team": "T0CJ5UNHK",
        "user_profile": {
            "avatar_hash": "19e879d745c3",
            "image_72": "https:\/\/avatars.slack-edge.com\/2019-11-17\/840000805446_19e879d745c39ec8638e_72.png",
            "first_name": "danabrams",
            "real_name": "danabrams",
            "display_name": "Dan Abrams",
            "team": "T0CJ5UNHK",
            "name": "danabrams",
            "is_restricted": false,
            "is_ultra_restricted": false
        },
        "blocks": [
            {
                "type": "rich_text",
                "block_id": "ySZ",
                "elements": [
                    {
                        "type": "rich_text_section",
                        "elements": [
                            {
                                "type": "text",
                                "text": "Oh man. Why couldn’t you have hired for this six months ago?"
                            }
                        ]
                    }
                ]
            }
        ],
        "thread_ts": "1560367096.011500",
        "parent_user_id": "UEXB1LP47"
    }
]