[
    {
        "client_msg_id": "aada38aa-2f6f-4f0c-a529-97be49a02d01",
        "type": "message",
        "text": "Concordium | Zurich, Marbella, Aarhus, London | Contract Elm\/Visualisation Engineers\n\nConcordium is a new identity-integrated blockchain &amp; smart contracts platform. We’re looking for a couple of folks to join us working on various frontend and visualisation projects that will end up in the university education space and elsewhere. All of our frontends are currently in Elm.\n\nWe would prefer on-site at one of our offices, however, we are open to considering remotes in the EU region. DM me if of interest!\n\n<https:\/\/www.concordium.com\/>",
        "user": "U2FMN03NZ",
        "ts": "1554391890.002200",
        "team": "T0CJ5UNHK",
        "user_team": "T0CJ5UNHK",
        "source_team": "T0CJ5UNHK",
        "user_profile": {
            "avatar_hash": "94d6ab2aa413",
            "image_72": "https:\/\/avatars.slack-edge.com\/2017-11-30\/279847008946_94d6ab2aa413a68c840d_72.png",
            "first_name": "Mario",
            "real_name": "Mario Rogic",
            "display_name": "supermario",
            "team": "T0CJ5UNHK",
            "name": "supermario",
            "is_restricted": false,
            "is_ultra_restricted": false
        },
        "blocks": [
            {
                "type": "rich_text",
                "block_id": "A7=",
                "elements": [
                    {
                        "type": "rich_text_section",
                        "elements": [
                            {
                                "type": "text",
                                "text": "Concordium | Zurich, Marbella, Aarhus, London | Contract Elm\/Visualisation Engineers\n\nConcordium is a new identity-integrated blockchain & smart contracts platform. We’re looking for a couple of folks to join us working on various frontend and visualisation projects that will end up in the university education space and elsewhere. All of our frontends are currently in Elm.\n\nWe would prefer on-site at one of our offices, however, we are open to considering remotes in the EU region. DM me if of interest!\n\n"
                            },
                            {
                                "type": "link",
                                "url": "https:\/\/www.concordium.com\/"
                            }
                        ]
                    }
                ]
            }
        ],
        "thread_ts": "1554391890.002200",
        "reply_count": 2,
        "reply_users_count": 2,
        "latest_reply": "1554847382.012700",
        "reply_users": [
            "U4YBUG8SD",
            "UEPHFTMNH"
        ],
        "replies": [
            {
                "user": "U4YBUG8SD",
                "ts": "1554394052.003300"
            },
            {
                "user": "UEPHFTMNH",
                "ts": "1554847382.012700"
            }
        ],
        "is_locked": false,
        "subscribed": false,
        "reactions": [
            {
                "name": "+1::skin-tone-2",
                "users": [
                    "U6R0D5SJF",
                    "U2FN13XD4",
                    "U6KN3DAFR",
                    "U18UD6T3J",
                    "UEPHFTMNH"
                ],
                "count": 5
            }
        ]
    },
    {
        "client_msg_id": "51A92E36-20A3-4B6A-BC7E-2DD787E2515E",
        "type": "message",
        "text": "Great people at Concordium. If I were in EU I would definitely apply. ",
        "user": "U4YBUG8SD",
        "ts": "1554394052.003300",
        "team": "T0CJ5UNHK",
        "user_team": "T0CJ5UNHK",
        "source_team": "T0CJ5UNHK",
        "user_profile": {
            "avatar_hash": "19e879d745c3",
            "image_72": "https:\/\/avatars.slack-edge.com\/2019-11-17\/840000805446_19e879d745c39ec8638e_72.png",
            "first_name": "danabrams",
            "real_name": "danabrams",
            "display_name": "Dan Abrams",
            "team": "T0CJ5UNHK",
            "name": "danabrams",
            "is_restricted": false,
            "is_ultra_restricted": false
        },
        "blocks": [
            {
                "type": "rich_text",
                "block_id": "mrn",
                "elements": [
                    {
                        "type": "rich_text_section",
                        "elements": [
                            {
                                "type": "text",
                                "text": "Great people at Concordium. If I were in EU I would definitely apply."
                            }
                        ]
                    }
                ]
            }
        ],
        "thread_ts": "1554391890.002200",
        "parent_user_id": "U2FMN03NZ",
        "reactions": [
            {
                "name": "exploding_head",
                "users": [
                    "UEPHFTMNH"
                ],
                "count": 1
            }
        ]
    },
    {
        "client_msg_id": "4282f0ed-7922-4221-973c-950fd1b8ad4c",
        "type": "message",
        "text": "Seeking work | Remote (USA) | Experienced Elm\/fullstack developer with multiple Elm applications in production.  More details: <https:\/\/www.linkedin.com\/in\/kopotronic>",
        "user": "U596J1YLV",
        "ts": "1554397421.003700",
        "team": "T0CJ5UNHK",
        "user_team": "T0CJ5UNHK",
        "source_team": "T0CJ5UNHK",
        "user_profile": {
            "avatar_hash": "b6f11c4bcdb9",
            "image_72": "https:\/\/avatars.slack-edge.com\/2017-09-14\/240723200897_b6f11c4bcdb9d19d9d7a_72.jpg",
            "first_name": "Subrata",
            "real_name": "Subrata Das",
            "display_name": "subrata",
            "team": "T0CJ5UNHK",
            "name": "subrata",
            "is_restricted": false,
            "is_ultra_restricted": false
        },
        "blocks": [
            {
                "type": "rich_text",
                "block_id": "IMrj",
                "elements": [
                    {
                        "type": "rich_text_section",
                        "elements": [
                            {
                                "type": "text",
                                "text": "Seeking work | Remote (USA) | Experienced Elm\/fullstack developer with multiple Elm applications in production.  More details: "
                            },
                            {
                                "type": "link",
                                "url": "https:\/\/www.linkedin.com\/in\/kopotronic"
                            }
                        ]
                    }
                ]
            }
        ]
    }
]