[
    {
        "client_msg_id": "3fe62c6a-bdb4-45d3-ae7f-2b8a573c1b6a",
        "type": "message",
        "text": "e-bot7 GmbH | Munich, Germany (on site) | Elm Developer\n<https:\/\/e-bot7.join.com\/jobs\/438748-senior-frontend-engineer-elm-m-f-d>",
        "user": "U6R0D5SJF",
        "ts": "1571244942.004900",
        "team": "T0CJ5UNHK",
        "user_team": "T0CJ5UNHK",
        "source_team": "T0CJ5UNHK",
        "user_profile": {
            "avatar_hash": "g15c72f319a8",
            "image_72": "https:\/\/secure.gravatar.com\/avatar\/115c72f319a87a6ee8287e24dcddeae4.jpg?s=72&d=https%3A%2F%2Fa.slack-edge.com%2Fdf10d%2Fimg%2Favatars%2Fava_0013-72.png",
            "first_name": "Dimitar",
            "real_name": "Dimitar Apostolov",
            "display_name": "pehota",
            "team": "T0CJ5UNHK",
            "name": "dimitar.apostolov",
            "is_restricted": false,
            "is_ultra_restricted": false
        },
        "attachments": [
            {
                "title": "Job @ e-bot7 (Munich): Senior Frontend Engineer El... | JOIN",
                "title_link": "https:\/\/e-bot7.join.com\/jobs\/438748-senior-frontend-engineer-elm-m-f-d",
                "text": "e-bot7 GmbH has a job opening for Senior Frontend Engineer Elm (m\/f\/d) in Munich (published: 16.10.2019). Apply now or check the other available jobs.",
                "fallback": "Job @ e-bot7 (Munich): Senior Frontend Engineer El... | JOIN",
                "image_url": "https:\/\/cdn.join.com\/5cad9d832e8a99000557418c\/e-bot-7-gmb-h-logo-xl.png",
                "from_url": "https:\/\/e-bot7.join.com\/jobs\/438748-senior-frontend-engineer-elm-m-f-d",
                "image_width": 224,
                "image_height": 224,
                "image_bytes": 32464,
                "service_icon": "https:\/\/e-bot7.join.com\/static\/images\/favicon.ico",
                "service_name": "e-bot7.join.com",
                "id": 1,
                "original_url": "https:\/\/e-bot7.join.com\/jobs\/438748-senior-frontend-engineer-elm-m-f-d"
            }
        ],
        "blocks": [
            {
                "type": "rich_text",
                "block_id": "Mqm",
                "elements": [
                    {
                        "type": "rich_text_section",
                        "elements": [
                            {
                                "type": "text",
                                "text": "e-bot7 GmbH | Munich, Germany (on site) | Elm Developer\n"
                            },
                            {
                                "type": "link",
                                "url": "https:\/\/e-bot7.join.com\/jobs\/438748-senior-frontend-engineer-elm-m-f-d"
                            }
                        ]
                    }
                ]
            }
        ],
        "thread_ts": "1571244942.004900",
        "reply_count": 4,
        "reply_users_count": 2,
        "latest_reply": "1572892642.012900",
        "reply_users": [
            "UN47P3BKJ",
            "U6R0D5SJF"
        ],
        "replies": [
            {
                "user": "UN47P3BKJ",
                "ts": "1572446281.040800"
            },
            {
                "user": "U6R0D5SJF",
                "ts": "1572813026.010600"
            },
            {
                "user": "UN47P3BKJ",
                "ts": "1572816488.010900"
            },
            {
                "user": "U6R0D5SJF",
                "ts": "1572892642.012900"
            }
        ],
        "is_locked": false,
        "subscribed": false,
        "reactions": [
            {
                "name": "de",
                "users": [
                    "UBVSWRZ41",
                    "U1EJG2SGJ",
                    "UAMRQEZ4L",
                    "U2NFMB0KT",
                    "UMG9R4QUD"
                ],
                "count": 5
            },
            {
                "name": "+1",
                "users": [
                    "U1EJG2SGJ",
                    "UAMRQEZ4L",
                    "U2NFMB0KT",
                    "U4KFY2V6V",
                    "U3AAB7A4C"
                ],
                "count": 5
            },
            {
                "name": "eyes",
                "users": [
                    "UK2BTEQV7"
                ],
                "count": 1
            }
        ]
    },
    {
        "client_msg_id": "048216ee-dd30-4aa2-9919-0465d5224781",
        "type": "message",
        "text": "| Seeking work | Remote | Part-time |\nI still have regular time available each week for more Elm work. Am also very interested if anyone has combined Elm+Elixir. I am learning Elixir now and we can negotiate a great rate while I get up-to-speed in that.\nYou’ll gain a reliable developer with proven experience working remotely and a great communicator.",
        "user": "U1UMF9XSP",
        "ts": "1571295052.006800",
        "team": "T0CJ5UNHK",
        "user_team": "T0CJ5UNHK",
        "source_team": "T0CJ5UNHK",
        "user_profile": {
            "avatar_hash": "g17e3e335ccf",
            "image_72": "https:\/\/secure.gravatar.com\/avatar\/617e3e335ccfa0beaf98fdca0a4cebf4.jpg?s=72&d=https%3A%2F%2Fa.slack-edge.com%2Fdf10d%2Fimg%2Favatars%2Fava_0002-72.png",
            "first_name": "Richard",
            "real_name": "Richard Wood",
            "display_name": "rwoodnz",
            "team": "T0CJ5UNHK",
            "name": "rwoodnz",
            "is_restricted": false,
            "is_ultra_restricted": false
        },
        "blocks": [
            {
                "type": "rich_text",
                "block_id": "fDbBj",
                "elements": [
                    {
                        "type": "rich_text_section",
                        "elements": [
                            {
                                "type": "text",
                                "text": "| Seeking work | Remote | Part-time |\nI still have regular time available each week for more Elm work. Am also very interested if anyone has combined Elm+Elixir. I am learning Elixir now and we can negotiate a great rate while I get up-to-speed in that.\nYou’ll gain a reliable developer with proven experience working remotely and a great communicator."
                            }
                        ]
                    }
                ]
            }
        ],
        "reactions": [
            {
                "name": "+1",
                "users": [
                    "UPP4S79FZ"
                ],
                "count": 1
            }
        ]
    }
]