[
    {
        "client_msg_id": "80288d7f-0f29-4039-a057-e6137d048462",
        "type": "message",
        "text": "Oh, Berlin-based.",
        "user": "UFJAQK4Q3",
        "ts": "1565564168.034900",
        "team": "T0CJ5UNHK",
        "user_team": "T0CJ5UNHK",
        "source_team": "T0CJ5UNHK",
        "user_profile": {
            "avatar_hash": "7fe2a24a4e14",
            "image_72": "https:\/\/avatars.slack-edge.com\/2019-06-13\/664364963824_7fe2a24a4e1473c251fd_72.jpg",
            "first_name": "Adroit",
            "real_name": "Adroit",
            "display_name": "",
            "team": "T0CJ5UNHK",
            "name": "adroit1",
            "is_restricted": false,
            "is_ultra_restricted": false
        },
        "blocks": [
            {
                "type": "rich_text",
                "block_id": "d5My",
                "elements": [
                    {
                        "type": "rich_text_section",
                        "elements": [
                            {
                                "type": "text",
                                "text": "Oh, Berlin-based."
                            }
                        ]
                    }
                ]
            }
        ],
        "thread_ts": "1563978114.004900",
        "parent_user_id": "U62RCPXV3"
    }
]