[
    {
        "client_msg_id": "2c10d811-6255-4c0e-9fa1-b0db4d6594fc",
        "type": "message",
        "text": "Gizra | Remote | Full time\n\nDetails in <https:\/\/github.com\/FidelisClayton\/elm-jobs\/issues\/54>, including the image of an item sold for over 1.2M Euro using our Elm webapp! :slightly_smiling_face:",
        "user": "U0GR72XH8",
        "ts": "1560415846.014800",
        "team": "T0CJ5UNHK",
        "user_team": "T0CJ5UNHK",
        "source_team": "T0CJ5UNHK",
        "user_profile": {
            "avatar_hash": "gd083a563230",
            "image_72": "https:\/\/secure.gravatar.com\/avatar\/dd083a563230226543fcab3e1395b1fd.jpg?s=72&d=https%3A%2F%2Fa.slack-edge.com%2Fdf10d%2Fimg%2Favatars%2Fava_0010-72.png",
            "first_name": "",
            "real_name": "amitaibu",
            "display_name": "",
            "team": "T0CJ5UNHK",
            "name": "amitaibu",
            "is_restricted": false,
            "is_ultra_restricted": false
        },
        "edited": {
            "user": "U0GR72XH8",
            "ts": "1560416067.000000"
        },
        "blocks": [
            {
                "type": "rich_text",
                "block_id": "KId",
                "elements": [
                    {
                        "type": "rich_text_section",
                        "elements": [
                            {
                                "type": "text",
                                "text": "Gizra | Remote | Full time\n\nDetails in "
                            },
                            {
                                "type": "link",
                                "url": "https:\/\/github.com\/FidelisClayton\/elm-jobs\/issues\/54"
                            },
                            {
                                "type": "text",
                                "text": ", including the image of an item sold for over 1.2M Euro using our Elm webapp! "
                            },
                            {
                                "type": "emoji",
                                "name": "slightly_smiling_face",
                                "unicode": "1f642"
                            }
                        ]
                    }
                ]
            }
        ],
        "reactions": [
            {
                "name": "ok_hand",
                "users": [
                    "U2YKDRYNT",
                    "U0L27J3N0",
                    "U0J8D9M2P",
                    "U31HACARE",
                    "U44R1N656",
                    "U1CHKCKBR",
                    "U813ZEBFV",
                    "U0JD7JSUA"
                ],
                "count": 8
            },
            {
                "name": "+1",
                "users": [
                    "U2FN13XD4",
                    "U813ZEBFV"
                ],
                "count": 2
            }
        ]
    }
]