[
    {
        "client_msg_id": "9e51bbb2-a751-470c-b881-bd7754d0a981",
        "type": "message",
        "text": "Gothenburg, :flag-se: Sweden, :elm: Elm\/ :haskell: Haskell developers, <http:\/\/CarbonCloud.io|CarbonCloud.io> a climate tech company\n\nWe are looking for persons to join our team in Gothenburg to work with our cloud-based products that calculate and visualize the climate footprint of food. The company has a strong scientific focus. We think prestige-less and respectful communication between people with different perspectives is imperative to find the best solution forward.\n\nWe use Elm on the front-end and Haskell on the back-end to make decades of well-merited research available as a easy-to-use web application.\n\nRead more about the company: <https:\/\/www.carboncloud.io>\ncontact me for more information: <mailto:mikael@carboncloud.io|mikael@carboncloud.io>\nan example what our customers do with the results of our tech: <https:\/\/www.oatly.com\/uk\/climate-footprint>",
        "user": "U4BUNNJTV",
        "ts": "1556089094.035300",
        "team": "T0CJ5UNHK",
        "user_team": "T0CJ5UNHK",
        "source_team": "T0CJ5UNHK",
        "user_profile": {
            "avatar_hash": "debbfb391e37",
            "image_72": "https:\/\/avatars.slack-edge.com\/2017-06-15\/198355664226_debbfb391e371c805230_72.jpg",
            "first_name": "Mikael",
            "real_name": "Mikael Tönnberg",
            "display_name": "mtonnberg",
            "team": "T0CJ5UNHK",
            "name": "mtonnberg",
            "is_restricted": false,
            "is_ultra_restricted": false
        },
        "edited": {
            "user": "U4BUNNJTV",
            "ts": "1556089119.000000"
        },
        "blocks": [
            {
                "type": "rich_text",
                "block_id": "tjr8",
                "elements": [
                    {
                        "type": "rich_text_section",
                        "elements": [
                            {
                                "type": "text",
                                "text": "Gothenburg, "
                            },
                            {
                                "type": "emoji",
                                "name": "flag-se",
                                "unicode": "1f1f8-1f1ea"
                            },
                            {
                                "type": "text",
                                "text": " Sweden, "
                            },
                            {
                                "type": "emoji",
                                "name": "elm"
                            },
                            {
                                "type": "text",
                                "text": " Elm\/ "
                            },
                            {
                                "type": "emoji",
                                "name": "haskell"
                            },
                            {
                                "type": "text",
                                "text": " Haskell developers, "
                            },
                            {
                                "type": "link",
                                "url": "http:\/\/CarbonCloud.io",
                                "text": "CarbonCloud.io"
                            },
                            {
                                "type": "text",
                                "text": " a climate tech company\n\nWe are looking for persons to join our team in Gothenburg to work with our cloud-based products that calculate and visualize the climate footprint of food. The company has a strong scientific focus. We think prestige-less and respectful communication between people with different perspectives is imperative to find the best solution forward.\n\nWe use Elm on the front-end and Haskell on the back-end to make decades of well-merited research available as a easy-to-use web application.\n\nRead more about the company: "
                            },
                            {
                                "type": "link",
                                "url": "https:\/\/www.carboncloud.io"
                            },
                            {
                                "type": "text",
                                "text": "\ncontact me for more information: "
                            },
                            {
                                "type": "link",
                                "url": "mailto:mikael@carboncloud.io",
                                "text": "mikael@carboncloud.io"
                            },
                            {
                                "type": "text",
                                "text": "\nan example what our customers do with the results of our tech: "
                            },
                            {
                                "type": "link",
                                "url": "https:\/\/www.oatly.com\/uk\/climate-footprint"
                            }
                        ]
                    }
                ]
            }
        ],
        "thread_ts": "1556089094.035300",
        "reply_count": 1,
        "reply_users_count": 1,
        "latest_reply": "1556122665.037200",
        "reply_users": [
            "U3LUC6SNS"
        ],
        "replies": [
            {
                "user": "U3LUC6SNS",
                "ts": "1556122665.037200"
            }
        ],
        "is_locked": false,
        "subscribed": false,
        "reactions": [
            {
                "name": "+1",
                "users": [
                    "U0JD7JSUA",
                    "UED9UCNL8",
                    "U1KES8JGK",
                    "U19LNHY20",
                    "UAMRQEZ4L",
                    "U3207UZA8",
                    "U6R0D5SJF",
                    "U3R7CKQRX",
                    "U44R1N656",
                    "U17MNKY3H",
                    "U2FN13XD4",
                    "U3LUC6SNS",
                    "UEPHFTMNH",
                    "UBQCLTYHX",
                    "U2D7NUGS1",
                    "UCWB1N6JX",
                    "U6LL9UU48",
                    "U0Z9TPK7S",
                    "U7Q4GPSSF",
                    "U4KFY2V6V",
                    "U1F1DTTNX",
                    "U813ZEBFV",
                    "U0KD3QGTV"
                ],
                "count": 23
            },
            {
                "name": "cloud",
                "users": [
                    "UB2U8JBTM",
                    "U2D7NUGS1",
                    "U0Z9TPK7S",
                    "U7Q4GPSSF",
                    "U0KD3QGTV"
                ],
                "count": 5
            },
            {
                "name": "haskell",
                "users": [
                    "UBQCLTYHX",
                    "U3R7CKQRX",
                    "U6R0D5SJF",
                    "UCWB1N6JX",
                    "U0Z9TPK7S",
                    "U7Q4GPSSF",
                    "U0JNX5Y0H",
                    "U2F0T75MX"
                ],
                "count": 8
            },
            {
                "name": "elm",
                "users": [
                    "UHYH3L2MB",
                    "U2D7NUGS1",
                    "U5UBF7Z7G",
                    "UCWB1N6JX",
                    "U0Z9TPK7S",
                    "U7Q4GPSSF",
                    "U2F0T75MX",
                    "U0KD3QGTV",
                    "U813ZEBFV"
                ],
                "count": 9
            },
            {
                "name": "flag-se",
                "users": [
                    "UCWB1N6JX",
                    "U0Z9TPK7S",
                    "U7Q4GPSSF",
                    "U0KD3QGTV"
                ],
                "count": 4
            }
        ]
    }
]