[
    {
        "client_msg_id": "a963adc8-557e-41e3-acdd-f9af808044e9",
        "type": "message",
        "text": "| BeSpiral | Remote | Senior \/ Mid level Elm dev |\n#job #front #elm #middle #senior\n\nLocation: #remote\n\nSalary: 1500 ~ 2000 USD\/month\n\nStack: EOS, Elixir, GraphQL, Docker e Elm.\n\nDescription: We need a Elm dev to take care of our frontend. It is 100% Elm using GraphQL. We have a design team with visual assets\/identity already defined.\n\nThe project is nonprofits, backed by Shuttleworth fundation.\n\nThe profile we are looking for is someone with experience in Elm, that can handle the development on its own. We do have peers on the team that can help to learn but right now we need someone with more experience.\n\nProject website: <https:\/\/bespiral.com>\n\nTo apply DM me here or in telegram: [<https:\/\/t.me\/julienlucca>](<https:\/\/t.me\/julienlucca>)",
        "user": "U431AMKSR",
        "ts": "1555084076.000300",
        "team": "T0CJ5UNHK",
        "user_team": "T0CJ5UNHK",
        "source_team": "T0CJ5UNHK",
        "user_profile": {
            "avatar_hash": "55c82dfe38d4",
            "image_72": "https:\/\/avatars.slack-edge.com\/2018-05-22\/368323934979_55c82dfe38d4f144c26b_72.png",
            "first_name": "J",
            "real_name": "J Lucca",
            "display_name": "lucca",
            "team": "T0CJ5UNHK",
            "name": "lucca",
            "is_restricted": false,
            "is_ultra_restricted": false
        },
        "edited": {
            "user": "U431AMKSR",
            "ts": "1555084316.000000"
        },
        "attachments": [
            {
                "title": "BeSpiral | Your Community. Your Goals. Your Currency.",
                "title_link": "https:\/\/bespiral.com\/",
                "text": "Your Community. Your Goals. Your Currency An open platform for changemakers",
                "fallback": "BeSpiral | Your Community. Your Goals. Your Currency.",
                "thumb_url": "http:\/\/img1.wsimg.com\/isteam\/ip\/10a76c87-b504-4ab1-99f0-1ec294fa5316\/BESPIRAL_Ilustraci%C3%B3n-fondo-web-godaddy1200.png",
                "from_url": "https:\/\/bespiral.com\/",
                "thumb_width": 1200,
                "thumb_height": 338,
                "service_icon": "http:\/\/img1.wsimg.com\/isteam\/ip\/10a76c87-b504-4ab1-99f0-1ec294fa5316\/favicon\/4d33c07d-7029-4539-9f31-1169ecb392b0.png\/:\/rs=w:144,h:144,m",
                "service_name": "bespiral.com",
                "id": 1,
                "original_url": "https:\/\/bespiral.com"
            },
            {
                "service_name": "Telegram",
                "title": "Lucca",
                "title_link": "https:\/\/t.me\/julienlucca",
                "text": ":fox_face::fire:",
                "fallback": "Telegram: Lucca",
                "thumb_url": "https:\/\/telegram.org\/img\/t_logo.png",
                "from_url": "https:\/\/t.me\/julienlucca",
                "thumb_width": 236,
                "thumb_height": 236,
                "service_icon": "http:\/\/telegram.org\/favicon.ico?3",
                "id": 2,
                "original_url": "https:\/\/t.me\/julienlucca"
            }
        ],
        "blocks": [
            {
                "type": "rich_text",
                "block_id": "mi+E",
                "elements": [
                    {
                        "type": "rich_text_section",
                        "elements": [
                            {
                                "type": "text",
                                "text": "| BeSpiral | Remote | Senior \/ Mid level Elm dev |\n#job #front #elm #middle #senior\n\nLocation: #remote\n\nSalary: 1500 ~ 2000 USD\/month\n\nStack: EOS, Elixir, GraphQL, Docker e Elm.\n\nDescription: We need a Elm dev to take care of our frontend. It is 100% Elm using GraphQL. We have a design team with visual assets\/identity already defined.\n\nThe project is nonprofits, backed by Shuttleworth fundation.\n\nThe profile we are looking for is someone with experience in Elm, that can handle the development on its own. We do have peers on the team that can help to learn but right now we need someone with more experience.\n\nProject website: "
                            },
                            {
                                "type": "link",
                                "url": "https:\/\/bespiral.com"
                            },
                            {
                                "type": "text",
                                "text": "\n\nTo apply DM me here or in telegram: ["
                            },
                            {
                                "type": "link",
                                "url": "https:\/\/t.me\/julienlucca"
                            },
                            {
                                "type": "text",
                                "text": "]("
                            },
                            {
                                "type": "link",
                                "url": "https:\/\/t.me\/julienlucca"
                            },
                            {
                                "type": "text",
                                "text": ")"
                            }
                        ]
                    }
                ]
            }
        ],
        "thread_ts": "1555084076.000300",
        "reply_count": 7,
        "reply_users_count": 4,
        "latest_reply": "1555093473.002500",
        "reply_users": [
            "U1YUR8HRN",
            "U431AMKSR",
            "U0JUBLV8F",
            "UCQ3SDKTK"
        ],
        "replies": [
            {
                "user": "U1YUR8HRN",
                "ts": "1555084217.000500"
            },
            {
                "user": "U431AMKSR",
                "ts": "1555084234.000700"
            },
            {
                "user": "U431AMKSR",
                "ts": "1555084337.001000"
            },
            {
                "user": "U0JUBLV8F",
                "ts": "1555084733.001400"
            },
            {
                "user": "UCQ3SDKTK",
                "ts": "1555088271.002000"
            },
            {
                "user": "U431AMKSR",
                "ts": "1555093430.002300"
            },
            {
                "user": "U431AMKSR",
                "ts": "1555093473.002500"
            }
        ],
        "is_locked": false,
        "subscribed": false
    },
    {
        "client_msg_id": "b3374cd6-41e3-49b0-b215-b240b513ea88",
        "type": "message",
        "text": "Hey <@U431AMKSR> — you might want to consider re-formatting your post so that it's still accessible after Slack archives the history. Here's the suggested format: <https:\/\/github.com\/elm-community\/slack\/blob\/master\/README.md#jobs>",
        "user": "U1YUR8HRN",
        "ts": "1555084217.000500",
        "team": "T0CJ5UNHK",
        "user_team": "T0CJ5UNHK",
        "source_team": "T0CJ5UNHK",
        "user_profile": {
            "avatar_hash": "0f76217bc460",
            "image_72": "https:\/\/avatars.slack-edge.com\/2020-12-17\/1589531294932_0f76217bc4604ff28c87_72.jpg",
            "first_name": "Kofi",
            "real_name": "Kofi Gumbs",
            "display_name": "",
            "team": "T0CJ5UNHK",
            "name": "kofi",
            "is_restricted": false,
            "is_ultra_restricted": false
        },
        "blocks": [
            {
                "type": "rich_text",
                "block_id": "7REKa",
                "elements": [
                    {
                        "type": "rich_text_section",
                        "elements": [
                            {
                                "type": "text",
                                "text": "Hey "
                            },
                            {
                                "type": "user",
                                "user_id": "U431AMKSR"
                            },
                            {
                                "type": "text",
                                "text": " — you might want to consider re-formatting your post so that it's still accessible after Slack archives the history. Here's the suggested format: "
                            },
                            {
                                "type": "link",
                                "url": "https:\/\/github.com\/elm-community\/slack\/blob\/master\/README.md#jobs"
                            }
                        ]
                    }
                ]
            }
        ],
        "thread_ts": "1555084076.000300",
        "parent_user_id": "U431AMKSR"
    },
    {
        "client_msg_id": "f066dcbb-1b39-4036-b8b2-12f94e408c6c",
        "type": "message",
        "text": "I’ll take a look <@U1YUR8HRN> thanks",
        "user": "U431AMKSR",
        "ts": "1555084234.000700",
        "team": "T0CJ5UNHK",
        "user_team": "T0CJ5UNHK",
        "source_team": "T0CJ5UNHK",
        "user_profile": {
            "avatar_hash": "55c82dfe38d4",
            "image_72": "https:\/\/avatars.slack-edge.com\/2018-05-22\/368323934979_55c82dfe38d4f144c26b_72.png",
            "first_name": "J",
            "real_name": "J Lucca",
            "display_name": "lucca",
            "team": "T0CJ5UNHK",
            "name": "lucca",
            "is_restricted": false,
            "is_ultra_restricted": false
        },
        "blocks": [
            {
                "type": "rich_text",
                "block_id": "Drib",
                "elements": [
                    {
                        "type": "rich_text_section",
                        "elements": [
                            {
                                "type": "text",
                                "text": "I’ll take a look "
                            },
                            {
                                "type": "user",
                                "user_id": "U1YUR8HRN"
                            },
                            {
                                "type": "text",
                                "text": " thanks"
                            }
                        ]
                    }
                ]
            }
        ],
        "thread_ts": "1555084076.000300",
        "parent_user_id": "U431AMKSR"
    },
    {
        "client_msg_id": "2e30fa57-0939-4d33-8de6-08e5d59006a3",
        "type": "message",
        "text": "done!",
        "user": "U431AMKSR",
        "ts": "1555084337.001000",
        "team": "T0CJ5UNHK",
        "user_team": "T0CJ5UNHK",
        "source_team": "T0CJ5UNHK",
        "user_profile": {
            "avatar_hash": "55c82dfe38d4",
            "image_72": "https:\/\/avatars.slack-edge.com\/2018-05-22\/368323934979_55c82dfe38d4f144c26b_72.png",
            "first_name": "J",
            "real_name": "J Lucca",
            "display_name": "lucca",
            "team": "T0CJ5UNHK",
            "name": "lucca",
            "is_restricted": false,
            "is_ultra_restricted": false
        },
        "blocks": [
            {
                "type": "rich_text",
                "block_id": "VZvz",
                "elements": [
                    {
                        "type": "rich_text_section",
                        "elements": [
                            {
                                "type": "text",
                                "text": "done!"
                            }
                        ]
                    }
                ]
            }
        ],
        "thread_ts": "1555084076.000300",
        "parent_user_id": "U431AMKSR",
        "reactions": [
            {
                "name": "tada",
                "users": [
                    "U1YUR8HRN"
                ],
                "count": 1
            }
        ]
    },
    {
        "client_msg_id": "e015b8b8-ec24-4744-934a-7b735bc62d26",
        "type": "message",
        "text": "am I calculating it correctly that your salary range is 18–24k\/year?",
        "user": "U0JUBLV8F",
        "ts": "1555084733.001400",
        "team": "T0CJ5UNHK",
        "user_team": "T0CJ5UNHK",
        "source_team": "T0CJ5UNHK",
        "user_profile": {
            "avatar_hash": "gca2f8814a85",
            "image_72": "https:\/\/secure.gravatar.com\/avatar\/fca2f8814a85e23af81f5553adbd4d62.jpg?s=72&d=https%3A%2F%2Fa.slack-edge.com%2Fdf10d%2Fimg%2Favatars%2Fava_0024-72.png",
            "first_name": "Brian",
            "real_name": "Brian Hicks",
            "display_name": "brianhicks",
            "team": "T0CJ5UNHK",
            "name": "brianhicks",
            "is_restricted": false,
            "is_ultra_restricted": false
        },
        "blocks": [
            {
                "type": "rich_text",
                "block_id": "63W",
                "elements": [
                    {
                        "type": "rich_text_section",
                        "elements": [
                            {
                                "type": "text",
                                "text": "am I calculating it correctly that your salary range is 18–24k\/year?"
                            }
                        ]
                    }
                ]
            }
        ],
        "thread_ts": "1555084076.000300",
        "parent_user_id": "U431AMKSR",
        "reactions": [
            {
                "name": "point_up",
                "users": [
                    "U44R1N656",
                    "U0U6ML22H",
                    "U4SM7ECAG"
                ],
                "count": 3
            },
            {
                "name": "face_vomiting",
                "users": [
                    "UH577TH5X",
                    "UDNL2DXE2",
                    "UG9S803RN"
                ],
                "count": 3
            }
        ]
    },
    {
        "client_msg_id": "0c8b7034-c8a3-4007-af68-7f9ed97e4b53",
        "type": "message",
        "text": "Apparently the typical range for frontend in Brazil is about 10-20k\/year.",
        "user": "UCQ3SDKTK",
        "ts": "1555088271.002000",
        "team": "T0CJ5UNHK",
        "user_team": "T0CJ5UNHK",
        "source_team": "T0CJ5UNHK",
        "user_profile": {
            "avatar_hash": "g38ba1668d2e",
            "image_72": "https:\/\/secure.gravatar.com\/avatar\/b50938ba1668d2e9c673234d0a6c2537.jpg?s=72&d=https%3A%2F%2Fa.slack-edge.com%2Fdf10d%2Fimg%2Favatars%2Fava_0021-72.png",
            "first_name": "kurane",
            "real_name": "kurane",
            "display_name": "",
            "team": "T0CJ5UNHK",
            "name": "ansgarprause",
            "is_restricted": false,
            "is_ultra_restricted": false
        },
        "blocks": [
            {
                "type": "rich_text",
                "block_id": "6nmk",
                "elements": [
                    {
                        "type": "rich_text_section",
                        "elements": [
                            {
                                "type": "text",
                                "text": "Apparently the typical range for frontend in Brazil is about 10-20k\/year."
                            }
                        ]
                    }
                ]
            }
        ],
        "thread_ts": "1555084076.000300",
        "parent_user_id": "U431AMKSR"
    },
    {
        "client_msg_id": "18e9e336-43f6-40e0-b282-9c454982fa1a",
        "type": "message",
        "text": "Yeah, it is, I do understand it is low by US\/Europe standards. The project is from Brazil where the cost of living is cheaper",
        "user": "U431AMKSR",
        "ts": "1555093430.002300",
        "team": "T0CJ5UNHK",
        "user_team": "T0CJ5UNHK",
        "source_team": "T0CJ5UNHK",
        "user_profile": {
            "avatar_hash": "55c82dfe38d4",
            "image_72": "https:\/\/avatars.slack-edge.com\/2018-05-22\/368323934979_55c82dfe38d4f144c26b_72.png",
            "first_name": "J",
            "real_name": "J Lucca",
            "display_name": "lucca",
            "team": "T0CJ5UNHK",
            "name": "lucca",
            "is_restricted": false,
            "is_ultra_restricted": false
        },
        "blocks": [
            {
                "type": "rich_text",
                "block_id": "osq",
                "elements": [
                    {
                        "type": "rich_text_section",
                        "elements": [
                            {
                                "type": "text",
                                "text": "Yeah, it is, I do understand it is low by US\/Europe standards. The project is from Brazil where the cost of living is cheaper"
                            }
                        ]
                    }
                ]
            }
        ],
        "thread_ts": "1555084076.000300",
        "parent_user_id": "U431AMKSR"
    },
    {
        "client_msg_id": "8a7db49a-dc7e-4b0c-b8a2-4d5f3a61e2a0",
        "type": "message",
        "text": "It can be part time also",
        "user": "U431AMKSR",
        "ts": "1555093473.002500",
        "team": "T0CJ5UNHK",
        "user_team": "T0CJ5UNHK",
        "source_team": "T0CJ5UNHK",
        "user_profile": {
            "avatar_hash": "55c82dfe38d4",
            "image_72": "https:\/\/avatars.slack-edge.com\/2018-05-22\/368323934979_55c82dfe38d4f144c26b_72.png",
            "first_name": "J",
            "real_name": "J Lucca",
            "display_name": "lucca",
            "team": "T0CJ5UNHK",
            "name": "lucca",
            "is_restricted": false,
            "is_ultra_restricted": false
        },
        "blocks": [
            {
                "type": "rich_text",
                "block_id": "BfF",
                "elements": [
                    {
                        "type": "rich_text_section",
                        "elements": [
                            {
                                "type": "text",
                                "text": "It can be part time also"
                            }
                        ]
                    }
                ]
            }
        ],
        "thread_ts": "1555084076.000300",
        "parent_user_id": "U431AMKSR"
    }
]