[
    {
        "client_msg_id": "1aa26751-6cea-443c-b02f-c1be500360b7",
        "type": "message",
        "text": "| Permutive | London (on-site) | (Senior) Software Engineer |\n\n--\n\nHey everyone!\n\nWe're hiring a full-time, on-site Elm engineer in London. Our stack is Elm, Haskell, *functional* Scala, Docker\/k8s, Google Cloud, Kafka (et al). As a company we're super passionate about functional programming and strong type systems! We always pay in the top 20%. We're building exciting, data visualisation driven products in Elm and we want to expand our Elm team. We're looking for someone who can come in and really own one of our products front-ends! Our SDKs run on 1billion+ devices per month, and our platform bursts to 1million events a second. There's lots of opportunities to work on non-Elm parts of our stack too if you're interested!\n\nWe came out of Y Combinator and raised a $10m Series A last year. We have 45 employees (40 in our Old Street\/London and 5 in our New York office). Our engineering team is currently 14 people (one other Elm engineer) but we're growing it to 40+ by the end of the year. As a company, we believe the edge is going to change the way people build software and we're building products to support engineers with infrastructure to do that!\n\nFeel free to ping me here for more info, or send an email to <mailto:talent@permutive.com|talent@permutive.com> if you're interested!",
        "user": "UK2TFRM3P",
        "ts": "1559126022.004100",
        "team": "T0CJ5UNHK",
        "user_team": "T0CJ5UNHK",
        "source_team": "T0CJ5UNHK",
        "user_profile": {
            "avatar_hash": "3920b6ef3a90",
            "image_72": "https:\/\/avatars.slack-edge.com\/2019-05-29\/650794741815_3920b6ef3a90f607bac1_72.jpg",
            "first_name": "Joe",
            "real_name": "Joe Pettersson",
            "display_name": "Joe Pettersson",
            "team": "T0CJ5UNHK",
            "name": "joe.pettersson",
            "is_restricted": false,
            "is_ultra_restricted": false
        },
        "edited": {
            "user": "UK2TFRM3P",
            "ts": "1559126041.000000"
        },
        "blocks": [
            {
                "type": "rich_text",
                "block_id": "KW\/iU",
                "elements": [
                    {
                        "type": "rich_text_section",
                        "elements": [
                            {
                                "type": "text",
                                "text": "| Permutive | London (on-site) | (Senior) Software Engineer |\n\n--\n\nHey everyone!\n\nWe're hiring a full-time, on-site Elm engineer in London. Our stack is Elm, Haskell, "
                            },
                            {
                                "type": "text",
                                "text": "functional",
                                "style": {
                                    "bold": true
                                }
                            },
                            {
                                "type": "text",
                                "text": " Scala, Docker\/k8s, Google Cloud, Kafka (et al). As a company we're super passionate about functional programming and strong type systems! We always pay in the top 20%. We're building exciting, data visualisation driven products in Elm and we want to expand our Elm team. We're looking for someone who can come in and really own one of our products front-ends! Our SDKs run on 1billion+ devices per month, and our platform bursts to 1million events a second. There's lots of opportunities to work on non-Elm parts of our stack too if you're interested!\n\nWe came out of Y Combinator and raised a $10m Series A last year. We have 45 employees (40 in our Old Street\/London and 5 in our New York office). Our engineering team is currently 14 people (one other Elm engineer) but we're growing it to 40+ by the end of the year. As a company, we believe the edge is going to change the way people build software and we're building products to support engineers with infrastructure to do that!\n\nFeel free to ping me here for more info, or send an email to "
                            },
                            {
                                "type": "link",
                                "url": "mailto:talent@permutive.com",
                                "text": "talent@permutive.com"
                            },
                            {
                                "type": "text",
                                "text": " if you're interested!"
                            }
                        ]
                    }
                ]
            }
        ],
        "reactions": [
            {
                "name": "fire",
                "users": [
                    "U5L8C4GCW",
                    "U0J8D9M2P",
                    "U59LRV7UZ",
                    "U44R1N656",
                    "U0FBYQXNG",
                    "U0J1M0F32",
                    "UA50RDC79",
                    "U2H5HKG3Y",
                    "UHYH3L2MB",
                    "U18UD6T3J",
                    "U2GCKJTC0",
                    "U4KFY2V6V",
                    "U6H9E1YS3",
                    "UFVURD22Y",
                    "U813ZEBFV",
                    "U426CQXAL"
                ],
                "count": 16
            },
            {
                "name": "+1",
                "users": [
                    "U2FN13XD4"
                ],
                "count": 1
            }
        ]
    }
]