[
    {
        "client_msg_id": "28d0a260-8b78-4836-89b2-6bcf4cc3f4bc",
        "type": "message",
        "text": "| Drip | Minneapolis - Minnesota, On Site | Frontend developer\n\nWe have a big Elm code base that is growing all the time. We’d love to bring someone in who’s excited about working in Elm.\n\n<https:\/\/www.drip.com\/careers\/6c92d77e-6b6a-46a0-9745-a00d6a1d6509\/senior-front-end-developer>",
        "user": "UNJGBGN3F",
        "ts": "1569529969.019500",
        "team": "T0CJ5UNHK",
        "user_team": "T0CJ5UNHK",
        "source_team": "T0CJ5UNHK",
        "user_profile": {
            "avatar_hash": "98a66e137b88",
            "image_72": "https:\/\/avatars.slack-edge.com\/2019-09-19\/760141055489_98a66e137b889aafebca_72.jpg",
            "first_name": "Jachin",
            "real_name": "Jachin Rupe",
            "display_name": "Jachin Rupe",
            "team": "T0CJ5UNHK",
            "name": "jachin.rupe",
            "is_restricted": false,
            "is_ultra_restricted": false
        },
        "attachments": [
            {
                "title": "Senior Front-End Developer | Drip Careers",
                "title_link": "https:\/\/www.drip.com\/careers\/6c92d77e-6b6a-46a0-9745-a00d6a1d6509\/senior-front-end-developer",
                "fallback": "Senior Front-End Developer | Drip Careers",
                "image_url": "https:\/\/www.drip.com\/static\/img\/public\/default-og-image.png?v=20190923-166.421243993029300626",
                "from_url": "https:\/\/www.drip.com\/careers\/6c92d77e-6b6a-46a0-9745-a00d6a1d6509\/senior-front-end-developer",
                "image_width": 476,
                "image_height": 250,
                "image_bytes": 4327,
                "service_icon": "https:\/\/www.drip.com\/static\/img\/public\/favicons\/apple-touch-icon.png?v=20190923-166.421243993029300626",
                "service_name": "Drip",
                "id": 1,
                "original_url": "https:\/\/www.drip.com\/careers\/6c92d77e-6b6a-46a0-9745-a00d6a1d6509\/senior-front-end-developer"
            }
        ],
        "blocks": [
            {
                "type": "rich_text",
                "block_id": "K+wD",
                "elements": [
                    {
                        "type": "rich_text_section",
                        "elements": [
                            {
                                "type": "text",
                                "text": "| Drip | Minneapolis - Minnesota, On Site | Frontend developer\n\nWe have a big Elm code base that is growing all the time. We’d love to bring someone in who’s excited about working in Elm.\n\n"
                            },
                            {
                                "type": "link",
                                "url": "https:\/\/www.drip.com\/careers\/6c92d77e-6b6a-46a0-9745-a00d6a1d6509\/senior-front-end-developer"
                            }
                        ]
                    }
                ]
            }
        ],
        "reactions": [
            {
                "name": "airplane",
                "users": [
                    "UBVSWRZ41"
                ],
                "count": 1
            }
        ]
    }
]