[
    {
        "client_msg_id": "be18811d-1a5c-401d-83c7-fb2248969b1e",
        "type": "message",
        "text": "We are hiring a new developer FS focusing on elm (we use Scala on the BE and Elm on the FE with some TS on the build script process)",
        "user": "U62RCPXV3",
        "ts": "1563978114.004900",
        "team": "T0CJ5UNHK",
        "user_team": "T0CJ5UNHK",
        "source_team": "T0CJ5UNHK",
        "user_profile": {
            "avatar_hash": "ga3bc014f6d5",
            "image_72": "https:\/\/secure.gravatar.com\/avatar\/9a3bc014f6d5a472aaf5a804fc2d423e.jpg?s=72&d=https%3A%2F%2Fa.slack-edge.com%2Fdf10d%2Fimg%2Favatars%2Fava_0020-72.png",
            "first_name": "Juan",
            "real_name": "Juan Fraire",
            "display_name": "groteck",
            "team": "T0CJ5UNHK",
            "name": "groteck",
            "is_restricted": false,
            "is_ultra_restricted": false
        },
        "blocks": [
            {
                "type": "rich_text",
                "block_id": "Vjhv",
                "elements": [
                    {
                        "type": "rich_text_section",
                        "elements": [
                            {
                                "type": "text",
                                "text": "We are hiring a new developer FS focusing on elm (we use Scala on the BE and Elm on the FE with some TS on the build script process)"
                            }
                        ]
                    }
                ]
            }
        ],
        "thread_ts": "1563978114.004900",
        "reply_count": 3,
        "reply_users_count": 2,
        "latest_reply": "1565564168.034900",
        "reply_users": [
            "UFJAQK4Q3",
            "U62RCPXV3"
        ],
        "replies": [
            {
                "user": "UFJAQK4Q3",
                "ts": "1564111871.007500"
            },
            {
                "user": "U62RCPXV3",
                "ts": "1564127945.007700"
            },
            {
                "user": "UFJAQK4Q3",
                "ts": "1565564168.034900"
            }
        ],
        "is_locked": false,
        "subscribed": false
    },
    {
        "client_msg_id": "e48a2d28-e7bd-47d7-8234-2951da007969",
        "type": "message",
        "text": "berlin located have a plus",
        "user": "U62RCPXV3",
        "ts": "1563978141.005100",
        "team": "T0CJ5UNHK",
        "user_team": "T0CJ5UNHK",
        "source_team": "T0CJ5UNHK",
        "user_profile": {
            "avatar_hash": "ga3bc014f6d5",
            "image_72": "https:\/\/secure.gravatar.com\/avatar\/9a3bc014f6d5a472aaf5a804fc2d423e.jpg?s=72&d=https%3A%2F%2Fa.slack-edge.com%2Fdf10d%2Fimg%2Favatars%2Fava_0020-72.png",
            "first_name": "Juan",
            "real_name": "Juan Fraire",
            "display_name": "groteck",
            "team": "T0CJ5UNHK",
            "name": "groteck",
            "is_restricted": false,
            "is_ultra_restricted": false
        },
        "blocks": [
            {
                "type": "rich_text",
                "block_id": "jwnd",
                "elements": [
                    {
                        "type": "rich_text_section",
                        "elements": [
                            {
                                "type": "text",
                                "text": "berlin located have a plus"
                            }
                        ]
                    }
                ]
            }
        ]
    },
    {
        "client_msg_id": "56bcfa5b-ea58-45b0-8adb-7ea72d247076",
        "type": "message",
        "text": "Another one on jobserve. Looks like a react job but also mentions Elm and greenfield so perhaps there is scope for taking things in an Elm direction: <https:\/\/www.jobserve.com\/gb\/en\/search-jobs-in-City-of-London,-London,-United-Kingdom\/FRONT-END-DEVELOPER-REACTJS-CONTRACT-BAB2A09B09F4A0DE99\/>",
        "user": "U1X0EELG3",
        "ts": "1564001881.006000",
        "team": "T0CJ5UNHK",
        "user_team": "T0CJ5UNHK",
        "source_team": "T0CJ5UNHK",
        "user_profile": {
            "avatar_hash": "b72ba28993ae",
            "image_72": "https:\/\/avatars.slack-edge.com\/2019-01-31\/539969680374_b72ba28993ae87a3db22_72.jpg",
            "first_name": "Rupert",
            "real_name": "Rupert Smith",
            "display_name": "rupertlssmith",
            "team": "T0CJ5UNHK",
            "name": "rupertlssmith",
            "is_restricted": false,
            "is_ultra_restricted": false
        },
        "attachments": [
            {
                "title": "  Front End Developer - ReactJS - Contract  - City of London - July-23-2019 (HFlvb) ",
                "title_link": "https:\/\/www.jobserve.com\/gb\/en\/search-jobs-in-City-of-London,-London,-United-Kingdom\/FRONT-END-DEVELOPER-REACTJS-CONTRACT-BAB2A09B09F4A0DE99\/",
                "text": "Front End Developer ReactJS Contract City of London London United Kingdom (HFlvb)",
                "fallback": "  Front End Developer - ReactJS - Contract  - City of London - July-23-2019 (HFlvb) ",
                "from_url": "https:\/\/www.jobserve.com\/gb\/en\/search-jobs-in-City-of-London,-London,-United-Kingdom\/FRONT-END-DEVELOPER-REACTJS-CONTRACT-BAB2A09B09F4A0DE99\/",
                "service_icon": "https:\/\/www.jobserve.com\/favicon.ico",
                "service_name": "jobserve.com",
                "id": 1,
                "original_url": "https:\/\/www.jobserve.com\/gb\/en\/search-jobs-in-City-of-London,-London,-United-Kingdom\/FRONT-END-DEVELOPER-REACTJS-CONTRACT-BAB2A09B09F4A0DE99\/"
            }
        ],
        "blocks": [
            {
                "type": "rich_text",
                "block_id": "HdZK",
                "elements": [
                    {
                        "type": "rich_text_section",
                        "elements": [
                            {
                                "type": "text",
                                "text": "Another one on jobserve. Looks like a react job but also mentions Elm and greenfield so perhaps there is scope for taking things in an Elm direction: "
                            },
                            {
                                "type": "link",
                                "url": "https:\/\/www.jobserve.com\/gb\/en\/search-jobs-in-City-of-London,-London,-United-Kingdom\/FRONT-END-DEVELOPER-REACTJS-CONTRACT-BAB2A09B09F4A0DE99\/"
                            }
                        ]
                    }
                ]
            }
        ],
        "reactions": [
            {
                "name": "100",
                "users": [
                    "U813ZEBFV",
                    "U18UD6T3J"
                ],
                "count": 2
            }
        ]
    }
]