[
    {
        "client_msg_id": "28b32d3b-b6bd-45a2-a372-66d245ca0ef8",
        "type": "message",
        "text": "Humio | Aarhus Denmark, Stockholm Sweden, Remote (Europe) | Elm Engineers\n\nHumio is a high volume log management platform written in Scala and Elm. We are expanding our Elm team and have one of the worlds largest Elm code bases. Humio processes and visualizes huge amounts of events and allows you to transform and aggregate your logs and event data in real-time. We have customers like Microsoft and Bloomberg and have had a x10 growth in revenue last year. If you are interested in writing Elm full time - PM me.\n\n<http:\/\/humio.com>",
        "user": "U5MEJDV34",
        "ts": "1553177591.030500",
        "team": "T0CJ5UNHK",
        "user_team": "T0CJ5UNHK",
        "source_team": "T0CJ5UNHK",
        "user_profile": {
            "avatar_hash": "15879b80ad9c",
            "image_72": "https:\/\/avatars.slack-edge.com\/2018-01-06\/295152313700_15879b80ad9c50fe7822_72.jpg",
            "first_name": "Thomas",
            "real_name": "Thomas Anagrius",
            "display_name": "anagrius",
            "team": "T0CJ5UNHK",
            "name": "anagrius",
            "is_restricted": false,
            "is_ultra_restricted": false
        },
        "edited": {
            "user": "U5MEJDV34",
            "ts": "1553256381.000000"
        },
        "attachments": [
            {
                "title": "Humio - Monitoring, Logs, Metric, and Analytics in Real-Time | Humio",
                "title_link": "http:\/\/humio.com\/",
                "text": "Humio is a log management software, providing real-time, instant monitoring, analysis, and visibility of log data via ad-hoc querying, schema on read, and live dashboards. Humio is On-Premises or in the Cloud at favourable pricing plans, supporting various use cases within security and IT operations",
                "fallback": "Humio - Monitoring, Logs, Metric, and Analytics in Real-Time | Humio",
                "from_url": "http:\/\/humio.com\/",
                "service_icon": "https:\/\/humio.com\/icons\/icon-48x48.png",
                "service_name": "humio.com",
                "id": 1,
                "original_url": "http:\/\/humio.com"
            }
        ],
        "blocks": [
            {
                "type": "rich_text",
                "block_id": "XUJs",
                "elements": [
                    {
                        "type": "rich_text_section",
                        "elements": [
                            {
                                "type": "text",
                                "text": "Humio | Aarhus Denmark, Stockholm Sweden, Remote (Europe) | Elm Engineers\n\nHumio is a high volume log management platform written in Scala and Elm. We are expanding our Elm team and have one of the worlds largest Elm code bases. Humio processes and visualizes huge amounts of events and allows you to transform and aggregate your logs and event data in real-time. We have customers like Microsoft and Bloomberg and have had a x10 growth in revenue last year. If you are interested in writing Elm full time - PM me.\n\n"
                            },
                            {
                                "type": "link",
                                "url": "http:\/\/humio.com"
                            }
                        ]
                    }
                ]
            }
        ],
        "thread_ts": "1553177591.030500",
        "reply_count": 4,
        "reply_users_count": 3,
        "latest_reply": "1554073707.001000",
        "reply_users": [
            "UE5QXSWDR",
            "U5MEJDV34",
            "U4CMREF7Y"
        ],
        "replies": [
            {
                "user": "UE5QXSWDR",
                "ts": "1553178986.030900"
            },
            {
                "user": "U5MEJDV34",
                "ts": "1553179146.031100"
            },
            {
                "user": "U4CMREF7Y",
                "ts": "1554073664.000800"
            },
            {
                "user": "U4CMREF7Y",
                "ts": "1554073707.001000"
            }
        ],
        "is_locked": false,
        "subscribed": false,
        "reactions": [
            {
                "name": "+1",
                "users": [
                    "U2FN13XD4",
                    "U17MNKY3H",
                    "U813ZEBFV",
                    "U6R0D5SJF",
                    "UAMRQEZ4L",
                    "U5CEDPFUY",
                    "U7Q4GPSSF",
                    "U1CHKCKBR"
                ],
                "count": 8
            }
        ]
    },
    {
        "client_msg_id": "a7fa58fb-202e-46b9-836d-080959972c78",
        "type": "message",
        "text": "Hey <@U5MEJDV34>\ni’m 1+yr experienced elm developer and am interested in that position. Would you like to consider me?\nI’m from HK but can work in europe timezone.",
        "user": "UE5QXSWDR",
        "ts": "1553178986.030900",
        "team": "T0CJ5UNHK",
        "user_team": "T0CJ5UNHK",
        "source_team": "T0CJ5UNHK",
        "user_profile": {
            "avatar_hash": "gb79bd4c6190",
            "image_72": "https:\/\/secure.gravatar.com\/avatar\/3b79bd4c61908bc1b592f14b18aa776f.jpg?s=72&d=https%3A%2F%2Fa.slack-edge.com%2Fdf10d%2Fimg%2Favatars%2Fava_0004-72.png",
            "first_name": "",
            "real_name": "James Lin",
            "display_name": "jameslin",
            "team": "T0CJ5UNHK",
            "name": "jameslin",
            "is_restricted": false,
            "is_ultra_restricted": false
        },
        "blocks": [
            {
                "type": "rich_text",
                "block_id": "AAuW",
                "elements": [
                    {
                        "type": "rich_text_section",
                        "elements": [
                            {
                                "type": "text",
                                "text": "Hey "
                            },
                            {
                                "type": "user",
                                "user_id": "U5MEJDV34"
                            },
                            {
                                "type": "text",
                                "text": "\ni’m 1+yr experienced elm developer and am interested in that position. Would you like to consider me?\nI’m from HK but can work in europe timezone."
                            }
                        ]
                    }
                ]
            }
        ],
        "thread_ts": "1553177591.030500",
        "parent_user_id": "U5MEJDV34"
    },
    {
        "client_msg_id": "b3c8b49f-eeb4-4e54-a22c-a3eadb0ecb4b",
        "type": "message",
        "text": "Not currently sorry, the job may require visiting customers on-site in Europe and visiting with our DK branch. Good luck in your hunt.",
        "user": "U5MEJDV34",
        "ts": "1553179146.031100",
        "team": "T0CJ5UNHK",
        "user_team": "T0CJ5UNHK",
        "source_team": "T0CJ5UNHK",
        "user_profile": {
            "avatar_hash": "15879b80ad9c",
            "image_72": "https:\/\/avatars.slack-edge.com\/2018-01-06\/295152313700_15879b80ad9c50fe7822_72.jpg",
            "first_name": "Thomas",
            "real_name": "Thomas Anagrius",
            "display_name": "anagrius",
            "team": "T0CJ5UNHK",
            "name": "anagrius",
            "is_restricted": false,
            "is_ultra_restricted": false
        },
        "edited": {
            "user": "U5MEJDV34",
            "ts": "1553514621.000000"
        },
        "blocks": [
            {
                "type": "rich_text",
                "block_id": "ze\/",
                "elements": [
                    {
                        "type": "rich_text_section",
                        "elements": [
                            {
                                "type": "text",
                                "text": "Not currently sorry, the job may require visiting customers on-site in Europe and visiting with our DK branch. Good luck in your hunt."
                            }
                        ]
                    }
                ]
            }
        ],
        "thread_ts": "1553177591.030500",
        "parent_user_id": "U5MEJDV34"
    }
]