[
    {
        "client_msg_id": "27d81768-1e7d-4a74-b118-8634903f8a6a",
        "type": "message",
        "text": "VeePee (formerly Vente Privée\/Privalia\/Vente Exclusive) | Paris, France | fullstack SWE\nVeepee sells clearance stock to its members through flash sales across Europe.\nWe are a team of 7 working on an internal planning tool for flash sales. We are mostly located in St-Denis offices near Paris, with one person remote.\nWe are currently building an Elm interface to schedule sales, an event-sourced sales referential that is implemented in Haskell and wiring that to the legacy systems. We are looking for someone to help us tackle this task.\nMessage me here if interested.",
        "user": "U92RB0ESG",
        "ts": "1558529526.083500",
        "team": "T0CJ5UNHK",
        "user_team": "T0CJ5UNHK",
        "source_team": "T0CJ5UNHK",
        "user_profile": {
            "avatar_hash": "deec27a69c50",
            "image_72": "https:\/\/avatars.slack-edge.com\/2018-02-23\/319212048496_deec27a69c50561719ab_72.jpg",
            "first_name": "Benoit",
            "real_name": "Benoit Chiquet",
            "display_name": "bec",
            "team": "T0CJ5UNHK",
            "name": "bchiquet",
            "is_restricted": false,
            "is_ultra_restricted": false
        },
        "blocks": [
            {
                "type": "rich_text",
                "block_id": "Jnr",
                "elements": [
                    {
                        "type": "rich_text_section",
                        "elements": [
                            {
                                "type": "text",
                                "text": "VeePee (formerly Vente Privée\/Privalia\/Vente Exclusive) | Paris, France | fullstack SWE\nVeepee sells clearance stock to its members through flash sales across Europe.\nWe are a team of 7 working on an internal planning tool for flash sales. We are mostly located in St-Denis offices near Paris, with one person remote.\nWe are currently building an Elm interface to schedule sales, an event-sourced sales referential that is implemented in Haskell and wiring that to the legacy systems. We are looking for someone to help us tackle this task.\nMessage me here if interested."
                            }
                        ]
                    }
                ]
            }
        ],
        "reactions": [
            {
                "name": "+1",
                "users": [
                    "U0JD7JSUA"
                ],
                "count": 1
            }
        ]
    }
]