[
    {
        "client_msg_id": "e65dc0b2-460c-45e3-8748-74fb71b76684",
        "type": "message",
        "text": "I’m happily working for BridgeU but if I could (and want :sweat_smile: ) to have two jobs I’d definitely apply to work with this guy :point_up:",
        "user": "U28F1THGB",
        "ts": "1562348971.058200",
        "team": "T0CJ5UNHK",
        "user_team": "T0CJ5UNHK",
        "source_team": "T0CJ5UNHK",
        "user_profile": {
            "avatar_hash": "g042f207f1d7",
            "image_72": "https:\/\/secure.gravatar.com\/avatar\/d042f207f1d733e7c513acd188e80336.jpg?s=72&d=https%3A%2F%2Fa.slack-edge.com%2Fdf10d%2Fimg%2Favatars%2Fava_0005-72.png",
            "first_name": "Carlos I",
            "real_name": "Carlos I Peña",
            "display_name": "carlosipe",
            "team": "T0CJ5UNHK",
            "name": "carlosipe",
            "is_restricted": false,
            "is_ultra_restricted": false
        },
        "edited": {
            "user": "U28F1THGB",
            "ts": "1562349004.000000"
        },
        "blocks": [
            {
                "type": "rich_text",
                "block_id": "os8",
                "elements": [
                    {
                        "type": "rich_text_section",
                        "elements": [
                            {
                                "type": "text",
                                "text": "I’m happily working for BridgeU but if I could (and want "
                            },
                            {
                                "type": "emoji",
                                "name": "sweat_smile",
                                "unicode": "1f605"
                            },
                            {
                                "type": "text",
                                "text": " ) to have two jobs I’d definitely apply to work with this guy "
                            },
                            {
                                "type": "emoji",
                                "name": "point_up",
                                "unicode": "261d-fe0f"
                            }
                        ]
                    }
                ]
            }
        ],
        "thread_ts": "1561108772.042400",
        "parent_user_id": "U1R5JCM55"
    }
]