[
    {
        "client_msg_id": "fc941351-b355-49a6-b569-36e2744b9c97",
        "type": "message",
        "text": "There is also a <#C0MGUUJN9|berlin> channel",
        "user": "U4G0M9E6Q",
        "ts": "1562917974.066400",
        "team": "T0CJ5UNHK",
        "user_team": "T0CJ5UNHK",
        "source_team": "T0CJ5UNHK",
        "user_profile": {
            "avatar_hash": "b23fd2a80789",
            "image_72": "https:\/\/avatars.slack-edge.com\/2020-09-03\/1341003558562_b23fd2a8078906b8b8b5_72.jpg",
            "first_name": "Erkal",
            "real_name": "Erkal Selman",
            "display_name": "erkalselman",
            "team": "T0CJ5UNHK",
            "name": "erkalselman",
            "is_restricted": false,
            "is_ultra_restricted": false
        },
        "blocks": [
            {
                "type": "rich_text",
                "block_id": "oU8O",
                "elements": [
                    {
                        "type": "rich_text_section",
                        "elements": [
                            {
                                "type": "text",
                                "text": "There is also a "
                            },
                            {
                                "type": "channel",
                                "channel_id": "C0MGUUJN9"
                            },
                            {
                                "type": "text",
                                "text": " channel"
                            }
                        ]
                    }
                ]
            }
        ],
        "thread_ts": "1562840981.064800",
        "parent_user_id": "ULD1H5R8X",
        "reactions": [
            {
                "name": "+1",
                "users": [
                    "ULD1H5R8X"
                ],
                "count": 1
            }
        ]
    },
    {
        "client_msg_id": "a8c7769e-5955-44f6-a823-88e93be988db",
        "type": "message",
        "text": "Concordium | Zurich, Marbella, EU Remote | Elm Engineer\n\nConcordium is a new identity-integrated blockchain &amp; smart contracts platform. We’re looking for a couple of folks to join us working on various ambitious frontend projects, including a Wallet and Developer IDE. All of our frontends are currently in Elm.\n\nWe would prefer on-site at one of our offices in Marbella or Zurich, however, we are open to considering remotes in the EU region. Email <mailto:mr@concordium.com|mr@concordium.com> with resume if of interest, or DM for any questions!\n\n<https:\/\/www.concordium.com\/>",
        "user": "U2FMN03NZ",
        "ts": "1562940684.067100",
        "team": "T0CJ5UNHK",
        "user_team": "T0CJ5UNHK",
        "source_team": "T0CJ5UNHK",
        "user_profile": {
            "avatar_hash": "94d6ab2aa413",
            "image_72": "https:\/\/avatars.slack-edge.com\/2017-11-30\/279847008946_94d6ab2aa413a68c840d_72.png",
            "first_name": "Mario",
            "real_name": "Mario Rogic",
            "display_name": "supermario",
            "team": "T0CJ5UNHK",
            "name": "supermario",
            "is_restricted": false,
            "is_ultra_restricted": false
        },
        "blocks": [
            {
                "type": "rich_text",
                "block_id": "gldW",
                "elements": [
                    {
                        "type": "rich_text_section",
                        "elements": [
                            {
                                "type": "text",
                                "text": "Concordium | Zurich, Marbella, EU Remote | Elm Engineer\n\nConcordium is a new identity-integrated blockchain & smart contracts platform. We’re looking for a couple of folks to join us working on various ambitious frontend projects, including a Wallet and Developer IDE. All of our frontends are currently in Elm.\n\nWe would prefer on-site at one of our offices in Marbella or Zurich, however, we are open to considering remotes in the EU region. Email "
                            },
                            {
                                "type": "link",
                                "url": "mailto:mr@concordium.com",
                                "text": "mr@concordium.com"
                            },
                            {
                                "type": "text",
                                "text": " with resume if of interest, or DM for any questions!\n\n"
                            },
                            {
                                "type": "link",
                                "url": "https:\/\/www.concordium.com\/"
                            }
                        ]
                    }
                ]
            }
        ],
        "reactions": [
            {
                "name": "fire",
                "users": [
                    "UA54MLQCF",
                    "U9J662F45",
                    "U44R1N656",
                    "U1EJG2SGJ",
                    "U18UD6T3J",
                    "U0J8D9M2P",
                    "UL885MD7B",
                    "U0JD7JSUA",
                    "U2D7NUGS1"
                ],
                "count": 9
            },
            {
                "name": "+1",
                "users": [
                    "U2FN13XD4",
                    "U4K0G4E74",
                    "U2D7NUGS1"
                ],
                "count": 3
            }
        ]
    },
    {
        "client_msg_id": "44ef8748-1154-494a-9813-07ed92b382c9",
        "type": "message",
        "text": ":information_source: I'm removing pins older than 2019 so that we can pin ^",
        "user": "U0JUBLV8F",
        "ts": "1562944730.068500",
        "team": "T0CJ5UNHK",
        "user_team": "T0CJ5UNHK",
        "source_team": "T0CJ5UNHK",
        "user_profile": {
            "avatar_hash": "gca2f8814a85",
            "image_72": "https:\/\/secure.gravatar.com\/avatar\/fca2f8814a85e23af81f5553adbd4d62.jpg?s=72&d=https%3A%2F%2Fa.slack-edge.com%2Fdf10d%2Fimg%2Favatars%2Fava_0024-72.png",
            "first_name": "Brian",
            "real_name": "Brian Hicks",
            "display_name": "brianhicks",
            "team": "T0CJ5UNHK",
            "name": "brianhicks",
            "is_restricted": false,
            "is_ultra_restricted": false
        },
        "blocks": [
            {
                "type": "rich_text",
                "block_id": "iBqf",
                "elements": [
                    {
                        "type": "rich_text_section",
                        "elements": [
                            {
                                "type": "emoji",
                                "name": "information_source",
                                "unicode": "2139-fe0f"
                            },
                            {
                                "type": "text",
                                "text": " I'm removing pins older than 2019 so that we can pin ^"
                            }
                        ]
                    }
                ]
            }
        ],
        "reactions": [
            {
                "name": "pray",
                "users": [
                    "U0HM0A449",
                    "U0J1M0F32",
                    "UATSZQ6QY",
                    "UHYH3L2MB"
                ],
                "count": 4
            }
        ]
    },
    {
        "client_msg_id": "68a2484f-f96e-4bf8-8d19-80d8d78b8797",
        "type": "message",
        "text": "if I un-pin a job you posted, and it's still open, please feel free to re-post and re-pin.",
        "user": "U0JUBLV8F",
        "ts": "1562944882.073100",
        "team": "T0CJ5UNHK",
        "user_team": "T0CJ5UNHK",
        "source_team": "T0CJ5UNHK",
        "user_profile": {
            "avatar_hash": "gca2f8814a85",
            "image_72": "https:\/\/secure.gravatar.com\/avatar\/fca2f8814a85e23af81f5553adbd4d62.jpg?s=72&d=https%3A%2F%2Fa.slack-edge.com%2Fdf10d%2Fimg%2Favatars%2Fava_0024-72.png",
            "first_name": "Brian",
            "real_name": "Brian Hicks",
            "display_name": "brianhicks",
            "team": "T0CJ5UNHK",
            "name": "brianhicks",
            "is_restricted": false,
            "is_ultra_restricted": false
        },
        "blocks": [
            {
                "type": "rich_text",
                "block_id": "GQ54k",
                "elements": [
                    {
                        "type": "rich_text_section",
                        "elements": [
                            {
                                "type": "text",
                                "text": "if I un-pin a job you posted, and it's still open, please feel free to re-post and re-pin."
                            }
                        ]
                    }
                ]
            }
        ]
    },
    {
        "client_msg_id": "08d91e98-30d3-4595-b1c0-b7d5bd64bd24",
        "type": "message",
        "text": "I work for a friend-working-together-agency and we’re a few elm coder in it. let me know if you’re interested.\nThe company is based in Germany (Hamburg) but we’ve dev in different places in Germany and in Europe :slightly_smiling_face:",
        "user": "U4SM7ECAG",
        "ts": "1562948874.078700",
        "team": "T0CJ5UNHK",
        "user_team": "T0CJ5UNHK",
        "source_team": "T0CJ5UNHK",
        "user_profile": {
            "avatar_hash": "g219fe74c131",
            "image_72": "https:\/\/secure.gravatar.com\/avatar\/b219fe74c13197eb6f4a8389050a6312.jpg?s=72&d=https%3A%2F%2Fa.slack-edge.com%2Fdf10d%2Fimg%2Favatars%2Fava_0007-72.png",
            "first_name": "Leo",
            "real_name": "Leo jPod",
            "display_name": "leojpod",
            "team": "T0CJ5UNHK",
            "name": "leojpod",
            "is_restricted": false,
            "is_ultra_restricted": false
        },
        "blocks": [
            {
                "type": "rich_text",
                "block_id": "20G5m",
                "elements": [
                    {
                        "type": "rich_text_section",
                        "elements": [
                            {
                                "type": "text",
                                "text": "I work for a friend-working-together-agency and we’re a few elm coder in it. let me know if you’re interested.\nThe company is based in Germany (Hamburg) but we’ve dev in different places in Germany and in Europe "
                            },
                            {
                                "type": "emoji",
                                "name": "slightly_smiling_face",
                                "unicode": "1f642"
                            }
                        ]
                    }
                ]
            }
        ],
        "thread_ts": "1562840981.064800",
        "parent_user_id": "ULD1H5R8X"
    }
]