[
    {
        "client_msg_id": "31f40767-1fc9-486c-8cc0-477aaed2af71",
        "type": "message",
        "text": "I’d prefer folks with work experience.",
        "user": "U0K7MR6KV",
        "ts": "1564421853.014400",
        "team": "T0CJ5UNHK",
        "user_team": "T0CJ5UNHK",
        "source_team": "T0CJ5UNHK",
        "user_profile": {
            "avatar_hash": "g3200fdd9185",
            "image_72": "https:\/\/secure.gravatar.com\/avatar\/23200fdd9185a3340f0365ee68c9deda.jpg?s=72&d=https%3A%2F%2Fa.slack-edge.com%2Fdf10d%2Fimg%2Favatars%2Fava_0019-72.png",
            "first_name": "",
            "real_name": "seanhess",
            "display_name": "",
            "team": "T0CJ5UNHK",
            "name": "seanhess",
            "is_restricted": false,
            "is_ultra_restricted": false
        },
        "blocks": [
            {
                "type": "rich_text",
                "block_id": "TrJSe",
                "elements": [
                    {
                        "type": "rich_text_section",
                        "elements": [
                            {
                                "type": "text",
                                "text": "I’d prefer folks with work experience."
                            }
                        ]
                    }
                ]
            }
        ],
        "thread_ts": "1564179318.010800",
        "parent_user_id": "U0K7MR6KV"
    },
    {
        "client_msg_id": "1a9c3507-7e23-4627-87b2-26f1067f2811",
        "type": "message",
        "text": "But we will consider people outside of the US!",
        "user": "U0K7MR6KV",
        "ts": "1564421874.014600",
        "team": "T0CJ5UNHK",
        "user_team": "T0CJ5UNHK",
        "source_team": "T0CJ5UNHK",
        "user_profile": {
            "avatar_hash": "g3200fdd9185",
            "image_72": "https:\/\/secure.gravatar.com\/avatar\/23200fdd9185a3340f0365ee68c9deda.jpg?s=72&d=https%3A%2F%2Fa.slack-edge.com%2Fdf10d%2Fimg%2Favatars%2Fava_0019-72.png",
            "first_name": "",
            "real_name": "seanhess",
            "display_name": "",
            "team": "T0CJ5UNHK",
            "name": "seanhess",
            "is_restricted": false,
            "is_ultra_restricted": false
        },
        "blocks": [
            {
                "type": "rich_text",
                "block_id": "\/g8NU",
                "elements": [
                    {
                        "type": "rich_text_section",
                        "elements": [
                            {
                                "type": "text",
                                "text": "But we will consider people outside of the US!"
                            }
                        ]
                    }
                ]
            }
        ],
        "thread_ts": "1564179318.010800",
        "parent_user_id": "U0K7MR6KV"
    }
]