[
    {
        "type": "message",
        "subtype": "tombstone",
        "text": "This message was deleted.",
        "user": "USLACKBOT",
        "hidden": true,
        "ts": "1575733721.071400",
        "thread_ts": "1575733721.071400",
        "reply_count": 1,
        "reply_users_count": 1,
        "latest_reply": "1575814402.071700",
        "reply_users": [
            "U9W0SPSTW"
        ],
        "replies": [
            {
                "user": "U9W0SPSTW",
                "ts": "1575814402.071700"
            }
        ],
        "is_locked": false,
        "subscribed": false
    }
]