[
    {
        "client_msg_id": "8001573b-ac90-4242-8105-e706d5e2a698",
        "type": "message",
        "text": "If it’s a fit the location doesn’t really matter, but I try first to find people based in Berlin *EU, it simplifies the communication.",
        "user": "U190N461Y",
        "ts": "1564055432.007000",
        "team": "T0CJ5UNHK",
        "user_team": "T0CJ5UNHK",
        "source_team": "T0CJ5UNHK",
        "user_profile": {
            "avatar_hash": "geeec931eef4",
            "image_72": "https:\/\/secure.gravatar.com\/avatar\/9eeec931eef4c087940d7954099f9114.jpg?s=72&d=https%3A%2F%2Fa.slack-edge.com%2Fdf10d%2Fimg%2Favatars%2Fava_0019-72.png",
            "first_name": "fillidefilla",
            "real_name": "fillidefilla",
            "display_name": "fillidefilla",
            "team": "T0CJ5UNHK",
            "name": "fabio",
            "is_restricted": false,
            "is_ultra_restricted": false
        },
        "blocks": [
            {
                "type": "rich_text",
                "block_id": "56G",
                "elements": [
                    {
                        "type": "rich_text_section",
                        "elements": [
                            {
                                "type": "text",
                                "text": "If it’s a fit the location doesn’t really matter, but I try first to find people based in Berlin *EU, it simplifies the communication."
                            }
                        ]
                    }
                ]
            }
        ],
        "thread_ts": "1563871145.001800",
        "parent_user_id": "U190N461Y",
        "reactions": [
            {
                "name": "+1",
                "users": [
                    "UB2U8JBTM"
                ],
                "count": 1
            }
        ]
    },
    {
        "client_msg_id": "6dc7f553-17d0-4a8e-a51a-1c547225ad9e",
        "type": "message",
        "text": "Interested",
        "user": "UFJAQK4Q3",
        "ts": "1564111871.007500",
        "team": "T0CJ5UNHK",
        "user_team": "T0CJ5UNHK",
        "source_team": "T0CJ5UNHK",
        "user_profile": {
            "avatar_hash": "7fe2a24a4e14",
            "image_72": "https:\/\/avatars.slack-edge.com\/2019-06-13\/664364963824_7fe2a24a4e1473c251fd_72.jpg",
            "first_name": "Adroit",
            "real_name": "Adroit",
            "display_name": "",
            "team": "T0CJ5UNHK",
            "name": "adroit1",
            "is_restricted": false,
            "is_ultra_restricted": false
        },
        "blocks": [
            {
                "type": "rich_text",
                "block_id": "5jglN",
                "elements": [
                    {
                        "type": "rich_text_section",
                        "elements": [
                            {
                                "type": "text",
                                "text": "Interested"
                            }
                        ]
                    }
                ]
            }
        ],
        "thread_ts": "1563978114.004900",
        "parent_user_id": "U62RCPXV3"
    }
]