[
    {
        "client_msg_id": "0AA1D980-49B4-4C1C-8BDD-DCCE3EE4163A",
        "type": "message",
        "text": "Sorry ignore my comment",
        "user": "U9J662F45",
        "ts": "1572086110.038000",
        "team": "T0CJ5UNHK",
        "user_team": "T0CJ5UNHK",
        "source_team": "T0CJ5UNHK",
        "user_profile": {
            "avatar_hash": "d1e70e541e30",
            "image_72": "https:\/\/avatars.slack-edge.com\/2022-07-07\/3784358447505_d1e70e541e3048a9b4a9_72.jpg",
            "first_name": "Jan",
            "real_name": "Jan Wirth",
            "display_name": "",
            "team": "T0CJ5UNHK",
            "name": "jottenwe",
            "is_restricted": false,
            "is_ultra_restricted": false
        },
        "blocks": [
            {
                "type": "rich_text",
                "block_id": "zIV2",
                "elements": [
                    {
                        "type": "rich_text_section",
                        "elements": [
                            {
                                "type": "text",
                                "text": "Sorry ignore my comment"
                            }
                        ]
                    }
                ]
            }
        ],
        "thread_ts": "1571738019.020500",
        "parent_user_id": "UAPUPMN4A",
        "reactions": [
            {
                "name": "heavy_check_mark",
                "users": [
                    "ULW25V84V"
                ],
                "count": 1
            }
        ]
    }
]