[
    {
        "client_msg_id": "26a6d148-3b09-450c-937e-bb2b040f7684",
        "type": "message",
        "text": "Although I will favor opportunities locally, or in a remote setup, I am open to consider relocation as well. Please dm me with details :slightly_smiling_face:",
        "user": "U73H53K9N",
        "ts": "1548065178.064400",
        "team": "T0CJ5UNHK",
        "user_team": "T0CJ5UNHK",
        "source_team": "T0CJ5UNHK",
        "user_profile": {
            "avatar_hash": "2756dae7a582",
            "image_72": "https:\/\/avatars.slack-edge.com\/2021-10-03\/2572785860273_2756dae7a582470e2a59_72.jpg",
            "first_name": "Gabor",
            "real_name": "Gabor Kerekes",
            "display_name": "gabor",
            "team": "T0CJ5UNHK",
            "name": "krks.gbr",
            "is_restricted": false,
            "is_ultra_restricted": false
        },
        "blocks": [
            {
                "type": "rich_text",
                "block_id": "stP\/",
                "elements": [
                    {
                        "type": "rich_text_section",
                        "elements": [
                            {
                                "type": "text",
                                "text": "Although I will favor opportunities locally, or in a remote setup, I am open to consider relocation as well. Please dm me with details "
                            },
                            {
                                "type": "emoji",
                                "name": "slightly_smiling_face",
                                "unicode": "1f642"
                            }
                        ]
                    }
                ]
            }
        ],
        "thread_ts": "1548017669.062500",
        "parent_user_id": "U73H53K9N"
    }
]