[
    {
        "client_msg_id": "265a5675-9978-4446-a695-01fde28c5eaa",
        "type": "message",
        "text": "I’m not very back-end, I’m essentially an ex-print designer who does a lot of SVG and CSS, and is a product designer \/ UX\/UI, but I do a lot of my mockups in Elm and Elm-ui at the moment (wish I was a lot better at it).",
        "user": "U5E3DU81K",
        "ts": "1576583156.004400",
        "team": "T0CJ5UNHK",
        "user_team": "T0CJ5UNHK",
        "source_team": "T0CJ5UNHK",
        "user_profile": {
            "avatar_hash": "ga90d81c7ffc",
            "image_72": "https:\/\/secure.gravatar.com\/avatar\/1a90d81c7ffc37cc4d3fcf3617199f3a.jpg?s=72&d=https%3A%2F%2Fa.slack-edge.com%2Fdf10d%2Fimg%2Favatars%2Fava_0014-72.png",
            "first_name": "u0421793",
            "real_name": "u0421793",
            "display_name": "",
            "team": "T0CJ5UNHK",
            "name": "u0421793",
            "is_restricted": false,
            "is_ultra_restricted": false
        },
        "blocks": [
            {
                "type": "rich_text",
                "block_id": "6kTy",
                "elements": [
                    {
                        "type": "rich_text_section",
                        "elements": [
                            {
                                "type": "text",
                                "text": "I’m not very back-end, I’m essentially an ex-print designer who does a lot of SVG and CSS, and is a product designer \/ UX\/UI, but I do a lot of my mockups in Elm and Elm-ui at the moment (wish I was a lot better at it)."
                            }
                        ]
                    }
                ]
            }
        ],
        "thread_ts": "1576271728.001800",
        "parent_user_id": "U11S0PKC5"
    },
    {
        "client_msg_id": "f6585a49-d543-4a79-ba21-410989d340ea",
        "type": "message",
        "text": "And I’m in London",
        "user": "U5E3DU81K",
        "ts": "1576583178.004600",
        "team": "T0CJ5UNHK",
        "user_team": "T0CJ5UNHK",
        "source_team": "T0CJ5UNHK",
        "user_profile": {
            "avatar_hash": "ga90d81c7ffc",
            "image_72": "https:\/\/secure.gravatar.com\/avatar\/1a90d81c7ffc37cc4d3fcf3617199f3a.jpg?s=72&d=https%3A%2F%2Fa.slack-edge.com%2Fdf10d%2Fimg%2Favatars%2Fava_0014-72.png",
            "first_name": "u0421793",
            "real_name": "u0421793",
            "display_name": "",
            "team": "T0CJ5UNHK",
            "name": "u0421793",
            "is_restricted": false,
            "is_ultra_restricted": false
        },
        "blocks": [
            {
                "type": "rich_text",
                "block_id": "f7UP",
                "elements": [
                    {
                        "type": "rich_text_section",
                        "elements": [
                            {
                                "type": "text",
                                "text": "And I’m in London"
                            }
                        ]
                    }
                ]
            }
        ],
        "thread_ts": "1576271728.001800",
        "parent_user_id": "U11S0PKC5"
    }
]