[
    {
        "client_msg_id": "4616fb10-c917-43bc-87c0-1ca2554e074b",
        "type": "message",
        "text": "Hi, I'm looking for some contract help adapting <https:\/\/github.com\/simpleiot\/simpleiot> to a customer project. Will include some Elm work, and optionally Go backend. DM me or email me at <mailto:cbrake@bec-systems.com|cbrake@bec-systems.com>.",
        "user": "U8PKC68J1",
        "ts": "1604442498.137300",
        "team": "T0CJ5UNHK",
        "user_team": "T0CJ5UNHK",
        "source_team": "T0CJ5UNHK",
        "user_profile": {
            "avatar_hash": "g02acbc26d30",
            "image_72": "https:\/\/secure.gravatar.com\/avatar\/002acbc26d30517a577097847a5906be.jpg?s=72&d=https%3A%2F%2Fa.slack-edge.com%2Fdf10d%2Fimg%2Favatars%2Fava_0015-72.png",
            "first_name": "Cliff",
            "real_name": "Cliff Brake",
            "display_name": "cbrake",
            "team": "T0CJ5UNHK",
            "name": "cbrake",
            "is_restricted": false,
            "is_ultra_restricted": false
        },
        "edited": {
            "user": "U8PKC68J1",
            "ts": "1604784943.000000"
        },
        "blocks": [
            {
                "type": "rich_text",
                "block_id": "dDp",
                "elements": [
                    {
                        "type": "rich_text_section",
                        "elements": [
                            {
                                "type": "text",
                                "text": "Hi, I'm looking for some contract help adapting "
                            },
                            {
                                "type": "link",
                                "url": "https:\/\/github.com\/simpleiot\/simpleiot"
                            },
                            {
                                "type": "text",
                                "text": " to a customer project. Will include some Elm work, and optionally Go backend. DM me or email me at "
                            },
                            {
                                "type": "link",
                                "url": "mailto:cbrake@bec-systems.com",
                                "text": "cbrake@bec-systems.com"
                            },
                            {
                                "type": "text",
                                "text": "."
                            }
                        ]
                    }
                ]
            }
        ],
        "reactions": [
            {
                "name": "+1",
                "users": [
                    "UP0F4DUDB"
                ],
                "count": 1
            }
        ]
    }
]