[
    {
        "client_msg_id": "6a326788-a209-41c0-8153-b250e392971f",
        "type": "message",
        "text": "| <http:\/\/CrewNew.com|CrewNew.com> | Eastern Europe \/ Remote | Elm \/ NodeJS Long-Term Dev\nOur customer (startup) was looking for an Elm dev. We found him &amp; started loving Elm. So we're going to build our startup also in Elm. So we're looking for another Elm dev and this time we're also offering a chance to become a co-founder and the main man. This project is long and we're looking for someone enthusiastic who wants to grow with us. We're building a platform for tech \"project managers\" or you could call it franchise, too. PMs find in the platform leads, materials to convert leads, all the tools to work with customers and also tested and vetted freelancers to complete the work. Pretty unique business model and we're been building it for quite a while and paying customer base is growing fast now. Wanna join? <https:\/\/apply.crewnew.com\/?j=Elm-founder&amp;f=Slack&amp;q=4-5-6>",
        "user": "U01C7K64QP6",
        "ts": "1604000401.132500",
        "team": "T0CJ5UNHK",
        "user_team": "T0CJ5UNHK",
        "source_team": "T0CJ5UNHK",
        "user_profile": {
            "avatar_hash": "812bc7b009c6",
            "image_72": "https:\/\/avatars.slack-edge.com\/2020-10-07\/1412180457666_812bc7b009c62d4ba3c6_72.png",
            "first_name": "Kaspar",
            "real_name": "Kaspar L. Palgi",
            "display_name": "Kaspar",
            "team": "T0CJ5UNHK",
            "name": "kaspar",
            "is_restricted": false,
            "is_ultra_restricted": false
        },
        "attachments": [
            {
                "title": "Freelancer Sign Up",
                "title_link": "https:\/\/apply.crewnew.com\/?j=Elm-founder&f=Slack&q=4-5-6",
                "text": "Sign up as a freelance developer. Find job and great projects.",
                "fallback": "Freelancer Sign Up",
                "image_url": "https:\/\/projects.crewnew.com\/crewnew\/img\/og-image.jpg",
                "from_url": "https:\/\/apply.crewnew.com\/?j=Elm-founder&f=Slack&q=4-5-6",
                "image_width": 476,
                "image_height": 250,
                "image_bytes": 24076,
                "service_icon": "https:\/\/crewnew.com\/icon\/favicon-32x32.png",
                "service_name": "apply.crewnew.com",
                "id": 1,
                "original_url": "https:\/\/apply.crewnew.com\/?j=Elm-founder&amp;f=Slack&amp;q=4-5-6"
            }
        ],
        "blocks": [
            {
                "type": "rich_text",
                "block_id": "X3xW",
                "elements": [
                    {
                        "type": "rich_text_section",
                        "elements": [
                            {
                                "type": "text",
                                "text": "| "
                            },
                            {
                                "type": "link",
                                "url": "http:\/\/CrewNew.com",
                                "text": "CrewNew.com"
                            },
                            {
                                "type": "text",
                                "text": " | Eastern Europe \/ Remote | Elm \/ NodeJS Long-Term Dev\nOur customer (startup) was looking for an Elm dev. We found him & started loving Elm. So we're going to build our startup also in Elm. So we're looking for another Elm dev and this time we're also offering a chance to become a co-founder and the main man. This project is long and we're looking for someone enthusiastic who wants to grow with us. We're building a platform for tech \"project managers\" or you could call it franchise, too. PMs find in the platform leads, materials to convert leads, all the tools to work with customers and also tested and vetted freelancers to complete the work. Pretty unique business model and we're been building it for quite a while and paying customer base is growing fast now. Wanna join? "
                            },
                            {
                                "type": "link",
                                "url": "https:\/\/apply.crewnew.com\/?j=Elm-founder&f=Slack&q=4-5-6"
                            }
                        ]
                    }
                ]
            }
        ],
        "thread_ts": "1604000401.132500",
        "reply_count": 3,
        "reply_users_count": 3,
        "latest_reply": "1604775735.138000",
        "reply_users": [
            "UTMFM01RP",
            "U01C7K64QP6",
            "UP0F4DUDB"
        ],
        "replies": [
            {
                "user": "UTMFM01RP",
                "ts": "1604002483.132900"
            },
            {
                "user": "U01C7K64QP6",
                "ts": "1604531139.137600"
            },
            {
                "user": "UP0F4DUDB",
                "ts": "1604775735.138000"
            }
        ],
        "is_locked": false,
        "subscribed": false,
        "reactions": [
            {
                "name": "+1",
                "users": [
                    "U44R1N656",
                    "U2FMN03NZ",
                    "U4R17T6F7",
                    "U0KEKHS3H",
                    "U4G0M9E6Q",
                    "UP0F4DUDB",
                    "U2D7NUGS1",
                    "UHVAS62M6",
                    "U0192SQ0B5Z",
                    "UAMRQEZ4L",
                    "U0J8D9M2P",
                    "U01FJAA3GN4"
                ],
                "count": 12
            },
            {
                "name": "raised_hands",
                "users": [
                    "U01FJAA3GN4"
                ],
                "count": 1
            }
        ]
    },
    {
        "client_msg_id": "c12cdb18-7429-4e71-9e4a-0cb1625c1eb0",
        "type": "message",
        "text": "Hey! Are you considering remote employees outside of Europe as well?",
        "user": "UTMFM01RP",
        "ts": "1604002483.132900",
        "team": "T0CJ5UNHK",
        "user_team": "T0CJ5UNHK",
        "source_team": "T0CJ5UNHK",
        "user_profile": {
            "avatar_hash": "g4f5abe36ee3",
            "image_72": "https:\/\/secure.gravatar.com\/avatar\/4f5abe36ee30a3713c1307a2533f74b6.jpg?s=72&d=https%3A%2F%2Fa.slack-edge.com%2Fdf10d%2Fimg%2Favatars%2Fava_0010-72.png",
            "first_name": "Sky",
            "real_name": "Sky Leite",
            "display_name": "Sky Leite",
            "team": "T0CJ5UNHK",
            "name": "rodrigo",
            "is_restricted": false,
            "is_ultra_restricted": false
        },
        "blocks": [
            {
                "type": "rich_text",
                "block_id": "UYe",
                "elements": [
                    {
                        "type": "rich_text_section",
                        "elements": [
                            {
                                "type": "text",
                                "text": "Hey! Are you considering remote employees outside of Europe as well?"
                            }
                        ]
                    }
                ]
            }
        ],
        "thread_ts": "1604000401.132500",
        "parent_user_id": "U01C7K64QP6",
        "reactions": [
            {
                "name": "point_up_2",
                "users": [
                    "U2ZKEFM9V",
                    "U0LL0LF0Q",
                    "UK2BTEQV7",
                    "UP0F4DUDB"
                ],
                "count": 4
            }
        ]
    },
    {
        "client_msg_id": "3caf1c1d-2a35-4cc3-be1c-1fce8138fa06",
        "type": "message",
        "text": "I'm assuming is fluency in swedish a requirement?",
        "user": "URC15A1S7",
        "ts": "1604023740.133700",
        "team": "T0CJ5UNHK",
        "user_team": "T0CJ5UNHK",
        "source_team": "T0CJ5UNHK",
        "user_profile": {
            "avatar_hash": "g3cea5dd94ab",
            "image_72": "https:\/\/secure.gravatar.com\/avatar\/3cea5dd94abba9982d34d28eef71efc0.jpg?s=72&d=https%3A%2F%2Fa.slack-edge.com%2Fdf10d%2Fimg%2Favatars%2Fava_0017-72.png",
            "first_name": "Mason",
            "real_name": "Mason Mackaman",
            "display_name": "ursi",
            "team": "T0CJ5UNHK",
            "name": "masondeanm",
            "is_restricted": false,
            "is_ultra_restricted": false
        },
        "blocks": [
            {
                "type": "rich_text",
                "block_id": "qUj",
                "elements": [
                    {
                        "type": "rich_text_section",
                        "elements": [
                            {
                                "type": "text",
                                "text": "I'm assuming is fluency in swedish a requirement?"
                            }
                        ]
                    }
                ]
            }
        ],
        "thread_ts": "1603780162.124800",
        "parent_user_id": "U2G4P6QJ2"
    },
    {
        "client_msg_id": "0ed24765-2a11-42a0-974c-4a2d9faac0f9",
        "type": "message",
        "text": "You assume correctly.",
        "user": "U2G4P6QJ2",
        "ts": "1604036511.133900",
        "team": "T0CJ5UNHK",
        "user_team": "T0CJ5UNHK",
        "source_team": "T0CJ5UNHK",
        "user_profile": {
            "avatar_hash": "1c214401a12a",
            "image_72": "https:\/\/avatars.slack-edge.com\/2020-10-27\/1479239513952_1c214401a12aec56632c_72.png",
            "first_name": "Daniel",
            "real_name": "Daniel Carlsson",
            "display_name": "Daniel Carlsson",
            "team": "T0CJ5UNHK",
            "name": "carlsson",
            "is_restricted": false,
            "is_ultra_restricted": false
        },
        "blocks": [
            {
                "type": "rich_text",
                "block_id": "5iP",
                "elements": [
                    {
                        "type": "rich_text_section",
                        "elements": [
                            {
                                "type": "text",
                                "text": "You assume correctly."
                            }
                        ]
                    }
                ]
            }
        ],
        "thread_ts": "1603780162.124800",
        "parent_user_id": "U2G4P6QJ2"
    }
]