[
    {
        "client_msg_id": "28498737-8471-4ea6-b281-20e867f219d6",
        "type": "message",
        "text": "Hört sich sehr cool an :+1:",
        "user": "U3R7CKQRX",
        "ts": "1588315965.041700",
        "team": "T0CJ5UNHK",
        "user_team": "T0CJ5UNHK",
        "source_team": "T0CJ5UNHK",
        "user_profile": {
            "avatar_hash": "4d8253219af3",
            "image_72": "https:\/\/avatars.slack-edge.com\/2020-09-19\/1387588235617_4d8253219af3c888f92e_72.png",
            "first_name": "chris",
            "real_name": "chris p",
            "display_name": "christophp (Deedo)",
            "team": "T0CJ5UNHK",
            "name": "christophp",
            "is_restricted": false,
            "is_ultra_restricted": false
        },
        "blocks": [
            {
                "type": "rich_text",
                "block_id": "FDkDm",
                "elements": [
                    {
                        "type": "rich_text_section",
                        "elements": [
                            {
                                "type": "text",
                                "text": "Hört sich sehr cool an "
                            },
                            {
                                "type": "emoji",
                                "name": "+1",
                                "unicode": "1f44d"
                            }
                        ]
                    }
                ]
            }
        ],
        "thread_ts": "1587993207.038800",
        "parent_user_id": "U010HRP557V"
    }
]