[
    {
        "client_msg_id": "80a1fce8-fb79-4f45-b0c0-7f5dc4559cbd",
        "type": "message",
        "text": "<@UDJRZ4PRP> I have something for you.\nFull-time Elm developpement of a school training app for mobile, tablets &amp; desktops. <http:\/\/kipoya.com|kipoya.com>\nWe are based in Paris 11 (Pépinière 27).\nContract starts in october, we are in the recruiting process.\nContact me <mailto:tanneguy.dulong@kipoya.com|tanneguy.dulong@kipoya.com>",
        "user": "U6Z022TNX",
        "ts": "1594123081.157000",
        "team": "T0CJ5UNHK",
        "user_team": "T0CJ5UNHK",
        "source_team": "T0CJ5UNHK",
        "user_profile": {
            "avatar_hash": "g560667a7ae3",
            "image_72": "https:\/\/secure.gravatar.com\/avatar\/7560667a7ae35741ddd3d4dfc97ccf37.jpg?s=72&d=https%3A%2F%2Fa.slack-edge.com%2Fdf10d%2Fimg%2Favatars%2Fava_0010-72.png",
            "first_name": "Tanneguy",
            "real_name": "Tanneguy Dulong",
            "display_name": "tanneguy",
            "team": "T0CJ5UNHK",
            "name": "tanneguy",
            "is_restricted": false,
            "is_ultra_restricted": false
        },
        "blocks": [
            {
                "type": "rich_text",
                "block_id": "yinFS",
                "elements": [
                    {
                        "type": "rich_text_section",
                        "elements": [
                            {
                                "type": "user",
                                "user_id": "UDJRZ4PRP"
                            },
                            {
                                "type": "text",
                                "text": " I have something for you.\nFull-time Elm developpement of a school training app for mobile, tablets & desktops. "
                            },
                            {
                                "type": "link",
                                "url": "http:\/\/kipoya.com",
                                "text": "kipoya.com"
                            },
                            {
                                "type": "text",
                                "text": "\nWe are based in Paris 11 (Pépinière 27).\nContract starts in october, we are in the recruiting process.\nContact me "
                            },
                            {
                                "type": "link",
                                "url": "mailto:tanneguy.dulong@kipoya.com",
                                "text": "tanneguy.dulong@kipoya.com"
                            }
                        ]
                    }
                ]
            }
        ],
        "thread_ts": "1593792236.146300",
        "parent_user_id": "UDJRZ4PRP",
        "reactions": [
            {
                "name": "+1",
                "users": [
                    "UDJRZ4PRP"
                ],
                "count": 1
            },
            {
                "name": "heavy_check_mark",
                "users": [
                    "UDJRZ4PRP"
                ],
                "count": 1
            }
        ]
    }
]