[
    {
        "client_msg_id": "b910e3d8-7bc5-446d-87c2-ea5698dde365",
        "type": "message",
        "text": "| Projecttogether | Berlin + CET +- 2h | Full-stack and Frontend+Design Engineer |\nHey folks, I am looking for people to join our team at <http:\/\/projecttogether.org|projecttogether.org> to help us build a platform for social initiatives and impact start-ups. Since 2013 we have supported 850+ social start-ups in Germany and have built a large network of foundations, for-profit companies, and mentors to support bottom-up innovators in an unbureaucratic and speedy fashion. Past and upcoming focus areas include topics such as plastic waste, climate-positive agriculture, and mental health.\nIn the wake of the corona crisis we are supporting 130 initiatives that emerged from the recent „WirVsVirus” hackathon of the German Government. For that we are extending our platform - developing new functionality and transitioning the code base from js with react\/redux to Elm. (Current state is just around 50% js and 50% Elm I’d say).\n\nThe current tech stack:\n•\tFrontend that is a mix of Elm and js with react\n•\tFirebase for authentication and cloud functions\n•\tElasticsearch\n\nWe are looking for two types of candidates:\n1. Someone who is or can get comfortable around the entire tech stack, and who values good engineering to help us move fast in the short- and long-term\n2. Someone who loves both design and engineering and wants to create a great user experience\n\nConditions are very flexible. This is a paid gig and we can accomodate freelancing or regular employment. However, if someone just wants to contribute to a social cause we can also do a volunteering agreement as we are a non-profit.\n\nA good candidate for these positions:\n•\tidentifies with the outlined roles\n•\tis proficient in Elm and JS (react)\n•\tis based in CET +- 2h\n•\t(for regular employment: German proficiency and being located in Berlin is highly desirable)\n\nLet me know if you are interested and\/or would like some clarifications :slightly_smiling_face:",
        "user": "U010HRP557V",
        "ts": "1587993207.038800",
        "team": "T0CJ5UNHK",
        "user_team": "T0CJ5UNHK",
        "source_team": "T0CJ5UNHK",
        "user_profile": {
            "avatar_hash": "12b132c15e69",
            "image_72": "https:\/\/avatars.slack-edge.com\/2020-04-27\/1100826759777_12b132c15e69f0585288_72.jpg",
            "first_name": "",
            "real_name": "Thomas",
            "display_name": "Thomas",
            "team": "T0CJ5UNHK",
            "name": "thomas131",
            "is_restricted": false,
            "is_ultra_restricted": false
        },
        "edited": {
            "user": "U010HRP557V",
            "ts": "1587996865.000000"
        },
        "blocks": [
            {
                "type": "rich_text",
                "block_id": "DoQKF",
                "elements": [
                    {
                        "type": "rich_text_section",
                        "elements": [
                            {
                                "type": "text",
                                "text": "| Projecttogether | Berlin + CET +- 2h | Full-stack and Frontend+Design Engineer |\nHey folks, I am looking for people to join our team at "
                            },
                            {
                                "type": "link",
                                "url": "http:\/\/projecttogether.org",
                                "text": "projecttogether.org"
                            },
                            {
                                "type": "text",
                                "text": " to help us build a platform for social initiatives and impact start-ups. Since 2013 we have supported 850+ social start-ups in Germany and have built a large network of foundations, for-profit companies, and mentors to support bottom-up innovators in an unbureaucratic and speedy fashion. Past and upcoming focus areas include topics such as plastic waste, climate-positive agriculture, and mental health.\nIn the wake of the corona crisis we are supporting 130 initiatives that emerged from the recent „WirVsVirus” hackathon of the German Government. For that we are extending our platform - developing new functionality and transitioning the code base from js with react\/redux to Elm. (Current state is just around 50% js and 50% Elm I’d say).\n\nThe current tech stack:\n•\tFrontend that is a mix of Elm and js with react\n•\tFirebase for authentication and cloud functions\n•\tElasticsearch\n\nWe are looking for two types of candidates:\n1. Someone who is or can get comfortable around the entire tech stack, and who values good engineering to help us move fast in the short- and long-term\n2. Someone who loves both design and engineering and wants to create a great user experience\n\nConditions are very flexible. This is a paid gig and we can accomodate freelancing or regular employment. However, if someone just wants to contribute to a social cause we can also do a volunteering agreement as we are a non-profit.\n\nA good candidate for these positions:\n•\tidentifies with the outlined roles\n•\tis proficient in Elm and JS (react)\n•\tis based in CET +- 2h\n•\t(for regular employment: German proficiency and being located in Berlin is highly desirable)\n\nLet me know if you are interested and\/or would like some clarifications "
                            },
                            {
                                "type": "emoji",
                                "name": "slightly_smiling_face",
                                "unicode": "1f642"
                            }
                        ]
                    }
                ]
            }
        ],
        "thread_ts": "1587993207.038800",
        "reply_count": 5,
        "reply_users_count": 4,
        "latest_reply": "1589313747.055800",
        "reply_users": [
            "U010HRP557V",
            "U0V98FF54",
            "U3R7CKQRX",
            "U3AAB7A4C"
        ],
        "replies": [
            {
                "user": "U010HRP557V",
                "ts": "1587994911.039300"
            },
            {
                "user": "U0V98FF54",
                "ts": "1587996223.039600"
            },
            {
                "user": "U010HRP557V",
                "ts": "1587996335.039800"
            },
            {
                "user": "U3R7CKQRX",
                "ts": "1588315965.041700"
            },
            {
                "user": "U3AAB7A4C",
                "ts": "1589313747.055800"
            }
        ],
        "is_locked": false,
        "subscribed": false,
        "reactions": [
            {
                "name": "+1",
                "users": [
                    "U1EJG2SGJ",
                    "U6DG2DGAK",
                    "U3207UZA8",
                    "U5VRRE3DZ",
                    "U2FN13XD4",
                    "U44R1N656",
                    "UMBJ63L8G",
                    "UAMRQEZ4L",
                    "UPP4S79FZ",
                    "UT7DVH63V",
                    "U9J662F45",
                    "U2D7NUGS1"
                ],
                "count": 12
            },
            {
                "name": "clap",
                "users": [
                    "U4G0M9E6Q",
                    "U6H9E1YS3",
                    "UATNLPEHK",
                    "U2ZKEFM9V",
                    "UAMRQEZ4L",
                    "U9J662F45",
                    "U2D7NUGS1"
                ],
                "count": 7
            },
            {
                "name": "tada",
                "users": [
                    "U9J662F45"
                ],
                "count": 1
            }
        ]
    },
    {
        "client_msg_id": "97f37ee5-bbaa-49c3-b9a5-fca1084be227",
        "type": "message",
        "text": "If interested, just contact me here on slack or send an email to <mailto:twerkmeister@projecttogether.org|twerkmeister@projecttogether.org> with subject [elm jobs]",
        "user": "U010HRP557V",
        "ts": "1587994911.039300",
        "team": "T0CJ5UNHK",
        "user_team": "T0CJ5UNHK",
        "source_team": "T0CJ5UNHK",
        "user_profile": {
            "avatar_hash": "12b132c15e69",
            "image_72": "https:\/\/avatars.slack-edge.com\/2020-04-27\/1100826759777_12b132c15e69f0585288_72.jpg",
            "first_name": "",
            "real_name": "Thomas",
            "display_name": "Thomas",
            "team": "T0CJ5UNHK",
            "name": "thomas131",
            "is_restricted": false,
            "is_ultra_restricted": false
        },
        "blocks": [
            {
                "type": "rich_text",
                "block_id": "vf3D0",
                "elements": [
                    {
                        "type": "rich_text_section",
                        "elements": [
                            {
                                "type": "text",
                                "text": "If interested, just contact me here on slack or send an email to "
                            },
                            {
                                "type": "link",
                                "url": "mailto:twerkmeister@projecttogether.org",
                                "text": "twerkmeister@projecttogether.org"
                            },
                            {
                                "type": "text",
                                "text": " with subject [elm jobs]"
                            }
                        ]
                    }
                ]
            }
        ],
        "thread_ts": "1587993207.038800",
        "parent_user_id": "U010HRP557V"
    },
    {
        "client_msg_id": "ce13c11d-59e1-4622-bce4-4e306c94840f",
        "type": "message",
        "text": "Can you follow the formatting guidelines described here: <https:\/\/github.com\/elm-community\/slack\/blob\/master\/README.md#jobs> ?\nThat will help your job posting stay in sight longer",
        "user": "U0V98FF54",
        "ts": "1587996223.039600",
        "team": "T0CJ5UNHK",
        "user_team": "T0CJ5UNHK",
        "source_team": "T0CJ5UNHK",
        "user_profile": {
            "avatar_hash": "c0fcbf0515bc",
            "image_72": "https:\/\/avatars.slack-edge.com\/2019-06-30\/680591669445_c0fcbf0515bca1938c81_72.jpg",
            "first_name": "Jeroen",
            "real_name": "Jeroen Engels",
            "display_name": "jfmengels",
            "team": "T0CJ5UNHK",
            "name": "jfmengels",
            "is_restricted": false,
            "is_ultra_restricted": false
        },
        "blocks": [
            {
                "type": "rich_text",
                "block_id": "73Aw",
                "elements": [
                    {
                        "type": "rich_text_section",
                        "elements": [
                            {
                                "type": "text",
                                "text": "Can you follow the formatting guidelines described here: "
                            },
                            {
                                "type": "link",
                                "url": "https:\/\/github.com\/elm-community\/slack\/blob\/master\/README.md#jobs"
                            },
                            {
                                "type": "text",
                                "text": " ?\nThat will help your job posting stay in sight longer"
                            }
                        ]
                    }
                ]
            }
        ],
        "thread_ts": "1587993207.038800",
        "parent_user_id": "U010HRP557V"
    },
    {
        "client_msg_id": "418b5031-4788-420c-b69d-97e542709e98",
        "type": "message",
        "text": "thanks for the tip!",
        "user": "U010HRP557V",
        "ts": "1587996335.039800",
        "team": "T0CJ5UNHK",
        "user_team": "T0CJ5UNHK",
        "source_team": "T0CJ5UNHK",
        "user_profile": {
            "avatar_hash": "12b132c15e69",
            "image_72": "https:\/\/avatars.slack-edge.com\/2020-04-27\/1100826759777_12b132c15e69f0585288_72.jpg",
            "first_name": "",
            "real_name": "Thomas",
            "display_name": "Thomas",
            "team": "T0CJ5UNHK",
            "name": "thomas131",
            "is_restricted": false,
            "is_ultra_restricted": false
        },
        "blocks": [
            {
                "type": "rich_text",
                "block_id": "6zO",
                "elements": [
                    {
                        "type": "rich_text_section",
                        "elements": [
                            {
                                "type": "text",
                                "text": "thanks for the tip!"
                            }
                        ]
                    }
                ]
            }
        ],
        "thread_ts": "1587993207.038800",
        "parent_user_id": "U010HRP557V"
    }
]