[
    {
        "client_msg_id": "9ee41cc2-8cde-40ed-b64b-b0002317dbab",
        "type": "message",
        "text": "Blockfreight, Inc. | Global\/Remote | Looking for ELM developers to work on Blockfreight (<http:\/\/blockfreight.com|blockfreight.com>) | We are an early-stage startup. This work is unpaid only until current funding round closes. All founding team receive 1.5x stock-options at market rate in addition to back-pay post funding. If you have hours available and interest please DM.",
        "user": "UEU2RUDAR",
        "ts": "1588821858.049400",
        "team": "T0CJ5UNHK",
        "user_team": "T0CJ5UNHK",
        "source_team": "T0CJ5UNHK",
        "user_profile": {
            "avatar_hash": "g116f07c7cbd",
            "image_72": "https:\/\/secure.gravatar.com\/avatar\/6116f07c7cbdd5642944f88ee30741fe.jpg?s=72&d=https%3A%2F%2Fa.slack-edge.com%2Fdf10d%2Fimg%2Favatars%2Fava_0007-72.png",
            "first_name": "",
            "real_name": "Julian Smith",
            "display_name": "jsmith_dev",
            "team": "T0CJ5UNHK",
            "name": "julian.smith",
            "is_restricted": false,
            "is_ultra_restricted": false
        },
        "edited": {
            "user": "UEU2RUDAR",
            "ts": "1588827039.000000"
        },
        "blocks": [
            {
                "type": "rich_text",
                "block_id": "5Zhv",
                "elements": [
                    {
                        "type": "rich_text_section",
                        "elements": [
                            {
                                "type": "text",
                                "text": "Blockfreight, Inc. | Global\/Remote | Looking for ELM developers to work on Blockfreight ("
                            },
                            {
                                "type": "link",
                                "url": "http:\/\/blockfreight.com",
                                "text": "blockfreight.com"
                            },
                            {
                                "type": "text",
                                "text": ") | We are an early-stage startup. This work is unpaid only until current funding round closes. All founding team receive 1.5x stock-options at market rate in addition to back-pay post funding. If you have hours available and interest please DM."
                            }
                        ]
                    }
                ]
            }
        ],
        "thread_ts": "1588821858.049400",
        "reply_count": 6,
        "reply_users_count": 4,
        "latest_reply": "1588901415.053200",
        "reply_users": [
            "UPDKC2ABH",
            "UEU2RUDAR",
            "U0HNJ2U4B",
            "UR7M6HHQQ"
        ],
        "replies": [
            {
                "user": "UPDKC2ABH",
                "ts": "1588821927.050100"
            },
            {
                "user": "UEU2RUDAR",
                "ts": "1588822201.050400"
            },
            {
                "user": "U0HNJ2U4B",
                "ts": "1588826437.050800"
            },
            {
                "user": "UEU2RUDAR",
                "ts": "1588826872.051000"
            },
            {
                "user": "UEU2RUDAR",
                "ts": "1588826988.051400"
            },
            {
                "user": "UR7M6HHQQ",
                "ts": "1588901415.053200"
            }
        ],
        "is_locked": false,
        "subscribed": false,
        "reactions": [
            {
                "name": "+1",
                "users": [
                    "U2ZKEFM9V",
                    "UR7M6HHQQ",
                    "UHURW6NH4",
                    "UP0F4DUDB",
                    "U44R1N656"
                ],
                "count": 5
            }
        ]
    },
    {
        "client_msg_id": "4059DC81-2AC8-4BCE-86D8-0D97287F827F",
        "type": "message",
        "text": "Hello. I’m interested. Can I send a resume?",
        "user": "UPDKC2ABH",
        "ts": "1588821927.050100",
        "team": "T0CJ5UNHK",
        "user_team": "T0CJ5UNHK",
        "source_team": "T0CJ5UNHK",
        "user_profile": {
            "avatar_hash": "188274f42d1f",
            "image_72": "https:\/\/avatars.slack-edge.com\/2022-08-18\/3945095305079_188274f42d1ffd992365_72.jpg",
            "first_name": "",
            "real_name": "Taylor Allred",
            "display_name": "",
            "team": "T0CJ5UNHK",
            "name": "taylor.allred21",
            "is_restricted": false,
            "is_ultra_restricted": false
        },
        "blocks": [
            {
                "type": "rich_text",
                "block_id": "Zcoy",
                "elements": [
                    {
                        "type": "rich_text_section",
                        "elements": [
                            {
                                "type": "text",
                                "text": "Hello. I’m interested. Can I send a resume?"
                            }
                        ]
                    }
                ]
            }
        ],
        "thread_ts": "1588821858.049400",
        "parent_user_id": "UEU2RUDAR"
    },
    {
        "client_msg_id": "473a21aa-59a2-4b37-bff3-555e310c997b",
        "type": "message",
        "text": "Sure... I also made the post more clear.",
        "user": "UEU2RUDAR",
        "ts": "1588822201.050400",
        "team": "T0CJ5UNHK",
        "user_team": "T0CJ5UNHK",
        "source_team": "T0CJ5UNHK",
        "user_profile": {
            "avatar_hash": "g116f07c7cbd",
            "image_72": "https:\/\/secure.gravatar.com\/avatar\/6116f07c7cbdd5642944f88ee30741fe.jpg?s=72&d=https%3A%2F%2Fa.slack-edge.com%2Fdf10d%2Fimg%2Favatars%2Fava_0007-72.png",
            "first_name": "",
            "real_name": "Julian Smith",
            "display_name": "jsmith_dev",
            "team": "T0CJ5UNHK",
            "name": "julian.smith",
            "is_restricted": false,
            "is_ultra_restricted": false
        },
        "blocks": [
            {
                "type": "rich_text",
                "block_id": "mon",
                "elements": [
                    {
                        "type": "rich_text_section",
                        "elements": [
                            {
                                "type": "text",
                                "text": "Sure... I also made the post more clear."
                            }
                        ]
                    }
                ]
            }
        ],
        "thread_ts": "1588821858.049400",
        "parent_user_id": "UEU2RUDAR"
    },
    {
        "client_msg_id": "b45ec1fe-00bd-4522-baf6-7826ee2589e9",
        "type": "message",
        "text": "<@UEU2RUDAR> it’s recommended to follow the guidelines mentioned in the topic when listing a job. :slightly_smiling_face:",
        "user": "U0HNJ2U4B",
        "ts": "1588826437.050800",
        "team": "T0CJ5UNHK",
        "user_team": "T0CJ5UNHK",
        "source_team": "T0CJ5UNHK",
        "user_profile": {
            "avatar_hash": "2918d784663f",
            "image_72": "https:\/\/avatars.slack-edge.com\/2016-01-06\/17812553716_2918d784663f5baf8a32_72.jpg",
            "first_name": "Rasmus",
            "real_name": "Rasmus Larsson",
            "display_name": "stoft",
            "team": "T0CJ5UNHK",
            "name": "stoft",
            "is_restricted": false,
            "is_ultra_restricted": false
        },
        "blocks": [
            {
                "type": "rich_text",
                "block_id": "0P\/",
                "elements": [
                    {
                        "type": "rich_text_section",
                        "elements": [
                            {
                                "type": "user",
                                "user_id": "UEU2RUDAR"
                            },
                            {
                                "type": "text",
                                "text": " it’s recommended to follow the guidelines mentioned in the topic when listing a job. "
                            },
                            {
                                "type": "emoji",
                                "name": "slightly_smiling_face",
                                "unicode": "1f642"
                            }
                        ]
                    }
                ]
            }
        ],
        "thread_ts": "1588821858.049400",
        "parent_user_id": "UEU2RUDAR"
    },
    {
        "client_msg_id": "20c054e4-838c-4e50-8df3-65b76e59c0ee",
        "type": "message",
        "text": "Didn't read. Reviewing.",
        "user": "UEU2RUDAR",
        "ts": "1588826872.051000",
        "team": "T0CJ5UNHK",
        "user_team": "T0CJ5UNHK",
        "source_team": "T0CJ5UNHK",
        "user_profile": {
            "avatar_hash": "g116f07c7cbd",
            "image_72": "https:\/\/secure.gravatar.com\/avatar\/6116f07c7cbdd5642944f88ee30741fe.jpg?s=72&d=https%3A%2F%2Fa.slack-edge.com%2Fdf10d%2Fimg%2Favatars%2Fava_0007-72.png",
            "first_name": "",
            "real_name": "Julian Smith",
            "display_name": "jsmith_dev",
            "team": "T0CJ5UNHK",
            "name": "julian.smith",
            "is_restricted": false,
            "is_ultra_restricted": false
        },
        "edited": {
            "user": "UEU2RUDAR",
            "ts": "1588826882.000000"
        },
        "blocks": [
            {
                "type": "rich_text",
                "block_id": "Cz6a",
                "elements": [
                    {
                        "type": "rich_text_section",
                        "elements": [
                            {
                                "type": "text",
                                "text": "Didn't read. Reviewing."
                            }
                        ]
                    }
                ]
            }
        ],
        "thread_ts": "1588821858.049400",
        "parent_user_id": "UEU2RUDAR"
    },
    {
        "client_msg_id": "cb1f5a13-a1c7-4223-9e37-4bf88b9ff624",
        "type": "message",
        "text": "Updated",
        "user": "UEU2RUDAR",
        "ts": "1588826988.051400",
        "team": "T0CJ5UNHK",
        "user_team": "T0CJ5UNHK",
        "source_team": "T0CJ5UNHK",
        "user_profile": {
            "avatar_hash": "g116f07c7cbd",
            "image_72": "https:\/\/secure.gravatar.com\/avatar\/6116f07c7cbdd5642944f88ee30741fe.jpg?s=72&d=https%3A%2F%2Fa.slack-edge.com%2Fdf10d%2Fimg%2Favatars%2Fava_0007-72.png",
            "first_name": "",
            "real_name": "Julian Smith",
            "display_name": "jsmith_dev",
            "team": "T0CJ5UNHK",
            "name": "julian.smith",
            "is_restricted": false,
            "is_ultra_restricted": false
        },
        "blocks": [
            {
                "type": "rich_text",
                "block_id": "eaqC",
                "elements": [
                    {
                        "type": "rich_text_section",
                        "elements": [
                            {
                                "type": "text",
                                "text": "Updated"
                            }
                        ]
                    }
                ]
            }
        ],
        "thread_ts": "1588821858.049400",
        "parent_user_id": "UEU2RUDAR",
        "reactions": [
            {
                "name": "heart",
                "users": [
                    "U0HNJ2U4B"
                ],
                "count": 1
            }
        ]
    }
]