[
    {
        "client_msg_id": "3dc2a211-3bbd-4640-bd06-12e2f7b2e2ea",
        "type": "message",
        "text": "Contract | Full Stack + FP possibly Elm | Ipswich, Suffolk, UK\nFull stack, its not exactly clear what Elm development if any is involved, but I am posting it as the ad does specifically mention FP experience in Elm or Scala: <https:\/\/www.jobserve.com\/gb\/en\/FastTrackJobApplication.aspx?jobid=7DF2AD936482597153&amp;ACN=292EEF329B88>",
        "user": "U1X0EELG3",
        "ts": "1597395960.256100",
        "team": "T0CJ5UNHK",
        "user_team": "T0CJ5UNHK",
        "source_team": "T0CJ5UNHK",
        "user_profile": {
            "avatar_hash": "b72ba28993ae",
            "image_72": "https:\/\/avatars.slack-edge.com\/2019-01-31\/539969680374_b72ba28993ae87a3db22_72.jpg",
            "first_name": "Rupert",
            "real_name": "Rupert Smith",
            "display_name": "rupertlssmith",
            "team": "T0CJ5UNHK",
            "name": "rupertlssmith",
            "is_restricted": false,
            "is_ultra_restricted": false
        },
        "edited": {
            "user": "U1X0EELG3",
            "ts": "1597396293.000000"
        },
        "blocks": [
            {
                "type": "rich_text",
                "block_id": "701s",
                "elements": [
                    {
                        "type": "rich_text_section",
                        "elements": [
                            {
                                "type": "text",
                                "text": "Contract | Full Stack + FP possibly Elm | Ipswich, Suffolk, UK\nFull stack, its not exactly clear what Elm development if any is involved, but I am posting it as the ad does specifically mention FP experience in Elm or Scala: "
                            },
                            {
                                "type": "link",
                                "url": "https:\/\/www.jobserve.com\/gb\/en\/FastTrackJobApplication.aspx?jobid=7DF2AD936482597153&ACN=292EEF329B88"
                            }
                        ]
                    }
                ]
            }
        ]
    }
]