[
    {
        "client_msg_id": "fc576195-b4bb-4dec-9570-814f83d14a5c",
        "type": "message",
        "text": "| <https:\/\/www.itpro.tv\/|ITProTV> | Gainesville FL + Remote Friendly | UX Developer |\nCheck out the details on <https:\/\/www.linkedin.com\/jobs\/view\/2010448151\/|our LinkedIn job post>.",
        "user": "U7E77T5KK",
        "ts": "1598618901.013900",
        "team": "T0CJ5UNHK",
        "user_team": "T0CJ5UNHK",
        "source_team": "T0CJ5UNHK",
        "user_profile": {
            "avatar_hash": "g95aca5d547d",
            "image_72": "https:\/\/secure.gravatar.com\/avatar\/d95aca5d547d89cd3d0f20c067f01238.jpg?s=72&d=https%3A%2F%2Fa.slack-edge.com%2Fdf10d%2Fimg%2Favatars%2Fava_0022-72.png",
            "first_name": "",
            "real_name": "Rob Magary",
            "display_name": "robm",
            "team": "T0CJ5UNHK",
            "name": "rob667",
            "is_restricted": false,
            "is_ultra_restricted": false
        },
        "attachments": [
            {
                "service_name": "ITProTV",
                "title": "Online IT Training &amp; Certification Courses | ITProTV",
                "title_link": "https:\/\/www.itpro.tv\/",
                "text": "Online IT training that is effective &amp; entertaining. Earn a certification or train your team with binge-worthy video courses taught by expert trainers.",
                "fallback": "ITProTV: Online IT Training &amp; Certification Courses | ITProTV",
                "from_url": "https:\/\/www.itpro.tv\/",
                "service_icon": "https:\/\/www.itpro.tv\/icons-f8ac088e4aa340cd02e61e3a6a205fb3\/apple-touch-icon-57x57.png",
                "id": 1,
                "original_url": "https:\/\/www.itpro.tv\/"
            }
        ],
        "blocks": [
            {
                "type": "rich_text",
                "block_id": "mznK",
                "elements": [
                    {
                        "type": "rich_text_section",
                        "elements": [
                            {
                                "type": "text",
                                "text": "| "
                            },
                            {
                                "type": "link",
                                "url": "https:\/\/www.itpro.tv\/",
                                "text": "ITProTV"
                            },
                            {
                                "type": "text",
                                "text": " | Gainesville FL + Remote Friendly | UX Developer |\nCheck out the details on "
                            },
                            {
                                "type": "link",
                                "url": "https:\/\/www.linkedin.com\/jobs\/view\/2010448151\/",
                                "text": "our LinkedIn job post"
                            },
                            {
                                "type": "text",
                                "text": "."
                            }
                        ]
                    }
                ]
            }
        ],
        "thread_ts": "1598618901.013900",
        "reply_count": 3,
        "reply_users_count": 3,
        "latest_reply": "1598620632.014600",
        "reply_users": [
            "U9RGY8ZAP",
            "U842X772T",
            "U7E77T5KK"
        ],
        "replies": [
            {
                "user": "U9RGY8ZAP",
                "ts": "1598618960.014100"
            },
            {
                "user": "U842X772T",
                "ts": "1598619887.014300"
            },
            {
                "user": "U7E77T5KK",
                "ts": "1598620632.014600"
            }
        ],
        "is_locked": false,
        "subscribed": false,
        "reactions": [
            {
                "name": "eyes",
                "users": [
                    "UBRAGUGQZ"
                ],
                "count": 1
            },
            {
                "name": "+1",
                "users": [
                    "UPP4S79FZ"
                ],
                "count": 1
            }
        ]
    },
    {
        "client_msg_id": "ad0200e2-995c-4a45-be1e-a9f240c8b9fc",
        "type": "message",
        "text": "`UX Developer` Does this opening involve Elm?",
        "user": "U9RGY8ZAP",
        "ts": "1598618960.014100",
        "team": "T0CJ5UNHK",
        "user_team": "T0CJ5UNHK",
        "source_team": "T0CJ5UNHK",
        "user_profile": {
            "avatar_hash": "gc2057c0c875",
            "image_72": "https:\/\/secure.gravatar.com\/avatar\/3c2057c0c875ac8701a3edd33d9f5df1.jpg?s=72&d=https%3A%2F%2Fa.slack-edge.com%2Fdf10d%2Fimg%2Favatars%2Fava_0020-72.png",
            "first_name": "",
            "real_name": "Martin Stewart",
            "display_name": "",
            "team": "T0CJ5UNHK",
            "name": "martinsstewart",
            "is_restricted": false,
            "is_ultra_restricted": false
        },
        "blocks": [
            {
                "type": "rich_text",
                "block_id": "k3+",
                "elements": [
                    {
                        "type": "rich_text_section",
                        "elements": [
                            {
                                "type": "text",
                                "text": "UX Developer",
                                "style": {
                                    "code": true
                                }
                            },
                            {
                                "type": "text",
                                "text": " Does this opening involve Elm?"
                            }
                        ]
                    }
                ]
            }
        ],
        "thread_ts": "1598618901.013900",
        "parent_user_id": "U7E77T5KK"
    },
    {
        "client_msg_id": "3b01fe5c-4761-41fd-9963-8a56b27bc761",
        "type": "message",
        "text": "&gt; Technologies include:  \n&gt; Elm  \n&gt; React\/Gatsby  \n&gt; NodeJS  \n&gt; Angular 1  ",
        "user": "U842X772T",
        "ts": "1598619887.014300",
        "team": "T0CJ5UNHK",
        "user_team": "T0CJ5UNHK",
        "source_team": "T0CJ5UNHK",
        "user_profile": {
            "avatar_hash": "690dea1e41c5",
            "image_72": "https:\/\/avatars.slack-edge.com\/2020-06-16\/1200256129713_690dea1e41c518eae752_72.png",
            "first_name": "Jason",
            "real_name": "Jason",
            "display_name": "Jason - Florida, USA - he\/him",
            "team": "T0CJ5UNHK",
            "name": "jmphry",
            "is_restricted": false,
            "is_ultra_restricted": false
        },
        "blocks": [
            {
                "type": "rich_text",
                "block_id": "vLfVk",
                "elements": [
                    {
                        "type": "rich_text_quote",
                        "elements": [
                            {
                                "type": "text",
                                "text": "Technologies include:  \nElm  \nReact\/Gatsby  \nNodeJS  \nAngular 1  "
                            }
                        ]
                    }
                ]
            }
        ],
        "thread_ts": "1598618901.013900",
        "parent_user_id": "U7E77T5KK",
        "reactions": [
            {
                "name": "+1",
                "users": [
                    "U9RGY8ZAP"
                ],
                "count": 1
            }
        ]
    },
    {
        "client_msg_id": "9dbacf86-d1d2-4159-b4e9-b1e792a07587",
        "type": "message",
        "text": "Thanks <@U842X772T>! Yes <@U9RGY8ZAP>, Elm is the one on that list that is growing.",
        "user": "U7E77T5KK",
        "ts": "1598620632.014600",
        "team": "T0CJ5UNHK",
        "user_team": "T0CJ5UNHK",
        "source_team": "T0CJ5UNHK",
        "user_profile": {
            "avatar_hash": "g95aca5d547d",
            "image_72": "https:\/\/secure.gravatar.com\/avatar\/d95aca5d547d89cd3d0f20c067f01238.jpg?s=72&d=https%3A%2F%2Fa.slack-edge.com%2Fdf10d%2Fimg%2Favatars%2Fava_0022-72.png",
            "first_name": "",
            "real_name": "Rob Magary",
            "display_name": "robm",
            "team": "T0CJ5UNHK",
            "name": "rob667",
            "is_restricted": false,
            "is_ultra_restricted": false
        },
        "edited": {
            "user": "U7E77T5KK",
            "ts": "1598621217.000000"
        },
        "blocks": [
            {
                "type": "rich_text",
                "block_id": "+T9",
                "elements": [
                    {
                        "type": "rich_text_section",
                        "elements": [
                            {
                                "type": "text",
                                "text": "Thanks "
                            },
                            {
                                "type": "user",
                                "user_id": "U842X772T"
                            },
                            {
                                "type": "text",
                                "text": "! Yes "
                            },
                            {
                                "type": "user",
                                "user_id": "U9RGY8ZAP"
                            },
                            {
                                "type": "text",
                                "text": ", Elm is the one on that list that is growing."
                            }
                        ]
                    }
                ]
            }
        ],
        "thread_ts": "1598618901.013900",
        "parent_user_id": "U7E77T5KK",
        "reactions": [
            {
                "name": "smile",
                "users": [
                    "U842X772T",
                    "U44R1N656"
                ],
                "count": 2
            }
        ]
    },
    {
        "client_msg_id": "4de14355-c2cc-4d09-95e4-0321b6525961",
        "type": "message",
        "text": "| CarbonCloud | Gothenburg | Elm + DevOps developer |\n<https:\/\/careers.carboncloud.com\/jobs\/935115-developer-with-devops-experience> do you want to work with elm and to help with climate crisis?",
        "user": "U4BUNNJTV",
        "ts": "1598630818.015500",
        "team": "T0CJ5UNHK",
        "user_team": "T0CJ5UNHK",
        "source_team": "T0CJ5UNHK",
        "user_profile": {
            "avatar_hash": "debbfb391e37",
            "image_72": "https:\/\/avatars.slack-edge.com\/2017-06-15\/198355664226_debbfb391e371c805230_72.jpg",
            "first_name": "Mikael",
            "real_name": "Mikael Tönnberg",
            "display_name": "mtonnberg",
            "team": "T0CJ5UNHK",
            "name": "mtonnberg",
            "is_restricted": false,
            "is_ultra_restricted": false
        },
        "edited": {
            "user": "U4BUNNJTV",
            "ts": "1598631178.000000"
        },
        "attachments": [
            {
                "service_name": "CarbonCloud",
                "title": "Developer with DevOps experience - CarbonCloud",
                "title_link": "https:\/\/careers.carboncloud.com\/jobs\/935115-developer-with-devops-experience",
                "text": "Do you want to put real climate science in the hands of the public? We are looking for a new team member who wants make our automated infrastructure even better. Let's change the world, together!",
                "fallback": "CarbonCloud: Developer with DevOps experience - CarbonCloud",
                "image_url": "https:\/\/s3-eu-west-1.amazonaws.com\/tt-screenshots\/a8bedec5-9836-4998-bbab-b9b5c0096722-facebook.png?update=1598630418",
                "image_width": 476,
                "image_height": 250,
                "ts": 1598623506,
                "from_url": "https:\/\/careers.carboncloud.com\/jobs\/935115-developer-with-devops-experience",
                "image_bytes": 229637,
                "service_icon": "https:\/\/favicons.teamtailor-cdn.com\/icon?url=https:\/\/www.carboncloud.com&size=16..196..500",
                "id": 1,
                "original_url": "https:\/\/careers.carboncloud.com\/jobs\/935115-developer-with-devops-experience"
            }
        ],
        "blocks": [
            {
                "type": "rich_text",
                "block_id": "0bFmw",
                "elements": [
                    {
                        "type": "rich_text_section",
                        "elements": [
                            {
                                "type": "text",
                                "text": "| CarbonCloud | Gothenburg | Elm + DevOps developer |\n"
                            },
                            {
                                "type": "link",
                                "url": "https:\/\/careers.carboncloud.com\/jobs\/935115-developer-with-devops-experience"
                            },
                            {
                                "type": "text",
                                "text": " do you want to work with elm and to help with climate crisis?"
                            }
                        ]
                    }
                ]
            }
        ],
        "thread_ts": "1598630818.015500",
        "reply_count": 6,
        "reply_users_count": 3,
        "latest_reply": "1599806674.013400",
        "reply_users": [
            "U0V98FF54",
            "U4BUNNJTV",
            "U608MQG0P"
        ],
        "replies": [
            {
                "user": "U0V98FF54",
                "ts": "1598630901.015700"
            },
            {
                "user": "U4BUNNJTV",
                "ts": "1598631022.015900"
            },
            {
                "user": "U0V98FF54",
                "ts": "1598631118.016100"
            },
            {
                "user": "U4BUNNJTV",
                "ts": "1598631157.016400"
            },
            {
                "user": "U608MQG0P",
                "ts": "1599389716.011400"
            },
            {
                "user": "U4BUNNJTV",
                "ts": "1599806674.013400"
            }
        ],
        "is_locked": false,
        "subscribed": false,
        "reactions": [
            {
                "name": "cool",
                "users": [
                    "U2FMN03NZ"
                ],
                "count": 1
            },
            {
                "name": "+1",
                "users": [
                    "UPP4S79FZ"
                ],
                "count": 1
            }
        ]
    },
    {
        "client_msg_id": "58d72e42-bc35-4e15-be8a-ee3395eecf9b",
        "type": "message",
        "text": "Hi <@U4BUNNJTV> :wave:\nCan you follow the guidelines described under the jobs section at <https:\/\/github.com\/elm-community\/slack\/blob\/master\/README.md#jobs> ?\nThat will help your post stay visible longer",
        "user": "U0V98FF54",
        "ts": "1598630901.015700",
        "team": "T0CJ5UNHK",
        "user_team": "T0CJ5UNHK",
        "source_team": "T0CJ5UNHK",
        "user_profile": {
            "avatar_hash": "c0fcbf0515bc",
            "image_72": "https:\/\/avatars.slack-edge.com\/2019-06-30\/680591669445_c0fcbf0515bca1938c81_72.jpg",
            "first_name": "Jeroen",
            "real_name": "Jeroen Engels",
            "display_name": "jfmengels",
            "team": "T0CJ5UNHK",
            "name": "jfmengels",
            "is_restricted": false,
            "is_ultra_restricted": false
        },
        "blocks": [
            {
                "type": "rich_text",
                "block_id": "jA2FH",
                "elements": [
                    {
                        "type": "rich_text_section",
                        "elements": [
                            {
                                "type": "text",
                                "text": "Hi "
                            },
                            {
                                "type": "user",
                                "user_id": "U4BUNNJTV"
                            },
                            {
                                "type": "text",
                                "text": " "
                            },
                            {
                                "type": "emoji",
                                "name": "wave",
                                "unicode": "1f44b"
                            },
                            {
                                "type": "text",
                                "text": "\nCan you follow the guidelines described under the jobs section at "
                            },
                            {
                                "type": "link",
                                "url": "https:\/\/github.com\/elm-community\/slack\/blob\/master\/README.md#jobs"
                            },
                            {
                                "type": "text",
                                "text": " ?\nThat will help your post stay visible longer"
                            }
                        ]
                    }
                ]
            }
        ],
        "thread_ts": "1598630818.015500",
        "parent_user_id": "U4BUNNJTV"
    },
    {
        "client_msg_id": "1ee72cbc-a991-40c9-b466-cb57a5813839",
        "type": "message",
        "text": "Ah, sure - I was not aware, I'll fix",
        "user": "U4BUNNJTV",
        "ts": "1598631022.015900",
        "team": "T0CJ5UNHK",
        "user_team": "T0CJ5UNHK",
        "source_team": "T0CJ5UNHK",
        "user_profile": {
            "avatar_hash": "debbfb391e37",
            "image_72": "https:\/\/avatars.slack-edge.com\/2017-06-15\/198355664226_debbfb391e371c805230_72.jpg",
            "first_name": "Mikael",
            "real_name": "Mikael Tönnberg",
            "display_name": "mtonnberg",
            "team": "T0CJ5UNHK",
            "name": "mtonnberg",
            "is_restricted": false,
            "is_ultra_restricted": false
        },
        "blocks": [
            {
                "type": "rich_text",
                "block_id": "\/m2Ac",
                "elements": [
                    {
                        "type": "rich_text_section",
                        "elements": [
                            {
                                "type": "text",
                                "text": "Ah, sure - I was not aware, I'll fix"
                            }
                        ]
                    }
                ]
            }
        ],
        "thread_ts": "1598630818.015500",
        "parent_user_id": "U4BUNNJTV"
    },
    {
        "client_msg_id": "346b701f-d350-4d51-9dfb-c2db7a487057",
        "type": "message",
        "text": "No worries :relaxed:\nI hope you'll find someone!",
        "user": "U0V98FF54",
        "ts": "1598631118.016100",
        "team": "T0CJ5UNHK",
        "user_team": "T0CJ5UNHK",
        "source_team": "T0CJ5UNHK",
        "user_profile": {
            "avatar_hash": "c0fcbf0515bc",
            "image_72": "https:\/\/avatars.slack-edge.com\/2019-06-30\/680591669445_c0fcbf0515bca1938c81_72.jpg",
            "first_name": "Jeroen",
            "real_name": "Jeroen Engels",
            "display_name": "jfmengels",
            "team": "T0CJ5UNHK",
            "name": "jfmengels",
            "is_restricted": false,
            "is_ultra_restricted": false
        },
        "blocks": [
            {
                "type": "rich_text",
                "block_id": "fp7bi",
                "elements": [
                    {
                        "type": "rich_text_section",
                        "elements": [
                            {
                                "type": "text",
                                "text": "No worries "
                            },
                            {
                                "type": "emoji",
                                "name": "relaxed",
                                "unicode": "263a-fe0f"
                            },
                            {
                                "type": "text",
                                "text": "\nI hope you'll find someone!"
                            }
                        ]
                    }
                ]
            }
        ],
        "thread_ts": "1598630818.015500",
        "parent_user_id": "U4BUNNJTV"
    },
    {
        "client_msg_id": "ad6af320-c141-4594-81bf-9b51a1cd99ad",
        "type": "message",
        "text": "Thanks",
        "user": "U4BUNNJTV",
        "ts": "1598631157.016400",
        "team": "T0CJ5UNHK",
        "user_team": "T0CJ5UNHK",
        "source_team": "T0CJ5UNHK",
        "user_profile": {
            "avatar_hash": "debbfb391e37",
            "image_72": "https:\/\/avatars.slack-edge.com\/2017-06-15\/198355664226_debbfb391e371c805230_72.jpg",
            "first_name": "Mikael",
            "real_name": "Mikael Tönnberg",
            "display_name": "mtonnberg",
            "team": "T0CJ5UNHK",
            "name": "mtonnberg",
            "is_restricted": false,
            "is_ultra_restricted": false
        },
        "blocks": [
            {
                "type": "rich_text",
                "block_id": "7jc",
                "elements": [
                    {
                        "type": "rich_text_section",
                        "elements": [
                            {
                                "type": "text",
                                "text": "Thanks"
                            }
                        ]
                    }
                ]
            }
        ],
        "thread_ts": "1598630818.015500",
        "parent_user_id": "U4BUNNJTV"
    }
]