[
    {
        "client_msg_id": "c87fd05e-ae38-4762-aa13-456e816e780f",
        "type": "message",
        "text": "Further update: I've been advised by HR that with Brexit looming, we can actually only accept candidates who are:\n• resident in the UK (and not requiring Visas), or\n• EU nationals who can move to the UK\nSorry for any confusion; hope this helps clarify. Thanks again for all the messages and yes happy to hear from people still given the above!",
        "user": "U975N7BDY",
        "ts": "1603132701.106500",
        "team": "T0CJ5UNHK",
        "user_team": "T0CJ5UNHK",
        "source_team": "T0CJ5UNHK",
        "user_profile": {
            "avatar_hash": "2c8edda4b1e9",
            "image_72": "https:\/\/avatars.slack-edge.com\/2019-11-09\/830338793302_2c8edda4b1e95bd3431b_72.jpg",
            "first_name": "declension",
            "real_name": "declension",
            "display_name": "Nick B",
            "team": "T0CJ5UNHK",
            "name": "nick243",
            "is_restricted": false,
            "is_ultra_restricted": false
        },
        "blocks": [
            {
                "type": "rich_text",
                "block_id": "DMhl",
                "elements": [
                    {
                        "type": "rich_text_section",
                        "elements": [
                            {
                                "type": "text",
                                "text": "Further update: I've been advised by HR that with Brexit looming, we can actually only accept candidates who are:\n"
                            }
                        ]
                    },
                    {
                        "type": "rich_text_list",
                        "elements": [
                            {
                                "type": "rich_text_section",
                                "elements": [
                                    {
                                        "type": "text",
                                        "text": "resident in the UK (and not requiring Visas), or"
                                    }
                                ]
                            },
                            {
                                "type": "rich_text_section",
                                "elements": [
                                    {
                                        "type": "text",
                                        "text": "EU nationals who can move to the UK"
                                    }
                                ]
                            }
                        ],
                        "style": "bullet",
                        "indent": 0
                    },
                    {
                        "type": "rich_text_section",
                        "elements": [
                            {
                                "type": "text",
                                "text": "\nSorry for any confusion; hope this helps clarify. Thanks again for all the messages and yes happy to hear from people still given the above!"
                            }
                        ]
                    }
                ]
            }
        ],
        "thread_ts": "1602849202.099100",
        "parent_user_id": "U975N7BDY"
    }
]