[
    {
        "client_msg_id": "ba293c69-f6f0-414a-ad9f-2d8701adbb37",
        "type": "message",
        "text": "Anything much happening in remote work with Elm these days? Anyone landing jobs\/contracts? I got the impression last year that there was a flood of Elm developers rearing to go - naturally because the language is so good - but overall demand has not developed fast enough. I’m occupied with remote JS work now and not sure whether going to Elm Europe this year will be worthwhile in a business sense. Interested in thoughts about where it is all going.",
        "user": "U1UMF9XSP",
        "ts": "1582645128.005800",
        "team": "T0CJ5UNHK",
        "user_team": "T0CJ5UNHK",
        "source_team": "T0CJ5UNHK",
        "user_profile": {
            "avatar_hash": "g17e3e335ccf",
            "image_72": "https:\/\/secure.gravatar.com\/avatar\/617e3e335ccfa0beaf98fdca0a4cebf4.jpg?s=72&d=https%3A%2F%2Fa.slack-edge.com%2Fdf10d%2Fimg%2Favatars%2Fava_0002-72.png",
            "first_name": "Richard",
            "real_name": "Richard Wood",
            "display_name": "rwoodnz",
            "team": "T0CJ5UNHK",
            "name": "rwoodnz",
            "is_restricted": false,
            "is_ultra_restricted": false
        },
        "blocks": [
            {
                "type": "rich_text",
                "block_id": "wwjbQ",
                "elements": [
                    {
                        "type": "rich_text_section",
                        "elements": [
                            {
                                "type": "text",
                                "text": "Anything much happening in remote work with Elm these days? Anyone landing jobs\/contracts? I got the impression last year that there was a flood of Elm developers rearing to go - naturally because the language is so good - but overall demand has not developed fast enough. I’m occupied with remote JS work now and not sure whether going to Elm Europe this year will be worthwhile in a business sense. Interested in thoughts about where it is all going."
                            }
                        ]
                    }
                ]
            }
        ],
        "thread_ts": "1582645128.005800",
        "reply_count": 21,
        "reply_users_count": 11,
        "latest_reply": "1582895421.023400",
        "reply_users": [
            "U0JD7JSUA",
            "U78TKHJLF",
            "U980B80UE",
            "UU6RJ8L9J",
            "UB0UX3FJ9",
            "U5Z6J0VNJ",
            "U4SM7ECAG",
            "U47FA2L4U",
            "U9G1D4H0X",
            "UM37TMNUX",
            "URC9VCJLX"
        ],
        "replies": [
            {
                "user": "U0JD7JSUA",
                "ts": "1582645208.006100"
            },
            {
                "user": "U0JD7JSUA",
                "ts": "1582645231.006300"
            },
            {
                "user": "U78TKHJLF",
                "ts": "1582645338.006500"
            },
            {
                "user": "U0JD7JSUA",
                "ts": "1582645371.006700"
            },
            {
                "user": "U980B80UE",
                "ts": "1582647194.007000"
            },
            {
                "user": "U980B80UE",
                "ts": "1582647338.007200"
            },
            {
                "user": "UU6RJ8L9J",
                "ts": "1582648018.007500"
            },
            {
                "user": "U980B80UE",
                "ts": "1582648322.007700"
            },
            {
                "user": "U980B80UE",
                "ts": "1582648352.007900"
            },
            {
                "user": "UB0UX3FJ9",
                "ts": "1582649741.008100"
            },
            {
                "user": "U5Z6J0VNJ",
                "ts": "1582651516.008700"
            },
            {
                "user": "U5Z6J0VNJ",
                "ts": "1582651565.008900"
            },
            {
                "user": "U4SM7ECAG",
                "ts": "1582656478.009200"
            },
            {
                "user": "U5Z6J0VNJ",
                "ts": "1582656825.009400"
            },
            {
                "user": "U4SM7ECAG",
                "ts": "1582657168.009600"
            },
            {
                "user": "UB0UX3FJ9",
                "ts": "1582662036.009900"
            },
            {
                "user": "U47FA2L4U",
                "ts": "1582703561.010700"
            },
            {
                "user": "U4SM7ECAG",
                "ts": "1582705580.010900"
            },
            {
                "user": "U9G1D4H0X",
                "ts": "1582716158.011200"
            },
            {
                "user": "UM37TMNUX",
                "ts": "1582735359.011600"
            },
            {
                "user": "URC9VCJLX",
                "ts": "1582895421.023400"
            }
        ],
        "is_locked": false,
        "subscribed": false,
        "reactions": [
            {
                "name": "+1",
                "users": [
                    "UT485LLNT",
                    "U0JD7JSUA",
                    "U18UD6T3J",
                    "U0EDVAR4P"
                ],
                "count": 4
            }
        ]
    },
    {
        "client_msg_id": "c21515ea-530b-44f2-a238-c1232d411062",
        "type": "message",
        "text": "In Poland I see more Rust job offers than Elm",
        "user": "U0JD7JSUA",
        "ts": "1582645208.006100",
        "team": "T0CJ5UNHK",
        "user_team": "T0CJ5UNHK",
        "source_team": "T0CJ5UNHK",
        "user_profile": {
            "avatar_hash": "g16ea4da5cae",
            "image_72": "https:\/\/secure.gravatar.com\/avatar\/216ea4da5cae7be4030b6242ab90631c.jpg?s=72&d=https%3A%2F%2Fa.slack-edge.com%2Fdf10d%2Fimg%2Favatars%2Fava_0007-72.png",
            "first_name": "",
            "real_name": "rofrol",
            "display_name": "",
            "team": "T0CJ5UNHK",
            "name": "rofrol",
            "is_restricted": false,
            "is_ultra_restricted": false
        },
        "blocks": [
            {
                "type": "rich_text",
                "block_id": "hyn+5",
                "elements": [
                    {
                        "type": "rich_text_section",
                        "elements": [
                            {
                                "type": "text",
                                "text": "In Poland I see more Rust job offers than Elm"
                            }
                        ]
                    }
                ]
            }
        ],
        "thread_ts": "1582645128.005800",
        "parent_user_id": "U1UMF9XSP"
    },
    {
        "client_msg_id": "dde9d68a-a798-4e40-95f9-d0cd05478c34",
        "type": "message",
        "text": "Specifically: 3 Rust job offers, 0 Elm job offers :slightly_smiling_face:",
        "user": "U0JD7JSUA",
        "ts": "1582645231.006300",
        "team": "T0CJ5UNHK",
        "user_team": "T0CJ5UNHK",
        "source_team": "T0CJ5UNHK",
        "user_profile": {
            "avatar_hash": "g16ea4da5cae",
            "image_72": "https:\/\/secure.gravatar.com\/avatar\/216ea4da5cae7be4030b6242ab90631c.jpg?s=72&d=https%3A%2F%2Fa.slack-edge.com%2Fdf10d%2Fimg%2Favatars%2Fava_0007-72.png",
            "first_name": "",
            "real_name": "rofrol",
            "display_name": "",
            "team": "T0CJ5UNHK",
            "name": "rofrol",
            "is_restricted": false,
            "is_ultra_restricted": false
        },
        "blocks": [
            {
                "type": "rich_text",
                "block_id": "746T5",
                "elements": [
                    {
                        "type": "rich_text_section",
                        "elements": [
                            {
                                "type": "text",
                                "text": "Specifically: 3 Rust job offers, 0 Elm job offers "
                            },
                            {
                                "type": "emoji",
                                "name": "slightly_smiling_face",
                                "unicode": "1f642"
                            }
                        ]
                    }
                ]
            }
        ],
        "thread_ts": "1582645128.005800",
        "parent_user_id": "U1UMF9XSP",
        "reactions": [
            {
                "name": "joy",
                "users": [
                    "U4G0M9E6Q",
                    "U76LN5EQP"
                ],
                "count": 2
            }
        ]
    },
    {
        "client_msg_id": "7432edaf-6ce1-4977-be60-5996cc36ae70",
        "type": "message",
        "text": "Following `#jobs` it seems most listings popup in europe. haven’t seen much in the US. and even fewer remote positions",
        "user": "U78TKHJLF",
        "ts": "1582645338.006500",
        "team": "T0CJ5UNHK",
        "user_team": "T0CJ5UNHK",
        "source_team": "T0CJ5UNHK",
        "user_profile": {
            "avatar_hash": "2f7edd928762",
            "image_72": "https:\/\/avatars.slack-edge.com\/2022-06-08\/3663968735632_2f7edd928762bfc17eec_72.jpg",
            "first_name": "Dwight",
            "real_name": "Dwight Doane",
            "display_name": "imdwit",
            "team": "T0CJ5UNHK",
            "name": "dwight.j.doane",
            "is_restricted": false,
            "is_ultra_restricted": false
        },
        "blocks": [
            {
                "type": "rich_text",
                "block_id": "1P9",
                "elements": [
                    {
                        "type": "rich_text_section",
                        "elements": [
                            {
                                "type": "text",
                                "text": "Following "
                            },
                            {
                                "type": "text",
                                "text": "#jobs",
                                "style": {
                                    "code": true
                                }
                            },
                            {
                                "type": "text",
                                "text": " it seems most listings popup in europe. haven’t seen much in the US. and even fewer remote positions"
                            }
                        ]
                    }
                ]
            }
        ],
        "thread_ts": "1582645128.005800",
        "parent_user_id": "U1UMF9XSP"
    },
    {
        "client_msg_id": "10f24419-e4ab-429e-a33f-27e61785af08",
        "type": "message",
        "text": "This river is drying...",
        "user": "U0JD7JSUA",
        "ts": "1582645371.006700",
        "team": "T0CJ5UNHK",
        "user_team": "T0CJ5UNHK",
        "source_team": "T0CJ5UNHK",
        "user_profile": {
            "avatar_hash": "g16ea4da5cae",
            "image_72": "https:\/\/secure.gravatar.com\/avatar\/216ea4da5cae7be4030b6242ab90631c.jpg?s=72&d=https%3A%2F%2Fa.slack-edge.com%2Fdf10d%2Fimg%2Favatars%2Fava_0007-72.png",
            "first_name": "",
            "real_name": "rofrol",
            "display_name": "",
            "team": "T0CJ5UNHK",
            "name": "rofrol",
            "is_restricted": false,
            "is_ultra_restricted": false
        },
        "blocks": [
            {
                "type": "rich_text",
                "block_id": "Ljpf=",
                "elements": [
                    {
                        "type": "rich_text_section",
                        "elements": [
                            {
                                "type": "text",
                                "text": "This river is drying..."
                            }
                        ]
                    }
                ]
            }
        ],
        "thread_ts": "1582645128.005800",
        "parent_user_id": "U1UMF9XSP",
        "reactions": [
            {
                "name": "cry",
                "users": [
                    "UH577TH5X"
                ],
                "count": 1
            },
            {
                "name": "+1",
                "users": [
                    "UV14TCDE0"
                ],
                "count": 1
            }
        ]
    },
    {
        "client_msg_id": "8ff319fc-5420-42d0-beb6-f76b8dbb0d53",
        "type": "message",
        "text": "Doesn't appear many companies are using Elm nowadays, unfortunately",
        "user": "U980B80UE",
        "ts": "1582647194.007000",
        "team": "T0CJ5UNHK",
        "user_team": "T0CJ5UNHK",
        "source_team": "T0CJ5UNHK",
        "user_profile": {
            "avatar_hash": "bd4366294f1b",
            "image_72": "https:\/\/avatars.slack-edge.com\/2019-01-16\/525376259842_bd4366294f1b9c5b92b6_72.jpg",
            "first_name": "",
            "real_name": "Tuomo",
            "display_name": "",
            "team": "T0CJ5UNHK",
            "name": "tuomo.hopia",
            "is_restricted": false,
            "is_ultra_restricted": false
        },
        "blocks": [
            {
                "type": "rich_text",
                "block_id": "8x5w",
                "elements": [
                    {
                        "type": "rich_text_section",
                        "elements": [
                            {
                                "type": "text",
                                "text": "Doesn't appear many companies are using Elm nowadays, unfortunately"
                            }
                        ]
                    }
                ]
            }
        ],
        "thread_ts": "1582645128.005800",
        "parent_user_id": "U1UMF9XSP"
    },
    {
        "client_msg_id": "3cd7edb2-e88b-4bd0-a4b0-e792cf74efe7",
        "type": "message",
        "text": "<https:\/\/www.npmtrends.com\/elm-vs-hyperapp-vs-svelte>\n\nLooking at this alone makes it seem like Svelte and others are capturing some of Elm's popularity",
        "user": "U980B80UE",
        "ts": "1582647338.007200",
        "team": "T0CJ5UNHK",
        "user_team": "T0CJ5UNHK",
        "source_team": "T0CJ5UNHK",
        "user_profile": {
            "avatar_hash": "bd4366294f1b",
            "image_72": "https:\/\/avatars.slack-edge.com\/2019-01-16\/525376259842_bd4366294f1b9c5b92b6_72.jpg",
            "first_name": "",
            "real_name": "Tuomo",
            "display_name": "",
            "team": "T0CJ5UNHK",
            "name": "tuomo.hopia",
            "is_restricted": false,
            "is_ultra_restricted": false
        },
        "attachments": [
            {
                "title": "elm vs hyperapp vs svelte | npm trends",
                "title_link": "https:\/\/www.npmtrends.com\/elm-vs-hyperapp-vs-svelte",
                "text": "Compare npm package download statistics over time: elm vs hyperapp vs svelte",
                "fallback": "elm vs hyperapp vs svelte | npm trends",
                "image_url": "https:\/\/d3lepbav50o668.cloudfront.net\/assets\/npm_trends_share_image-2833d63f2f13c6b5061ee25f0629668d7a0f9c26fb3e937df684936ea2f3c383.png",
                "from_url": "https:\/\/www.npmtrends.com\/elm-vs-hyperapp-vs-svelte",
                "image_width": 500,
                "image_height": 250,
                "image_bytes": 150098,
                "service_icon": "https:\/\/d3lepbav50o668.cloudfront.net\/assets\/apple-touch-icon-8a7043e99e0310ceb0438c8bdc4eebe9a7ade38dedd7f20cd112dccb6ffd1ad1.png",
                "service_name": "npmtrends.com",
                "id": 1,
                "original_url": "https:\/\/www.npmtrends.com\/elm-vs-hyperapp-vs-svelte"
            }
        ],
        "blocks": [
            {
                "type": "rich_text",
                "block_id": "nTY",
                "elements": [
                    {
                        "type": "rich_text_section",
                        "elements": [
                            {
                                "type": "link",
                                "url": "https:\/\/www.npmtrends.com\/elm-vs-hyperapp-vs-svelte"
                            },
                            {
                                "type": "text",
                                "text": "\n\nLooking at this alone makes it seem like Svelte and others are capturing some of Elm's popularity"
                            }
                        ]
                    }
                ]
            }
        ],
        "thread_ts": "1582645128.005800",
        "parent_user_id": "U1UMF9XSP"
    },
    {
        "client_msg_id": "29dc5a7f-6af8-4c3a-ab01-de3124bd65f6",
        "type": "message",
        "text": "Does that factor in the non-NPM elm installs?",
        "user": "UU6RJ8L9J",
        "ts": "1582648018.007500",
        "team": "T0CJ5UNHK",
        "user_team": "T0CJ5UNHK",
        "source_team": "T0CJ5UNHK",
        "user_profile": {
            "avatar_hash": "ef670c726b05",
            "image_72": "https:\/\/avatars.slack-edge.com\/2020-02-19\/949234370897_ef670c726b0583b2ad8a_72.jpg",
            "first_name": "",
            "real_name": "Tāhā",
            "display_name": "Tāhā",
            "team": "T0CJ5UNHK",
            "name": "tahaahmedrasheedpk",
            "is_restricted": false,
            "is_ultra_restricted": false
        },
        "blocks": [
            {
                "type": "rich_text",
                "block_id": "KOX3",
                "elements": [
                    {
                        "type": "rich_text_section",
                        "elements": [
                            {
                                "type": "text",
                                "text": "Does that factor in the non-NPM elm installs?"
                            }
                        ]
                    }
                ]
            }
        ],
        "thread_ts": "1582645128.005800",
        "parent_user_id": "U1UMF9XSP"
    },
    {
        "client_msg_id": "3e674a88-63f4-4cc0-9a13-69e83973ac73",
        "type": "message",
        "text": "It's probably highly inaccurate, but just to get some idea",
        "user": "U980B80UE",
        "ts": "1582648322.007700",
        "team": "T0CJ5UNHK",
        "user_team": "T0CJ5UNHK",
        "source_team": "T0CJ5UNHK",
        "user_profile": {
            "avatar_hash": "bd4366294f1b",
            "image_72": "https:\/\/avatars.slack-edge.com\/2019-01-16\/525376259842_bd4366294f1b9c5b92b6_72.jpg",
            "first_name": "",
            "real_name": "Tuomo",
            "display_name": "",
            "team": "T0CJ5UNHK",
            "name": "tuomo.hopia",
            "is_restricted": false,
            "is_ultra_restricted": false
        },
        "blocks": [
            {
                "type": "rich_text",
                "block_id": "7WLXQ",
                "elements": [
                    {
                        "type": "rich_text_section",
                        "elements": [
                            {
                                "type": "text",
                                "text": "It's probably highly inaccurate, but just to get some idea"
                            }
                        ]
                    }
                ]
            }
        ],
        "thread_ts": "1582645128.005800",
        "parent_user_id": "U1UMF9XSP"
    },
    {
        "client_msg_id": "705c2d53-c1f5-4742-b1af-cde55285852a",
        "type": "message",
        "text": "anecdotally, I haven't seen almost any Elm jobs\/gigs recently",
        "user": "U980B80UE",
        "ts": "1582648352.007900",
        "team": "T0CJ5UNHK",
        "user_team": "T0CJ5UNHK",
        "source_team": "T0CJ5UNHK",
        "user_profile": {
            "avatar_hash": "bd4366294f1b",
            "image_72": "https:\/\/avatars.slack-edge.com\/2019-01-16\/525376259842_bd4366294f1b9c5b92b6_72.jpg",
            "first_name": "",
            "real_name": "Tuomo",
            "display_name": "",
            "team": "T0CJ5UNHK",
            "name": "tuomo.hopia",
            "is_restricted": false,
            "is_ultra_restricted": false
        },
        "blocks": [
            {
                "type": "rich_text",
                "block_id": "VeY",
                "elements": [
                    {
                        "type": "rich_text_section",
                        "elements": [
                            {
                                "type": "text",
                                "text": "anecdotally, I haven't seen almost any Elm jobs\/gigs recently"
                            }
                        ]
                    }
                ]
            }
        ],
        "thread_ts": "1582645128.005800",
        "parent_user_id": "U1UMF9XSP"
    },
    {
        "client_msg_id": "f8fe248b-cc71-48a4-b1f9-7066bd419848",
        "type": "message",
        "text": "I was doing Elm at my last job, which I left on Friday. Sounds like they are going to fill my position internally, though they may look externally if no one takes it.\n\nIn regards to remote, this position would require in person as it requires testing on physical devices.",
        "user": "UB0UX3FJ9",
        "ts": "1582649741.008100",
        "team": "T0CJ5UNHK",
        "user_team": "T0CJ5UNHK",
        "source_team": "T0CJ5UNHK",
        "user_profile": {
            "avatar_hash": "bf577b3bddb3",
            "image_72": "https:\/\/avatars.slack-edge.com\/2019-07-01\/675335104417_bf577b3bddb371d18951_72.jpg",
            "first_name": "Wolfgang",
            "real_name": "Wolfgang Schuster (wolfadex)",
            "display_name": "",
            "team": "T0CJ5UNHK",
            "name": "wolfadex",
            "is_restricted": false,
            "is_ultra_restricted": false
        },
        "blocks": [
            {
                "type": "rich_text",
                "block_id": "ohDA",
                "elements": [
                    {
                        "type": "rich_text_section",
                        "elements": [
                            {
                                "type": "text",
                                "text": "I was doing Elm at my last job, which I left on Friday. Sounds like they are going to fill my position internally, though they may look externally if no one takes it.\n\nIn regards to remote, this position would require in person as it requires testing on physical devices."
                            }
                        ]
                    }
                ]
            }
        ],
        "thread_ts": "1582645128.005800",
        "parent_user_id": "U1UMF9XSP"
    },
    {
        "client_msg_id": "4d88b0c6-81fb-42bd-9e71-6f97c4acebe2",
        "type": "message",
        "text": "The marketing is strong with Microsoft and Typescript right now so the non-technical leaders seem to be falling into a narrative similar to \"no one ever got fired for oracle\" and that is not a good way to choose technology.\n\nIt doesn't mean that ts is a bad fit everywhere and Elm solves all problems (though I do believe Elm is far superior), it just means that people are not really evaluating things on merit right now",
        "user": "U5Z6J0VNJ",
        "ts": "1582651516.008700",
        "team": "T0CJ5UNHK",
        "user_team": "T0CJ5UNHK",
        "source_team": "T0CJ5UNHK",
        "user_profile": {
            "avatar_hash": "g3312cf12e59",
            "image_72": "https:\/\/secure.gravatar.com\/avatar\/83312cf12e5903cfda2f5d2d3e5f1799.jpg?s=72&d=https%3A%2F%2Fa.slack-edge.com%2Fdf10d%2Fimg%2Favatars%2Fava_0012-72.png",
            "first_name": "Tommy",
            "real_name": "Tommy Messbauer",
            "display_name": "tommy",
            "team": "T0CJ5UNHK",
            "name": "tommy",
            "is_restricted": false,
            "is_ultra_restricted": false
        },
        "blocks": [
            {
                "type": "rich_text",
                "block_id": "Gc=",
                "elements": [
                    {
                        "type": "rich_text_section",
                        "elements": [
                            {
                                "type": "text",
                                "text": "The marketing is strong with Microsoft and Typescript right now so the non-technical leaders seem to be falling into a narrative similar to \"no one ever got fired for oracle\" and that is not a good way to choose technology.\n\nIt doesn't mean that ts is a bad fit everywhere and Elm solves all problems (though I do believe Elm is far superior), it just means that people are not really evaluating things on merit right now"
                            }
                        ]
                    }
                ]
            }
        ],
        "thread_ts": "1582645128.005800",
        "parent_user_id": "U1UMF9XSP",
        "reactions": [
            {
                "name": "100",
                "users": [
                    "UB0UX3FJ9",
                    "U3R7CKQRX",
                    "USUC2N83A",
                    "U975N7BDY"
                ],
                "count": 4
            }
        ]
    },
    {
        "client_msg_id": "e802ff5e-f01f-4432-a304-579664461ced",
        "type": "message",
        "text": "They'll come around to something better than ts and it  might not be elm (though personally I'd like to see more elm)",
        "user": "U5Z6J0VNJ",
        "ts": "1582651565.008900",
        "team": "T0CJ5UNHK",
        "user_team": "T0CJ5UNHK",
        "source_team": "T0CJ5UNHK",
        "user_profile": {
            "avatar_hash": "g3312cf12e59",
            "image_72": "https:\/\/secure.gravatar.com\/avatar\/83312cf12e5903cfda2f5d2d3e5f1799.jpg?s=72&d=https%3A%2F%2Fa.slack-edge.com%2Fdf10d%2Fimg%2Favatars%2Fava_0012-72.png",
            "first_name": "Tommy",
            "real_name": "Tommy Messbauer",
            "display_name": "tommy",
            "team": "T0CJ5UNHK",
            "name": "tommy",
            "is_restricted": false,
            "is_ultra_restricted": false
        },
        "blocks": [
            {
                "type": "rich_text",
                "block_id": "0eud",
                "elements": [
                    {
                        "type": "rich_text_section",
                        "elements": [
                            {
                                "type": "text",
                                "text": "They'll come around to something better than ts and it  might not be elm (though personally I'd like to see more elm)"
                            }
                        ]
                    }
                ]
            }
        ],
        "thread_ts": "1582645128.005800",
        "parent_user_id": "U1UMF9XSP"
    },
    {
        "client_msg_id": "0ac6ab15-60c5-47e1-91d9-25402d16a1eb",
        "type": "message",
        "text": "I find some one linkedin more than just in here.\n\nthen it would be great if a few of us could land jobs were we can put an entire team to elm",
        "user": "U4SM7ECAG",
        "ts": "1582656478.009200",
        "team": "T0CJ5UNHK",
        "user_team": "T0CJ5UNHK",
        "source_team": "T0CJ5UNHK",
        "user_profile": {
            "avatar_hash": "g219fe74c131",
            "image_72": "https:\/\/secure.gravatar.com\/avatar\/b219fe74c13197eb6f4a8389050a6312.jpg?s=72&d=https%3A%2F%2Fa.slack-edge.com%2Fdf10d%2Fimg%2Favatars%2Fava_0007-72.png",
            "first_name": "Leo",
            "real_name": "Leo jPod",
            "display_name": "leojpod",
            "team": "T0CJ5UNHK",
            "name": "leojpod",
            "is_restricted": false,
            "is_ultra_restricted": false
        },
        "blocks": [
            {
                "type": "rich_text",
                "block_id": "9hw+",
                "elements": [
                    {
                        "type": "rich_text_section",
                        "elements": [
                            {
                                "type": "text",
                                "text": "I find some one linkedin more than just in here.\n\nthen it would be great if a few of us could land jobs were we can put an entire team to elm"
                            }
                        ]
                    }
                ]
            }
        ],
        "thread_ts": "1582645128.005800",
        "parent_user_id": "U1UMF9XSP"
    },
    {
        "client_msg_id": "213c2e7a-4ffd-40f4-9d09-36409fd9d95d",
        "type": "message",
        "text": "it exists. We did it. I left that company, but they are still using elm. I'm freelancing now and I've used Elm on one project and plant o encourage more folks to embrace it",
        "user": "U5Z6J0VNJ",
        "ts": "1582656825.009400",
        "team": "T0CJ5UNHK",
        "user_team": "T0CJ5UNHK",
        "source_team": "T0CJ5UNHK",
        "user_profile": {
            "avatar_hash": "g3312cf12e59",
            "image_72": "https:\/\/secure.gravatar.com\/avatar\/83312cf12e5903cfda2f5d2d3e5f1799.jpg?s=72&d=https%3A%2F%2Fa.slack-edge.com%2Fdf10d%2Fimg%2Favatars%2Fava_0012-72.png",
            "first_name": "Tommy",
            "real_name": "Tommy Messbauer",
            "display_name": "tommy",
            "team": "T0CJ5UNHK",
            "name": "tommy",
            "is_restricted": false,
            "is_ultra_restricted": false
        },
        "blocks": [
            {
                "type": "rich_text",
                "block_id": "=TF",
                "elements": [
                    {
                        "type": "rich_text_section",
                        "elements": [
                            {
                                "type": "text",
                                "text": "it exists. We did it. I left that company, but they are still using elm. I'm freelancing now and I've used Elm on one project and plant o encourage more folks to embrace it"
                            }
                        ]
                    }
                ]
            }
        ],
        "thread_ts": "1582645128.005800",
        "parent_user_id": "U1UMF9XSP"
    },
    {
        "client_msg_id": "993b29c6-66b9-4f9e-ace3-3b1a23a07205",
        "type": "message",
        "text": ":angel: :pray:",
        "user": "U4SM7ECAG",
        "ts": "1582657168.009600",
        "team": "T0CJ5UNHK",
        "user_team": "T0CJ5UNHK",
        "source_team": "T0CJ5UNHK",
        "user_profile": {
            "avatar_hash": "g219fe74c131",
            "image_72": "https:\/\/secure.gravatar.com\/avatar\/b219fe74c13197eb6f4a8389050a6312.jpg?s=72&d=https%3A%2F%2Fa.slack-edge.com%2Fdf10d%2Fimg%2Favatars%2Fava_0007-72.png",
            "first_name": "Leo",
            "real_name": "Leo jPod",
            "display_name": "leojpod",
            "team": "T0CJ5UNHK",
            "name": "leojpod",
            "is_restricted": false,
            "is_ultra_restricted": false
        },
        "edited": {
            "user": "U4SM7ECAG",
            "ts": "1582657173.000000"
        },
        "blocks": [
            {
                "type": "rich_text",
                "block_id": "\/cqdq",
                "elements": [
                    {
                        "type": "rich_text_section",
                        "elements": [
                            {
                                "type": "emoji",
                                "name": "angel",
                                "unicode": "1f47c"
                            },
                            {
                                "type": "text",
                                "text": " "
                            },
                            {
                                "type": "emoji",
                                "name": "pray",
                                "unicode": "1f64f"
                            }
                        ]
                    }
                ]
            }
        ],
        "thread_ts": "1582645128.005800",
        "parent_user_id": "U1UMF9XSP"
    },
    {
        "client_msg_id": "58bac328-1035-4381-b042-d7a17a622a50",
        "type": "message",
        "text": "I know a self-employed contractor who pushed Elm when appropriate. I know he's had some good success with introducing it at companies while he's there",
        "user": "UB0UX3FJ9",
        "ts": "1582662036.009900",
        "team": "T0CJ5UNHK",
        "user_team": "T0CJ5UNHK",
        "source_team": "T0CJ5UNHK",
        "user_profile": {
            "avatar_hash": "bf577b3bddb3",
            "image_72": "https:\/\/avatars.slack-edge.com\/2019-07-01\/675335104417_bf577b3bddb371d18951_72.jpg",
            "first_name": "Wolfgang",
            "real_name": "Wolfgang Schuster (wolfadex)",
            "display_name": "",
            "team": "T0CJ5UNHK",
            "name": "wolfadex",
            "is_restricted": false,
            "is_ultra_restricted": false
        },
        "blocks": [
            {
                "type": "rich_text",
                "block_id": "uV+NR",
                "elements": [
                    {
                        "type": "rich_text_section",
                        "elements": [
                            {
                                "type": "text",
                                "text": "I know a self-employed contractor who pushed Elm when appropriate. I know he's had some good success with introducing it at companies while he's there"
                            }
                        ]
                    }
                ]
            }
        ],
        "thread_ts": "1582645128.005800",
        "parent_user_id": "U1UMF9XSP",
        "reactions": [
            {
                "name": "100",
                "users": [
                    "U5Z6J0VNJ",
                    "U0EDVAR4P",
                    "U3ULZPH63"
                ],
                "count": 3
            }
        ]
    },
    {
        "client_msg_id": "46690b0f-14fd-4cd8-8f9f-d10439c9e03e",
        "type": "message",
        "text": "I am currently leaving my full time Elm job for another job that has Elm migration in progress. New place is also remote.",
        "user": "U47FA2L4U",
        "ts": "1582703561.010700",
        "team": "T0CJ5UNHK",
        "user_team": "T0CJ5UNHK",
        "source_team": "T0CJ5UNHK",
        "user_profile": {
            "avatar_hash": "d9e5ff89b910",
            "image_72": "https:\/\/avatars.slack-edge.com\/2017-02-18\/142734924256_d9e5ff89b910c5747c25_72.jpg",
            "first_name": "Anton",
            "real_name": "Anton Komissarov",
            "display_name": "antonkom",
            "team": "T0CJ5UNHK",
            "name": "antonkom",
            "is_restricted": false,
            "is_ultra_restricted": false
        },
        "blocks": [
            {
                "type": "rich_text",
                "block_id": "cfsl",
                "elements": [
                    {
                        "type": "rich_text_section",
                        "elements": [
                            {
                                "type": "text",
                                "text": "I am currently leaving my full time Elm job for another job that has Elm migration in progress. New place is also remote."
                            }
                        ]
                    }
                ]
            }
        ],
        "thread_ts": "1582645128.005800",
        "parent_user_id": "U1UMF9XSP",
        "reactions": [
            {
                "name": "+1",
                "users": [
                    "U3ULZPH63",
                    "U18UD6T3J",
                    "U2ZKEFM9V"
                ],
                "count": 3
            }
        ]
    }
]