[
    {
        "client_msg_id": "8aab3f1e-8c21-4fc0-bfd6-a609a1b73d6b",
        "type": "message",
        "text": "| Exosphere \/ Jetstream Cloud \/ Indiana University | Remote | Student Developer |\n\nAre you interested in cloud computing, helping researchers, and building UIs with Elm? Exosphere and Jetstream Cloud are seeking a US-based undergraduate student developer for a funded position at Indiana University. More information here:\n\n<https:\/\/www.reddit.com\/r\/elm\/comments\/ilgxuf\/seeking_student_developer_for_paid_elm_internship\/>",
        "user": "U7Y45Q61E",
        "ts": "1599086256.008700",
        "team": "T0CJ5UNHK",
        "user_team": "T0CJ5UNHK",
        "source_team": "T0CJ5UNHK",
        "user_profile": {
            "avatar_hash": "g396aef3d7e3",
            "image_72": "https:\/\/secure.gravatar.com\/avatar\/d396aef3d7e32b36080b2ae62b96534a.jpg?s=72&d=https%3A%2F%2Fa.slack-edge.com%2Fdf10d%2Fimg%2Favatars%2Fava_0006-72.png",
            "first_name": "",
            "real_name": "Chris Martin",
            "display_name": "cmart",
            "team": "T0CJ5UNHK",
            "name": "chris192",
            "is_restricted": false,
            "is_ultra_restricted": false
        },
        "edited": {
            "user": "U7Y45Q61E",
            "ts": "1599086858.000000"
        },
        "attachments": [
            {
                "service_name": "reddit",
                "title": "Seeking Student Developer for Paid Elm Internship",
                "title_link": "https:\/\/www.reddit.com\/r\/elm\/comments\/ilgxuf\/seeking_student_developer_for_paid_elm_internship\/",
                "text": "Are you interested in cloud computing, helping researchers, and building UIs with Elm? [Exosphere](<https:\/\/gitlab.com\/exosphere\/exosphere>) and...",
                "fallback": "reddit: Seeking Student Developer for Paid Elm Internship",
                "thumb_url": "https:\/\/www.redditstatic.com\/new-icon.png",
                "from_url": "https:\/\/www.reddit.com\/r\/elm\/comments\/ilgxuf\/seeking_student_developer_for_paid_elm_internship\/",
                "thumb_width": 256,
                "thumb_height": 256,
                "service_icon": "http:\/\/www.redditstatic.com\/desktop2x\/img\/favicon\/apple-icon-57x57.png",
                "id": 1,
                "original_url": "https:\/\/www.reddit.com\/r\/elm\/comments\/ilgxuf\/seeking_student_developer_for_paid_elm_internship\/"
            }
        ],
        "blocks": [
            {
                "type": "rich_text",
                "block_id": "2HM",
                "elements": [
                    {
                        "type": "rich_text_section",
                        "elements": [
                            {
                                "type": "text",
                                "text": "| Exosphere \/ Jetstream Cloud \/ Indiana University | Remote | Student Developer |\n\nAre you interested in cloud computing, helping researchers, and building UIs with Elm? Exosphere and Jetstream Cloud are seeking a US-based undergraduate student developer for a funded position at Indiana University. More information here:\n\n"
                            },
                            {
                                "type": "link",
                                "url": "https:\/\/www.reddit.com\/r\/elm\/comments\/ilgxuf\/seeking_student_developer_for_paid_elm_internship\/"
                            }
                        ]
                    }
                ]
            }
        ],
        "thread_ts": "1599086256.008700",
        "reply_count": 3,
        "reply_users_count": 2,
        "latest_reply": "1599086839.009700",
        "reply_users": [
            "U7Y45Q61E",
            "UF1CWE6DC"
        ],
        "replies": [
            {
                "user": "U7Y45Q61E",
                "ts": "1599086346.008900"
            },
            {
                "user": "UF1CWE6DC",
                "ts": "1599086784.009500"
            },
            {
                "user": "U7Y45Q61E",
                "ts": "1599086839.009700"
            }
        ],
        "is_locked": false,
        "subscribed": false,
        "reactions": [
            {
                "name": "+1",
                "users": [
                    "U59LRV7UZ",
                    "U2FMN03NZ"
                ],
                "count": 2
            }
        ]
    },
    {
        "client_msg_id": "720c52df-75c7-4a96-aa93-46801fd8722a",
        "type": "message",
        "text": "I'm Chris, a core developer\/maintainer of Exosphere. Happy to answer any questions.",
        "user": "U7Y45Q61E",
        "ts": "1599086346.008900",
        "team": "T0CJ5UNHK",
        "user_team": "T0CJ5UNHK",
        "source_team": "T0CJ5UNHK",
        "user_profile": {
            "avatar_hash": "g396aef3d7e3",
            "image_72": "https:\/\/secure.gravatar.com\/avatar\/d396aef3d7e32b36080b2ae62b96534a.jpg?s=72&d=https%3A%2F%2Fa.slack-edge.com%2Fdf10d%2Fimg%2Favatars%2Fava_0006-72.png",
            "first_name": "",
            "real_name": "Chris Martin",
            "display_name": "cmart",
            "team": "T0CJ5UNHK",
            "name": "chris192",
            "is_restricted": false,
            "is_ultra_restricted": false
        },
        "blocks": [
            {
                "type": "rich_text",
                "block_id": "8ye",
                "elements": [
                    {
                        "type": "rich_text_section",
                        "elements": [
                            {
                                "type": "text",
                                "text": "I'm Chris, a core developer\/maintainer of Exosphere. Happy to answer any questions."
                            }
                        ]
                    }
                ]
            }
        ],
        "thread_ts": "1599086256.008700",
        "parent_user_id": "U7Y45Q61E"
    },
    {
        "client_msg_id": "E0633116-866A-479A-A4F5-712FEABB5F02",
        "type": "message",
        "text": "US-based :cry:",
        "user": "UF1CWE6DC",
        "ts": "1599086784.009500",
        "team": "T0CJ5UNHK",
        "user_team": "T0CJ5UNHK",
        "source_team": "T0CJ5UNHK",
        "user_profile": {
            "avatar_hash": "d1396f065b96",
            "image_72": "https:\/\/avatars.slack-edge.com\/2022-08-11\/3914179540759_d1396f065b962a082dad_72.png",
            "first_name": "Hayleigh",
            "real_name": "Hayleigh Thompson",
            "display_name": "hayleigh",
            "team": "T0CJ5UNHK",
            "name": "andrew.thompson",
            "is_restricted": false,
            "is_ultra_restricted": false
        },
        "blocks": [
            {
                "type": "rich_text",
                "block_id": "xXA",
                "elements": [
                    {
                        "type": "rich_text_section",
                        "elements": [
                            {
                                "type": "text",
                                "text": "US-based "
                            },
                            {
                                "type": "emoji",
                                "name": "cry",
                                "unicode": "1f622"
                            }
                        ]
                    }
                ]
            }
        ],
        "thread_ts": "1599086256.008700",
        "parent_user_id": "U7Y45Q61E",
        "reactions": [
            {
                "name": "disappointed",
                "users": [
                    "UP0F4DUDB",
                    "ULRSTLGQJ"
                ],
                "count": 2
            }
        ]
    },
    {
        "client_msg_id": "95b69448-94da-4562-91eb-8cb7e4099a5e",
        "type": "message",
        "text": "yes, unfortunately that's a restriction of the funding mechanism. I'll update the post.",
        "user": "U7Y45Q61E",
        "ts": "1599086839.009700",
        "team": "T0CJ5UNHK",
        "user_team": "T0CJ5UNHK",
        "source_team": "T0CJ5UNHK",
        "user_profile": {
            "avatar_hash": "g396aef3d7e3",
            "image_72": "https:\/\/secure.gravatar.com\/avatar\/d396aef3d7e32b36080b2ae62b96534a.jpg?s=72&d=https%3A%2F%2Fa.slack-edge.com%2Fdf10d%2Fimg%2Favatars%2Fava_0006-72.png",
            "first_name": "",
            "real_name": "Chris Martin",
            "display_name": "cmart",
            "team": "T0CJ5UNHK",
            "name": "chris192",
            "is_restricted": false,
            "is_ultra_restricted": false
        },
        "blocks": [
            {
                "type": "rich_text",
                "block_id": "WGwy4",
                "elements": [
                    {
                        "type": "rich_text_section",
                        "elements": [
                            {
                                "type": "text",
                                "text": "yes, unfortunately that's a restriction of the funding mechanism. I'll update the post."
                            }
                        ]
                    }
                ]
            }
        ],
        "thread_ts": "1599086256.008700",
        "parent_user_id": "U7Y45Q61E"
    }
]