[
    {
        "type": "message",
        "text": "| Clipwise | Remote &amp; Part-time |  Fullstack developer |\n\nClipwise has Elm in its stack! and Ruby on Rails. Attached is an overview of current &amp; future projects. Please feel free to DM if you're interested in learning more.",
        "files": [
            {
                "id": "FSPNB49N1",
                "created": 1579106214,
                "timestamp": 1579106214,
                "name": "2020_Clipwise_Projects.pdf",
                "title": "2020_Clipwise_Projects.pdf",
                "mimetype": "application\/pdf",
                "filetype": "pdf",
                "pretty_type": "PDF",
                "user": "USKTQHZB6",
                "user_team": "T0CJ5UNHK",
                "editable": false,
                "size": 875580,
                "mode": "hosted",
                "is_external": false,
                "external_type": "",
                "is_public": true,
                "public_url_shared": false,
                "display_as_bot": false,
                "username": "",
                "url_private": "https:\/\/files.slack.com\/files-pri\/T0CJ5UNHK-FSPNB49N1\/2020_clipwise_projects.pdf?t=xoxe-12617974597-4161669908275-4158800643077-be4ee8f84a2737e7b4245fe774276e65",
                "url_private_download": "https:\/\/files.slack.com\/files-pri\/T0CJ5UNHK-FSPNB49N1\/download\/2020_clipwise_projects.pdf?t=xoxe-12617974597-4161669908275-4158800643077-be4ee8f84a2737e7b4245fe774276e65",
                "media_display_type": "unknown",
                "thumb_pdf": "https:\/\/files.slack.com\/files-tmb\/T0CJ5UNHK-FSPNB49N1-5549e3359d\/2020_clipwise_projects_thumb_pdf.png?t=xoxe-12617974597-4161669908275-4158800643077-be4ee8f84a2737e7b4245fe774276e65",
                "thumb_pdf_w": 935,
                "thumb_pdf_h": 1210,
                "permalink": "https:\/\/elmlang.slack.com\/files\/USKTQHZB6\/FSPNB49N1\/2020_clipwise_projects.pdf",
                "permalink_public": "https:\/\/slack-files.com\/T0CJ5UNHK-FSPNB49N1-04f6ec11ba",
                "is_starred": false,
                "has_rich_preview": false,
                "file_access": "visible"
            }
        ],
        "upload": true,
        "user": "USKTQHZB6",
        "display_as_bot": false,
        "ts": "1579106216.008300",
        "blocks": [
            {
                "type": "rich_text",
                "block_id": "q19g",
                "elements": [
                    {
                        "type": "rich_text_section",
                        "elements": [
                            {
                                "type": "text",
                                "text": "| Clipwise | Remote & Part-time |  Fullstack developer |\n\nClipwise has Elm in its stack! and Ruby on Rails. Attached is an overview of current & future projects. Please feel free to DM if you're interested in learning more."
                            }
                        ]
                    }
                ]
            }
        ],
        "edited": {
            "user": "USKTQHZB6",
            "ts": "1579525953.000000"
        },
        "client_msg_id": "7ba6d39a-c05c-4e9c-ac13-f35fe8d567ae",
        "thread_ts": "1579106216.008300",
        "reply_count": 1,
        "reply_users_count": 1,
        "latest_reply": "1579122065.010100",
        "reply_users": [
            "U2ZKEFM9V"
        ],
        "replies": [
            {
                "user": "U2ZKEFM9V",
                "ts": "1579122065.010100"
            }
        ],
        "is_locked": false,
        "subscribed": false,
        "reactions": [
            {
                "name": "+1",
                "users": [
                    "U1AQAEL3T",
                    "U17TXDBJR",
                    "U2ZKEFM9V",
                    "U44R1N656",
                    "UPP4S79FZ"
                ],
                "count": 5
            }
        ]
    },
    {
        "client_msg_id": "4455eb19-6155-47a9-9b9b-f137779e44d1",
        "type": "message",
        "text": "Hello Jon, please check the guidelines for posting positions. Interesting projects by the way!",
        "user": "U2ZKEFM9V",
        "ts": "1579122065.010100",
        "team": "T0CJ5UNHK",
        "user_team": "T0CJ5UNHK",
        "source_team": "T0CJ5UNHK",
        "user_profile": {
            "avatar_hash": "8faaca3aee56",
            "image_72": "https:\/\/avatars.slack-edge.com\/2019-07-15\/683420890450_8faaca3aee56c9ae90f4_72.jpg",
            "first_name": "José",
            "real_name": "José Pablo Leandro Martín",
            "display_name": "arguser",
            "team": "T0CJ5UNHK",
            "name": "arguser",
            "is_restricted": false,
            "is_ultra_restricted": false
        },
        "blocks": [
            {
                "type": "rich_text",
                "block_id": "EA1L",
                "elements": [
                    {
                        "type": "rich_text_section",
                        "elements": [
                            {
                                "type": "text",
                                "text": "Hello Jon, please check the guidelines for posting positions. Interesting projects by the way!"
                            }
                        ]
                    }
                ]
            }
        ],
        "thread_ts": "1579106216.008300",
        "parent_user_id": "USKTQHZB6",
        "reactions": [
            {
                "name": "+1",
                "users": [
                    "USKTQHZB6"
                ],
                "count": 1
            }
        ]
    }
]