[
    {
        "client_msg_id": "b169f309-9d81-43e1-a09a-204680e5c44c",
        "type": "message",
        "text": "the same message was posted on the Erlang slack as well. :disappointed:",
        "user": "U1KES8JGK",
        "ts": "1597745390.258300",
        "team": "T0CJ5UNHK",
        "user_team": "T0CJ5UNHK",
        "source_team": "T0CJ5UNHK",
        "user_profile": {
            "avatar_hash": "g88c1ad19090",
            "image_72": "https:\/\/secure.gravatar.com\/avatar\/088c1ad19090a79a3eaa4726c1024b06.jpg?s=72&d=https%3A%2F%2Fa.slack-edge.com%2Fdf10d%2Fimg%2Favatars%2Fava_0016-72.png",
            "first_name": "Erlend",
            "real_name": "Erlend Hamberg",
            "display_name": "eh",
            "team": "T0CJ5UNHK",
            "name": "eh",
            "is_restricted": false,
            "is_ultra_restricted": false
        },
        "blocks": [
            {
                "type": "rich_text",
                "block_id": "rNdI2",
                "elements": [
                    {
                        "type": "rich_text_section",
                        "elements": [
                            {
                                "type": "text",
                                "text": "the same message was posted on the Erlang slack as well. "
                            },
                            {
                                "type": "emoji",
                                "name": "disappointed",
                                "unicode": "1f61e"
                            }
                        ]
                    }
                ]
            }
        ],
        "thread_ts": "1597686391.256800",
        "parent_user_id": "UPLCU5G64"
    }
]