[
    {
        "client_msg_id": "c9270d49-bf75-402b-a8b9-ec6b3a1ae492",
        "type": "message",
        "text": "| seeking work | London | Illustrator; SVG; HTML; CSS; Elm-ui | Product designer, graphic designer, UXUI designer, typographer, print designer, interface designer, icon artist",
        "user": "U5E3DU81K",
        "ts": "1578486016.002600",
        "team": "T0CJ5UNHK",
        "user_team": "T0CJ5UNHK",
        "source_team": "T0CJ5UNHK",
        "user_profile": {
            "avatar_hash": "ga90d81c7ffc",
            "image_72": "https:\/\/secure.gravatar.com\/avatar\/1a90d81c7ffc37cc4d3fcf3617199f3a.jpg?s=72&d=https%3A%2F%2Fa.slack-edge.com%2Fdf10d%2Fimg%2Favatars%2Fava_0014-72.png",
            "first_name": "u0421793",
            "real_name": "u0421793",
            "display_name": "",
            "team": "T0CJ5UNHK",
            "name": "u0421793",
            "is_restricted": false,
            "is_ultra_restricted": false
        },
        "blocks": [
            {
                "type": "rich_text",
                "block_id": "D9UI",
                "elements": [
                    {
                        "type": "rich_text_section",
                        "elements": [
                            {
                                "type": "text",
                                "text": "| seeking work | London | Illustrator; SVG; HTML; CSS; Elm-ui | Product designer, graphic designer, UXUI designer, typographer, print designer, interface designer, icon artist"
                            }
                        ]
                    }
                ]
            }
        ],
        "reactions": [
            {
                "name": "+1",
                "users": [
                    "U1AQAEL3T",
                    "UPP4S79FZ"
                ],
                "count": 2
            }
        ]
    }
]