[
    {
        "client_msg_id": "7a306270-803b-47ec-b79b-34ebd95d79d3",
        "type": "message",
        "text": "| Preferred Return | NYC \/ Lyon \/ Remote | Elm Developer |\n\nHello, all! My distributed team at <https:\/\/www.linkedin.com\/company\/preferred-return\/|Preferred Return> is looking for a part-time or full-time Elm developer to help support &amp; grow a young Elm codebase.\n\n_Requirements_\n• 3-5 years industry experience\n• Experience working with Elm in a production setting\n• Ability to work remotely on New York time\n• Good communication skills\n_Nice-to-haves_\n• Experience with Ruby on Rails\n• Interest in or familiarity with capital markets, accounting and\/or finance\n• Familiarity with Elm testing strategies and continuous integration.\nPlease DM me if interested.",
        "user": "U0K92QFST",
        "ts": "1590596760.088200",
        "team": "T0CJ5UNHK",
        "user_team": "T0CJ5UNHK",
        "source_team": "T0CJ5UNHK",
        "user_profile": {
            "avatar_hash": "8b49ded4b586",
            "image_72": "https:\/\/avatars.slack-edge.com\/2016-03-07\/25080933588_8b49ded4b586148bd9c1_72.jpg",
            "first_name": "Noah",
            "real_name": "Noah Gordon",
            "display_name": "noahzgordon (they\/them)",
            "team": "T0CJ5UNHK",
            "name": "noahzgordon",
            "is_restricted": false,
            "is_ultra_restricted": false
        },
        "blocks": [
            {
                "type": "rich_text",
                "block_id": "wC7",
                "elements": [
                    {
                        "type": "rich_text_section",
                        "elements": [
                            {
                                "type": "text",
                                "text": "| Preferred Return | NYC \/ Lyon \/ Remote | Elm Developer |\n\nHello, all! My distributed team at "
                            },
                            {
                                "type": "link",
                                "url": "https:\/\/www.linkedin.com\/company\/preferred-return\/",
                                "text": "Preferred Return"
                            },
                            {
                                "type": "text",
                                "text": " is looking for a part-time or full-time Elm developer to help support & grow a young Elm codebase.\n\n"
                            },
                            {
                                "type": "text",
                                "text": "Requirements",
                                "style": {
                                    "italic": true
                                }
                            },
                            {
                                "type": "text",
                                "text": "\n"
                            }
                        ]
                    },
                    {
                        "type": "rich_text_list",
                        "elements": [
                            {
                                "type": "rich_text_section",
                                "elements": [
                                    {
                                        "type": "text",
                                        "text": "3-5 years industry experience"
                                    }
                                ]
                            },
                            {
                                "type": "rich_text_section",
                                "elements": [
                                    {
                                        "type": "text",
                                        "text": "Experience working with Elm in a production setting"
                                    }
                                ]
                            },
                            {
                                "type": "rich_text_section",
                                "elements": [
                                    {
                                        "type": "text",
                                        "text": "Ability to work remotely on New York time"
                                    }
                                ]
                            },
                            {
                                "type": "rich_text_section",
                                "elements": [
                                    {
                                        "type": "text",
                                        "text": "Good communication skills"
                                    }
                                ]
                            }
                        ],
                        "style": "bullet",
                        "indent": 0
                    },
                    {
                        "type": "rich_text_section",
                        "elements": [
                            {
                                "type": "text",
                                "text": "\n"
                            },
                            {
                                "type": "text",
                                "text": "Nice-to-haves",
                                "style": {
                                    "italic": true
                                }
                            },
                            {
                                "type": "text",
                                "text": "\n"
                            }
                        ]
                    },
                    {
                        "type": "rich_text_list",
                        "elements": [
                            {
                                "type": "rich_text_section",
                                "elements": [
                                    {
                                        "type": "text",
                                        "text": "Experience with Ruby on Rails"
                                    }
                                ]
                            },
                            {
                                "type": "rich_text_section",
                                "elements": [
                                    {
                                        "type": "text",
                                        "text": "Interest in or familiarity with capital markets, accounting and\/or finance"
                                    }
                                ]
                            },
                            {
                                "type": "rich_text_section",
                                "elements": [
                                    {
                                        "type": "text",
                                        "text": "Familiarity with Elm testing strategies and continuous integration."
                                    }
                                ]
                            }
                        ],
                        "style": "bullet",
                        "indent": 0
                    },
                    {
                        "type": "rich_text_section",
                        "elements": [
                            {
                                "type": "text",
                                "text": "\nPlease DM me if interested."
                            }
                        ]
                    }
                ]
            }
        ],
        "thread_ts": "1590596760.088200",
        "reply_count": 3,
        "reply_users_count": 2,
        "latest_reply": "1590600318.088900",
        "reply_users": [
            "U0U6ML22H",
            "U0K92QFST"
        ],
        "replies": [
            {
                "user": "U0U6ML22H",
                "ts": "1590597084.088500"
            },
            {
                "user": "U0K92QFST",
                "ts": "1590597589.088700"
            },
            {
                "user": "U0U6ML22H",
                "ts": "1590600318.088900"
            }
        ],
        "is_locked": false,
        "subscribed": false
    },
    {
        "client_msg_id": "975f6eab-adfa-488c-a383-d3392b8a8d99",
        "type": "message",
        "text": "is this Lyon, Mississipi? ^^",
        "user": "U0U6ML22H",
        "ts": "1590597084.088500",
        "team": "T0CJ5UNHK",
        "user_team": "T0CJ5UNHK",
        "source_team": "T0CJ5UNHK",
        "user_profile": {
            "avatar_hash": "334f65bb1565",
            "image_72": "https:\/\/avatars.slack-edge.com\/2020-12-07\/1578968688208_334f65bb156586411238_72.jpg",
            "first_name": "Augustin",
            "real_name": "Augustin Ragon",
            "display_name": "Augustin",
            "team": "T0CJ5UNHK",
            "name": "augustin82",
            "is_restricted": false,
            "is_ultra_restricted": false
        },
        "blocks": [
            {
                "type": "rich_text",
                "block_id": "mGig",
                "elements": [
                    {
                        "type": "rich_text_section",
                        "elements": [
                            {
                                "type": "text",
                                "text": "is this Lyon, Mississipi? ^^"
                            }
                        ]
                    }
                ]
            }
        ],
        "thread_ts": "1590596760.088200",
        "parent_user_id": "U0K92QFST"
    },
    {
        "client_msg_id": "68195ca3-c629-48b9-b96e-9b76e81fdb2f",
        "type": "message",
        "text": "Lyon, France :stuck_out_tongue:",
        "user": "U0K92QFST",
        "ts": "1590597589.088700",
        "team": "T0CJ5UNHK",
        "user_team": "T0CJ5UNHK",
        "source_team": "T0CJ5UNHK",
        "user_profile": {
            "avatar_hash": "8b49ded4b586",
            "image_72": "https:\/\/avatars.slack-edge.com\/2016-03-07\/25080933588_8b49ded4b586148bd9c1_72.jpg",
            "first_name": "Noah",
            "real_name": "Noah Gordon",
            "display_name": "noahzgordon (they\/them)",
            "team": "T0CJ5UNHK",
            "name": "noahzgordon",
            "is_restricted": false,
            "is_ultra_restricted": false
        },
        "blocks": [
            {
                "type": "rich_text",
                "block_id": "72nv",
                "elements": [
                    {
                        "type": "rich_text_section",
                        "elements": [
                            {
                                "type": "text",
                                "text": "Lyon, France "
                            },
                            {
                                "type": "emoji",
                                "name": "stuck_out_tongue",
                                "unicode": "1f61b"
                            }
                        ]
                    }
                ]
            }
        ],
        "thread_ts": "1590596760.088200",
        "parent_user_id": "U0K92QFST",
        "reactions": [
            {
                "name": "heart_eyes",
                "users": [
                    "U25KE5A1F"
                ],
                "count": 1
            },
            {
                "name": "heart",
                "users": [
                    "UP0F4DUDB"
                ],
                "count": 1
            }
        ]
    },
    {
        "client_msg_id": "116ea3e8-3df2-494e-9762-e03274636ada",
        "type": "message",
        "text": "Amazing =)",
        "user": "U0U6ML22H",
        "ts": "1590600318.088900",
        "team": "T0CJ5UNHK",
        "user_team": "T0CJ5UNHK",
        "source_team": "T0CJ5UNHK",
        "user_profile": {
            "avatar_hash": "334f65bb1565",
            "image_72": "https:\/\/avatars.slack-edge.com\/2020-12-07\/1578968688208_334f65bb156586411238_72.jpg",
            "first_name": "Augustin",
            "real_name": "Augustin Ragon",
            "display_name": "Augustin",
            "team": "T0CJ5UNHK",
            "name": "augustin82",
            "is_restricted": false,
            "is_ultra_restricted": false
        },
        "blocks": [
            {
                "type": "rich_text",
                "block_id": "fD11z",
                "elements": [
                    {
                        "type": "rich_text_section",
                        "elements": [
                            {
                                "type": "text",
                                "text": "Amazing =)"
                            }
                        ]
                    }
                ]
            }
        ],
        "thread_ts": "1590596760.088200",
        "parent_user_id": "U0K92QFST"
    }
]