[
    {
        "type": "message",
        "subtype": "tombstone",
        "text": "This message was deleted.",
        "user": "USLACKBOT",
        "hidden": true,
        "ts": "1587424432.031500",
        "thread_ts": "1587424432.031500",
        "reply_count": 1,
        "reply_users_count": 1,
        "latest_reply": "1587456247.032100",
        "reply_users": [
            "U0U6ML22H"
        ],
        "replies": [
            {
                "user": "U0U6ML22H",
                "ts": "1587456247.032100"
            }
        ],
        "is_locked": false,
        "subscribed": false,
        "reactions": [
            {
                "name": "-1::skin-tone-5",
                "users": [
                    "U0U6ML22H",
                    "UHYH3L2MB",
                    "U76LN5EQP",
                    "U6DG2DGAK",
                    "UE6TZE8Q1",
                    "U4G0M9E6Q",
                    "U1KES8JGK",
                    "UM37TMNUX",
                    "U50P90ZCZ",
                    "UFAD5R011"
                ],
                "count": 10
            },
            {
                "name": "scream",
                "users": [
                    "UHD225AMA"
                ],
                "count": 1
            },
            {
                "name": "canned_food",
                "users": [
                    "U1KES8JGK"
                ],
                "count": 1
            }
        ]
    }
]