[
    {
        "client_msg_id": "858A2A48-08D4-4C0D-B84C-B0840B0B3CE3",
        "type": "message",
        "text": "Remote | Elm | Startup\nHello, we’re looking for a full-stack engineer to join our team, <http:\/\/lmbk.io|lmbk>. We’re building the emotional intelligence layer for our digital lives using wearable sensors and deep neuroscience insights. This is a great opportunity to take ownership in the product and work with a remote-first, growing startup team.  *Please feel free to DM me with interest and I’m happy to share more*:v:",
        "user": "U013MCMERME",
        "ts": "1594056382.155100",
        "team": "T0CJ5UNHK",
        "user_team": "T0CJ5UNHK",
        "source_team": "T0CJ5UNHK",
        "user_profile": {
            "avatar_hash": "d47818dec804",
            "image_72": "https:\/\/avatars.slack-edge.com\/2020-07-06\/1225206123747_d47818dec80443f02d6d_72.png",
            "first_name": "christian",
            "real_name": "christian g",
            "display_name": "",
            "team": "T0CJ5UNHK",
            "name": "christian520",
            "is_restricted": false,
            "is_ultra_restricted": false
        },
        "attachments": [
            {
                "title": "lmbk",
                "title_link": "http:\/\/lmbk.io\/",
                "text": "lmbk is a people platform tackling stress and performance in our everyday lives",
                "fallback": "lmbk",
                "thumb_url": "http:\/\/static1.squarespace.com\/static\/5b4e0a3bcef372063f135535\/t\/5e0665494d56310bbe963dd9\/1577477451919\/brain%7Clmbk.JPG?format=1500w",
                "from_url": "http:\/\/lmbk.io\/",
                "thumb_width": 401,
                "thumb_height": 401,
                "service_icon": "https:\/\/images.squarespace-cdn.com\/content\/v1\/5b4e0a3bcef372063f135535\/1533056085181-B1GHQPL5721AIRALCMMI\/ke17ZwdGBToddI8pDm48kGC6l6uvMTd3DcUESXW-P4ZZw-zPPgdn4jUwVcJE1ZvWQUxwkmyExglNqGp0IvTJZUJFbgE-7XRK3dMEBRBhUpxyjq6wBuc7Y-m3EC2-HEbWZvoceW8dZxxEbk1vDZgtCxfJAXEJJ6TAGj_EQtMLmuk\/favicon.ico?format=100w",
                "service_name": "lmbk.io",
                "id": 1,
                "original_url": "http:\/\/lmbk.io"
            }
        ],
        "blocks": [
            {
                "type": "rich_text",
                "block_id": "SEC\/6",
                "elements": [
                    {
                        "type": "rich_text_section",
                        "elements": [
                            {
                                "type": "text",
                                "text": "Remote | Elm | Startup\n"
                            },
                            {
                                "type": "text",
                                "text": "Hello, we’re looking for a full-stack engineer to join our team, "
                            },
                            {
                                "type": "link",
                                "url": "http:\/\/lmbk.io",
                                "text": "lmbk"
                            },
                            {
                                "type": "text",
                                "text": ". We’re building the emotional intelligence layer for our digital lives using wearable sensors and deep neuroscience insights. This is a great opportunity to take ownership in the product and work with a remote-first, growing startup team.  "
                            },
                            {
                                "type": "text",
                                "text": "Please feel free to DM me with interest and I’m happy to share more",
                                "style": {
                                    "bold": true
                                }
                            },
                            {
                                "type": "emoji",
                                "name": "v",
                                "unicode": "270c-fe0f"
                            }
                        ]
                    }
                ]
            }
        ],
        "thread_ts": "1594056382.155100",
        "reply_count": 5,
        "reply_users_count": 3,
        "latest_reply": "1594227146.166500",
        "reply_users": [
            "UDJRZ4PRP",
            "U013MCMERME",
            "U2ZKEFM9V"
        ],
        "replies": [
            {
                "user": "UDJRZ4PRP",
                "ts": "1594058819.155500"
            },
            {
                "user": "U013MCMERME",
                "ts": "1594059168.156300"
            },
            {
                "user": "U2ZKEFM9V",
                "ts": "1594224651.165900"
            },
            {
                "user": "UDJRZ4PRP",
                "ts": "1594226413.166100"
            },
            {
                "user": "U013MCMERME",
                "ts": "1594227146.166500"
            }
        ],
        "is_locked": false,
        "subscribed": false,
        "reactions": [
            {
                "name": "+1",
                "users": [
                    "U0FBYQXNG",
                    "U2ZKEFM9V",
                    "UC4MB6MT8",
                    "U44R1N656",
                    "UP0F4DUDB"
                ],
                "count": 5
            }
        ]
    },
    {
        "client_msg_id": "2a770f6d-aed5-4556-ae52-bf618a4a6b78",
        "type": "message",
        "text": "Well, I'm looking currently, and that sounds like an interesting project. How about we get in touch?",
        "user": "UDJRZ4PRP",
        "ts": "1594058819.155500",
        "team": "T0CJ5UNHK",
        "user_team": "T0CJ5UNHK",
        "source_team": "T0CJ5UNHK",
        "user_profile": {
            "avatar_hash": "g47a4fc67333",
            "image_72": "https:\/\/secure.gravatar.com\/avatar\/047a4fc673336a70a6b58338bc6d677d.jpg?s=72&d=https%3A%2F%2Fa.slack-edge.com%2Fdf10d%2Fimg%2Favatars%2Fava_0006-72.png",
            "first_name": "",
            "real_name": "Michel Belleville",
            "display_name": "Bastes",
            "team": "T0CJ5UNHK",
            "name": "michel.belleville",
            "is_restricted": false,
            "is_ultra_restricted": false
        },
        "blocks": [
            {
                "type": "rich_text",
                "block_id": "mNXd",
                "elements": [
                    {
                        "type": "rich_text_section",
                        "elements": [
                            {
                                "type": "text",
                                "text": "Well, I'm looking currently, and that sounds like an interesting project. How about we get in touch?"
                            }
                        ]
                    }
                ]
            }
        ],
        "thread_ts": "1594056382.155100",
        "parent_user_id": "U013MCMERME"
    },
    {
        "client_msg_id": "CBDF2286-0370-4912-8A9D-A66226DE12D8",
        "type": "message",
        "text": "Sure thing! Shoot me a DM and let’s try to find a time to chat?",
        "user": "U013MCMERME",
        "ts": "1594059168.156300",
        "team": "T0CJ5UNHK",
        "user_team": "T0CJ5UNHK",
        "source_team": "T0CJ5UNHK",
        "user_profile": {
            "avatar_hash": "d47818dec804",
            "image_72": "https:\/\/avatars.slack-edge.com\/2020-07-06\/1225206123747_d47818dec80443f02d6d_72.png",
            "first_name": "christian",
            "real_name": "christian g",
            "display_name": "",
            "team": "T0CJ5UNHK",
            "name": "christian520",
            "is_restricted": false,
            "is_ultra_restricted": false
        },
        "blocks": [
            {
                "type": "rich_text",
                "block_id": "OyTT2",
                "elements": [
                    {
                        "type": "rich_text_section",
                        "elements": [
                            {
                                "type": "text",
                                "text": "Sure thing! Shoot me a DM and let’s try to find a time to chat?"
                            }
                        ]
                    }
                ]
            }
        ],
        "thread_ts": "1594056382.155100",
        "parent_user_id": "U013MCMERME"
    }
]