[
    {
        "client_msg_id": "6eb365d8-84e7-42f9-92db-df6961c1122f",
        "type": "message",
        "text": ":point_up: especially since in a lot of contexts it is the default to just laboriously list both gendered forms, like a podcast episode referring to its audience as ‘unsere Hörerinnen und Hörer’ over and over again. Makes it very hard to argue for a generic meaning to the masculine form whenever it is just out on its own.",
        "user": "U1922CGQH",
        "ts": "1589958564.080600",
        "team": "T0CJ5UNHK",
        "user_team": "T0CJ5UNHK",
        "source_team": "T0CJ5UNHK",
        "user_profile": {
            "avatar_hash": "af01b0e56716",
            "image_72": "https:\/\/avatars.slack-edge.com\/2020-04-21\/1081543256324_af01b0e5671601c20dea_72.png",
            "first_name": "Peter",
            "real_name": "Peter Szerzo",
            "display_name": "peterszerzo",
            "team": "T0CJ5UNHK",
            "name": "peterszerzo",
            "is_restricted": false,
            "is_ultra_restricted": false
        },
        "blocks": [
            {
                "type": "rich_text",
                "block_id": "Kqp",
                "elements": [
                    {
                        "type": "rich_text_section",
                        "elements": [
                            {
                                "type": "emoji",
                                "name": "point_up",
                                "unicode": "261d-fe0f"
                            },
                            {
                                "type": "text",
                                "text": " especially since in a lot of contexts it is the default to just laboriously list both gendered forms, like a podcast episode referring to its audience as ‘unsere Hörerinnen und Hörer’ over and over again. Makes it very hard to argue for a generic meaning to the masculine form whenever it is just out on its own."
                            }
                        ]
                    }
                ]
            }
        ],
        "thread_ts": "1589731280.063800",
        "parent_user_id": "UP7UB17MK"
    },
    {
        "client_msg_id": "d64b1da4-c599-4842-a44c-2967e0232f6b",
        "type": "message",
        "text": "does German have a gender-neutral pronoun?",
        "user": "UP7UB17MK",
        "ts": "1589958626.080800",
        "team": "T0CJ5UNHK",
        "user_team": "T0CJ5UNHK",
        "source_team": "T0CJ5UNHK",
        "user_profile": {
            "avatar_hash": "gfe16fbffab0",
            "image_72": "https:\/\/secure.gravatar.com\/avatar\/fe16fbffab0597f3f3bb86c1a2335a1a.jpg?s=72&d=https%3A%2F%2Fa.slack-edge.com%2Fdf10d%2Fimg%2Favatars%2Fava_0018-72.png",
            "first_name": "",
            "real_name": "George",
            "display_name": "George",
            "team": "T0CJ5UNHK",
            "name": "george426",
            "is_restricted": false,
            "is_ultra_restricted": false
        },
        "blocks": [
            {
                "type": "rich_text",
                "block_id": "\/xm9",
                "elements": [
                    {
                        "type": "rich_text_section",
                        "elements": [
                            {
                                "type": "text",
                                "text": "does German have a gender-neutral pronoun?"
                            }
                        ]
                    }
                ]
            }
        ],
        "thread_ts": "1589731280.063800",
        "parent_user_id": "UP7UB17MK"
    },
    {
        "client_msg_id": "3c09edf6-21be-4b6a-97c2-e5e32ec74c65",
        "type": "message",
        "text": "i mean a real pronoun, not an entirely new word someone invented 5 minutes ago",
        "user": "UP7UB17MK",
        "ts": "1589958649.081000",
        "team": "T0CJ5UNHK",
        "user_team": "T0CJ5UNHK",
        "source_team": "T0CJ5UNHK",
        "user_profile": {
            "avatar_hash": "gfe16fbffab0",
            "image_72": "https:\/\/secure.gravatar.com\/avatar\/fe16fbffab0597f3f3bb86c1a2335a1a.jpg?s=72&d=https%3A%2F%2Fa.slack-edge.com%2Fdf10d%2Fimg%2Favatars%2Fava_0018-72.png",
            "first_name": "",
            "real_name": "George",
            "display_name": "George",
            "team": "T0CJ5UNHK",
            "name": "george426",
            "is_restricted": false,
            "is_ultra_restricted": false
        },
        "blocks": [
            {
                "type": "rich_text",
                "block_id": "e1ke",
                "elements": [
                    {
                        "type": "rich_text_section",
                        "elements": [
                            {
                                "type": "text",
                                "text": "i mean a real pronoun, not an entirely new word someone invented 5 minutes ago"
                            }
                        ]
                    }
                ]
            }
        ],
        "thread_ts": "1589731280.063800",
        "parent_user_id": "UP7UB17MK"
    },
    {
        "client_msg_id": "7011e724-dacd-49e7-bfe9-7c92c0dbb2d8",
        "type": "message",
        "text": "like \"they\" in English",
        "user": "UP7UB17MK",
        "ts": "1589958664.081200",
        "team": "T0CJ5UNHK",
        "user_team": "T0CJ5UNHK",
        "source_team": "T0CJ5UNHK",
        "user_profile": {
            "avatar_hash": "gfe16fbffab0",
            "image_72": "https:\/\/secure.gravatar.com\/avatar\/fe16fbffab0597f3f3bb86c1a2335a1a.jpg?s=72&d=https%3A%2F%2Fa.slack-edge.com%2Fdf10d%2Fimg%2Favatars%2Fava_0018-72.png",
            "first_name": "",
            "real_name": "George",
            "display_name": "George",
            "team": "T0CJ5UNHK",
            "name": "george426",
            "is_restricted": false,
            "is_ultra_restricted": false
        },
        "edited": {
            "user": "UP7UB17MK",
            "ts": "1589958667.000000"
        },
        "blocks": [
            {
                "type": "rich_text",
                "block_id": "Tdo",
                "elements": [
                    {
                        "type": "rich_text_section",
                        "elements": [
                            {
                                "type": "text",
                                "text": "like \"they\" in English"
                            }
                        ]
                    }
                ]
            }
        ],
        "thread_ts": "1589731280.063800",
        "parent_user_id": "UP7UB17MK"
    },
    {
        "client_msg_id": "b02db531-12b9-4394-ad2b-ecafb7c9750f",
        "type": "message",
        "text": "er\/sie\/es are the 3rd person singular pronouns",
        "user": "U6UMSMTEV",
        "ts": "1589958695.081500",
        "team": "T0CJ5UNHK",
        "user_team": "T0CJ5UNHK",
        "source_team": "T0CJ5UNHK",
        "user_profile": {
            "avatar_hash": "g9ab9ee9d6fc",
            "image_72": "https:\/\/secure.gravatar.com\/avatar\/29ab9ee9d6fc88326bd4f05244c65536.jpg?s=72&d=https%3A%2F%2Fa.slack-edge.com%2Fdf10d%2Fimg%2Favatars%2Fava_0004-72.png",
            "first_name": "Marton",
            "real_name": "Marton Boros",
            "display_name": "marton",
            "team": "T0CJ5UNHK",
            "name": "martin.",
            "is_restricted": false,
            "is_ultra_restricted": false
        },
        "edited": {
            "user": "U6UMSMTEV",
            "ts": "1589958702.000000"
        },
        "blocks": [
            {
                "type": "rich_text",
                "block_id": "7=4B",
                "elements": [
                    {
                        "type": "rich_text_section",
                        "elements": [
                            {
                                "type": "text",
                                "text": "er\/sie\/es are the 3rd person singular pronouns"
                            }
                        ]
                    }
                ]
            }
        ],
        "thread_ts": "1589731280.063800",
        "parent_user_id": "UP7UB17MK"
    },
    {
        "client_msg_id": "a93ac8ec-c2c2-4916-95b8-ba1bb2cb732e",
        "type": "message",
        "text": "i mean in english it can get laborious and awkward to write\/say \"he or she\" every time",
        "user": "UP7UB17MK",
        "ts": "1589958729.081800",
        "team": "T0CJ5UNHK",
        "user_team": "T0CJ5UNHK",
        "source_team": "T0CJ5UNHK",
        "user_profile": {
            "avatar_hash": "gfe16fbffab0",
            "image_72": "https:\/\/secure.gravatar.com\/avatar\/fe16fbffab0597f3f3bb86c1a2335a1a.jpg?s=72&d=https%3A%2F%2Fa.slack-edge.com%2Fdf10d%2Fimg%2Favatars%2Fava_0018-72.png",
            "first_name": "",
            "real_name": "George",
            "display_name": "George",
            "team": "T0CJ5UNHK",
            "name": "george426",
            "is_restricted": false,
            "is_ultra_restricted": false
        },
        "blocks": [
            {
                "type": "rich_text",
                "block_id": "53JB",
                "elements": [
                    {
                        "type": "rich_text_section",
                        "elements": [
                            {
                                "type": "text",
                                "text": "i mean in english it can get laborious and awkward to write\/say \"he or she\" every time"
                            }
                        ]
                    }
                ]
            }
        ],
        "thread_ts": "1589731280.063800",
        "parent_user_id": "UP7UB17MK"
    },
    {
        "client_msg_id": "d98613b0-6a4c-4eb1-a873-15ed3334bb5c",
        "type": "message",
        "text": "fun fact: in vietnamese, to know what pronoun for someone you need to know not only their sex but their age",
        "user": "UP7UB17MK",
        "ts": "1589958817.082000",
        "team": "T0CJ5UNHK",
        "user_team": "T0CJ5UNHK",
        "source_team": "T0CJ5UNHK",
        "user_profile": {
            "avatar_hash": "gfe16fbffab0",
            "image_72": "https:\/\/secure.gravatar.com\/avatar\/fe16fbffab0597f3f3bb86c1a2335a1a.jpg?s=72&d=https%3A%2F%2Fa.slack-edge.com%2Fdf10d%2Fimg%2Favatars%2Fava_0018-72.png",
            "first_name": "",
            "real_name": "George",
            "display_name": "George",
            "team": "T0CJ5UNHK",
            "name": "george426",
            "is_restricted": false,
            "is_ultra_restricted": false
        },
        "blocks": [
            {
                "type": "rich_text",
                "block_id": "j5Ry",
                "elements": [
                    {
                        "type": "rich_text_section",
                        "elements": [
                            {
                                "type": "text",
                                "text": "fun fact: in vietnamese, to know what pronoun for someone you need to know not only their sex but their age"
                            }
                        ]
                    }
                ]
            }
        ],
        "thread_ts": "1589731280.063800",
        "parent_user_id": "UP7UB17MK"
    },
    {
        "client_msg_id": "9477e52e-2ee3-4141-a44a-7bea7c5138a1",
        "type": "message",
        "text": "I highly doubt German would figure that out quicker than English :slightly_smiling_face:",
        "user": "U1922CGQH",
        "ts": "1589958841.082200",
        "team": "T0CJ5UNHK",
        "user_team": "T0CJ5UNHK",
        "source_team": "T0CJ5UNHK",
        "user_profile": {
            "avatar_hash": "af01b0e56716",
            "image_72": "https:\/\/avatars.slack-edge.com\/2020-04-21\/1081543256324_af01b0e5671601c20dea_72.png",
            "first_name": "Peter",
            "real_name": "Peter Szerzo",
            "display_name": "peterszerzo",
            "team": "T0CJ5UNHK",
            "name": "peterszerzo",
            "is_restricted": false,
            "is_ultra_restricted": false
        },
        "blocks": [
            {
                "type": "rich_text",
                "block_id": "tDHtC",
                "elements": [
                    {
                        "type": "rich_text_section",
                        "elements": [
                            {
                                "type": "text",
                                "text": "I highly doubt German would figure that out quicker than English "
                            },
                            {
                                "type": "emoji",
                                "name": "slightly_smiling_face",
                                "unicode": "1f642"
                            }
                        ]
                    }
                ]
            }
        ],
        "thread_ts": "1589731280.063800",
        "parent_user_id": "UP7UB17MK"
    },
    {
        "client_msg_id": "18959d51-d0fb-4305-a7f6-10b296504d2a",
        "type": "message",
        "text": "there are dozens of different words depending on the person's sex, age relative to you, social status, degree of formality",
        "user": "UP7UB17MK",
        "ts": "1589958857.082400",
        "team": "T0CJ5UNHK",
        "user_team": "T0CJ5UNHK",
        "source_team": "T0CJ5UNHK",
        "user_profile": {
            "avatar_hash": "gfe16fbffab0",
            "image_72": "https:\/\/secure.gravatar.com\/avatar\/fe16fbffab0597f3f3bb86c1a2335a1a.jpg?s=72&d=https%3A%2F%2Fa.slack-edge.com%2Fdf10d%2Fimg%2Favatars%2Fava_0018-72.png",
            "first_name": "",
            "real_name": "George",
            "display_name": "George",
            "team": "T0CJ5UNHK",
            "name": "george426",
            "is_restricted": false,
            "is_ultra_restricted": false
        },
        "blocks": [
            {
                "type": "rich_text",
                "block_id": "hIkO",
                "elements": [
                    {
                        "type": "rich_text_section",
                        "elements": [
                            {
                                "type": "text",
                                "text": "there are dozens of different words depending on the person's sex, age relative to you, social status, degree of formality"
                            }
                        ]
                    }
                ]
            }
        ],
        "thread_ts": "1589731280.063800",
        "parent_user_id": "UP7UB17MK"
    },
    {
        "client_msg_id": "63b44daa-f0ab-4c2d-b403-ebc08794bd2d",
        "type": "message",
        "text": "it's a fucking headache",
        "user": "UP7UB17MK",
        "ts": "1589958863.082600",
        "team": "T0CJ5UNHK",
        "user_team": "T0CJ5UNHK",
        "source_team": "T0CJ5UNHK",
        "user_profile": {
            "avatar_hash": "gfe16fbffab0",
            "image_72": "https:\/\/secure.gravatar.com\/avatar\/fe16fbffab0597f3f3bb86c1a2335a1a.jpg?s=72&d=https%3A%2F%2Fa.slack-edge.com%2Fdf10d%2Fimg%2Favatars%2Fava_0018-72.png",
            "first_name": "",
            "real_name": "George",
            "display_name": "George",
            "team": "T0CJ5UNHK",
            "name": "george426",
            "is_restricted": false,
            "is_ultra_restricted": false
        },
        "blocks": [
            {
                "type": "rich_text",
                "block_id": "\/ME",
                "elements": [
                    {
                        "type": "rich_text_section",
                        "elements": [
                            {
                                "type": "text",
                                "text": "it's a fucking headache"
                            }
                        ]
                    }
                ]
            }
        ],
        "thread_ts": "1589731280.063800",
        "parent_user_id": "UP7UB17MK"
    },
    {
        "client_msg_id": "73bb17e2-14f1-4fba-90b6-cabe2ad1f044",
        "type": "message",
        "text": "imagine listing all that on a job title :D",
        "user": "U6UMSMTEV",
        "ts": "1589958891.082800",
        "team": "T0CJ5UNHK",
        "user_team": "T0CJ5UNHK",
        "source_team": "T0CJ5UNHK",
        "user_profile": {
            "avatar_hash": "g9ab9ee9d6fc",
            "image_72": "https:\/\/secure.gravatar.com\/avatar\/29ab9ee9d6fc88326bd4f05244c65536.jpg?s=72&d=https%3A%2F%2Fa.slack-edge.com%2Fdf10d%2Fimg%2Favatars%2Fava_0004-72.png",
            "first_name": "Marton",
            "real_name": "Marton Boros",
            "display_name": "marton",
            "team": "T0CJ5UNHK",
            "name": "martin.",
            "is_restricted": false,
            "is_ultra_restricted": false
        },
        "blocks": [
            {
                "type": "rich_text",
                "block_id": "yZH",
                "elements": [
                    {
                        "type": "rich_text_section",
                        "elements": [
                            {
                                "type": "text",
                                "text": "imagine listing all that on a job title :D"
                            }
                        ]
                    }
                ]
            }
        ],
        "thread_ts": "1589731280.063800",
        "parent_user_id": "UP7UB17MK"
    },
    {
        "client_msg_id": "a557266a-0ca5-44d0-9f3d-84d2406e9da9",
        "type": "message",
        "text": "| Drip | Minneapolis, MN, no remote | <https:\/\/www.drip.com\/careers\/0f895156-4508-4993-ab11-d5f2d7bf87a6\/senior-software-engineer|Senior Software Engineer> |",
        "user": "UNJGBGN3F",
        "ts": "1589981763.084300",
        "team": "T0CJ5UNHK",
        "user_team": "T0CJ5UNHK",
        "source_team": "T0CJ5UNHK",
        "user_profile": {
            "avatar_hash": "98a66e137b88",
            "image_72": "https:\/\/avatars.slack-edge.com\/2019-09-19\/760141055489_98a66e137b889aafebca_72.jpg",
            "first_name": "Jachin",
            "real_name": "Jachin Rupe",
            "display_name": "Jachin Rupe",
            "team": "T0CJ5UNHK",
            "name": "jachin.rupe",
            "is_restricted": false,
            "is_ultra_restricted": false
        },
        "edited": {
            "user": "UNJGBGN3F",
            "ts": "1589982609.000000"
        },
        "attachments": [
            {
                "title": "Senior Software Engineer | Drip Careers",
                "title_link": "https:\/\/www.drip.com\/careers\/0f895156-4508-4993-ab11-d5f2d7bf87a6\/senior-software-engineer",
                "fallback": "Senior Software Engineer | Drip Careers",
                "image_url": "https:\/\/www.drip.com\/static\/img\/public\/default-og-image.png?v=20200519-356.426791602918132906",
                "from_url": "https:\/\/www.drip.com\/careers\/0f895156-4508-4993-ab11-d5f2d7bf87a6\/senior-software-engineer",
                "image_width": 476,
                "image_height": 250,
                "image_bytes": 4327,
                "service_icon": "https:\/\/www.drip.com\/static\/img\/public\/favicons\/apple-touch-icon.png?v=20200519-356.426791602918132906",
                "service_name": "Drip",
                "id": 1,
                "original_url": "https:\/\/www.drip.com\/careers\/0f895156-4508-4993-ab11-d5f2d7bf87a6\/senior-software-engineer"
            },
            {
                "title": "Software Engineer | Drip Careers",
                "title_link": "https:\/\/www.drip.com\/careers\/e1a79cce-44a9-48a9-8d50-4134c72b51c8\/software-engineer",
                "fallback": "Software Engineer | Drip Careers",
                "image_url": "https:\/\/www.drip.com\/static\/img\/public\/default-og-image.png?v=20200519-356.426791602918132906",
                "from_url": "https:\/\/www.drip.com\/careers\/e1a79cce-44a9-48a9-8d50-4134c72b51c8\/software-engineer",
                "image_width": 476,
                "image_height": 250,
                "image_bytes": 4327,
                "service_icon": "https:\/\/www.drip.com\/static\/img\/public\/favicons\/apple-touch-icon.png?v=20200519-356.426791602918132906",
                "service_name": "Drip",
                "id": 2,
                "original_url": "https:\/\/www.drip.com\/careers\/e1a79cce-44a9-48a9-8d50-4134c72b51c8\/software-engineer"
            }
        ],
        "blocks": [
            {
                "type": "rich_text",
                "block_id": "fjEP1",
                "elements": [
                    {
                        "type": "rich_text_section",
                        "elements": [
                            {
                                "type": "text",
                                "text": "| Drip | Minneapolis, MN, no remote | "
                            },
                            {
                                "type": "link",
                                "url": "https:\/\/www.drip.com\/careers\/0f895156-4508-4993-ab11-d5f2d7bf87a6\/senior-software-engineer",
                                "text": "Senior Software Engineer"
                            },
                            {
                                "type": "text",
                                "text": " |"
                            }
                        ]
                    }
                ]
            }
        ],
        "thread_ts": "1589981763.084300",
        "reply_count": 2,
        "reply_users_count": 2,
        "latest_reply": "1589982178.084800",
        "reply_users": [
            "U0V98FF54",
            "UNJGBGN3F"
        ],
        "replies": [
            {
                "user": "U0V98FF54",
                "ts": "1589982103.084500"
            },
            {
                "user": "UNJGBGN3F",
                "ts": "1589982178.084800"
            }
        ],
        "is_locked": false,
        "subscribed": false
    },
    {
        "client_msg_id": "47e772cc-4b4a-454c-a70c-086fd801b88a",
        "type": "message",
        "text": "Hey <@UNJGBGN3F> :wave:\nCould you follow the guidelines here: <https:\/\/github.com\/elm-community\/slack\/blob\/master\/README.md#jobs>?\nThis will help the job posting stay visible longer, by being pinned in the channel",
        "user": "U0V98FF54",
        "ts": "1589982103.084500",
        "team": "T0CJ5UNHK",
        "user_team": "T0CJ5UNHK",
        "source_team": "T0CJ5UNHK",
        "user_profile": {
            "avatar_hash": "c0fcbf0515bc",
            "image_72": "https:\/\/avatars.slack-edge.com\/2019-06-30\/680591669445_c0fcbf0515bca1938c81_72.jpg",
            "first_name": "Jeroen",
            "real_name": "Jeroen Engels",
            "display_name": "jfmengels",
            "team": "T0CJ5UNHK",
            "name": "jfmengels",
            "is_restricted": false,
            "is_ultra_restricted": false
        },
        "edited": {
            "user": "U0V98FF54",
            "ts": "1589982280.000000"
        },
        "blocks": [
            {
                "type": "rich_text",
                "block_id": "uDk",
                "elements": [
                    {
                        "type": "rich_text_section",
                        "elements": [
                            {
                                "type": "text",
                                "text": "Hey "
                            },
                            {
                                "type": "user",
                                "user_id": "UNJGBGN3F"
                            },
                            {
                                "type": "text",
                                "text": " "
                            },
                            {
                                "type": "emoji",
                                "name": "wave",
                                "unicode": "1f44b"
                            },
                            {
                                "type": "text",
                                "text": "\nCould you follow the guidelines here: "
                            },
                            {
                                "type": "link",
                                "url": "https:\/\/github.com\/elm-community\/slack\/blob\/master\/README.md#jobs"
                            },
                            {
                                "type": "text",
                                "text": "?\nThis will help the job posting stay visible longer, by being pinned in the channel"
                            }
                        ]
                    }
                ]
            }
        ],
        "thread_ts": "1589981763.084300",
        "parent_user_id": "UNJGBGN3F"
    },
    {
        "client_msg_id": "aa65df73-b7d1-42a8-96c3-3b7d8902f0f0",
        "type": "message",
        "text": "Ah, sure thing.",
        "user": "UNJGBGN3F",
        "ts": "1589982178.084800",
        "team": "T0CJ5UNHK",
        "user_team": "T0CJ5UNHK",
        "source_team": "T0CJ5UNHK",
        "user_profile": {
            "avatar_hash": "98a66e137b88",
            "image_72": "https:\/\/avatars.slack-edge.com\/2019-09-19\/760141055489_98a66e137b889aafebca_72.jpg",
            "first_name": "Jachin",
            "real_name": "Jachin Rupe",
            "display_name": "Jachin Rupe",
            "team": "T0CJ5UNHK",
            "name": "jachin.rupe",
            "is_restricted": false,
            "is_ultra_restricted": false
        },
        "blocks": [
            {
                "type": "rich_text",
                "block_id": "19LL+",
                "elements": [
                    {
                        "type": "rich_text_section",
                        "elements": [
                            {
                                "type": "text",
                                "text": "Ah, sure thing."
                            }
                        ]
                    }
                ]
            }
        ],
        "thread_ts": "1589981763.084300",
        "parent_user_id": "UNJGBGN3F"
    },
    {
        "client_msg_id": "1a16d0d1-99d6-45a2-8a8f-46a6dcad16f6",
        "type": "message",
        "text": "| Drip | Minneapolis, MN, no remote | <https:\/\/www.drip.com\/careers\/e1a79cce-44a9-48a9-8d50-4134c72b51c8\/software-engineer|Software Engineer> |",
        "user": "UNJGBGN3F",
        "ts": "1589982352.085300",
        "team": "T0CJ5UNHK",
        "user_team": "T0CJ5UNHK",
        "source_team": "T0CJ5UNHK",
        "user_profile": {
            "avatar_hash": "98a66e137b88",
            "image_72": "https:\/\/avatars.slack-edge.com\/2019-09-19\/760141055489_98a66e137b889aafebca_72.jpg",
            "first_name": "Jachin",
            "real_name": "Jachin Rupe",
            "display_name": "Jachin Rupe",
            "team": "T0CJ5UNHK",
            "name": "jachin.rupe",
            "is_restricted": false,
            "is_ultra_restricted": false
        },
        "edited": {
            "user": "UNJGBGN3F",
            "ts": "1589982619.000000"
        },
        "blocks": [
            {
                "type": "rich_text",
                "block_id": "q1tkH",
                "elements": [
                    {
                        "type": "rich_text_section",
                        "elements": [
                            {
                                "type": "text",
                                "text": "| Drip | Minneapolis, MN, no remote | "
                            },
                            {
                                "type": "link",
                                "url": "https:\/\/www.drip.com\/careers\/e1a79cce-44a9-48a9-8d50-4134c72b51c8\/software-engineer",
                                "text": "Software Engineer"
                            },
                            {
                                "type": "text",
                                "text": " |"
                            }
                        ]
                    }
                ]
            }
        ]
    }
]