[
    {
        "client_msg_id": "bcedf70e-6f50-4155-a369-fdd0d7fca660",
        "type": "message",
        "text": "Hey Lucca! Have you guys come up with any decision yet? I am a contender too. (Gaurav @ Telegram)",
        "user": "UP0F4DUDB",
        "ts": "1583721052.047900",
        "team": "T0CJ5UNHK",
        "user_team": "T0CJ5UNHK",
        "source_team": "T0CJ5UNHK",
        "user_profile": {
            "avatar_hash": "e1f9414b7dde",
            "image_72": "https:\/\/avatars.slack-edge.com\/2021-07-18\/2292530040884_e1f9414b7dde63cc2c2c_72.jpg",
            "first_name": "Gaurav",
            "real_name": "Gaurav M",
            "display_name": "Gaurav M",
            "team": "T0CJ5UNHK",
            "name": "gauravashq",
            "is_restricted": false,
            "is_ultra_restricted": false
        },
        "blocks": [
            {
                "type": "rich_text",
                "block_id": "Ax0",
                "elements": [
                    {
                        "type": "rich_text_section",
                        "elements": [
                            {
                                "type": "text",
                                "text": "Hey Lucca! Have you guys come up with any decision yet? I am a contender too. (Gaurav @ Telegram)"
                            }
                        ]
                    }
                ]
            }
        ],
        "thread_ts": "1583082214.034500",
        "parent_user_id": "U431AMKSR"
    },
    {
        "type": "message",
        "subtype": "slackbot_response",
        "text": "Terms like _guys_ can make people feel like they're being left out! :scream: Let _everyone_ and all the _folks_ know you're talking to them! :hearts: :robot_face:",
        "user": "USLACKBOT",
        "ts": "1583721053.048100",
        "thread_ts": "1583082214.034500",
        "parent_user_id": "U431AMKSR"
    }
]