[
    {
        "client_msg_id": "2858fe9c-dead-48d6-aefa-fdbf2c2bb037",
        "type": "message",
        "text": "Hey, we prefer max. hours of work between 10am - 5pm UK time but we can consider also other time zones especially if you're good at working individually.",
        "user": "U01C7K64QP6",
        "ts": "1604531139.137600",
        "team": "T0CJ5UNHK",
        "user_team": "T0CJ5UNHK",
        "source_team": "T0CJ5UNHK",
        "user_profile": {
            "avatar_hash": "812bc7b009c6",
            "image_72": "https:\/\/avatars.slack-edge.com\/2020-10-07\/1412180457666_812bc7b009c62d4ba3c6_72.png",
            "first_name": "Kaspar",
            "real_name": "Kaspar L. Palgi",
            "display_name": "Kaspar",
            "team": "T0CJ5UNHK",
            "name": "kaspar",
            "is_restricted": false,
            "is_ultra_restricted": false
        },
        "blocks": [
            {
                "type": "rich_text",
                "block_id": "48P",
                "elements": [
                    {
                        "type": "rich_text_section",
                        "elements": [
                            {
                                "type": "text",
                                "text": "Hey, we prefer max. hours of work between 10am - 5pm UK time but we can consider also other time zones especially if you're good at working individually."
                            }
                        ]
                    }
                ]
            }
        ],
        "thread_ts": "1604000401.132500",
        "parent_user_id": "U01C7K64QP6"
    }
]