[
    {
        "client_msg_id": "ee8b17a3-2e60-4ee1-9f3b-165727c7751b",
        "type": "message",
        "text": "it can be improved further...",
        "user": "U0LFFASSV",
        "ts": "1601719117.053800",
        "team": "T0CJ5UNHK",
        "user_team": "T0CJ5UNHK",
        "source_team": "T0CJ5UNHK",
        "user_profile": {
            "avatar_hash": "g9d605cfb474",
            "image_72": "https:\/\/secure.gravatar.com\/avatar\/39d605cfb4744f4c5ef4009bb630fa9a.jpg?s=72&d=https%3A%2F%2Fa.slack-edge.com%2Fdf10d%2Fimg%2Favatars%2Fava_0010-72.png",
            "first_name": "",
            "real_name": "turbo_mack",
            "display_name": "",
            "team": "T0CJ5UNHK",
            "name": "turbo_mack",
            "is_restricted": false,
            "is_ultra_restricted": false
        },
        "blocks": [
            {
                "type": "rich_text",
                "block_id": "9IgwJ",
                "elements": [
                    {
                        "type": "rich_text_section",
                        "elements": [
                            {
                                "type": "text",
                                "text": "it can be improved further..."
                            }
                        ]
                    }
                ]
            }
        ],
        "thread_ts": "1601382440.016300",
        "parent_user_id": "U0D4VR7BP"
    },
    {
        "type": "message",
        "subtype": "tombstone",
        "text": "This message was deleted.",
        "user": "USLACKBOT",
        "hidden": true,
        "ts": "1601746282.054700",
        "thread_ts": "1601746282.054700",
        "reply_count": 6,
        "reply_users_count": 4,
        "latest_reply": "1601998118.061300",
        "reply_users": [
            "U9RGY8ZAP",
            "U01BX5TT3GB",
            "U6S11D4CW",
            "U9XQRMHT4"
        ],
        "replies": [
            {
                "user": "U9RGY8ZAP",
                "ts": "1601746323.054800"
            },
            {
                "user": "U01BX5TT3GB",
                "ts": "1601746417.055000"
            },
            {
                "user": "U01BX5TT3GB",
                "ts": "1601746431.055200"
            },
            {
                "user": "U6S11D4CW",
                "ts": "1601747486.055400"
            },
            {
                "user": "U9XQRMHT4",
                "ts": "1601985044.060000"
            },
            {
                "user": "U01BX5TT3GB",
                "ts": "1601998118.061300"
            }
        ],
        "is_locked": false,
        "subscribed": false
    },
    {
        "client_msg_id": "3a68fa9e-2811-4a54-ab3a-92fc9f30802e",
        "type": "message",
        "text": "Does this involve Elm?",
        "user": "U9RGY8ZAP",
        "ts": "1601746323.054800",
        "team": "T0CJ5UNHK",
        "user_team": "T0CJ5UNHK",
        "source_team": "T0CJ5UNHK",
        "user_profile": {
            "avatar_hash": "gc2057c0c875",
            "image_72": "https:\/\/secure.gravatar.com\/avatar\/3c2057c0c875ac8701a3edd33d9f5df1.jpg?s=72&d=https%3A%2F%2Fa.slack-edge.com%2Fdf10d%2Fimg%2Favatars%2Fava_0020-72.png",
            "first_name": "",
            "real_name": "Martin Stewart",
            "display_name": "",
            "team": "T0CJ5UNHK",
            "name": "martinsstewart",
            "is_restricted": false,
            "is_ultra_restricted": false
        },
        "blocks": [
            {
                "type": "rich_text",
                "block_id": "UE2",
                "elements": [
                    {
                        "type": "rich_text_section",
                        "elements": [
                            {
                                "type": "text",
                                "text": "Does this involve Elm?"
                            }
                        ]
                    }
                ]
            }
        ],
        "thread_ts": "1601746282.054700",
        "parent_user_id": "U01BX5TT3GB"
    },
    {
        "client_msg_id": "e49e63de-ecd3-438b-98d3-8935aa8b180a",
        "type": "message",
        "text": "Yup",
        "user": "U01BX5TT3GB",
        "ts": "1601746417.055000",
        "team": "T0CJ5UNHK",
        "user_team": "T0CJ5UNHK",
        "source_team": "T0CJ5UNHK",
        "user_profile": {
            "avatar_hash": "g244de300139",
            "image_72": "https:\/\/secure.gravatar.com\/avatar\/244de3001392afa54af9f2449b5ed69e.jpg?s=72&d=https%3A%2F%2Fa.slack-edge.com%2Fdf10d%2Fimg%2Favatars%2Fava_0018-72.png",
            "first_name": "",
            "real_name": "James",
            "display_name": "James",
            "team": "T0CJ5UNHK",
            "name": "prime.dev22",
            "is_restricted": false,
            "is_ultra_restricted": false
        },
        "blocks": [
            {
                "type": "rich_text",
                "block_id": "mUKd",
                "elements": [
                    {
                        "type": "rich_text_section",
                        "elements": [
                            {
                                "type": "text",
                                "text": "Yup"
                            }
                        ]
                    }
                ]
            }
        ],
        "thread_ts": "1601746282.054700",
        "parent_user_id": "U01BX5TT3GB"
    },
    {
        "client_msg_id": "2ba3f5fb-2398-443d-ae95-05a6b1753a34",
        "type": "message",
        "text": "Javascript engineer’s welcome",
        "user": "U01BX5TT3GB",
        "ts": "1601746431.055200",
        "team": "T0CJ5UNHK",
        "user_team": "T0CJ5UNHK",
        "source_team": "T0CJ5UNHK",
        "user_profile": {
            "avatar_hash": "g244de300139",
            "image_72": "https:\/\/secure.gravatar.com\/avatar\/244de3001392afa54af9f2449b5ed69e.jpg?s=72&d=https%3A%2F%2Fa.slack-edge.com%2Fdf10d%2Fimg%2Favatars%2Fava_0018-72.png",
            "first_name": "",
            "real_name": "James",
            "display_name": "James",
            "team": "T0CJ5UNHK",
            "name": "prime.dev22",
            "is_restricted": false,
            "is_ultra_restricted": false
        },
        "blocks": [
            {
                "type": "rich_text",
                "block_id": "d4pK",
                "elements": [
                    {
                        "type": "rich_text_section",
                        "elements": [
                            {
                                "type": "text",
                                "text": "Javascript engineer’s welcome"
                            }
                        ]
                    }
                ]
            }
        ],
        "thread_ts": "1601746282.054700",
        "parent_user_id": "U01BX5TT3GB"
    },
    {
        "client_msg_id": "3760d508-4ac2-41e8-a72d-da820312b8d0",
        "type": "message",
        "text": ":man-facepalming:",
        "user": "U6S11D4CW",
        "ts": "1601747486.055400",
        "team": "T0CJ5UNHK",
        "user_team": "T0CJ5UNHK",
        "source_team": "T0CJ5UNHK",
        "user_profile": {
            "avatar_hash": "11d248da1c11",
            "image_72": "https:\/\/avatars.slack-edge.com\/2019-01-10\/520519102532_11d248da1c113d74be8b_72.jpg",
            "first_name": "James",
            "real_name": "James Bradley",
            "display_name": "James",
            "team": "T0CJ5UNHK",
            "name": "jbrew",
            "is_restricted": false,
            "is_ultra_restricted": false
        },
        "edited": {
            "user": "U6S11D4CW",
            "ts": "1601747499.000000"
        },
        "blocks": [
            {
                "type": "rich_text",
                "block_id": "Ln\/I",
                "elements": [
                    {
                        "type": "rich_text_section",
                        "elements": [
                            {
                                "type": "emoji",
                                "name": "man-facepalming",
                                "unicode": "1f926-200d-2642-fe0f"
                            }
                        ]
                    }
                ]
            }
        ],
        "thread_ts": "1601746282.054700",
        "parent_user_id": "U01BX5TT3GB",
        "reactions": [
            {
                "name": "smile",
                "users": [
                    "UBQCLTYHX"
                ],
                "count": 1
            }
        ]
    }
]