[
    {
        "client_msg_id": "9a21e5c1-8645-41a3-8ebe-96d96ffa06e7",
        "type": "message",
        "text": "what does m\/f\/d mean in a job ad?",
        "user": "UP7UB17MK",
        "ts": "1589731280.063800",
        "team": "T0CJ5UNHK",
        "user_team": "T0CJ5UNHK",
        "source_team": "T0CJ5UNHK",
        "user_profile": {
            "avatar_hash": "gfe16fbffab0",
            "image_72": "https:\/\/secure.gravatar.com\/avatar\/fe16fbffab0597f3f3bb86c1a2335a1a.jpg?s=72&d=https%3A%2F%2Fa.slack-edge.com%2Fdf10d%2Fimg%2Favatars%2Fava_0018-72.png",
            "first_name": "",
            "real_name": "George",
            "display_name": "George",
            "team": "T0CJ5UNHK",
            "name": "george426",
            "is_restricted": false,
            "is_ultra_restricted": false
        },
        "blocks": [
            {
                "type": "rich_text",
                "block_id": "BGi",
                "elements": [
                    {
                        "type": "rich_text_section",
                        "elements": [
                            {
                                "type": "text",
                                "text": "what does m\/f\/d mean in a job ad?"
                            }
                        ]
                    }
                ]
            }
        ],
        "thread_ts": "1589731280.063800",
        "reply_count": 40,
        "reply_users_count": 10,
        "latest_reply": "1589958891.082800",
        "reply_users": [
            "U50P90ZCZ",
            "U3ULZPH63",
            "U6UMSMTEV",
            "UP7UB17MK",
            "U14Q8S4EM",
            "UP0F4DUDB",
            "UUH0T7HKK",
            "U1922CGQH",
            "UED9UCNL8",
            "U011FL92294"
        ],
        "replies": [
            {
                "user": "U50P90ZCZ",
                "ts": "1589731313.064500"
            },
            {
                "user": "U3ULZPH63",
                "ts": "1589731330.064700"
            },
            {
                "user": "U6UMSMTEV",
                "ts": "1589732512.065000"
            },
            {
                "user": "U6UMSMTEV",
                "ts": "1589732551.065200"
            },
            {
                "user": "U50P90ZCZ",
                "ts": "1589732614.065700"
            },
            {
                "user": "U3ULZPH63",
                "ts": "1589732668.065900"
            },
            {
                "user": "U6UMSMTEV",
                "ts": "1589732719.066100"
            },
            {
                "user": "U6UMSMTEV",
                "ts": "1589732731.066300"
            },
            {
                "user": "UP7UB17MK",
                "ts": "1589733497.066500"
            },
            {
                "user": "UP7UB17MK",
                "ts": "1589733567.066800"
            },
            {
                "user": "UP7UB17MK",
                "ts": "1589733573.067000"
            },
            {
                "user": "UP7UB17MK",
                "ts": "1589733575.067200"
            },
            {
                "user": "U14Q8S4EM",
                "ts": "1589777109.068100"
            },
            {
                "user": "UP0F4DUDB",
                "ts": "1589793001.068500"
            },
            {
                "user": "UUH0T7HKK",
                "ts": "1589803512.068900"
            },
            {
                "user": "U6UMSMTEV",
                "ts": "1589809036.069400"
            },
            {
                "user": "U1922CGQH",
                "ts": "1589875114.076500"
            },
            {
                "user": "UP7UB17MK",
                "ts": "1589887298.076900"
            },
            {
                "user": "UP7UB17MK",
                "ts": "1589887309.077100"
            },
            {
                "user": "UP7UB17MK",
                "ts": "1589887415.077300"
            },
            {
                "user": "UP7UB17MK",
                "ts": "1589887440.077600"
            },
            {
                "user": "UUH0T7HKK",
                "ts": "1589887555.077900"
            },
            {
                "user": "UED9UCNL8",
                "ts": "1589897975.078300"
            },
            {
                "user": "UED9UCNL8",
                "ts": "1589897999.078500"
            },
            {
                "user": "UED9UCNL8",
                "ts": "1589898080.078800"
            },
            {
                "user": "UP7UB17MK",
                "ts": "1589902708.079300"
            },
            {
                "user": "UP7UB17MK",
                "ts": "1589902756.079500"
            },
            {
                "user": "U011FL92294",
                "ts": "1589922240.079900"
            },
            {
                "user": "U14Q8S4EM",
                "ts": "1589925720.080400"
            },
            {
                "user": "U1922CGQH",
                "ts": "1589958564.080600"
            },
            {
                "user": "UP7UB17MK",
                "ts": "1589958626.080800"
            },
            {
                "user": "UP7UB17MK",
                "ts": "1589958649.081000"
            },
            {
                "user": "UP7UB17MK",
                "ts": "1589958664.081200"
            },
            {
                "user": "U6UMSMTEV",
                "ts": "1589958695.081500"
            },
            {
                "user": "UP7UB17MK",
                "ts": "1589958729.081800"
            },
            {
                "user": "UP7UB17MK",
                "ts": "1589958817.082000"
            },
            {
                "user": "U1922CGQH",
                "ts": "1589958841.082200"
            },
            {
                "user": "UP7UB17MK",
                "ts": "1589958857.082400"
            },
            {
                "user": "UP7UB17MK",
                "ts": "1589958863.082600"
            },
            {
                "user": "U6UMSMTEV",
                "ts": "1589958891.082800"
            }
        ],
        "is_locked": false,
        "subscribed": false
    },
    {
        "client_msg_id": "E31CA17C-4DCD-4D67-B97A-025561B846DA",
        "type": "message",
        "text": "Male\/female\/diverse (I think)",
        "user": "U50P90ZCZ",
        "ts": "1589731313.064500",
        "team": "T0CJ5UNHK",
        "user_team": "T0CJ5UNHK",
        "source_team": "T0CJ5UNHK",
        "user_profile": {
            "avatar_hash": "g75ec0f6c01d",
            "image_72": "https:\/\/secure.gravatar.com\/avatar\/175ec0f6c01dc1cfda53657aa2f84354.jpg?s=72&d=https%3A%2F%2Fa.slack-edge.com%2Fdf10d%2Fimg%2Favatars%2Fava_0015-72.png",
            "first_name": "Clayton",
            "real_name": "Clayton Fidelis",
            "display_name": "fidelisclayton",
            "team": "T0CJ5UNHK",
            "name": "fidelisclayton",
            "is_restricted": false,
            "is_ultra_restricted": false
        },
        "blocks": [
            {
                "type": "rich_text",
                "block_id": "ENWAj",
                "elements": [
                    {
                        "type": "rich_text_section",
                        "elements": [
                            {
                                "type": "text",
                                "text": "Male\/female\/diverse (I think)"
                            }
                        ]
                    }
                ]
            }
        ],
        "thread_ts": "1589731280.063800",
        "parent_user_id": "UP7UB17MK"
    },
    {
        "client_msg_id": "0e9a2269-36a1-4b5c-825f-ee498eadd83e",
        "type": "message",
        "text": "yup",
        "user": "U3ULZPH63",
        "ts": "1589731330.064700",
        "team": "T0CJ5UNHK",
        "user_team": "T0CJ5UNHK",
        "source_team": "T0CJ5UNHK",
        "user_profile": {
            "avatar_hash": "7d72e063a13b",
            "image_72": "https:\/\/avatars.slack-edge.com\/2017-01-20\/130716503975_7d72e063a13bcec4186e_72.jpg",
            "first_name": "Daniel",
            "real_name": "Daniel Martín",
            "display_name": "danielmartin",
            "team": "T0CJ5UNHK",
            "name": "danielmartin",
            "is_restricted": false,
            "is_ultra_restricted": false
        },
        "blocks": [
            {
                "type": "rich_text",
                "block_id": "vp=",
                "elements": [
                    {
                        "type": "rich_text_section",
                        "elements": [
                            {
                                "type": "text",
                                "text": "yup"
                            }
                        ]
                    }
                ]
            }
        ],
        "thread_ts": "1589731280.063800",
        "parent_user_id": "UP7UB17MK"
    },
    {
        "client_msg_id": "baf9c59e-499e-4083-884e-f81ee00ef7b4",
        "type": "message",
        "text": "if one doesn't restrict the set of applicants by explicitly enumerating categories, wouldn't that be more inclusive?",
        "user": "U6UMSMTEV",
        "ts": "1589732512.065000",
        "team": "T0CJ5UNHK",
        "user_team": "T0CJ5UNHK",
        "source_team": "T0CJ5UNHK",
        "user_profile": {
            "avatar_hash": "g9ab9ee9d6fc",
            "image_72": "https:\/\/secure.gravatar.com\/avatar\/29ab9ee9d6fc88326bd4f05244c65536.jpg?s=72&d=https%3A%2F%2Fa.slack-edge.com%2Fdf10d%2Fimg%2Favatars%2Fava_0004-72.png",
            "first_name": "Marton",
            "real_name": "Marton Boros",
            "display_name": "marton",
            "team": "T0CJ5UNHK",
            "name": "martin.",
            "is_restricted": false,
            "is_ultra_restricted": false
        },
        "edited": {
            "user": "U6UMSMTEV",
            "ts": "1589809363.000000"
        },
        "blocks": [
            {
                "type": "rich_text",
                "block_id": "PfN1",
                "elements": [
                    {
                        "type": "rich_text_section",
                        "elements": [
                            {
                                "type": "text",
                                "text": "if one doesn't restrict the set of applicants by explicitly enumerating categories, wouldn't that be more inclusive?"
                            }
                        ]
                    }
                ]
            }
        ],
        "thread_ts": "1589731280.063800",
        "parent_user_id": "UP7UB17MK",
        "reactions": [
            {
                "name": "+1",
                "users": [
                    "UP0F4DUDB",
                    "UUH0T7HKK",
                    "U011FL92294",
                    "U012V1G4206",
                    "ULRSTLGQJ"
                ],
                "count": 5
            }
        ]
    },
    {
        "client_msg_id": "2000e609-a837-4328-9da2-526953c912d0",
        "type": "message",
        "text": "seems counterproductive",
        "user": "U6UMSMTEV",
        "ts": "1589732551.065200",
        "team": "T0CJ5UNHK",
        "user_team": "T0CJ5UNHK",
        "source_team": "T0CJ5UNHK",
        "user_profile": {
            "avatar_hash": "g9ab9ee9d6fc",
            "image_72": "https:\/\/secure.gravatar.com\/avatar\/29ab9ee9d6fc88326bd4f05244c65536.jpg?s=72&d=https%3A%2F%2Fa.slack-edge.com%2Fdf10d%2Fimg%2Favatars%2Fava_0004-72.png",
            "first_name": "Marton",
            "real_name": "Marton Boros",
            "display_name": "marton",
            "team": "T0CJ5UNHK",
            "name": "martin.",
            "is_restricted": false,
            "is_ultra_restricted": false
        },
        "blocks": [
            {
                "type": "rich_text",
                "block_id": "E=5ga",
                "elements": [
                    {
                        "type": "rich_text_section",
                        "elements": [
                            {
                                "type": "text",
                                "text": "seems counterproductive"
                            }
                        ]
                    }
                ]
            }
        ],
        "thread_ts": "1589731280.063800",
        "parent_user_id": "UP7UB17MK"
    },
    {
        "client_msg_id": "3A777503-A2D8-4A4B-9EB1-058803F0AC85",
        "type": "message",
        "text": "Some kind of legislation in Germany ",
        "user": "U50P90ZCZ",
        "ts": "1589732614.065700",
        "team": "T0CJ5UNHK",
        "user_team": "T0CJ5UNHK",
        "source_team": "T0CJ5UNHK",
        "user_profile": {
            "avatar_hash": "g75ec0f6c01d",
            "image_72": "https:\/\/secure.gravatar.com\/avatar\/175ec0f6c01dc1cfda53657aa2f84354.jpg?s=72&d=https%3A%2F%2Fa.slack-edge.com%2Fdf10d%2Fimg%2Favatars%2Fava_0015-72.png",
            "first_name": "Clayton",
            "real_name": "Clayton Fidelis",
            "display_name": "fidelisclayton",
            "team": "T0CJ5UNHK",
            "name": "fidelisclayton",
            "is_restricted": false,
            "is_ultra_restricted": false
        },
        "blocks": [
            {
                "type": "rich_text",
                "block_id": "YtG=W",
                "elements": [
                    {
                        "type": "rich_text_section",
                        "elements": [
                            {
                                "type": "text",
                                "text": "Some kind of legislation in Germany "
                            }
                        ]
                    }
                ]
            }
        ],
        "thread_ts": "1589731280.063800",
        "parent_user_id": "UP7UB17MK"
    },
    {
        "client_msg_id": "4717a96d-f974-4b48-8a14-88c6fc7063a0",
        "type": "message",
        "text": "I guess in an ideal world yes, but we don’t live in an ideal work atm, unfortunately",
        "user": "U3ULZPH63",
        "ts": "1589732668.065900",
        "team": "T0CJ5UNHK",
        "user_team": "T0CJ5UNHK",
        "source_team": "T0CJ5UNHK",
        "user_profile": {
            "avatar_hash": "7d72e063a13b",
            "image_72": "https:\/\/avatars.slack-edge.com\/2017-01-20\/130716503975_7d72e063a13bcec4186e_72.jpg",
            "first_name": "Daniel",
            "real_name": "Daniel Martín",
            "display_name": "danielmartin",
            "team": "T0CJ5UNHK",
            "name": "danielmartin",
            "is_restricted": false,
            "is_ultra_restricted": false
        },
        "blocks": [
            {
                "type": "rich_text",
                "block_id": "fxmwD",
                "elements": [
                    {
                        "type": "rich_text_section",
                        "elements": [
                            {
                                "type": "text",
                                "text": "I guess in an ideal world yes, but we don’t live in an ideal work atm, unfortunately"
                            }
                        ]
                    }
                ]
            }
        ],
        "thread_ts": "1589731280.063800",
        "parent_user_id": "UP7UB17MK",
        "reactions": [
            {
                "name": "point_up_2",
                "users": [
                    "U1KES8JGK",
                    "U4159U1R9",
                    "U014283D4MB"
                ],
                "count": 3
            }
        ]
    },
    {
        "client_msg_id": "1d20e4b6-20cd-42c9-a14a-5cf18977d6c6",
        "type": "message",
        "text": "compulsory virtue signaling will fix it i'm sure",
        "user": "U6UMSMTEV",
        "ts": "1589732719.066100",
        "team": "T0CJ5UNHK",
        "user_team": "T0CJ5UNHK",
        "source_team": "T0CJ5UNHK",
        "user_profile": {
            "avatar_hash": "g9ab9ee9d6fc",
            "image_72": "https:\/\/secure.gravatar.com\/avatar\/29ab9ee9d6fc88326bd4f05244c65536.jpg?s=72&d=https%3A%2F%2Fa.slack-edge.com%2Fdf10d%2Fimg%2Favatars%2Fava_0004-72.png",
            "first_name": "Marton",
            "real_name": "Marton Boros",
            "display_name": "marton",
            "team": "T0CJ5UNHK",
            "name": "martin.",
            "is_restricted": false,
            "is_ultra_restricted": false
        },
        "blocks": [
            {
                "type": "rich_text",
                "block_id": "hGl4",
                "elements": [
                    {
                        "type": "rich_text_section",
                        "elements": [
                            {
                                "type": "text",
                                "text": "compulsory virtue signaling will fix it i'm sure"
                            }
                        ]
                    }
                ]
            }
        ],
        "thread_ts": "1589731280.063800",
        "parent_user_id": "UP7UB17MK"
    },
    {
        "client_msg_id": "b4a47e49-2a44-4b57-a6fd-f1fd23763f66",
        "type": "message",
        "text": "thanks for the info",
        "user": "U6UMSMTEV",
        "ts": "1589732731.066300",
        "team": "T0CJ5UNHK",
        "user_team": "T0CJ5UNHK",
        "source_team": "T0CJ5UNHK",
        "user_profile": {
            "avatar_hash": "g9ab9ee9d6fc",
            "image_72": "https:\/\/secure.gravatar.com\/avatar\/29ab9ee9d6fc88326bd4f05244c65536.jpg?s=72&d=https%3A%2F%2Fa.slack-edge.com%2Fdf10d%2Fimg%2Favatars%2Fava_0004-72.png",
            "first_name": "Marton",
            "real_name": "Marton Boros",
            "display_name": "marton",
            "team": "T0CJ5UNHK",
            "name": "martin.",
            "is_restricted": false,
            "is_ultra_restricted": false
        },
        "blocks": [
            {
                "type": "rich_text",
                "block_id": "OOOc8",
                "elements": [
                    {
                        "type": "rich_text_section",
                        "elements": [
                            {
                                "type": "text",
                                "text": "thanks for the info"
                            }
                        ]
                    }
                ]
            }
        ],
        "thread_ts": "1589731280.063800",
        "parent_user_id": "UP7UB17MK"
    },
    {
        "client_msg_id": "5c6e44bb-9562-4589-b608-9379a4be71de",
        "type": "message",
        "text": "hmmm, so apparently german companies do this for reasons related to the german language's gendered nouns: <https:\/\/german.stackexchange.com\/questions\/32107\/what-does-m-f-or-m-w-mean-in-german-job-postings>",
        "user": "UP7UB17MK",
        "ts": "1589733497.066500",
        "team": "T0CJ5UNHK",
        "user_team": "T0CJ5UNHK",
        "source_team": "T0CJ5UNHK",
        "user_profile": {
            "avatar_hash": "gfe16fbffab0",
            "image_72": "https:\/\/secure.gravatar.com\/avatar\/fe16fbffab0597f3f3bb86c1a2335a1a.jpg?s=72&d=https%3A%2F%2Fa.slack-edge.com%2Fdf10d%2Fimg%2Favatars%2Fava_0018-72.png",
            "first_name": "",
            "real_name": "George",
            "display_name": "George",
            "team": "T0CJ5UNHK",
            "name": "george426",
            "is_restricted": false,
            "is_ultra_restricted": false
        },
        "attachments": [
            {
                "service_name": "German Language Stack Exchange",
                "title": "What does “m\/f” or “m\/w” mean in German job postings?",
                "title_link": "https:\/\/german.stackexchange.com\/questions\/32107\/what-does-m-f-or-m-w-mean-in-german-job-postings",
                "text": "When looking at Stack Overflow jobs posted by German companies, I see a lot of them having a marking of m\/f or m\/w: Security Architect (m\/f) for embedded Linux Systems and AUTOSAR Hackers wan...",
                "fallback": "German Language Stack Exchange: What does “m\/f” or “m\/w” mean in German job postings?",
                "thumb_url": "https:\/\/cdn.sstatic.net\/Sites\/german\/Img\/apple-touch-icon@2.png?v=05233d7ca50d",
                "from_url": "https:\/\/german.stackexchange.com\/questions\/32107\/what-does-m-f-or-m-w-mean-in-german-job-postings",
                "thumb_width": 316,
                "thumb_height": 316,
                "service_icon": "https:\/\/cdn.sstatic.net\/Sites\/german\/Img\/apple-touch-icon.png?v=800bc077578e",
                "id": 1,
                "original_url": "https:\/\/german.stackexchange.com\/questions\/32107\/what-does-m-f-or-m-w-mean-in-german-job-postings"
            }
        ],
        "blocks": [
            {
                "type": "rich_text",
                "block_id": "Zpja",
                "elements": [
                    {
                        "type": "rich_text_section",
                        "elements": [
                            {
                                "type": "text",
                                "text": "hmmm, so apparently german companies do this for reasons related to the german language's gendered nouns: "
                            },
                            {
                                "type": "link",
                                "url": "https:\/\/german.stackexchange.com\/questions\/32107\/what-does-m-f-or-m-w-mean-in-german-job-postings"
                            }
                        ]
                    }
                ]
            }
        ],
        "thread_ts": "1589731280.063800",
        "parent_user_id": "UP7UB17MK",
        "reactions": [
            {
                "name": "+1",
                "users": [
                    "UP0F4DUDB"
                ],
                "count": 1
            }
        ]
    },
    {
        "client_msg_id": "df97ea9d-9c98-422a-b4a2-28cccc42c8bc",
        "type": "message",
        "text": "but yes, it seems strange to list this so prominently since every job advert i've ever seen always includes the same generic diversity\/equal opportunity statement anyway",
        "user": "UP7UB17MK",
        "ts": "1589733567.066800",
        "team": "T0CJ5UNHK",
        "user_team": "T0CJ5UNHK",
        "source_team": "T0CJ5UNHK",
        "user_profile": {
            "avatar_hash": "gfe16fbffab0",
            "image_72": "https:\/\/secure.gravatar.com\/avatar\/fe16fbffab0597f3f3bb86c1a2335a1a.jpg?s=72&d=https%3A%2F%2Fa.slack-edge.com%2Fdf10d%2Fimg%2Favatars%2Fava_0018-72.png",
            "first_name": "",
            "real_name": "George",
            "display_name": "George",
            "team": "T0CJ5UNHK",
            "name": "george426",
            "is_restricted": false,
            "is_ultra_restricted": false
        },
        "blocks": [
            {
                "type": "rich_text",
                "block_id": "ZJnj",
                "elements": [
                    {
                        "type": "rich_text_section",
                        "elements": [
                            {
                                "type": "text",
                                "text": "but yes, it seems strange to list this so prominently since every job advert i've ever seen always includes the same generic diversity\/equal opportunity statement anyway"
                            }
                        ]
                    }
                ]
            }
        ],
        "thread_ts": "1589731280.063800",
        "parent_user_id": "UP7UB17MK"
    },
    {
        "client_msg_id": "37d86a23-8363-471c-9cf2-5caefb1429c8",
        "type": "message",
        "text": "whatever",
        "user": "UP7UB17MK",
        "ts": "1589733573.067000",
        "team": "T0CJ5UNHK",
        "user_team": "T0CJ5UNHK",
        "source_team": "T0CJ5UNHK",
        "user_profile": {
            "avatar_hash": "gfe16fbffab0",
            "image_72": "https:\/\/secure.gravatar.com\/avatar\/fe16fbffab0597f3f3bb86c1a2335a1a.jpg?s=72&d=https%3A%2F%2Fa.slack-edge.com%2Fdf10d%2Fimg%2Favatars%2Fava_0018-72.png",
            "first_name": "",
            "real_name": "George",
            "display_name": "George",
            "team": "T0CJ5UNHK",
            "name": "george426",
            "is_restricted": false,
            "is_ultra_restricted": false
        },
        "blocks": [
            {
                "type": "rich_text",
                "block_id": "E=Ht",
                "elements": [
                    {
                        "type": "rich_text_section",
                        "elements": [
                            {
                                "type": "text",
                                "text": "whatever"
                            }
                        ]
                    }
                ]
            }
        ],
        "thread_ts": "1589731280.063800",
        "parent_user_id": "UP7UB17MK"
    },
    {
        "client_msg_id": "89bda9c7-ec0e-435a-8f41-794c353f69af",
        "type": "message",
        "text": "hardly a big deal",
        "user": "UP7UB17MK",
        "ts": "1589733575.067200",
        "team": "T0CJ5UNHK",
        "user_team": "T0CJ5UNHK",
        "source_team": "T0CJ5UNHK",
        "user_profile": {
            "avatar_hash": "gfe16fbffab0",
            "image_72": "https:\/\/secure.gravatar.com\/avatar\/fe16fbffab0597f3f3bb86c1a2335a1a.jpg?s=72&d=https%3A%2F%2Fa.slack-edge.com%2Fdf10d%2Fimg%2Favatars%2Fava_0018-72.png",
            "first_name": "",
            "real_name": "George",
            "display_name": "George",
            "team": "T0CJ5UNHK",
            "name": "george426",
            "is_restricted": false,
            "is_ultra_restricted": false
        },
        "edited": {
            "user": "UP7UB17MK",
            "ts": "1589733576.000000"
        },
        "blocks": [
            {
                "type": "rich_text",
                "block_id": "Zbk",
                "elements": [
                    {
                        "type": "rich_text_section",
                        "elements": [
                            {
                                "type": "text",
                                "text": "hardly a big deal"
                            }
                        ]
                    }
                ]
            }
        ],
        "thread_ts": "1589731280.063800",
        "parent_user_id": "UP7UB17MK"
    },
    {
        "client_msg_id": "ca88579c-beca-495f-a916-9879be215848",
        "type": "message",
        "text": "Ah this makes a lot more sense in German. Yeah, in German, its just like how in English we have \"waiter \/ waitress\", but _every_ job name is like that. So, every public listing that wants to be inclusive says the equivalent \"Waiter \/ Waitress\".",
        "user": "U14Q8S4EM",
        "ts": "1589777109.068100",
        "team": "T0CJ5UNHK",
        "user_team": "T0CJ5UNHK",
        "source_team": "T0CJ5UNHK",
        "user_profile": {
            "avatar_hash": "b6108a9d9671",
            "image_72": "https:\/\/avatars.slack-edge.com\/2019-03-27\/591500551878_b6108a9d9671d63abd0e_72.png",
            "first_name": "Chadtech",
            "real_name": "Chadtech Chadtech",
            "display_name": "chadtech",
            "team": "T0CJ5UNHK",
            "name": "chadtech",
            "is_restricted": false,
            "is_ultra_restricted": false
        },
        "blocks": [
            {
                "type": "rich_text",
                "block_id": "F1J",
                "elements": [
                    {
                        "type": "rich_text_section",
                        "elements": [
                            {
                                "type": "text",
                                "text": "Ah this makes a lot more sense in German. Yeah, in German, its just like how in English we have \"waiter \/ waitress\", but "
                            },
                            {
                                "type": "text",
                                "text": "every",
                                "style": {
                                    "italic": true
                                }
                            },
                            {
                                "type": "text",
                                "text": " job name is like that. So, every public listing that wants to be inclusive says the equivalent \"Waiter \/ Waitress\"."
                            }
                        ]
                    }
                ]
            }
        ],
        "thread_ts": "1589731280.063800",
        "parent_user_id": "UP7UB17MK"
    }
]