[
    {
        "client_msg_id": "FA77B012-FA05-4188-BB4D-12C8ED0C21B2",
        "type": "message",
        "text": "<@U3LGUAF54> Great to hear! I’ll definitely check that out! Interested to see what v2 will look like :astonished:\n\nYeah, don’t we all want to work on our side projects full time :stuck_out_tongue_winking_eye: ",
        "user": "U23QS8ETZ",
        "ts": "1595750500.199300",
        "team": "T0CJ5UNHK",
        "user_team": "T0CJ5UNHK",
        "source_team": "T0CJ5UNHK",
        "user_profile": {
            "avatar_hash": "ge1a9840e393",
            "image_72": "https:\/\/secure.gravatar.com\/avatar\/2e1a9840e3933650ab29f65e165233ed.jpg?s=72&d=https%3A%2F%2Fa.slack-edge.com%2Fdf10d%2Fimg%2Favatars%2Fava_0022-72.png",
            "first_name": "Steven",
            "real_name": "Steven Vandevelde",
            "display_name": "icidasset",
            "team": "T0CJ5UNHK",
            "name": "icidasset",
            "is_restricted": false,
            "is_ultra_restricted": false
        },
        "blocks": [
            {
                "type": "rich_text",
                "block_id": "soul0",
                "elements": [
                    {
                        "type": "rich_text_section",
                        "elements": [
                            {
                                "type": "user",
                                "user_id": "U3LGUAF54"
                            },
                            {
                                "type": "text",
                                "text": " Great to hear! I’ll definitely check that out! Interested to see what v2 will look like "
                            },
                            {
                                "type": "emoji",
                                "name": "astonished",
                                "unicode": "1f632"
                            },
                            {
                                "type": "text",
                                "text": "\n\n"
                            },
                            {
                                "type": "text",
                                "text": "Yeah, don’t we all want to work on our side projects full time "
                            },
                            {
                                "type": "emoji",
                                "name": "stuck_out_tongue_winking_eye",
                                "unicode": "1f61c"
                            },
                            {
                                "type": "text",
                                "text": " "
                            }
                        ]
                    }
                ]
            }
        ],
        "thread_ts": "1595679333.191800",
        "parent_user_id": "U23QS8ETZ"
    }
]