[
    {
        "client_msg_id": "7d952b60-91a9-49af-b443-91c4d9eb813e",
        "type": "message",
        "text": "I'm not seeing enough jobs that match what I'm looking for that use Elm. It's all React or backend only",
        "user": "UAXNCTB8S",
        "ts": "1583016872.025100",
        "team": "T0CJ5UNHK",
        "user_team": "T0CJ5UNHK",
        "source_team": "T0CJ5UNHK",
        "user_profile": {
            "avatar_hash": "ga0336686ecc",
            "image_72": "https:\/\/secure.gravatar.com\/avatar\/f99ba0336686ecc7c62e6740ad4cf686.jpg?s=72&d=https%3A%2F%2Fa.slack-edge.com%2Fdf10d%2Fimg%2Favatars%2Fava_0012-72.png",
            "first_name": "Jade",
            "real_name": "Jade Dickinson",
            "display_name": "",
            "team": "T0CJ5UNHK",
            "name": "jade",
            "is_restricted": false,
            "is_ultra_restricted": false
        },
        "blocks": [
            {
                "type": "rich_text",
                "block_id": "cHa",
                "elements": [
                    {
                        "type": "rich_text_section",
                        "elements": [
                            {
                                "type": "text",
                                "text": "I'm not seeing enough jobs that match what I'm looking for that use Elm. It's all React or backend only"
                            }
                        ]
                    }
                ]
            }
        ],
        "thread_ts": "1582828316.013500",
        "parent_user_id": "UB0UX3FJ9"
    },
    {
        "client_msg_id": "f33e282a-d8e5-4d65-bf7b-9e5f3f71666d",
        "type": "message",
        "text": "There's maybe one company in London? But I'm more concerned about the risk of specialising in an unpopular language",
        "user": "UAXNCTB8S",
        "ts": "1583016907.025300",
        "team": "T0CJ5UNHK",
        "user_team": "T0CJ5UNHK",
        "source_team": "T0CJ5UNHK",
        "user_profile": {
            "avatar_hash": "ga0336686ecc",
            "image_72": "https:\/\/secure.gravatar.com\/avatar\/f99ba0336686ecc7c62e6740ad4cf686.jpg?s=72&d=https%3A%2F%2Fa.slack-edge.com%2Fdf10d%2Fimg%2Favatars%2Fava_0012-72.png",
            "first_name": "Jade",
            "real_name": "Jade Dickinson",
            "display_name": "",
            "team": "T0CJ5UNHK",
            "name": "jade",
            "is_restricted": false,
            "is_ultra_restricted": false
        },
        "blocks": [
            {
                "type": "rich_text",
                "block_id": "Arus",
                "elements": [
                    {
                        "type": "rich_text_section",
                        "elements": [
                            {
                                "type": "text",
                                "text": "There's maybe one company in London? But I'm more concerned about the risk of specialising in an unpopular language"
                            }
                        ]
                    }
                ]
            }
        ],
        "thread_ts": "1582828316.013500",
        "parent_user_id": "UB0UX3FJ9"
    },
    {
        "client_msg_id": "984114d7-d768-4e0a-ae5d-bdb6c05d8b1b",
        "type": "message",
        "text": "If I do a well enough job next week, and potentially a follow-up around May, then I may be able to persuade my new employer that Elm is the future. Only time will tell, but it'd be a lot of new Elm jobs",
        "user": "UB0UX3FJ9",
        "ts": "1583019489.025500",
        "team": "T0CJ5UNHK",
        "user_team": "T0CJ5UNHK",
        "source_team": "T0CJ5UNHK",
        "user_profile": {
            "avatar_hash": "bf577b3bddb3",
            "image_72": "https:\/\/avatars.slack-edge.com\/2019-07-01\/675335104417_bf577b3bddb371d18951_72.jpg",
            "first_name": "Wolfgang",
            "real_name": "Wolfgang Schuster (wolfadex)",
            "display_name": "",
            "team": "T0CJ5UNHK",
            "name": "wolfadex",
            "is_restricted": false,
            "is_ultra_restricted": false
        },
        "blocks": [
            {
                "type": "rich_text",
                "block_id": "vMM",
                "elements": [
                    {
                        "type": "rich_text_section",
                        "elements": [
                            {
                                "type": "text",
                                "text": "If I do a well enough job next week, and potentially a follow-up around May, then I may be able to persuade my new employer that Elm is the future. Only time will tell, but it'd be a lot of new Elm jobs"
                            }
                        ]
                    }
                ]
            }
        ],
        "thread_ts": "1582828316.013500",
        "parent_user_id": "UB0UX3FJ9",
        "reactions": [
            {
                "name": "chart_with_upwards_trend",
                "users": [
                    "UAXNCTB8S",
                    "UT485LLNT"
                ],
                "count": 2
            }
        ]
    },
    {
        "client_msg_id": "77e05c7a-7aa8-424e-8c69-05c5f4b75baf",
        "type": "message",
        "text": "As far as specialising, part of the reason I got my job is because of Elm and my ability to both talk about it and use it. Learning what some may see as obscure can often be there thing that sets you apart from the crowd. However that doesn't mean you should sacrifice other things like spending time with friends\/family, or specializing in some other hobby that you're more passionate about. Sorry if that feels like rambling",
        "user": "UB0UX3FJ9",
        "ts": "1583019943.025700",
        "team": "T0CJ5UNHK",
        "user_team": "T0CJ5UNHK",
        "source_team": "T0CJ5UNHK",
        "user_profile": {
            "avatar_hash": "bf577b3bddb3",
            "image_72": "https:\/\/avatars.slack-edge.com\/2019-07-01\/675335104417_bf577b3bddb371d18951_72.jpg",
            "first_name": "Wolfgang",
            "real_name": "Wolfgang Schuster (wolfadex)",
            "display_name": "",
            "team": "T0CJ5UNHK",
            "name": "wolfadex",
            "is_restricted": false,
            "is_ultra_restricted": false
        },
        "blocks": [
            {
                "type": "rich_text",
                "block_id": "ANgxC",
                "elements": [
                    {
                        "type": "rich_text_section",
                        "elements": [
                            {
                                "type": "text",
                                "text": "As far as specialising, part of the reason I got my job is because of Elm and my ability to both talk about it and use it. Learning what some may see as obscure can often be there thing that sets you apart from the crowd. However that doesn't mean you should sacrifice other things like spending time with friends\/family, or specializing in some other hobby that you're more passionate about. Sorry if that feels like rambling"
                            }
                        ]
                    }
                ]
            }
        ],
        "thread_ts": "1582828316.013500",
        "parent_user_id": "UB0UX3FJ9"
    }
]