[
    {
        "client_msg_id": "1FBAFFC8-978F-4A76-9A6C-A18C599ECAFB",
        "type": "message",
        "text": "super delayed reply, but nothing to do with your posting",
        "user": "U2F0T75MX",
        "ts": "1608659044.268900",
        "team": "T0CJ5UNHK",
        "user_team": "T0CJ5UNHK",
        "source_team": "T0CJ5UNHK",
        "user_profile": {
            "avatar_hash": "ge8b03e57500",
            "image_72": "https:\/\/secure.gravatar.com\/avatar\/ce8b03e5750097942c58e12b46724312.jpg?s=72&d=https%3A%2F%2Fa.slack-edge.com%2Fdf10d%2Fimg%2Favatars%2Fava_0016-72.png",
            "first_name": "giles",
            "real_name": "giles bowkett",
            "display_name": "gilesgoatboy",
            "team": "T0CJ5UNHK",
            "name": "gilesgoatboy",
            "is_restricted": false,
            "is_ultra_restricted": false
        },
        "blocks": [
            {
                "type": "rich_text",
                "block_id": "xI1y",
                "elements": [
                    {
                        "type": "rich_text_section",
                        "elements": [
                            {
                                "type": "text",
                                "text": "super delayed reply, but nothing to do with your posting"
                            }
                        ]
                    }
                ]
            }
        ],
        "thread_ts": "1606862529.215100",
        "parent_user_id": "U2F0T75MX"
    }
]