[
    {
        "client_msg_id": "6354ae79-4e8e-4442-a1a8-19770fb56c7a",
        "type": "message",
        "text": "UPDATE: I have received many offers for help and took one such person up on their offer and have been able to make a ton of progress and no longer require immediate help with this",
        "user": "U011FQ8NZHR",
        "ts": "1587049830.027500",
        "team": "T0CJ5UNHK",
        "user_team": "T0CJ5UNHK",
        "source_team": "T0CJ5UNHK",
        "user_profile": {
            "avatar_hash": "2d68dd666bcb",
            "image_72": "https:\/\/avatars.slack-edge.com\/2021-01-08\/1607180452039_2d68dd666bcb6bceca8b_72.png",
            "first_name": "",
            "real_name": "Ryan Montgomery",
            "display_name": "Ryan Montgomery",
            "team": "T0CJ5UNHK",
            "name": "rmontgomery429",
            "is_restricted": false,
            "is_ultra_restricted": false
        },
        "blocks": [
            {
                "type": "rich_text",
                "block_id": "XkqW",
                "elements": [
                    {
                        "type": "rich_text_section",
                        "elements": [
                            {
                                "type": "text",
                                "text": "UPDATE: I have received many offers for help and took one such person up on their offer and have been able to make a ton of progress and no longer require immediate help with this"
                            }
                        ]
                    }
                ]
            }
        ],
        "thread_ts": "1587001964.025500",
        "parent_user_id": "U011FQ8NZHR",
        "reactions": [
            {
                "name": "clap",
                "users": [
                    "U4VSDGSGL",
                    "U1F1DTTNX",
                    "URLTJDH7F",
                    "U7KD2822E",
                    "U3LGUAF54",
                    "U2GCKJTC0"
                ],
                "count": 6
            }
        ]
    },
    {
        "client_msg_id": "c40518a3-f46a-44ce-a2df-0853b0ff9894",
        "type": "message",
        "text": "Thanks everyone for being so kind :pray:",
        "user": "U011FQ8NZHR",
        "ts": "1587049839.027700",
        "team": "T0CJ5UNHK",
        "user_team": "T0CJ5UNHK",
        "source_team": "T0CJ5UNHK",
        "user_profile": {
            "avatar_hash": "2d68dd666bcb",
            "image_72": "https:\/\/avatars.slack-edge.com\/2021-01-08\/1607180452039_2d68dd666bcb6bceca8b_72.png",
            "first_name": "",
            "real_name": "Ryan Montgomery",
            "display_name": "Ryan Montgomery",
            "team": "T0CJ5UNHK",
            "name": "rmontgomery429",
            "is_restricted": false,
            "is_ultra_restricted": false
        },
        "blocks": [
            {
                "type": "rich_text",
                "block_id": "4HUuO",
                "elements": [
                    {
                        "type": "rich_text_section",
                        "elements": [
                            {
                                "type": "text",
                                "text": "Thanks everyone for being so kind "
                            },
                            {
                                "type": "emoji",
                                "name": "pray",
                                "unicode": "1f64f"
                            }
                        ]
                    }
                ]
            }
        ],
        "thread_ts": "1587001964.025500",
        "parent_user_id": "U011FQ8NZHR",
        "reactions": [
            {
                "name": "raised_hands",
                "users": [
                    "U4VSDGSGL"
                ],
                "count": 1
            },
            {
                "name": "metal",
                "users": [
                    "U2P9RBH4J"
                ],
                "count": 1
            }
        ]
    }
]