[
    {
        "client_msg_id": "b5f6091d-0c45-49d0-b1b5-685b3586ebe6",
        "type": "message",
        "text": "Hi all! there was a posting about an opensource project based in Costa Rica some time ago. I cannot longer see the posting so I was wondering if someone could provide me with the contact.",
        "user": "U440J9QS1",
        "ts": "1586254524.016400",
        "team": "T0CJ5UNHK",
        "user_team": "T0CJ5UNHK",
        "source_team": "T0CJ5UNHK",
        "user_profile": {
            "avatar_hash": "ge9c95aac2f7",
            "image_72": "https:\/\/secure.gravatar.com\/avatar\/7e9c95aac2f7edf37380f02f7f23db29.jpg?s=72&d=https%3A%2F%2Fa.slack-edge.com%2Fdf10d%2Fimg%2Favatars%2Fava_0000-72.png",
            "first_name": "Macario",
            "real_name": "Macario Ortega",
            "display_name": "macario",
            "team": "T0CJ5UNHK",
            "name": "macario",
            "is_restricted": false,
            "is_ultra_restricted": false
        },
        "blocks": [
            {
                "type": "rich_text",
                "block_id": "EOxz\/",
                "elements": [
                    {
                        "type": "rich_text_section",
                        "elements": [
                            {
                                "type": "text",
                                "text": "Hi all! there was a posting about an opensource project based in Costa Rica some time ago. I cannot longer see the posting so I was wondering if someone could provide me with the contact."
                            }
                        ]
                    }
                ]
            }
        ]
    },
    {
        "client_msg_id": "7ad997f5-2c4f-43f4-acb4-4881502c372d",
        "type": "message",
        "text": "<@U440J9QS1> maybe this: <https:\/\/www.cambiatus.com\/>",
        "user": "UK2BTEQV7",
        "ts": "1586269326.016700",
        "team": "T0CJ5UNHK",
        "user_team": "T0CJ5UNHK",
        "source_team": "T0CJ5UNHK",
        "user_profile": {
            "avatar_hash": "g1fd8c1ef64a",
            "image_72": "https:\/\/secure.gravatar.com\/avatar\/b1fd8c1ef64ac6b41e595d38d457c604.jpg?s=72&d=https%3A%2F%2Fa.slack-edge.com%2Fdf10d%2Fimg%2Favatars%2Fava_0008-72.png",
            "first_name": "Arunas",
            "real_name": "Arunas",
            "display_name": "Arunas",
            "team": "T0CJ5UNHK",
            "name": "arunas",
            "is_restricted": false,
            "is_ultra_restricted": false
        },
        "blocks": [
            {
                "type": "rich_text",
                "block_id": "PTu",
                "elements": [
                    {
                        "type": "rich_text_section",
                        "elements": [
                            {
                                "type": "user",
                                "user_id": "U440J9QS1"
                            },
                            {
                                "type": "text",
                                "text": " maybe this: "
                            },
                            {
                                "type": "link",
                                "url": "https:\/\/www.cambiatus.com\/"
                            }
                        ]
                    }
                ]
            }
        ],
        "thread_ts": "1586269326.016700",
        "reply_count": 2,
        "reply_users_count": 2,
        "latest_reply": "1586598381.020400",
        "reply_users": [
            "U440J9QS1",
            "U9J662F45"
        ],
        "replies": [
            {
                "user": "U440J9QS1",
                "ts": "1586269421.016800"
            },
            {
                "user": "U9J662F45",
                "ts": "1586598381.020400"
            }
        ],
        "is_locked": false,
        "subscribed": false
    },
    {
        "client_msg_id": "ddac8d71-0a06-4445-a53a-591215e28545",
        "type": "message",
        "text": "Thanks a lot <@UK2BTEQV7>! that is the one :)",
        "user": "U440J9QS1",
        "ts": "1586269421.016800",
        "team": "T0CJ5UNHK",
        "user_team": "T0CJ5UNHK",
        "source_team": "T0CJ5UNHK",
        "user_profile": {
            "avatar_hash": "ge9c95aac2f7",
            "image_72": "https:\/\/secure.gravatar.com\/avatar\/7e9c95aac2f7edf37380f02f7f23db29.jpg?s=72&d=https%3A%2F%2Fa.slack-edge.com%2Fdf10d%2Fimg%2Favatars%2Fava_0000-72.png",
            "first_name": "Macario",
            "real_name": "Macario Ortega",
            "display_name": "macario",
            "team": "T0CJ5UNHK",
            "name": "macario",
            "is_restricted": false,
            "is_ultra_restricted": false
        },
        "blocks": [
            {
                "type": "rich_text",
                "block_id": "Phe2",
                "elements": [
                    {
                        "type": "rich_text_section",
                        "elements": [
                            {
                                "type": "text",
                                "text": "Thanks a lot "
                            },
                            {
                                "type": "user",
                                "user_id": "UK2BTEQV7"
                            },
                            {
                                "type": "text",
                                "text": "! that is the one :)"
                            }
                        ]
                    }
                ]
            }
        ],
        "thread_ts": "1586269326.016700",
        "parent_user_id": "UK2BTEQV7"
    }
]