[
    {
        "type": "message",
        "subtype": "tombstone",
        "text": "This message was deleted.",
        "user": "USLACKBOT",
        "hidden": true,
        "ts": "1601285292.007100",
        "thread_ts": "1601285292.007100",
        "reply_count": 2,
        "reply_users_count": 1,
        "latest_reply": "1601286910.007500",
        "reply_users": [
            "U3207UZA8"
        ],
        "replies": [
            {
                "user": "U3207UZA8",
                "ts": "1601286900.007300"
            },
            {
                "user": "U3207UZA8",
                "ts": "1601286910.007500"
            }
        ],
        "is_locked": false,
        "subscribed": false
    },
    {
        "client_msg_id": "e5d97427-06f7-4747-9978-ad4bdf534891",
        "type": "message",
        "text": "How is this using Elm?",
        "user": "U3207UZA8",
        "ts": "1601286900.007300",
        "team": "T0CJ5UNHK",
        "user_team": "T0CJ5UNHK",
        "source_team": "T0CJ5UNHK",
        "user_profile": {
            "avatar_hash": "7aafb68ef703",
            "image_72": "https:\/\/avatars.slack-edge.com\/2018-11-26\/487972908994_7aafb68ef703f94fa249_72.jpg",
            "first_name": "Kolja",
            "real_name": "Kolja Lampe",
            "display_name": "razzeee",
            "team": "T0CJ5UNHK",
            "name": "razzeee",
            "is_restricted": false,
            "is_ultra_restricted": false
        },
        "blocks": [
            {
                "type": "rich_text",
                "block_id": "jNLy",
                "elements": [
                    {
                        "type": "rich_text_section",
                        "elements": [
                            {
                                "type": "text",
                                "text": "How is this using Elm?"
                            }
                        ]
                    }
                ]
            }
        ],
        "thread_ts": "1601285292.007100",
        "parent_user_id": "U01BAJKCEEA"
    },
    {
        "client_msg_id": "a62cc5cb-f4ed-4a7f-95d7-93adaf71705f",
        "type": "message",
        "text": "Also <https:\/\/github.com\/elm-community\/slack\/blob\/master\/README.md#jobs>",
        "user": "U3207UZA8",
        "ts": "1601286910.007500",
        "team": "T0CJ5UNHK",
        "user_team": "T0CJ5UNHK",
        "source_team": "T0CJ5UNHK",
        "user_profile": {
            "avatar_hash": "7aafb68ef703",
            "image_72": "https:\/\/avatars.slack-edge.com\/2018-11-26\/487972908994_7aafb68ef703f94fa249_72.jpg",
            "first_name": "Kolja",
            "real_name": "Kolja Lampe",
            "display_name": "razzeee",
            "team": "T0CJ5UNHK",
            "name": "razzeee",
            "is_restricted": false,
            "is_ultra_restricted": false
        },
        "blocks": [
            {
                "type": "rich_text",
                "block_id": "6Cj",
                "elements": [
                    {
                        "type": "rich_text_section",
                        "elements": [
                            {
                                "type": "text",
                                "text": "Also "
                            },
                            {
                                "type": "link",
                                "url": "https:\/\/github.com\/elm-community\/slack\/blob\/master\/README.md#jobs"
                            }
                        ]
                    }
                ]
            }
        ],
        "thread_ts": "1601285292.007100",
        "parent_user_id": "U01BAJKCEEA"
    }
]