[
    {
        "type": "message",
        "subtype": "tombstone",
        "text": "This message was deleted.",
        "user": "USLACKBOT",
        "hidden": true,
        "ts": "1584107524.057000",
        "thread_ts": "1584107524.057000",
        "reply_count": 5,
        "reply_users_count": 5,
        "latest_reply": "1584133905.060800",
        "reply_users": [
            "U1EJG2SGJ",
            "URE7S3KBQ",
            "U6S11D4CW",
            "U9LAE55JL",
            "UP0F4DUDB"
        ],
        "replies": [
            {
                "user": "U1EJG2SGJ",
                "ts": "1584110663.057600"
            },
            {
                "user": "URE7S3KBQ",
                "ts": "1584112293.058100"
            },
            {
                "user": "U6S11D4CW",
                "ts": "1584112926.058400"
            },
            {
                "user": "U9LAE55JL",
                "ts": "1584116090.058800"
            },
            {
                "user": "UP0F4DUDB",
                "ts": "1584133905.060800"
            }
        ],
        "is_locked": false,
        "subscribed": false,
        "reactions": [
            {
                "name": "confused",
                "users": [
                    "U44R1N656",
                    "URE7S3KBQ",
                    "U9LAE55JL",
                    "U9FT4JQKF"
                ],
                "count": 4
            },
            {
                "name": "thinking_face",
                "users": [
                    "U50P90ZCZ",
                    "U3S9BH05U"
                ],
                "count": 2
            },
            {
                "name": "slightly_frowning_face",
                "users": [
                    "U1KES8JGK",
                    "U9LAE55JL"
                ],
                "count": 2
            },
            {
                "name": "-1",
                "users": [
                    "U6UMSMTEV",
                    "U1EGKETA6",
                    "U2GCKJTC0",
                    "U0U6ML22H",
                    "URE7S3KBQ",
                    "UBPTP2AJX",
                    "UTV6ENJKZ",
                    "U01027KKVM4",
                    "U9FT4JQKF",
                    "U0CJA7BLJ"
                ],
                "count": 10
            }
        ]
    },
    {
        "client_msg_id": "a768be3e-3f89-4bf4-941d-7b9646483710",
        "type": "message",
        "text": "Hey Alpa, your post doesn't mention Elm at all. Can you edit the post and expand on how Webrex uses Elm? Thanks :slightly_smiling_face:",
        "user": "U1EJG2SGJ",
        "ts": "1584110663.057600",
        "team": "T0CJ5UNHK",
        "user_team": "T0CJ5UNHK",
        "source_team": "T0CJ5UNHK",
        "user_profile": {
            "avatar_hash": "c2e1fd96a728",
            "image_72": "https:\/\/avatars.slack-edge.com\/2019-04-22\/616931615798_c2e1fd96a728af515b32_72.png",
            "first_name": "Kristian",
            "real_name": "Kristian Roebuck",
            "display_name": "Kris",
            "team": "T0CJ5UNHK",
            "name": "roebuk",
            "is_restricted": false,
            "is_ultra_restricted": false
        },
        "edited": {
            "user": "U1EJG2SGJ",
            "ts": "1584110694.000000"
        },
        "blocks": [
            {
                "type": "rich_text",
                "block_id": "mKd",
                "elements": [
                    {
                        "type": "rich_text_section",
                        "elements": [
                            {
                                "type": "text",
                                "text": "Hey Alpa, your post doesn't mention Elm at all. Can you edit the post and expand on how Webrex uses Elm? Thanks "
                            },
                            {
                                "type": "emoji",
                                "name": "slightly_smiling_face",
                                "unicode": "1f642"
                            }
                        ]
                    }
                ]
            }
        ],
        "thread_ts": "1584107524.057000",
        "parent_user_id": "UV0T7S0KV"
    },
    {
        "client_msg_id": "02ba2d50-6531-4f97-b21e-14977e50ba99",
        "type": "message",
        "text": "Perhaps this is not the right place for this post. Your website doesn’t say anything about Elm either:\n\n&gt; Your search - *elm site:<http:\/\/webrexstudio.com|webrexstudio.com>* - did not match any documents.\nPlenty of references to React though.",
        "user": "URE7S3KBQ",
        "ts": "1584112293.058100",
        "team": "T0CJ5UNHK",
        "user_team": "T0CJ5UNHK",
        "source_team": "T0CJ5UNHK",
        "user_profile": {
            "avatar_hash": "ebd9a5d20c0f",
            "image_72": "https:\/\/avatars.slack-edge.com\/2021-11-16\/2719777305143_ebd9a5d20c0f21fd9234_72.jpg",
            "first_name": "",
            "real_name": "Adam Shaylor",
            "display_name": "Adam Shaylor",
            "team": "T0CJ5UNHK",
            "name": "business405",
            "is_restricted": false,
            "is_ultra_restricted": false
        },
        "blocks": [
            {
                "type": "rich_text",
                "block_id": "dse",
                "elements": [
                    {
                        "type": "rich_text_section",
                        "elements": [
                            {
                                "type": "text",
                                "text": "Perhaps this is not the right place for this post. Your website doesn’t say anything about Elm either:\n\n"
                            }
                        ]
                    },
                    {
                        "type": "rich_text_quote",
                        "elements": [
                            {
                                "type": "text",
                                "text": "Your search - "
                            },
                            {
                                "type": "text",
                                "text": "elm site:webrexstudio.com",
                                "style": {
                                    "bold": true
                                }
                            },
                            {
                                "type": "text",
                                "text": " - did not match any documents."
                            }
                        ]
                    },
                    {
                        "type": "rich_text_section",
                        "elements": [
                            {
                                "type": "text",
                                "text": "\nPlenty of references to React though."
                            }
                        ]
                    }
                ]
            }
        ],
        "thread_ts": "1584107524.057000",
        "parent_user_id": "UV0T7S0KV"
    },
    {
        "type": "message",
        "text": ":thinking_face:",
        "files": [
            {
                "id": "FVCSSH3PS",
                "created": 1584112910,
                "timestamp": 1584112910,
                "name": "Screenshot_20200313-152134.png",
                "title": "12449",
                "mimetype": "image\/png",
                "filetype": "png",
                "pretty_type": "PNG",
                "user": "U6S11D4CW",
                "user_team": "T0CJ5UNHK",
                "editable": false,
                "size": 333757,
                "mode": "hosted",
                "is_external": false,
                "external_type": "",
                "is_public": true,
                "public_url_shared": false,
                "display_as_bot": false,
                "username": "",
                "url_private": "https:\/\/files.slack.com\/files-pri\/T0CJ5UNHK-FVCSSH3PS\/screenshot_20200313-152134.png?t=xoxe-12617974597-4161669908275-4158800643077-be4ee8f84a2737e7b4245fe774276e65",
                "url_private_download": "https:\/\/files.slack.com\/files-pri\/T0CJ5UNHK-FVCSSH3PS\/download\/screenshot_20200313-152134.png?t=xoxe-12617974597-4161669908275-4158800643077-be4ee8f84a2737e7b4245fe774276e65",
                "media_display_type": "unknown",
                "thumb_64": "https:\/\/files.slack.com\/files-tmb\/T0CJ5UNHK-FVCSSH3PS-3bd1bc8074\/screenshot_20200313-152134_64.png?t=xoxe-12617974597-4161669908275-4158800643077-be4ee8f84a2737e7b4245fe774276e65",
                "thumb_80": "https:\/\/files.slack.com\/files-tmb\/T0CJ5UNHK-FVCSSH3PS-3bd1bc8074\/screenshot_20200313-152134_80.png?t=xoxe-12617974597-4161669908275-4158800643077-be4ee8f84a2737e7b4245fe774276e65",
                "thumb_360": "https:\/\/files.slack.com\/files-tmb\/T0CJ5UNHK-FVCSSH3PS-3bd1bc8074\/screenshot_20200313-152134_360.png?t=xoxe-12617974597-4161669908275-4158800643077-be4ee8f84a2737e7b4245fe774276e65",
                "thumb_360_w": 185,
                "thumb_360_h": 360,
                "thumb_480": "https:\/\/files.slack.com\/files-tmb\/T0CJ5UNHK-FVCSSH3PS-3bd1bc8074\/screenshot_20200313-152134_480.png?t=xoxe-12617974597-4161669908275-4158800643077-be4ee8f84a2737e7b4245fe774276e65",
                "thumb_480_w": 247,
                "thumb_480_h": 480,
                "thumb_160": "https:\/\/files.slack.com\/files-tmb\/T0CJ5UNHK-FVCSSH3PS-3bd1bc8074\/screenshot_20200313-152134_160.png?t=xoxe-12617974597-4161669908275-4158800643077-be4ee8f84a2737e7b4245fe774276e65",
                "thumb_720": "https:\/\/files.slack.com\/files-tmb\/T0CJ5UNHK-FVCSSH3PS-3bd1bc8074\/screenshot_20200313-152134_720.png?t=xoxe-12617974597-4161669908275-4158800643077-be4ee8f84a2737e7b4245fe774276e65",
                "thumb_720_w": 370,
                "thumb_720_h": 720,
                "thumb_800": "https:\/\/files.slack.com\/files-tmb\/T0CJ5UNHK-FVCSSH3PS-3bd1bc8074\/screenshot_20200313-152134_800.png?t=xoxe-12617974597-4161669908275-4158800643077-be4ee8f84a2737e7b4245fe774276e65",
                "thumb_800_w": 800,
                "thumb_800_h": 1556,
                "thumb_960": "https:\/\/files.slack.com\/files-tmb\/T0CJ5UNHK-FVCSSH3PS-3bd1bc8074\/screenshot_20200313-152134_960.png?t=xoxe-12617974597-4161669908275-4158800643077-be4ee8f84a2737e7b4245fe774276e65",
                "thumb_960_w": 494,
                "thumb_960_h": 960,
                "thumb_1024": "https:\/\/files.slack.com\/files-tmb\/T0CJ5UNHK-FVCSSH3PS-3bd1bc8074\/screenshot_20200313-152134_1024.png?t=xoxe-12617974597-4161669908275-4158800643077-be4ee8f84a2737e7b4245fe774276e65",
                "thumb_1024_w": 526,
                "thumb_1024_h": 1024,
                "image_exif_rotation": 1,
                "original_w": 1316,
                "original_h": 2560,
                "thumb_tiny": "AwAwABhjafLnjb+JpP7On\/2f++q1BuPJK5p+PWncdzJ\/s+f0X86PsFx6J+da1FFwuRquzgkdSeBT9w9aD16UmD6UhC5FLSZPpS0ANJy2AeaXDetQo8Kg\/vI+pPBFSedFj\/WJ\/wB9CgB3PfFLUfnxf89E\/wC+hR58X\/PVP++hQB\/\/2Q==",
                "permalink": "https:\/\/elmlang.slack.com\/files\/U6S11D4CW\/FVCSSH3PS\/screenshot_20200313-152134.png",
                "permalink_public": "https:\/\/slack-files.com\/T0CJ5UNHK-FVCSSH3PS-a47a14f274",
                "is_starred": false,
                "has_rich_preview": false,
                "file_access": "visible"
            }
        ],
        "upload": true,
        "user": "U6S11D4CW",
        "display_as_bot": false,
        "ts": "1584112926.058400",
        "blocks": [
            {
                "type": "rich_text",
                "block_id": "2ST",
                "elements": [
                    {
                        "type": "rich_text_section",
                        "elements": [
                            {
                                "type": "emoji",
                                "name": "thinking_face",
                                "unicode": "1f914"
                            }
                        ]
                    }
                ]
            }
        ],
        "client_msg_id": "b2d50d94-14ff-4ee2-9071-df7389a1d4bb",
        "thread_ts": "1584107524.057000",
        "parent_user_id": "UV0T7S0KV"
    },
    {
        "client_msg_id": "ff439288-5de0-4fa2-ae94-7567dd7aa609",
        "type": "message",
        "text": "Nice catch James.",
        "user": "U9LAE55JL",
        "ts": "1584116090.058800",
        "team": "T0CJ5UNHK",
        "user_team": "T0CJ5UNHK",
        "source_team": "T0CJ5UNHK",
        "user_profile": {
            "avatar_hash": "01aeaa74b7cf",
            "image_72": "https:\/\/avatars.slack-edge.com\/2019-11-20\/843242918192_01aeaa74b7cf244543f1_72.jpg",
            "first_name": "",
            "real_name": "Andrew J Lenards",
            "display_name": "lenards",
            "team": "T0CJ5UNHK",
            "name": "andrew.lenards",
            "is_restricted": false,
            "is_ultra_restricted": false
        },
        "blocks": [
            {
                "type": "rich_text",
                "block_id": "HdRz",
                "elements": [
                    {
                        "type": "rich_text_section",
                        "elements": [
                            {
                                "type": "text",
                                "text": "Nice catch James."
                            }
                        ]
                    }
                ]
            }
        ],
        "thread_ts": "1584107524.057000",
        "parent_user_id": "UV0T7S0KV"
    },
    {
        "client_msg_id": "d0b9657e-cdbc-45d2-9daf-7f475526d7f4",
        "type": "message",
        "text": "He he",
        "user": "UP0F4DUDB",
        "ts": "1584133905.060800",
        "team": "T0CJ5UNHK",
        "user_team": "T0CJ5UNHK",
        "source_team": "T0CJ5UNHK",
        "user_profile": {
            "avatar_hash": "e1f9414b7dde",
            "image_72": "https:\/\/avatars.slack-edge.com\/2021-07-18\/2292530040884_e1f9414b7dde63cc2c2c_72.jpg",
            "first_name": "Gaurav",
            "real_name": "Gaurav M",
            "display_name": "Gaurav M",
            "team": "T0CJ5UNHK",
            "name": "gauravashq",
            "is_restricted": false,
            "is_ultra_restricted": false
        },
        "blocks": [
            {
                "type": "rich_text",
                "block_id": "x4YC",
                "elements": [
                    {
                        "type": "rich_text_section",
                        "elements": [
                            {
                                "type": "text",
                                "text": "He he"
                            }
                        ]
                    }
                ]
            }
        ],
        "thread_ts": "1584107524.057000",
        "parent_user_id": "UV0T7S0KV"
    }
]