[
    {
        "client_msg_id": "227c5fc7-8c15-49ec-89c1-fe1aeff4ff33",
        "type": "message",
        "text": "Absolutely",
        "user": "U9NQF1HB9",
        "ts": "1609214467.270200",
        "team": "T0CJ5UNHK",
        "user_team": "T0CJ5UNHK",
        "source_team": "T0CJ5UNHK",
        "user_profile": {
            "avatar_hash": "g6ed8e87fe05",
            "image_72": "https:\/\/secure.gravatar.com\/avatar\/f6ed8e87fe05a249acfac253ef14bf0f.jpg?s=72&d=https%3A%2F%2Fa.slack-edge.com%2Fdf10d%2Fimg%2Favatars%2Fava_0002-72.png",
            "first_name": "",
            "real_name": "Scott Robertson",
            "display_name": "",
            "team": "T0CJ5UNHK",
            "name": "scottr",
            "is_restricted": false,
            "is_ultra_restricted": false
        },
        "blocks": [
            {
                "type": "rich_text",
                "block_id": "oS=k",
                "elements": [
                    {
                        "type": "rich_text_section",
                        "elements": [
                            {
                                "type": "text",
                                "text": "Absolutely"
                            }
                        ]
                    }
                ]
            }
        ],
        "thread_ts": "1608309896.266000",
        "parent_user_id": "U9NQF1HB9"
    }
]