[
    {
        "client_msg_id": "6c32b336-4149-4a5e-8b13-1ff628152ed3",
        "type": "message",
        "text": "By \"mobile version\" do you mean a webpage that fits well on mobile screens or do you mean a native mobile app?",
        "user": "U9RGY8ZAP",
        "ts": "1577957870.008200",
        "team": "T0CJ5UNHK",
        "user_team": "T0CJ5UNHK",
        "source_team": "T0CJ5UNHK",
        "user_profile": {
            "avatar_hash": "gc2057c0c875",
            "image_72": "https:\/\/secure.gravatar.com\/avatar\/3c2057c0c875ac8701a3edd33d9f5df1.jpg?s=72&d=https%3A%2F%2Fa.slack-edge.com%2Fdf10d%2Fimg%2Favatars%2Fava_0020-72.png",
            "first_name": "",
            "real_name": "Martin Stewart",
            "display_name": "",
            "team": "T0CJ5UNHK",
            "name": "martinsstewart",
            "is_restricted": false,
            "is_ultra_restricted": false
        },
        "blocks": [
            {
                "type": "rich_text",
                "block_id": "WZiM",
                "elements": [
                    {
                        "type": "rich_text_section",
                        "elements": [
                            {
                                "type": "text",
                                "text": "By \"mobile version\" do you mean a webpage that fits well on mobile screens or do you mean a native mobile app?"
                            }
                        ]
                    }
                ]
            }
        ],
        "thread_ts": "1577947673.007500",
        "parent_user_id": "U0J8D9M2P"
    },
    {
        "client_msg_id": "2D6146CC-0238-4CD3-A634-874C9E5F0AD6",
        "type": "message",
        "text": "It's a mobile website. ",
        "user": "U0J8D9M2P",
        "ts": "1577961529.008600",
        "team": "T0CJ5UNHK",
        "user_team": "T0CJ5UNHK",
        "source_team": "T0CJ5UNHK",
        "user_profile": {
            "avatar_hash": "g15c251f9eb0",
            "image_72": "https:\/\/secure.gravatar.com\/avatar\/115c251f9eb08a27b771219db85de4c0.jpg?s=72&d=https%3A%2F%2Fa.slack-edge.com%2Fdf10d%2Fimg%2Favatars%2Fava_0013-72.png",
            "first_name": "",
            "real_name": "akoppela",
            "display_name": "",
            "team": "T0CJ5UNHK",
            "name": "akoppela",
            "is_restricted": false,
            "is_ultra_restricted": false
        },
        "blocks": [
            {
                "type": "rich_text",
                "block_id": "kBSKx",
                "elements": [
                    {
                        "type": "rich_text_section",
                        "elements": [
                            {
                                "type": "text",
                                "text": "It's a mobile website. "
                            }
                        ]
                    }
                ]
            }
        ],
        "thread_ts": "1577947673.007500",
        "parent_user_id": "U0J8D9M2P",
        "reactions": [
            {
                "name": "+1",
                "users": [
                    "U9RGY8ZAP",
                    "URC17DK7Y"
                ],
                "count": 2
            }
        ]
    }
]