[
    {
        "client_msg_id": "71ce2633-2b46-48d6-9a25-5e36ad130e23",
        "type": "message",
        "text": "| Seeking work | Remote Part Time | Developer |\nElm, Svelte, and various experience with other JS frameworks.\n<https:\/\/www.linkedin.com\/in\/rwoodnz>\nDM me to discuss.",
        "user": "U1UMF9XSP",
        "ts": "1600164595.017100",
        "team": "T0CJ5UNHK",
        "user_team": "T0CJ5UNHK",
        "source_team": "T0CJ5UNHK",
        "user_profile": {
            "avatar_hash": "g17e3e335ccf",
            "image_72": "https:\/\/secure.gravatar.com\/avatar\/617e3e335ccfa0beaf98fdca0a4cebf4.jpg?s=72&d=https%3A%2F%2Fa.slack-edge.com%2Fdf10d%2Fimg%2Favatars%2Fava_0002-72.png",
            "first_name": "Richard",
            "real_name": "Richard Wood",
            "display_name": "rwoodnz",
            "team": "T0CJ5UNHK",
            "name": "rwoodnz",
            "is_restricted": false,
            "is_ultra_restricted": false
        },
        "blocks": [
            {
                "type": "rich_text",
                "block_id": "vJ7",
                "elements": [
                    {
                        "type": "rich_text_section",
                        "elements": [
                            {
                                "type": "text",
                                "text": "| Seeking work | Remote Part Time | Developer |\nElm, Svelte, and various experience with other JS frameworks.\n"
                            },
                            {
                                "type": "link",
                                "url": "https:\/\/www.linkedin.com\/in\/rwoodnz"
                            },
                            {
                                "type": "text",
                                "text": "\nDM me to discuss."
                            }
                        ]
                    }
                ]
            }
        ]
    }
]