[
    {
        "client_msg_id": "c40732b4-81c5-4bb5-8950-236426bf0f3b",
        "type": "message",
        "text": "| Lindenbaum | :flag-de: Karlsruhe, Germany on-site | Product UI Engineer |\n\nLindenbaum GmbH (<https:\/\/lindenbaum.eu>) produces conference call and other real time communication solutions.\n\nWe are looking for Elm developers, to support the development of our upcoming application to schedule and run conference calls.\n\nAs a bonus, if you happen to known Haskell, you might get to support some existing Haskell projects at Lindenbaum.\n\nAt one point we even thought about using Miso\/GHCJS instead of Elm.\n\nOur development team works with Haskell, Elm, Java, Kotlin, C, Erlang, JavaScript, Typescript. Telephony, audio, video, databases, network and web UIs are our topics. We care about the principles of software craftsmanship. We develop in pair, review our code, test, integrate and install our software automated. Our processes follow agile principles. In addition, we support the operation of our customers and operate our own solution.\n\n*For new product developments we want more.*\n\nWe want more functionality, more automatic test coverage, better usability, more performance, better processes, less legacy code.\n\n*We need you for that!*\n\n*What you will find here with us:*\n•     Flat hierarchies, short decision-making channels and creative freedom\n•     An interesting and varied work\n•     Variable working hours for sufficient flexibility to reconcile work and family life\n•     Home office days possible \n•     Permanent employment and performance-related remuneration\n•     A workplace in the center of Karlsruhe\nSo, if you like to apply, please send me a message here or at <mailto:sven.heyll@lindenbaum.eu|sven.heyll@lindenbaum.eu>\n\nTo give back to the community, I will share the actual number of applicants, on the reddit post at <https:\/\/www.reddit.com\/r\/elm\/comments\/eyssts\/hiring_elmand_possibly_haskell_developer_fulltime\/>, that mirrors this offer.",
        "user": "UTLEMC50E",
        "ts": "1580836091.017200",
        "team": "T0CJ5UNHK",
        "user_team": "T0CJ5UNHK",
        "source_team": "T0CJ5UNHK",
        "user_profile": {
            "avatar_hash": "b9165be73571",
            "image_72": "https:\/\/avatars.slack-edge.com\/2020-02-04\/924909126275_b9165be73571aa1e5693_72.jpg",
            "first_name": "",
            "real_name": "Sven Heyll",
            "display_name": "Sven Heyll",
            "team": "T0CJ5UNHK",
            "name": "sven.heyll963",
            "is_restricted": false,
            "is_ultra_restricted": false
        },
        "edited": {
            "user": "UTLEMC50E",
            "ts": "1580836516.000000"
        },
        "attachments": [
            {
                "service_name": "Lindenbaum",
                "title": "Lindenbaum Conferencing | Conferencing-Lösungen Made in Germany",
                "title_link": "https:\/\/lindenbaum.eu\/",
                "text": "Conferencing seit 1999 am Serverstandort Deutschland – Telefonkonferenzen, Web-Meetings und Web-Präsentationen! Einwahlnummern weltweit.",
                "fallback": "Lindenbaum: Lindenbaum Conferencing | Conferencing-Lösungen Made in Germany",
                "from_url": "https:\/\/lindenbaum.eu\/",
                "service_icon": "https:\/\/www.lindenbaum.eu\/wp-content\/uploads\/2016\/03\/cropped-siteicon-180x180.png",
                "id": 1,
                "original_url": "https:\/\/lindenbaum.eu"
            },
            {
                "service_name": "reddit",
                "title": "[Hiring] Elm(and possibly Haskell) Developer, full-time, Karlsruhe, Germany",
                "title_link": "https:\/\/www.reddit.com\/r\/elm\/comments\/eyssts\/hiring_elmand_possibly_haskell_developer_fulltime\/",
                "text": "Dear Redditors, the company, I work for, [Lindenbaum GmbH](<http:\/\/lindenbaum.eu>), produces conference call and other real time communication...",
                "fallback": "reddit: [Hiring] Elm(and possibly Haskell) Developer, full-time, Karlsruhe, Germany",
                "thumb_url": "https:\/\/www.redditstatic.com\/new-icon.png",
                "from_url": "https:\/\/www.reddit.com\/r\/elm\/comments\/eyssts\/hiring_elmand_possibly_haskell_developer_fulltime\/",
                "thumb_width": 256,
                "thumb_height": 256,
                "service_icon": "http:\/\/www.redditstatic.com\/desktop2x\/img\/favicon\/apple-icon-57x57.png",
                "id": 2,
                "original_url": "https:\/\/www.reddit.com\/r\/elm\/comments\/eyssts\/hiring_elmand_possibly_haskell_developer_fulltime\/"
            }
        ],
        "blocks": [
            {
                "type": "rich_text",
                "block_id": "1vskb",
                "elements": [
                    {
                        "type": "rich_text_section",
                        "elements": [
                            {
                                "type": "text",
                                "text": "| Lindenbaum | "
                            },
                            {
                                "type": "emoji",
                                "name": "flag-de",
                                "unicode": "1f1e9-1f1ea"
                            },
                            {
                                "type": "text",
                                "text": " Karlsruhe, Germany on-site | Product UI Engineer |\n\nLindenbaum GmbH ("
                            },
                            {
                                "type": "link",
                                "url": "https:\/\/lindenbaum.eu"
                            },
                            {
                                "type": "text",
                                "text": ") produces conference call and other real time communication solutions.\n\nWe are looking for Elm developers, to support the development of our upcoming application to schedule and run conference calls.\n\nAs a bonus, if you happen to known Haskell, you might get to support some existing Haskell projects at Lindenbaum.\n\nAt one point we even thought about using Miso\/GHCJS instead of Elm.\n\nOur development team works with Haskell, Elm, Java, Kotlin, C, Erlang, JavaScript, Typescript. Telephony, audio, video, databases, network and web UIs are our topics. We care about the principles of software craftsmanship. We develop in pair, review our code, test, integrate and install our software automated. Our processes follow agile principles. In addition, we support the operation of our customers and operate our own solution.\n\n"
                            },
                            {
                                "type": "text",
                                "text": "For new product developments we want more.",
                                "style": {
                                    "bold": true
                                }
                            },
                            {
                                "type": "text",
                                "text": "\n\nWe want more functionality, more automatic test coverage, better usability, more performance, better processes, less legacy code.\n\n"
                            },
                            {
                                "type": "text",
                                "text": "We need you for that!",
                                "style": {
                                    "bold": true
                                }
                            },
                            {
                                "type": "text",
                                "text": "\n\n"
                            },
                            {
                                "type": "text",
                                "text": "What you will find here with us:",
                                "style": {
                                    "bold": true
                                }
                            },
                            {
                                "type": "text",
                                "text": "\n"
                            }
                        ]
                    },
                    {
                        "type": "rich_text_list",
                        "elements": [
                            {
                                "type": "rich_text_section",
                                "elements": [
                                    {
                                        "type": "text",
                                        "text": "    Flat hierarchies, short decision-making channels and creative freedom"
                                    }
                                ]
                            },
                            {
                                "type": "rich_text_section",
                                "elements": [
                                    {
                                        "type": "text",
                                        "text": "    An interesting and varied work"
                                    }
                                ]
                            },
                            {
                                "type": "rich_text_section",
                                "elements": [
                                    {
                                        "type": "text",
                                        "text": "    Variable working hours for sufficient flexibility to reconcile work and family life"
                                    }
                                ]
                            },
                            {
                                "type": "rich_text_section",
                                "elements": [
                                    {
                                        "type": "text",
                                        "text": "    Home office days possible "
                                    }
                                ]
                            },
                            {
                                "type": "rich_text_section",
                                "elements": [
                                    {
                                        "type": "text",
                                        "text": "    Permanent employment and performance-related remuneration"
                                    }
                                ]
                            },
                            {
                                "type": "rich_text_section",
                                "elements": [
                                    {
                                        "type": "text",
                                        "text": "    A workplace in the center of Karlsruhe"
                                    }
                                ]
                            }
                        ],
                        "style": "bullet",
                        "indent": 0
                    },
                    {
                        "type": "rich_text_section",
                        "elements": [
                            {
                                "type": "text",
                                "text": "\nSo, if you like to apply, please send me a message here or at "
                            },
                            {
                                "type": "link",
                                "url": "mailto:sven.heyll@lindenbaum.eu",
                                "text": "sven.heyll@lindenbaum.eu"
                            },
                            {
                                "type": "text",
                                "text": "\n\nTo give back to the community, I will share the actual number of applicants, on the reddit post at "
                            },
                            {
                                "type": "link",
                                "url": "https:\/\/www.reddit.com\/r\/elm\/comments\/eyssts\/hiring_elmand_possibly_haskell_developer_fulltime\/"
                            },
                            {
                                "type": "text",
                                "text": ", that mirrors this offer."
                            }
                        ]
                    }
                ]
            }
        ],
        "reactions": [
            {
                "name": "+1",
                "users": [
                    "U2ZKEFM9V",
                    "UP6UWK3J4",
                    "U17TXDBJR",
                    "U3R7CKQRX",
                    "U4G0M9E6Q",
                    "U44R1N656",
                    "UHJ1JKTGS",
                    "USUC2N83A",
                    "U4KFY2V6V",
                    "U6W94V48G"
                ],
                "count": 10
            }
        ]
    }
]