[
    {
        "client_msg_id": "927a3a42-27e6-4251-93cb-9a0b374b2ec0",
        "type": "message",
        "text": "hi there! that first requirement seems rather out of place in my opinion :smiley: just a piece of unsollicited feedback.",
        "user": "U0U6ML22H",
        "ts": "1579854483.007600",
        "team": "T0CJ5UNHK",
        "user_team": "T0CJ5UNHK",
        "source_team": "T0CJ5UNHK",
        "user_profile": {
            "avatar_hash": "334f65bb1565",
            "image_72": "https:\/\/avatars.slack-edge.com\/2020-12-07\/1578968688208_334f65bb156586411238_72.jpg",
            "first_name": "Augustin",
            "real_name": "Augustin Ragon",
            "display_name": "Augustin",
            "team": "T0CJ5UNHK",
            "name": "augustin82",
            "is_restricted": false,
            "is_ultra_restricted": false
        },
        "blocks": [
            {
                "type": "rich_text",
                "block_id": "7Hl",
                "elements": [
                    {
                        "type": "rich_text_section",
                        "elements": [
                            {
                                "type": "text",
                                "text": "hi there! that first requirement seems rather out of place in my opinion "
                            },
                            {
                                "type": "emoji",
                                "name": "smiley",
                                "unicode": "1f603"
                            },
                            {
                                "type": "text",
                                "text": " just a piece of unsollicited feedback."
                            }
                        ]
                    }
                ]
            }
        ],
        "thread_ts": "1579817974.006100",
        "parent_user_id": "U975N7BDY"
    },
    {
        "client_msg_id": "256ee5be-de0d-4c31-964e-1d9ffeb0355f",
        "type": "message",
        "text": "<@U0U6ML22H> agreed, actually... but I always favour being transparent about these situations.",
        "user": "U975N7BDY",
        "ts": "1579855776.007900",
        "team": "T0CJ5UNHK",
        "user_team": "T0CJ5UNHK",
        "source_team": "T0CJ5UNHK",
        "user_profile": {
            "avatar_hash": "2c8edda4b1e9",
            "image_72": "https:\/\/avatars.slack-edge.com\/2019-11-09\/830338793302_2c8edda4b1e95bd3431b_72.jpg",
            "first_name": "declension",
            "real_name": "declension",
            "display_name": "Nick B",
            "team": "T0CJ5UNHK",
            "name": "nick243",
            "is_restricted": false,
            "is_ultra_restricted": false
        },
        "blocks": [
            {
                "type": "rich_text",
                "block_id": "NoR=",
                "elements": [
                    {
                        "type": "rich_text_section",
                        "elements": [
                            {
                                "type": "user",
                                "user_id": "U0U6ML22H"
                            },
                            {
                                "type": "text",
                                "text": " agreed, actually... but I always favour being transparent about these situations."
                            }
                        ]
                    }
                ]
            }
        ],
        "thread_ts": "1579817974.006100",
        "parent_user_id": "U975N7BDY"
    },
    {
        "client_msg_id": "51a43f4a-7171-4555-9b79-43e2c69f6b30",
        "type": "message",
        "text": "We got someone from your great community. Thank you all.",
        "user": "USNGEL3NE",
        "ts": "1579880717.008700",
        "team": "T0CJ5UNHK",
        "user_team": "T0CJ5UNHK",
        "source_team": "T0CJ5UNHK",
        "user_profile": {
            "avatar_hash": "gd76a3af38e6",
            "image_72": "https:\/\/secure.gravatar.com\/avatar\/d76a3af38e69ae0ef8dc54efa09d60eb.jpg?s=72&d=https%3A%2F%2Fa.slack-edge.com%2Fdf10d%2Fimg%2Favatars%2Fava_0014-72.png",
            "first_name": "",
            "real_name": "Greg T",
            "display_name": "Greg T",
            "team": "T0CJ5UNHK",
            "name": "greg961",
            "is_restricted": false,
            "is_ultra_restricted": false
        },
        "blocks": [
            {
                "type": "rich_text",
                "block_id": "7Mg",
                "elements": [
                    {
                        "type": "rich_text_section",
                        "elements": [
                            {
                                "type": "text",
                                "text": "We got someone from your great community. Thank you all."
                            }
                        ]
                    }
                ]
            }
        ],
        "thread_ts": "1579802603.001000",
        "parent_user_id": "USNGEL3NE"
    }
]