[
    {
        "client_msg_id": "04b8e71b-5059-44b2-bab8-8d9e4b29580a",
        "type": "message",
        "text": "I Seeking internship |\nMy son Nathan, who is preparing a master’s degree in Software Engineering, was due to leave next month for a final internship in Singapore. Unfortunately the university has just added Singapore to the list of forbidden destinations because of the coronavirus :cry:\nDo you have any leads for him? (not necessarily in Elm, it could be another technology and\/or Back-end development)",
        "user": "U5Z3Y472L",
        "ts": "1582104307.028800",
        "team": "T0CJ5UNHK",
        "user_team": "T0CJ5UNHK",
        "source_team": "T0CJ5UNHK",
        "user_profile": {
            "avatar_hash": "146a9fcaa21c",
            "image_72": "https:\/\/avatars.slack-edge.com\/2021-11-08\/2712136133409_146a9fcaa21c92e7be55_72.jpg",
            "first_name": "Pascal",
            "real_name": "Pascal Le Merrer",
            "display_name": "pascal.lemerrer",
            "team": "T0CJ5UNHK",
            "name": "pascal.lemerrer",
            "is_restricted": false,
            "is_ultra_restricted": false
        },
        "blocks": [
            {
                "type": "rich_text",
                "block_id": "rVxNG",
                "elements": [
                    {
                        "type": "rich_text_section",
                        "elements": [
                            {
                                "type": "text",
                                "text": "I Seeking internship |\nMy son Nathan, who is preparing a master’s degree in Software Engineering, was due to leave next month for a final internship in Singapore. Unfortunately the university has just added Singapore to the list of forbidden destinations because of the coronavirus "
                            },
                            {
                                "type": "emoji",
                                "name": "cry",
                                "unicode": "1f622"
                            },
                            {
                                "type": "text",
                                "text": "\nDo you have any leads for him? (not necessarily in Elm, it could be another technology and\/or Back-end development)"
                            }
                        ]
                    }
                ]
            }
        ],
        "reactions": [
            {
                "name": "+1",
                "users": [
                    "UT485LLNT",
                    "U0JM2UDCG"
                ],
                "count": 2
            }
        ]
    }
]