[
    {
        "client_msg_id": "1f71827d-5d18-418e-b8d1-999f69aa8fca",
        "type": "message",
        "text": "~| Chefclub | France + freelance | Front-end Engineer |~\n~Chefclub is looking for an experienced Elm developer to help us improving\/adding features on our internal operation platform built 100% with Elm.~\n~The platform is used daily by 20 people and is at the core of our recipes creation process.~\n\n~If you are a foody and Elm lover, you know where to go ;)~\n\n<https:\/\/chefclub.tv>",
        "user": "USNGEL3NE",
        "ts": "1579802603.001000",
        "team": "T0CJ5UNHK",
        "user_team": "T0CJ5UNHK",
        "source_team": "T0CJ5UNHK",
        "user_profile": {
            "avatar_hash": "gd76a3af38e6",
            "image_72": "https:\/\/secure.gravatar.com\/avatar\/d76a3af38e69ae0ef8dc54efa09d60eb.jpg?s=72&d=https%3A%2F%2Fa.slack-edge.com%2Fdf10d%2Fimg%2Favatars%2Fava_0014-72.png",
            "first_name": "",
            "real_name": "Greg T",
            "display_name": "Greg T",
            "team": "T0CJ5UNHK",
            "name": "greg961",
            "is_restricted": false,
            "is_ultra_restricted": false
        },
        "edited": {
            "user": "USNGEL3NE",
            "ts": "1579880693.000000"
        },
        "attachments": [
            {
                "title": "Chefclub - S’amuser en cuisine",
                "title_link": "https:\/\/chefclub.tv\/",
                "text": "Chefclub rassemble tout le monde dans la cuisine en créant des recettes inspirantes, amusantes et faciles. Retrouvez les vidéos et la boutique.",
                "fallback": "Chefclub - S’amuser en cuisine",
                "from_url": "https:\/\/chefclub.tv\/",
                "service_icon": "https:\/\/cdn-web.chefclub.tools\/static\/assets\/favicons\/180x180.png",
                "service_name": "chefclub.tv",
                "id": 1,
                "original_url": "https:\/\/chefclub.tv"
            }
        ],
        "blocks": [
            {
                "type": "rich_text",
                "block_id": "ku2sv",
                "elements": [
                    {
                        "type": "rich_text_section",
                        "elements": [
                            {
                                "type": "text",
                                "text": "| Chefclub | France + freelance | Front-end Engineer |",
                                "style": {
                                    "strike": true
                                }
                            },
                            {
                                "type": "text",
                                "text": "\n"
                            },
                            {
                                "type": "text",
                                "text": "Chefclub is looking for an experienced Elm developer to help us improving\/adding features on our internal operation platform built 100% with Elm.",
                                "style": {
                                    "strike": true
                                }
                            },
                            {
                                "type": "text",
                                "text": "\n"
                            },
                            {
                                "type": "text",
                                "text": "The platform is used daily by 20 people and is at the core of our recipes creation process.",
                                "style": {
                                    "strike": true
                                }
                            },
                            {
                                "type": "text",
                                "text": "\n\n"
                            },
                            {
                                "type": "text",
                                "text": "If you are a foody and Elm lover, you know where to go ;)",
                                "style": {
                                    "strike": true
                                }
                            },
                            {
                                "type": "text",
                                "text": "\n\n"
                            },
                            {
                                "type": "link",
                                "url": "https:\/\/chefclub.tv"
                            }
                        ]
                    }
                ]
            }
        ],
        "thread_ts": "1579802603.001000",
        "reply_count": 1,
        "reply_users_count": 1,
        "latest_reply": "1579880717.008700",
        "reply_users": [
            "USNGEL3NE"
        ],
        "replies": [
            {
                "user": "USNGEL3NE",
                "ts": "1579880717.008700"
            }
        ],
        "is_locked": false,
        "subscribed": false,
        "reactions": [
            {
                "name": "+1",
                "users": [
                    "U44R1N656",
                    "UA50RDC79",
                    "U59LRV7UZ",
                    "URL5RV0QK",
                    "U6LL9UU48",
                    "UPP4S79FZ",
                    "US8SCRD71"
                ],
                "count": 7
            },
            {
                "name": "fr",
                "users": [
                    "UBWGL03MF",
                    "U5R6L5MT4"
                ],
                "count": 2
            },
            {
                "name": "wave",
                "users": [
                    "U25KE5A1F"
                ],
                "count": 1
            }
        ]
    },
    {
        "client_msg_id": "a12688a6-f287-4047-b050-b2d50f55d492",
        "type": "message",
        "text": "| ARRIVAL | :flag-gb: London, 80%+ on-site | Elm (&amp; Haskell \/ Python) Developer |\n\n:oncoming_bus: We're hiring more Elm expertise to help rethink Electric Vehicle design in the 21st century!\n\n• Degree \/ masters in numerical subject from a top university required\n• Work on ~95% Elm front-end, and help with \/ learn Python, C++, Haskell, Kubernetes, Terraform, Machine Learning, CAD in our other codebases\n• Rapid iteration and start-up mentality.\n• Great team, pay, benefits, plus delicious catered food &amp; coffee\nPM me for application details\n\n<https:\/\/arrival.com\/>",
        "user": "U975N7BDY",
        "ts": "1579817974.006100",
        "team": "T0CJ5UNHK",
        "user_team": "T0CJ5UNHK",
        "source_team": "T0CJ5UNHK",
        "user_profile": {
            "avatar_hash": "2c8edda4b1e9",
            "image_72": "https:\/\/avatars.slack-edge.com\/2019-11-09\/830338793302_2c8edda4b1e95bd3431b_72.jpg",
            "first_name": "declension",
            "real_name": "declension",
            "display_name": "Nick B",
            "team": "T0CJ5UNHK",
            "name": "nick243",
            "is_restricted": false,
            "is_ultra_restricted": false
        },
        "attachments": [
            {
                "service_name": "arrival.com",
                "title": "Arrival — Electric vehicles, Electric components, Sustainable energy",
                "title_link": "https:\/\/arrival.com\/",
                "text": "We’re making electric vehicles mainstream by making vans, trucks, electric components and sustainable energy solutions with innovative design and no price premium",
                "fallback": "arrival.com: Arrival — Electric vehicles, Electric components, Sustainable energy",
                "from_url": "https:\/\/arrival.com\/",
                "service_icon": "https:\/\/arrival.com\/static\/favicon.ico",
                "id": 1,
                "original_url": "https:\/\/arrival.com\/"
            }
        ],
        "blocks": [
            {
                "type": "rich_text",
                "block_id": "mSa",
                "elements": [
                    {
                        "type": "rich_text_section",
                        "elements": [
                            {
                                "type": "text",
                                "text": "| ARRIVAL | "
                            },
                            {
                                "type": "emoji",
                                "name": "flag-gb",
                                "unicode": "1f1ec-1f1e7"
                            },
                            {
                                "type": "text",
                                "text": " London, 80%+ on-site | Elm (& Haskell \/ Python) Developer |\n\n"
                            },
                            {
                                "type": "emoji",
                                "name": "oncoming_bus",
                                "unicode": "1f68d"
                            },
                            {
                                "type": "text",
                                "text": " We're hiring more Elm expertise to help rethink Electric Vehicle design in the 21st century!\n\n"
                            }
                        ]
                    },
                    {
                        "type": "rich_text_list",
                        "elements": [
                            {
                                "type": "rich_text_section",
                                "elements": [
                                    {
                                        "type": "text",
                                        "text": "Degree \/ masters in numerical subject from a top university required"
                                    }
                                ]
                            },
                            {
                                "type": "rich_text_section",
                                "elements": [
                                    {
                                        "type": "text",
                                        "text": "Work on ~95% Elm front-end, and help with \/ learn Python, C++, Haskell, Kubernetes, Terraform, Machine Learning, CAD in our other codebases"
                                    }
                                ]
                            },
                            {
                                "type": "rich_text_section",
                                "elements": [
                                    {
                                        "type": "text",
                                        "text": "Rapid iteration and start-up mentality."
                                    }
                                ]
                            },
                            {
                                "type": "rich_text_section",
                                "elements": [
                                    {
                                        "type": "text",
                                        "text": "Great team, pay, benefits, plus delicious catered food & coffee"
                                    }
                                ]
                            }
                        ],
                        "style": "bullet",
                        "indent": 0
                    },
                    {
                        "type": "rich_text_section",
                        "elements": [
                            {
                                "type": "text",
                                "text": "\nPM me for application details\n\n"
                            },
                            {
                                "type": "link",
                                "url": "https:\/\/arrival.com\/"
                            }
                        ]
                    }
                ]
            }
        ],
        "thread_ts": "1579817974.006100",
        "reply_count": 3,
        "reply_users_count": 3,
        "latest_reply": "1580377470.010600",
        "reply_users": [
            "U0U6ML22H",
            "U975N7BDY",
            "UK2BTEQV7"
        ],
        "replies": [
            {
                "user": "U0U6ML22H",
                "ts": "1579854483.007600"
            },
            {
                "user": "U975N7BDY",
                "ts": "1579855776.007900"
            },
            {
                "user": "UK2BTEQV7",
                "ts": "1580377470.010600"
            }
        ],
        "is_locked": false,
        "subscribed": false,
        "reactions": [
            {
                "name": "+1",
                "users": [
                    "U18UD6T3J",
                    "UPP4S79FZ",
                    "U0KEKHS3H",
                    "U44R1N656",
                    "UTLEMC50E"
                ],
                "count": 5
            }
        ]
    }
]