[
    {
        "client_msg_id": "c97f3835-473d-4baa-8121-ee621ecd154d",
        "type": "message",
        "text": "maybe a language with Strong typing is more alive",
        "user": "U2W8CSAQ7",
        "ts": "1582888726.022600",
        "team": "T0CJ5UNHK",
        "user_team": "T0CJ5UNHK",
        "source_team": "T0CJ5UNHK",
        "user_profile": {
            "avatar_hash": "g26b5eab242a",
            "image_72": "https:\/\/secure.gravatar.com\/avatar\/d26b5eab242a26fe1a65524d4c1e734f.jpg?s=72&d=https%3A%2F%2Fa.slack-edge.com%2Fdf10d%2Fimg%2Favatars%2Fava_0016-72.png",
            "first_name": "Runar",
            "real_name": "Runar Furenes",
            "display_name": "ruf",
            "team": "T0CJ5UNHK",
            "name": "ruf",
            "is_restricted": false,
            "is_ultra_restricted": false
        },
        "blocks": [
            {
                "type": "rich_text",
                "block_id": "wV2O",
                "elements": [
                    {
                        "type": "rich_text_section",
                        "elements": [
                            {
                                "type": "text",
                                "text": "maybe a language with Strong typing is more alive"
                            }
                        ]
                    }
                ]
            }
        ],
        "thread_ts": "1582828094.013100",
        "parent_user_id": "UULSNDT8X"
    },
    {
        "client_msg_id": "9278e21c-40bc-40ca-8bb6-2c319ad1858f",
        "type": "message",
        "text": "I feel Elm is having similar trajectory than Haskell, both of this languages I rarely see on a position in my country, but on the other hand I see them being used and appreciated in other markets and important projects.",
        "user": "U2ZKEFM9V",
        "ts": "1582894921.023000",
        "team": "T0CJ5UNHK",
        "user_team": "T0CJ5UNHK",
        "source_team": "T0CJ5UNHK",
        "user_profile": {
            "avatar_hash": "8faaca3aee56",
            "image_72": "https:\/\/avatars.slack-edge.com\/2019-07-15\/683420890450_8faaca3aee56c9ae90f4_72.jpg",
            "first_name": "José",
            "real_name": "José Pablo Leandro Martín",
            "display_name": "arguser",
            "team": "T0CJ5UNHK",
            "name": "arguser",
            "is_restricted": false,
            "is_ultra_restricted": false
        },
        "blocks": [
            {
                "type": "rich_text",
                "block_id": "1Ga",
                "elements": [
                    {
                        "type": "rich_text_section",
                        "elements": [
                            {
                                "type": "text",
                                "text": "I feel Elm is having similar trajectory than Haskell, both of this languages I rarely see on a position in my country, but on the other hand I see them being used and appreciated in other markets and important projects."
                            }
                        ]
                    }
                ]
            }
        ],
        "thread_ts": "1582828316.013500",
        "parent_user_id": "UB0UX3FJ9"
    },
    {
        "client_msg_id": "ad2fe35d-3849-4050-a985-4f8a8ec6731a",
        "type": "message",
        "text": "I've successfully used elm in a small business, almost entirely of my own volition. Did have to go with React for the most complex part, though, purely from a risk perspective, which is mildly annoying.",
        "user": "URC9VCJLX",
        "ts": "1582895421.023400",
        "team": "T0CJ5UNHK",
        "user_team": "T0CJ5UNHK",
        "source_team": "T0CJ5UNHK",
        "user_profile": {
            "avatar_hash": "g658594552bd",
            "image_72": "https:\/\/secure.gravatar.com\/avatar\/658594552bdedea12ef54ac9f70bf9d9.jpg?s=72&d=https%3A%2F%2Fa.slack-edge.com%2Fdf10d%2Fimg%2Favatars%2Fava_0003-72.png",
            "first_name": "Alex",
            "real_name": "Alex",
            "display_name": "Alex",
            "team": "T0CJ5UNHK",
            "name": "alex083",
            "is_restricted": false,
            "is_ultra_restricted": false
        },
        "blocks": [
            {
                "type": "rich_text",
                "block_id": "Fb4U",
                "elements": [
                    {
                        "type": "rich_text_section",
                        "elements": [
                            {
                                "type": "text",
                                "text": "I've successfully used elm in a small business, almost entirely of my own volition. Did have to go with React for the most complex part, though, purely from a risk perspective, which is mildly annoying."
                            }
                        ]
                    }
                ]
            }
        ],
        "thread_ts": "1582645128.005800",
        "parent_user_id": "U1UMF9XSP"
    }
]