[
    {
        "client_msg_id": "b66c0d0b-0e7c-4702-9e42-f8581a8992e9",
        "type": "message",
        "text": "My apologies but it looks like this must be a US-based candidate.",
        "user": "U1Z2E5ZP1",
        "ts": "1585158893.000600",
        "team": "T0CJ5UNHK",
        "user_team": "T0CJ5UNHK",
        "source_team": "T0CJ5UNHK",
        "user_profile": {
            "avatar_hash": "g8fd2feb1f0a",
            "image_72": "https:\/\/secure.gravatar.com\/avatar\/a8fd2feb1f0af140260897305373d3fe.jpg?s=72&d=https%3A%2F%2Fa.slack-edge.com%2Fdf10d%2Fimg%2Favatars%2Fava_0014-72.png",
            "first_name": "Andrew",
            "real_name": "Andrew Silvernail",
            "display_name": "andrew.s",
            "team": "T0CJ5UNHK",
            "name": "andrew.s",
            "is_restricted": false,
            "is_ultra_restricted": false
        },
        "blocks": [
            {
                "type": "rich_text",
                "block_id": "=PQaL",
                "elements": [
                    {
                        "type": "rich_text_section",
                        "elements": [
                            {
                                "type": "text",
                                "text": "My apologies but it looks like this must be a US-based candidate."
                            }
                        ]
                    }
                ]
            }
        ],
        "thread_ts": "1584992325.075400",
        "parent_user_id": "U1Z2E5ZP1",
        "reactions": [
            {
                "name": "pensive",
                "users": [
                    "ULVRD5ECW"
                ],
                "count": 1
            }
        ]
    },
    {
        "client_msg_id": "5091d95f-6d45-4050-95ce-82d24b9c0ac8",
        "type": "message",
        "text": "Ah bummer :disappointed:",
        "user": "UF1CWE6DC",
        "ts": "1585159176.000800",
        "team": "T0CJ5UNHK",
        "user_team": "T0CJ5UNHK",
        "source_team": "T0CJ5UNHK",
        "user_profile": {
            "avatar_hash": "d1396f065b96",
            "image_72": "https:\/\/avatars.slack-edge.com\/2022-08-11\/3914179540759_d1396f065b962a082dad_72.png",
            "first_name": "Hayleigh",
            "real_name": "Hayleigh Thompson",
            "display_name": "hayleigh",
            "team": "T0CJ5UNHK",
            "name": "andrew.thompson",
            "is_restricted": false,
            "is_ultra_restricted": false
        },
        "blocks": [
            {
                "type": "rich_text",
                "block_id": "=BS",
                "elements": [
                    {
                        "type": "rich_text_section",
                        "elements": [
                            {
                                "type": "text",
                                "text": "Ah bummer "
                            },
                            {
                                "type": "emoji",
                                "name": "disappointed",
                                "unicode": "1f61e"
                            }
                        ]
                    }
                ]
            }
        ],
        "thread_ts": "1584992325.075400",
        "parent_user_id": "U1Z2E5ZP1"
    }
]