[
    {
        "client_msg_id": "39b59133-5c4e-4663-bccf-8a60d7c13b64",
        "type": "message",
        "text": "*Opsly | Remote | Front-end Engineer (Elm)* \nHi everyone!\nI’m Dhiraj, Founder of Opsly. *Opsly* is a low-code platform for developers to design their cloud infrastructure and deploy applications to AWS, Azure, GCP using a drag-and-drop interface. We’re currently looking for an Elm developer to help us with coding the drag-and-drop and build other interfaces of the product.\nPlease reach out if you are interested to join us ! :wave:\n<http:\/\/www.opslycloud.com|www.opslycloud.com>",
        "user": "U01RJSSJ5TL",
        "ts": "1615991180.005700",
        "team": "T0CJ5UNHK",
        "user_team": "T0CJ5UNHK",
        "source_team": "T0CJ5UNHK",
        "user_profile": {
            "avatar_hash": "5f8762476db5",
            "image_72": "https:\/\/avatars.slack-edge.com\/2021-03-17\/1870918559123_5f8762476db5393540bc_72.png",
            "first_name": "Dhiraj",
            "real_name": "Dhiraj Narwani",
            "display_name": "Dhiraj Narwani",
            "team": "T0CJ5UNHK",
            "name": "dhiraj",
            "is_restricted": false,
            "is_ultra_restricted": false
        },
        "edited": {
            "user": "U01RJSSJ5TL",
            "ts": "1616006632.000000"
        },
        "blocks": [
            {
                "type": "rich_text",
                "block_id": "terWc",
                "elements": [
                    {
                        "type": "rich_text_section",
                        "elements": [
                            {
                                "type": "text",
                                "text": "Opsly | Remote | Front-end Engineer (Elm) ",
                                "style": {
                                    "bold": true
                                }
                            },
                            {
                                "type": "text",
                                "text": "\nHi everyone!\nI’m Dhiraj, Founder of Opsly. "
                            },
                            {
                                "type": "text",
                                "text": "Opsly ",
                                "style": {
                                    "bold": true
                                }
                            },
                            {
                                "type": "text",
                                "text": "is a low-code platform for developers to design their cloud infrastructure and deploy applications to AWS, Azure, GCP using a drag-and-drop interface. We’re currently looking for an Elm developer to help us with coding the drag-and-drop and build other interfaces of the product.\nPlease reach out if you are interested to join us ! "
                            },
                            {
                                "type": "emoji",
                                "name": "wave",
                                "unicode": "1f44b"
                            },
                            {
                                "type": "text",
                                "text": "\n"
                            },
                            {
                                "type": "link",
                                "url": "http:\/\/www.opslycloud.com",
                                "text": "www.opslycloud.com"
                            }
                        ]
                    }
                ]
            }
        ],
        "thread_ts": "1615991180.005700",
        "reply_count": 5,
        "reply_users_count": 3,
        "latest_reply": "1616146075.011900",
        "reply_users": [
            "U0HM0A449",
            "U01RJSSJ5TL",
            "UP0F4DUDB"
        ],
        "replies": [
            {
                "user": "U0HM0A449",
                "ts": "1616000541.006700"
            },
            {
                "user": "U01RJSSJ5TL",
                "ts": "1616006646.007200"
            },
            {
                "user": "UP0F4DUDB",
                "ts": "1616143215.011400"
            },
            {
                "user": "UP0F4DUDB",
                "ts": "1616143242.011600"
            },
            {
                "user": "U01RJSSJ5TL",
                "ts": "1616146075.011900"
            }
        ],
        "is_locked": false,
        "subscribed": false,
        "reactions": [
            {
                "name": "+1",
                "users": [
                    "U1EJG2SGJ",
                    "U5Z3Y472L",
                    "U2ZKEFM9V",
                    "UP0F4DUDB",
                    "UAMRQEZ4L"
                ],
                "count": 5
            },
            {
                "name": "+1::skin-tone-5",
                "users": [
                    "U0U6ML22H"
                ],
                "count": 1
            },
            {
                "name": "+1::skin-tone-2",
                "users": [
                    "U2FMN03NZ"
                ],
                "count": 1
            }
        ]
    },
    {
        "client_msg_id": "af1d5623-a69e-438a-ad7d-1168303ff9fe",
        "type": "message",
        "text": "Ok, I moved it over to misc.",
        "user": "U01PU27RMC7",
        "ts": "1615992942.006400",
        "team": "T0CJ5UNHK",
        "user_team": "T0CJ5UNHK",
        "source_team": "T0CJ5UNHK",
        "user_profile": {
            "avatar_hash": "a215030c73e0",
            "image_72": "https:\/\/avatars.slack-edge.com\/2021-03-16\/1888758241536_a215030c73e0ea6599c1_72.png",
            "first_name": "",
            "real_name": "Camryn Mcallister",
            "display_name": "Camryn Mcallister",
            "team": "T0CJ5UNHK",
            "name": "camryn",
            "is_restricted": false,
            "is_ultra_restricted": false
        },
        "blocks": [
            {
                "type": "rich_text",
                "block_id": "L3od+",
                "elements": [
                    {
                        "type": "rich_text_section",
                        "elements": [
                            {
                                "type": "text",
                                "text": "Ok, I moved it over to misc."
                            }
                        ]
                    }
                ]
            }
        ],
        "thread_ts": "1615912508.000600",
        "parent_user_id": "U01PU27RMC7",
        "reactions": [
            {
                "name": "+1",
                "users": [
                    "U9RGY8ZAP"
                ],
                "count": 1
            }
        ]
    },
    {
        "client_msg_id": "0c4656b3-b07f-4958-9cb8-5fa9d4fb2eac",
        "type": "message",
        "text": "If you reformat the job post in the <https:\/\/github.com\/elm-community\/slack\/blob\/master\/README.md#jobs|format suggested in the topic>, I'll pin the post :pray:",
        "user": "U0HM0A449",
        "ts": "1616000541.006700",
        "team": "T0CJ5UNHK",
        "user_team": "T0CJ5UNHK",
        "source_team": "T0CJ5UNHK",
        "user_profile": {
            "avatar_hash": "g611444de11b",
            "image_72": "https:\/\/secure.gravatar.com\/avatar\/1c33737c12ccc6d022ddeff6275ebdc7.jpg?s=72&d=https%3A%2F%2Fa.slack-edge.com%2Fdf10d%2Fimg%2Favatars%2Fava_0003-72.png",
            "first_name": "Michael",
            "real_name": "Michael Glass",
            "display_name": "michaelglass",
            "team": "T0CJ5UNHK",
            "name": "michaelglass",
            "is_restricted": false,
            "is_ultra_restricted": false
        },
        "blocks": [
            {
                "type": "rich_text",
                "block_id": "Ukg",
                "elements": [
                    {
                        "type": "rich_text_section",
                        "elements": [
                            {
                                "type": "text",
                                "text": "If you reformat the job post in the "
                            },
                            {
                                "type": "link",
                                "url": "https:\/\/github.com\/elm-community\/slack\/blob\/master\/README.md#jobs",
                                "text": "format suggested in the topic"
                            },
                            {
                                "type": "text",
                                "text": ", I'll pin the post "
                            },
                            {
                                "type": "emoji",
                                "name": "pray",
                                "unicode": "1f64f"
                            }
                        ]
                    }
                ]
            }
        ],
        "thread_ts": "1615991180.005700",
        "parent_user_id": "U01RJSSJ5TL"
    },
    {
        "client_msg_id": "bc28c345-0fec-48e4-b8fb-d827a1e367d2",
        "type": "message",
        "text": "is this ok?",
        "user": "U01RJSSJ5TL",
        "ts": "1616006646.007200",
        "team": "T0CJ5UNHK",
        "user_team": "T0CJ5UNHK",
        "source_team": "T0CJ5UNHK",
        "user_profile": {
            "avatar_hash": "5f8762476db5",
            "image_72": "https:\/\/avatars.slack-edge.com\/2021-03-17\/1870918559123_5f8762476db5393540bc_72.png",
            "first_name": "Dhiraj",
            "real_name": "Dhiraj Narwani",
            "display_name": "Dhiraj Narwani",
            "team": "T0CJ5UNHK",
            "name": "dhiraj",
            "is_restricted": false,
            "is_ultra_restricted": false
        },
        "blocks": [
            {
                "type": "rich_text",
                "block_id": "a1YZD",
                "elements": [
                    {
                        "type": "rich_text_section",
                        "elements": [
                            {
                                "type": "text",
                                "text": "is this ok?"
                            }
                        ]
                    }
                ]
            }
        ],
        "thread_ts": "1615991180.005700",
        "parent_user_id": "U01RJSSJ5TL",
        "reactions": [
            {
                "name": "+1",
                "users": [
                    "U0HM0A449"
                ],
                "count": 1
            }
        ]
    },
    {
        "client_msg_id": "32377b86-34c4-441a-999c-f3105ccb9a32",
        "type": "message",
        "text": "| Groq | Mountain View, CA, USA \/ Remote | Visualization Engineer | Full-time |\n\n<http:\/\/groq.com|Groq> designs AI accelerator chips. Our work spans hardware, software, and machine learning.\n\nWe seek exceptional software engineers to join our DevTools Team. We build custom _interactive visualizations_ used as aids to modeling, debugging, and optimizing work. Our tools are used internally (by our own engineers) and externally (by our customers).\n\nWe use functional programming. Our current tech stack:\n• frontend: Elm (w\/ heavy use of packages `elm-3d-scene`, `elm-geometry`, `elm-ui`, and `svg`)\n• backend: Haskell\nSolid web skills are important. WebGL a bonus.\n\nFeel free to DM me for more info. Thanks!",
        "user": "U188TK71N",
        "ts": "1616008776.007900",
        "team": "T0CJ5UNHK",
        "user_team": "T0CJ5UNHK",
        "source_team": "T0CJ5UNHK",
        "user_profile": {
            "avatar_hash": "g2e7e61527bc",
            "image_72": "https:\/\/secure.gravatar.com\/avatar\/d2e7e61527bcd6f817cd8b6a618f8eb8.jpg?s=72&d=https%3A%2F%2Fa.slack-edge.com%2Fdf10d%2Fimg%2Favatars%2Fava_0007-72.png",
            "first_name": "Mark",
            "real_name": "Mark Wong-VanHaren",
            "display_name": "markwvh",
            "team": "T0CJ5UNHK",
            "name": "markwvh",
            "is_restricted": false,
            "is_ultra_restricted": false
        },
        "attachments": [
            {
                "title": " Groq",
                "title_link": "http:\/\/groq.com\/",
                "text": "Simplify Compute, Everywhere.",
                "fallback": " Groq",
                "from_url": "http:\/\/groq.com\/",
                "service_name": "groq.com",
                "id": 1,
                "original_url": "http:\/\/groq.com"
            }
        ],
        "blocks": [
            {
                "type": "rich_text",
                "block_id": "k\/zP\/",
                "elements": [
                    {
                        "type": "rich_text_section",
                        "elements": [
                            {
                                "type": "text",
                                "text": "| Groq | Mountain View, CA, USA \/ Remote | Visualization Engineer | Full-time |\n\n"
                            },
                            {
                                "type": "link",
                                "url": "http:\/\/groq.com",
                                "text": "Groq"
                            },
                            {
                                "type": "text",
                                "text": " designs AI accelerator chips. Our work spans hardware, software, and machine learning.\n\nWe seek exceptional software engineers to join our DevTools Team. We build custom "
                            },
                            {
                                "type": "text",
                                "text": "interactive visualizations",
                                "style": {
                                    "italic": true
                                }
                            },
                            {
                                "type": "text",
                                "text": " used as aids to modeling, debugging, and optimizing work. Our tools are used internally (by our own engineers) and externally (by our customers).\n\nWe use functional programming. Our current tech stack:\n"
                            }
                        ]
                    },
                    {
                        "type": "rich_text_list",
                        "elements": [
                            {
                                "type": "rich_text_section",
                                "elements": [
                                    {
                                        "type": "text",
                                        "text": "frontend: Elm (w\/ heavy use of packages "
                                    },
                                    {
                                        "type": "text",
                                        "text": "elm-3d-scene",
                                        "style": {
                                            "code": true
                                        }
                                    },
                                    {
                                        "type": "text",
                                        "text": ", "
                                    },
                                    {
                                        "type": "text",
                                        "text": "elm-geometry",
                                        "style": {
                                            "code": true
                                        }
                                    },
                                    {
                                        "type": "text",
                                        "text": ", "
                                    },
                                    {
                                        "type": "text",
                                        "text": "elm-ui",
                                        "style": {
                                            "code": true
                                        }
                                    },
                                    {
                                        "type": "text",
                                        "text": ", and "
                                    },
                                    {
                                        "type": "text",
                                        "text": "svg",
                                        "style": {
                                            "code": true
                                        }
                                    },
                                    {
                                        "type": "text",
                                        "text": ")"
                                    }
                                ]
                            },
                            {
                                "type": "rich_text_section",
                                "elements": [
                                    {
                                        "type": "text",
                                        "text": "backend: Haskell"
                                    }
                                ]
                            }
                        ],
                        "style": "bullet",
                        "indent": 0
                    },
                    {
                        "type": "rich_text_section",
                        "elements": [
                            {
                                "type": "text",
                                "text": "\nSolid web skills are important. WebGL a bonus.\n\nFeel free to DM me for more info. Thanks!"
                            }
                        ]
                    }
                ]
            }
        ],
        "reactions": [
            {
                "name": "+1",
                "users": [
                    "U44R1N656",
                    "U1EJG2SGJ",
                    "U0GPGFQQY",
                    "U0J8D9M2P",
                    "U5Z3Y472L",
                    "U1X0EELG3",
                    "U2ZKEFM9V",
                    "U3LGUAF54",
                    "UP0F4DUDB",
                    "U17TXDBJR",
                    "U7ZM5MZHS",
                    "UAMRQEZ4L",
                    "U2SR9DL7Q"
                ],
                "count": 13
            },
            {
                "name": "sunglasses",
                "users": [
                    "U44R1N656",
                    "UA50RDC79",
                    "U0GPGFQQY",
                    "U01KNT7Q0CA",
                    "U1X0EELG3",
                    "UP0F4DUDB",
                    "U17TXDBJR",
                    "U2SR9DL7Q"
                ],
                "count": 8
            },
            {
                "name": "+1::skin-tone-5",
                "users": [
                    "U0U6ML22H"
                ],
                "count": 1
            },
            {
                "name": "+1::skin-tone-2",
                "users": [
                    "UA50RDC79",
                    "U2FMN03NZ"
                ],
                "count": 2
            },
            {
                "name": "metal",
                "users": [
                    "U1X0EELG3",
                    "UP0F4DUDB",
                    "U2SR9DL7Q"
                ],
                "count": 3
            }
        ]
    }
]