[
    {
        "client_msg_id": "0b3cc904-5e0e-4732-bcbc-6bc25c7d99ac",
        "type": "message",
        "text": "| Marvelsoft | &lt;Bosnia and Herzegovina\/Tuzla + full remote&gt; | Front End Engineer |\nHi everyone, We are searching for brilliant front end engineers that could help us build the next generation trading solution.  We already have a talented team of c++ engineers for the back-end solution, and Elm, JS, Electron team at the front-end. You can find more information about our company and open positions on our website ( <https:\/\/marvelsoft.net\/careers\/> ). If you are interested you can contact me directly ( <https:\/\/www.linkedin.com\/in\/almir-lusnickic-08b401125\/> ) or send a email to <mailto:careers@marvelsoft.net|careers@marvelsoft.net>",
        "user": "U01L4JTKCQH",
        "ts": "1618836645.097500",
        "team": "T0CJ5UNHK",
        "user_team": "T0CJ5UNHK",
        "source_team": "T0CJ5UNHK",
        "user_profile": {
            "avatar_hash": "3984e3a8a4f5",
            "image_72": "https:\/\/avatars.slack-edge.com\/2021-01-25\/1672017418466_3984e3a8a4f5633cf795_72.png",
            "first_name": "Almir",
            "real_name": "Almir Lušničkić",
            "display_name": "Almir Lušničkić",
            "team": "T0CJ5UNHK",
            "name": "almir.lusnickic609",
            "is_restricted": false,
            "is_ultra_restricted": false
        },
        "edited": {
            "user": "U01L4JTKCQH",
            "ts": "1618837944.000000"
        },
        "attachments": [
            {
                "service_name": "Marvelsoft",
                "title": "Careers: Marvelsoft",
                "title_link": "https:\/\/marvelsoft.net\/careers\/",
                "text": "Marvelsoft is a successful software solution provider for the trading industry across the globe. For over a decade our team has developed dependable software for institutional traders in Europe, Asia and the Americas. We are specialized in the creation of solutions for trading in real time. Smart, better and leading: these are the goals we set […]",
                "fallback": "Marvelsoft: Careers: Marvelsoft",
                "thumb_url": "https:\/\/marvelsoft.net\/wp-content\/uploads\/2015\/11\/Marvesoft-facebook-01.png",
                "fields": [
                    {
                        "title": "Est. reading time",
                        "value": "13 minutes",
                        "short": true
                    }
                ],
                "from_url": "https:\/\/marvelsoft.net\/careers\/",
                "thumb_width": 1200,
                "thumb_height": 630,
                "service_icon": "https:\/\/marvelsoft.net\/wp-content\/themes\/marvelsoft\/images\/favicon\/apple-icon-57x57.png",
                "id": 1,
                "original_url": "https:\/\/marvelsoft.net\/careers\/"
            }
        ],
        "blocks": [
            {
                "type": "rich_text",
                "block_id": "y0w",
                "elements": [
                    {
                        "type": "rich_text_section",
                        "elements": [
                            {
                                "type": "text",
                                "text": "| Marvelsoft | <Bosnia and Herzegovina\/Tuzla + full remote> | Front End Engineer |\nHi everyone, We are searching for brilliant front end engineers that could help us build the next generation trading solution.  We already have a talented team of c++ engineers for the back-end solution, and Elm, JS, Electron team at the front-end. You can find more information about our company and open positions on our website ( "
                            },
                            {
                                "type": "link",
                                "url": "https:\/\/marvelsoft.net\/careers\/"
                            },
                            {
                                "type": "text",
                                "text": " ). If you are interested you can contact me directly ( "
                            },
                            {
                                "type": "link",
                                "url": "https:\/\/www.linkedin.com\/in\/almir-lusnickic-08b401125\/"
                            },
                            {
                                "type": "text",
                                "text": " ) or send a email to "
                            },
                            {
                                "type": "link",
                                "url": "mailto:careers@marvelsoft.net",
                                "text": "careers@marvelsoft.net"
                            }
                        ]
                    }
                ]
            }
        ],
        "thread_ts": "1618836645.097500",
        "reply_count": 1,
        "reply_users_count": 1,
        "latest_reply": "1618837661.098100",
        "reply_users": [
            "U2ZKEFM9V"
        ],
        "replies": [
            {
                "user": "U2ZKEFM9V",
                "ts": "1618837661.098100"
            }
        ],
        "is_locked": false,
        "subscribed": false,
        "reactions": [
            {
                "name": "eyes",
                "users": [
                    "U01KY3XQCAG"
                ],
                "count": 1
            },
            {
                "name": "+1",
                "users": [
                    "U01KY3XQCAG"
                ],
                "count": 1
            }
        ]
    },
    {
        "client_msg_id": "d4d93494-0c35-412a-a42e-315a21443906",
        "type": "message",
        "text": "Please, refer to the pinned message to see and follow the posting guidelines for <#C0LUAGWRK|jobs>",
        "user": "U2ZKEFM9V",
        "ts": "1618837661.098100",
        "team": "T0CJ5UNHK",
        "user_team": "T0CJ5UNHK",
        "source_team": "T0CJ5UNHK",
        "user_profile": {
            "avatar_hash": "8faaca3aee56",
            "image_72": "https:\/\/avatars.slack-edge.com\/2019-07-15\/683420890450_8faaca3aee56c9ae90f4_72.jpg",
            "first_name": "José",
            "real_name": "José Pablo Leandro Martín",
            "display_name": "arguser",
            "team": "T0CJ5UNHK",
            "name": "arguser",
            "is_restricted": false,
            "is_ultra_restricted": false
        },
        "blocks": [
            {
                "type": "rich_text",
                "block_id": "2nGTv",
                "elements": [
                    {
                        "type": "rich_text_section",
                        "elements": [
                            {
                                "type": "text",
                                "text": "Please, refer to the pinned message to see and follow the posting guidelines for "
                            },
                            {
                                "type": "channel",
                                "channel_id": "C0LUAGWRK"
                            }
                        ]
                    }
                ]
            }
        ],
        "thread_ts": "1618836645.097500",
        "parent_user_id": "U01L4JTKCQH",
        "reactions": [
            {
                "name": "+1",
                "users": [
                    "U01L4JTKCQH"
                ],
                "count": 1
            }
        ]
    },
    {
        "client_msg_id": "0a5908cc-0df1-4a38-92ed-d796cfd53042",
        "type": "message",
        "text": "*Scrive (<http:\/\/scrive.com|scrive.com>) | Remote (within EU) (or one of our offices, post-Covid) | Elm Developer*\n\nHello Elm <#C0LUAGWRK|jobs>!\n\nWe’ve been using Haskell ever since we started in 2011, and have various bits and pieces in Elm, and we are now looking for a dedicated Elm developer. This _will_ also involve moving some legacy React code to Elm. Full details here: <https:\/\/careers.scrive.com\/jobs\/1143645-elm-developer>\n\nFeel free to reach out to me or Ellinor (info at bottom of that page ^^) with any questions.",
        "user": "UCWB1N6JX",
        "ts": "1618840408.099400",
        "team": "T0CJ5UNHK",
        "user_team": "T0CJ5UNHK",
        "source_team": "T0CJ5UNHK",
        "user_profile": {
            "avatar_hash": "9e7f410dc400",
            "image_72": "https:\/\/avatars.slack-edge.com\/2021-09-15\/2500560006084_9e7f410dc40009c25bdb_72.png",
            "first_name": "Jonathan",
            "real_name": "Jonathan Jouty",
            "display_name": "",
            "team": "T0CJ5UNHK",
            "name": "jonathan.jouty",
            "is_restricted": false,
            "is_ultra_restricted": false
        },
        "attachments": [
            {
                "service_name": "Scrive",
                "title": "Elm developer - Scrive",
                "title_link": "https:\/\/careers.scrive.com\/jobs\/1143645-elm-developer",
                "text": "“Come help us make the world functional without the need for paper. In Scrive we do it in a secure, simple and compliant way and power successful businesses across Europe” Martin, Head of Platform",
                "fallback": "Scrive: Elm developer - Scrive",
                "image_url": "https:\/\/s3-eu-west-1.amazonaws.com\/tt-screenshots\/6d8707d8-3843-40a0-b321-bbd29f94a1aa-facebook.png?update=1618567988",
                "image_width": 476,
                "image_height": 250,
                "ts": 1618488930,
                "from_url": "https:\/\/careers.scrive.com\/jobs\/1143645-elm-developer",
                "image_bytes": 757001,
                "service_icon": "https:\/\/favicons.teamtailor-cdn.com\/icon?url=https:\/\/www.scrive.com&size=16..196..500",
                "id": 1,
                "original_url": "https:\/\/careers.scrive.com\/jobs\/1143645-elm-developer"
            }
        ],
        "blocks": [
            {
                "type": "rich_text",
                "block_id": "uLopV",
                "elements": [
                    {
                        "type": "rich_text_section",
                        "elements": [
                            {
                                "type": "text",
                                "text": "Scrive (",
                                "style": {
                                    "bold": true
                                }
                            },
                            {
                                "type": "link",
                                "url": "http:\/\/scrive.com",
                                "text": "scrive.com",
                                "style": {
                                    "bold": true
                                }
                            },
                            {
                                "type": "text",
                                "text": ") | Remote (within EU) (or one of our offices, post-Covid) | Elm Developer",
                                "style": {
                                    "bold": true
                                }
                            },
                            {
                                "type": "text",
                                "text": "\n\nHello Elm "
                            },
                            {
                                "type": "channel",
                                "channel_id": "C0LUAGWRK"
                            },
                            {
                                "type": "text",
                                "text": "!\n\nWe’ve been using Haskell ever since we started in 2011, and have various bits and pieces in Elm, and we are now looking for a dedicated Elm developer. This "
                            },
                            {
                                "type": "text",
                                "text": "will",
                                "style": {
                                    "italic": true
                                }
                            },
                            {
                                "type": "text",
                                "text": " also involve moving some legacy React code to Elm. Full details here: "
                            },
                            {
                                "type": "link",
                                "url": "https:\/\/careers.scrive.com\/jobs\/1143645-elm-developer"
                            },
                            {
                                "type": "text",
                                "text": "\n\nFeel free to reach out to me or Ellinor (info at bottom of that page ^^) with any questions."
                            }
                        ]
                    }
                ]
            }
        ],
        "reactions": [
            {
                "name": "100",
                "users": [
                    "UHYH3L2MB",
                    "UPFG5DUN6",
                    "U0KEKHS3H",
                    "U5Z3Y472L",
                    "UP0F4DUDB",
                    "U2ZKEFM9V",
                    "U1L85D83D",
                    "U18UD6T3J",
                    "U1N66KB0F",
                    "UAMRQEZ4L"
                ],
                "count": 10
            },
            {
                "name": "+1",
                "users": [
                    "U1KES8JGK",
                    "U18UD6T3J"
                ],
                "count": 2
            }
        ]
    }
]