[
    {
        "type": "message",
        "subtype": "tombstone",
        "text": "This message was deleted.",
        "user": "USLACKBOT",
        "hidden": true,
        "ts": "1635582113.026300",
        "thread_ts": "1635582113.026300",
        "parent_user_id": "USLACKBOT",
        "reply_count": 1,
        "reply_users_count": 1,
        "latest_reply": "1635582976.026400",
        "reply_users": [
            "U026L5P1M1C"
        ],
        "replies": [
            {
                "user": "U026L5P1M1C",
                "ts": "1635582976.026400"
            }
        ],
        "is_locked": false,
        "subscribed": false,
        "reactions": [
            {
                "name": "confused",
                "users": [
                    "U6DG2DGAK",
                    "UBHQ3GL7Q",
                    "U0PC31XD0",
                    "U9LAE55JL"
                ],
                "count": 4
            },
            {
                "name": "-1",
                "users": [
                    "U5Z3Y472L",
                    "U0PC31XD0",
                    "UBWGL03MF",
                    "U9LAE55JL",
                    "U1L85D83D"
                ],
                "count": 5
            }
        ]
    },
    {
        "client_msg_id": "011c04ec-cab5-412b-a023-d51479ee6f98",
        "type": "message",
        "text": "nice! impressive range of skills. what's your opinion on Elm?",
        "user": "U026L5P1M1C",
        "ts": "1635582976.026400",
        "team": "T0CJ5UNHK",
        "user_team": "T0CJ5UNHK",
        "source_team": "T0CJ5UNHK",
        "user_profile": {
            "avatar_hash": "b42fa86ec438",
            "image_72": "https:\/\/avatars.slack-edge.com\/2021-07-04\/2224485532439_b42fa86ec4381f272d2c_72.jpg",
            "first_name": "Tam",
            "real_name": "Tam Carre",
            "display_name": "Tam Carre",
            "team": "T0CJ5UNHK",
            "name": "carre.matthieu.lucien",
            "is_restricted": false,
            "is_ultra_restricted": false
        },
        "blocks": [
            {
                "type": "rich_text",
                "block_id": "OBA",
                "elements": [
                    {
                        "type": "rich_text_section",
                        "elements": [
                            {
                                "type": "text",
                                "text": "nice! impressive range of skills. what's your opinion on Elm?"
                            }
                        ]
                    }
                ]
            }
        ],
        "thread_ts": "1635582113.026300",
        "parent_user_id": "USLACKBOT",
        "reactions": [
            {
                "name": "point_up",
                "users": [
                    "UBWGL03MF",
                    "U0PC31XD0",
                    "U9LAE55JL"
                ],
                "count": 3
            }
        ]
    },
    {
        "type": "message",
        "subtype": "tombstone",
        "text": "This message was deleted.",
        "user": "USLACKBOT",
        "hidden": true,
        "ts": "1635606849.027500",
        "thread_ts": "1635606849.027500",
        "parent_user_id": "USLACKBOT",
        "reply_count": 1,
        "reply_users_count": 1,
        "latest_reply": "1635606981.030000",
        "reply_users": [
            "U1D7SLE4Q"
        ],
        "replies": [
            {
                "user": "U1D7SLE4Q",
                "ts": "1635606981.030000"
            }
        ],
        "is_locked": false,
        "subscribed": false
    },
    {
        "type": "message",
        "subtype": "tombstone",
        "text": "This message was deleted.",
        "user": "USLACKBOT",
        "hidden": true,
        "ts": "1635606981.029900",
        "thread_ts": "1635606981.029900",
        "parent_user_id": "USLACKBOT",
        "reply_count": 7,
        "reply_users_count": 4,
        "latest_reply": "1635625662.036300",
        "reply_users": [
            "U1D7SLE4Q",
            "U026L5P1M1C",
            "U02KK083T61",
            "UPMGLNMHS"
        ],
        "replies": [
            {
                "user": "U1D7SLE4Q",
                "ts": "1635607032.030600"
            },
            {
                "user": "U026L5P1M1C",
                "ts": "1635607381.030800"
            },
            {
                "user": "U02KK083T61",
                "ts": "1635623742.035100"
            },
            {
                "user": "U02KK083T61",
                "ts": "1635623744.035300"
            },
            {
                "user": "U02KK083T61",
                "ts": "1635623749.035500"
            },
            {
                "user": "U02KK083T61",
                "ts": "1635623750.035900"
            },
            {
                "user": "UPMGLNMHS",
                "ts": "1635625662.036300"
            }
        ],
        "is_locked": false,
        "subscribed": false,
        "reactions": [
            {
                "name": "-1",
                "users": [
                    "U0PC31XD0",
                    "UBWGL03MF",
                    "U01JV131UKF",
                    "U20QDNSHJ",
                    "U1D7SLE4Q",
                    "U1L85D83D",
                    "U5Z3Y472L"
                ],
                "count": 7
            },
            {
                "name": "tada",
                "users": [
                    "U026L5P1M1C"
                ],
                "count": 1
            }
        ]
    },
    {
        "client_msg_id": "1AC284DD-DB77-453E-BF96-5C9CA77C2D1E",
        "type": "message",
        "text": "Hi! This channel is dedicated to jobs descritions. A lot of people have notifications on for all messages in this channel. Please, start descussions in some other channel. ",
        "user": "U1D7SLE4Q",
        "ts": "1635606981.030000",
        "team": "T0CJ5UNHK",
        "user_team": "T0CJ5UNHK",
        "source_team": "T0CJ5UNHK",
        "user_profile": {
            "avatar_hash": "g040fae8bcfa",
            "image_72": "https:\/\/secure.gravatar.com\/avatar\/6040fae8bcfae13e592950cec1a56e58.jpg?s=72&d=https%3A%2F%2Fa.slack-edge.com%2Fdf10d%2Fimg%2Favatars%2Fava_0017-72.png",
            "first_name": "Roman",
            "real_name": "Roman Salnikov",
            "display_name": "bardt",
            "team": "T0CJ5UNHK",
            "name": "bardt",
            "is_restricted": false,
            "is_ultra_restricted": false
        },
        "blocks": [
            {
                "type": "rich_text",
                "block_id": "ppIz",
                "elements": [
                    {
                        "type": "rich_text_section",
                        "elements": [
                            {
                                "type": "text",
                                "text": "Hi! This channel is dedicated to jobs descritions. A lot of people have notifications on for all messages in this channel. Please, start descussions in some other channel. "
                            }
                        ]
                    }
                ]
            }
        ],
        "thread_ts": "1635606849.027500",
        "parent_user_id": "USLACKBOT"
    },
    {
        "client_msg_id": "8B23A396-1BD5-42A2-B84F-5142E36FD6B1",
        "type": "message",
        "text": "This is not related to Elm. ",
        "user": "U1D7SLE4Q",
        "ts": "1635607032.030600",
        "team": "T0CJ5UNHK",
        "user_team": "T0CJ5UNHK",
        "source_team": "T0CJ5UNHK",
        "user_profile": {
            "avatar_hash": "g040fae8bcfa",
            "image_72": "https:\/\/secure.gravatar.com\/avatar\/6040fae8bcfae13e592950cec1a56e58.jpg?s=72&d=https%3A%2F%2Fa.slack-edge.com%2Fdf10d%2Fimg%2Favatars%2Fava_0017-72.png",
            "first_name": "Roman",
            "real_name": "Roman Salnikov",
            "display_name": "bardt",
            "team": "T0CJ5UNHK",
            "name": "bardt",
            "is_restricted": false,
            "is_ultra_restricted": false
        },
        "blocks": [
            {
                "type": "rich_text",
                "block_id": "Iv5",
                "elements": [
                    {
                        "type": "rich_text_section",
                        "elements": [
                            {
                                "type": "text",
                                "text": "This is not related to Elm. "
                            }
                        ]
                    }
                ]
            }
        ],
        "thread_ts": "1635606981.029900",
        "parent_user_id": "USLACKBOT"
    },
    {
        "client_msg_id": "77a2179a-aba5-472c-813b-e4b543022a81",
        "type": "message",
        "text": "i'm impressed by your skills! what's your impression of elm so far?",
        "user": "U026L5P1M1C",
        "ts": "1635607381.030800",
        "team": "T0CJ5UNHK",
        "user_team": "T0CJ5UNHK",
        "source_team": "T0CJ5UNHK",
        "user_profile": {
            "avatar_hash": "b42fa86ec438",
            "image_72": "https:\/\/avatars.slack-edge.com\/2021-07-04\/2224485532439_b42fa86ec4381f272d2c_72.jpg",
            "first_name": "Tam",
            "real_name": "Tam Carre",
            "display_name": "Tam Carre",
            "team": "T0CJ5UNHK",
            "name": "carre.matthieu.lucien",
            "is_restricted": false,
            "is_ultra_restricted": false
        },
        "blocks": [
            {
                "type": "rich_text",
                "block_id": "Pm9",
                "elements": [
                    {
                        "type": "rich_text_section",
                        "elements": [
                            {
                                "type": "text",
                                "text": "i'm impressed by your skills! what's your impression of elm so far?"
                            }
                        ]
                    }
                ]
            }
        ],
        "thread_ts": "1635606981.029900",
        "parent_user_id": "USLACKBOT",
        "reactions": [
            {
                "name": "point_up",
                "users": [
                    "UBWGL03MF",
                    "U0PC31XD0"
                ],
                "count": 2
            }
        ]
    },
    {
        "client_msg_id": "4d6ebf90-abda-46a4-b123-94d77df531be",
        "type": "message",
        "text": "I think elm is not good programming language",
        "user": "U02KK083T61",
        "ts": "1635623742.035100",
        "team": "T0CJ5UNHK",
        "user_team": "T0CJ5UNHK",
        "source_team": "T0CJ5UNHK",
        "user_profile": {
            "avatar_hash": "975897d45883",
            "image_72": "https:\/\/avatars.slack-edge.com\/2021-10-30\/2680603045089_975897d458835c986d7f_72.png",
            "first_name": "Li",
            "real_name": "Li Dokil",
            "display_name": "Li Dokil",
            "team": "T0CJ5UNHK",
            "name": "fhrrydeveloper",
            "is_restricted": false,
            "is_ultra_restricted": false
        },
        "blocks": [
            {
                "type": "rich_text",
                "block_id": "rKs",
                "elements": [
                    {
                        "type": "rich_text_section",
                        "elements": [
                            {
                                "type": "text",
                                "text": "I think elm is not good programming language"
                            }
                        ]
                    }
                ]
            }
        ],
        "thread_ts": "1635606981.029900",
        "parent_user_id": "USLACKBOT",
        "reactions": [
            {
                "name": "smile",
                "users": [
                    "U842X772T",
                    "U026L5P1M1C"
                ],
                "count": 2
            },
            {
                "name": "rolling_on_the_floor_laughing",
                "users": [
                    "U026L5P1M1C",
                    "U5Z3Y472L"
                ],
                "count": 2
            }
        ]
    },
    {
        "client_msg_id": "38b4e198-7c12-4749-ac73-9271b0346940",
        "type": "message",
        "text": "and very old",
        "user": "U02KK083T61",
        "ts": "1635623744.035300",
        "team": "T0CJ5UNHK",
        "user_team": "T0CJ5UNHK",
        "source_team": "T0CJ5UNHK",
        "user_profile": {
            "avatar_hash": "975897d45883",
            "image_72": "https:\/\/avatars.slack-edge.com\/2021-10-30\/2680603045089_975897d458835c986d7f_72.png",
            "first_name": "Li",
            "real_name": "Li Dokil",
            "display_name": "Li Dokil",
            "team": "T0CJ5UNHK",
            "name": "fhrrydeveloper",
            "is_restricted": false,
            "is_ultra_restricted": false
        },
        "blocks": [
            {
                "type": "rich_text",
                "block_id": "8v+F",
                "elements": [
                    {
                        "type": "rich_text_section",
                        "elements": [
                            {
                                "type": "text",
                                "text": "and very old"
                            }
                        ]
                    }
                ]
            }
        ],
        "thread_ts": "1635606981.029900",
        "parent_user_id": "USLACKBOT",
        "reactions": [
            {
                "name": "smile",
                "users": [
                    "U842X772T",
                    "U026L5P1M1C"
                ],
                "count": 2
            },
            {
                "name": "joy",
                "users": [
                    "U026L5P1M1C",
                    "U1L85D83D",
                    "U5Z3Y472L"
                ],
                "count": 3
            }
        ]
    },
    {
        "type": "message",
        "text": "",
        "files": [
            {
                "id": "F02KN8TBN1Y",
                "created": 1635623744,
                "timestamp": 1635623744,
                "name": "image.png",
                "title": "image.png",
                "mimetype": "image\/png",
                "filetype": "png",
                "pretty_type": "PNG",
                "user": "U02KK083T61",
                "user_team": "T0CJ5UNHK",
                "editable": false,
                "size": 40874,
                "mode": "hosted",
                "is_external": false,
                "external_type": "",
                "is_public": true,
                "public_url_shared": false,
                "display_as_bot": false,
                "username": "",
                "url_private": "https:\/\/files.slack.com\/files-pri\/T0CJ5UNHK-F02KN8TBN1Y\/image.png?t=xoxe-12617974597-4161669908275-4158800643077-be4ee8f84a2737e7b4245fe774276e65",
                "url_private_download": "https:\/\/files.slack.com\/files-pri\/T0CJ5UNHK-F02KN8TBN1Y\/download\/image.png?t=xoxe-12617974597-4161669908275-4158800643077-be4ee8f84a2737e7b4245fe774276e65",
                "media_display_type": "unknown",
                "thumb_64": "https:\/\/files.slack.com\/files-tmb\/T0CJ5UNHK-F02KN8TBN1Y-9746792cbf\/image_64.png?t=xoxe-12617974597-4161669908275-4158800643077-be4ee8f84a2737e7b4245fe774276e65",
                "thumb_80": "https:\/\/files.slack.com\/files-tmb\/T0CJ5UNHK-F02KN8TBN1Y-9746792cbf\/image_80.png?t=xoxe-12617974597-4161669908275-4158800643077-be4ee8f84a2737e7b4245fe774276e65",
                "thumb_360": "https:\/\/files.slack.com\/files-tmb\/T0CJ5UNHK-F02KN8TBN1Y-9746792cbf\/image_360.png?t=xoxe-12617974597-4161669908275-4158800643077-be4ee8f84a2737e7b4245fe774276e65",
                "thumb_360_w": 360,
                "thumb_360_h": 227,
                "thumb_480": "https:\/\/files.slack.com\/files-tmb\/T0CJ5UNHK-F02KN8TBN1Y-9746792cbf\/image_480.png?t=xoxe-12617974597-4161669908275-4158800643077-be4ee8f84a2737e7b4245fe774276e65",
                "thumb_480_w": 480,
                "thumb_480_h": 303,
                "thumb_160": "https:\/\/files.slack.com\/files-tmb\/T0CJ5UNHK-F02KN8TBN1Y-9746792cbf\/image_160.png?t=xoxe-12617974597-4161669908275-4158800643077-be4ee8f84a2737e7b4245fe774276e65",
                "original_w": 669,
                "original_h": 422,
                "thumb_tiny": "AwAeADCmuccZ\/Oggmhc4peaAG4PoaTB9KfzSHd2FADcH0oxS7j60hOaAFAyKMe2aAeKXdQOwmD6UmD6U7cKM0BYTB9KTBp2T7UhoCx\/\/2Q==",
                "permalink": "https:\/\/elmlang.slack.com\/files\/U02KK083T61\/F02KN8TBN1Y\/image.png",
                "permalink_public": "https:\/\/slack-files.com\/T0CJ5UNHK-F02KN8TBN1Y-ea3303a37f",
                "is_starred": false,
                "has_rich_preview": false,
                "file_access": "visible"
            }
        ],
        "upload": false,
        "user": "U02KK083T61",
        "display_as_bot": false,
        "ts": "1635623749.035500",
        "client_msg_id": "68dfc871-cfdb-4be9-a03d-55a34cec35f8",
        "thread_ts": "1635606981.029900",
        "parent_user_id": "USLACKBOT",
        "reactions": [
            {
                "name": "laughing",
                "users": [
                    "U02ASAYM3C6",
                    "U011CMZMV7H",
                    "U5Z3Y472L",
                    "U44R1N656"
                ],
                "count": 4
            }
        ]
    },
    {
        "client_msg_id": "91934687-6f81-47ad-b146-557f0dc4d607",
        "type": "message",
        "text": "Please read this",
        "user": "U02KK083T61",
        "ts": "1635623750.035900",
        "team": "T0CJ5UNHK",
        "user_team": "T0CJ5UNHK",
        "source_team": "T0CJ5UNHK",
        "user_profile": {
            "avatar_hash": "975897d45883",
            "image_72": "https:\/\/avatars.slack-edge.com\/2021-10-30\/2680603045089_975897d458835c986d7f_72.png",
            "first_name": "Li",
            "real_name": "Li Dokil",
            "display_name": "Li Dokil",
            "team": "T0CJ5UNHK",
            "name": "fhrrydeveloper",
            "is_restricted": false,
            "is_ultra_restricted": false
        },
        "blocks": [
            {
                "type": "rich_text",
                "block_id": "kZp2F",
                "elements": [
                    {
                        "type": "rich_text_section",
                        "elements": [
                            {
                                "type": "text",
                                "text": "Please read this"
                            }
                        ]
                    }
                ]
            }
        ],
        "thread_ts": "1635606981.029900",
        "parent_user_id": "USLACKBOT"
    },
    {
        "client_msg_id": "7118c2a0-2d35-4492-bdcf-07b83a2f21fc",
        "type": "message",
        "text": "This channel is for jobs related to elm, so you’ll want to try somewhere else if you don’t like elm.",
        "user": "UPMGLNMHS",
        "ts": "1635625662.036300",
        "team": "T0CJ5UNHK",
        "user_team": "T0CJ5UNHK",
        "source_team": "T0CJ5UNHK",
        "user_profile": {
            "avatar_hash": "g6c85eae1da3",
            "image_72": "https:\/\/secure.gravatar.com\/avatar\/6c85eae1da3c1261fec5a3aa4cd1a00a.jpg?s=72&d=https%3A%2F%2Fa.slack-edge.com%2Fdf10d%2Fimg%2Favatars%2Fava_0023-72.png",
            "first_name": "",
            "real_name": "Nathan K",
            "display_name": "Nathan K",
            "team": "T0CJ5UNHK",
            "name": "nathan.l.kramer",
            "is_restricted": false,
            "is_ultra_restricted": false
        },
        "blocks": [
            {
                "type": "rich_text",
                "block_id": "M+y1",
                "elements": [
                    {
                        "type": "rich_text_section",
                        "elements": [
                            {
                                "type": "text",
                                "text": "This channel is for jobs related to elm, so you’ll want to try somewhere else if you don’t like elm."
                            }
                        ]
                    }
                ]
            }
        ],
        "thread_ts": "1635606981.029900",
        "parent_user_id": "USLACKBOT"
    }
]