[
    {
        "client_msg_id": "8ecd7d7f-7cdb-4d5e-b892-04f081fdcf7c",
        "type": "message",
        "text": "he sounds desperate. is there any way to get rid of posts like this?",
        "user": "UULSNDT8X",
        "ts": "1619745599.148400",
        "team": "T0CJ5UNHK",
        "user_team": "T0CJ5UNHK",
        "source_team": "T0CJ5UNHK",
        "user_profile": {
            "avatar_hash": "g441623b1439",
            "image_72": "https:\/\/secure.gravatar.com\/avatar\/441623b143916170432092028c1cd262.jpg?s=72&d=https%3A%2F%2Fa.slack-edge.com%2Fdf10d%2Fimg%2Favatars%2Fava_0016-72.png",
            "first_name": "O'Shannessy",
            "real_name": "O'Shannessy",
            "display_name": "oshannessy",
            "team": "T0CJ5UNHK",
            "name": "nevercode",
            "is_restricted": false,
            "is_ultra_restricted": false
        },
        "edited": {
            "user": "UULSNDT8X",
            "ts": "1619745635.000000"
        },
        "blocks": [
            {
                "type": "rich_text",
                "block_id": "dJd",
                "elements": [
                    {
                        "type": "rich_text_section",
                        "elements": [
                            {
                                "type": "text",
                                "text": "he sounds desperate. is there any way to get rid of posts like this?"
                            }
                        ]
                    }
                ]
            }
        ],
        "thread_ts": "1619554327.145100",
        "parent_user_id": "U01PY2L46KU"
    }
]