[
    {
        "client_msg_id": "be0d0b8c-347c-4dc6-949f-4a6b68ce9896",
        "type": "message",
        "text": "eSpark Learning | US Remote | Senior Engineer\/Software Engineer\n\nHi everyone! If you're interested in working in Elm to help teachers help K-5 public school students build their English and math skills, we're looking to grow the team at eSpark Learning! I've been there 8 years and really appreciate the team (many of whom are former educators), the focus on student learning and supporting teachers both in classrooms and with remote education, and the years of independent data from school districts across the US that show measurable positive impact.\n\nOur tech stack is Elm (0.19) on the frontend, Typescript for ports, and Ruby on Rails (6.1) on the backend. We also build some educational games in-house and are building out our data engineering practice, so there are a lot of areas for growth. We're many of the organizers of Elm in the Spring, and the company supports us—and you, if you want!—in organizing the 2022 conference as part of our regular work.\n\nWe have some exciting projects for both our student and teacher apps and would love to bring on additional engineers excited about Elm and the opportunity to make a difference in education :grinning:\n\n* Senior engineer job post: <https:\/\/boards.greenhouse.io\/esparklearning\/jobs\/3014863?gh_jid=3014863>\n* Software engineer job post: <https:\/\/boards.greenhouse.io\/esparklearning\/jobs\/3116759?gh_jid=3116759>\n\nIf you have any questions, I'd be happy to answer them over DM or email at <mailto:koppel@esparklearning.com|koppel@esparklearning.com>!",
        "user": "U82S7A401",
        "ts": "1621957662.014800",
        "team": "T0CJ5UNHK",
        "user_team": "T0CJ5UNHK",
        "source_team": "T0CJ5UNHK",
        "user_profile": {
            "avatar_hash": "gc442951c4a3",
            "image_72": "https:\/\/secure.gravatar.com\/avatar\/5c442951c4a3d0315580f45e4ffe551f.jpg?s=72&d=https%3A%2F%2Fa.slack-edge.com%2Fdf10d%2Fimg%2Favatars%2Fava_0021-72.png",
            "first_name": "Alex",
            "real_name": "Alex Koppel (he\/him)",
            "display_name": "",
            "team": "T0CJ5UNHK",
            "name": "alex653",
            "is_restricted": false,
            "is_ultra_restricted": false
        },
        "attachments": [
            {
                "title": "Senior Software Engineer",
                "title_link": "https:\/\/boards.greenhouse.io\/esparklearning\/jobs\/3014863?gh_jid=3014863",
                "text": "U.S. remote",
                "fallback": "Senior Software Engineer",
                "image_url": "https:\/\/recruiting.cdn.greenhouse.io\/external_greenhouse_job_boards\/logos\/000\/005\/312\/original\/careers-page-social-2.png?1611602118",
                "from_url": "https:\/\/boards.greenhouse.io\/esparklearning\/jobs\/3014863?gh_jid=3014863",
                "image_width": 444,
                "image_height": 250,
                "image_bytes": 2089423,
                "service_icon": "https:\/\/boards.greenhouse.io\/favicon.ico",
                "service_name": "boards.greenhouse.io",
                "id": 1,
                "original_url": "https:\/\/boards.greenhouse.io\/esparklearning\/jobs\/3014863?gh_jid=3014863"
            },
            {
                "title": "Software Engineer",
                "title_link": "https:\/\/boards.greenhouse.io\/esparklearning\/jobs\/3116759?gh_jid=3116759",
                "text": "U.S. remote",
                "fallback": "Software Engineer",
                "image_url": "https:\/\/recruiting.cdn.greenhouse.io\/external_greenhouse_job_boards\/logos\/000\/005\/312\/original\/careers-page-social-2.png?1611602118",
                "from_url": "https:\/\/boards.greenhouse.io\/esparklearning\/jobs\/3116759?gh_jid=3116759",
                "image_width": 444,
                "image_height": 250,
                "image_bytes": 2089423,
                "service_icon": "https:\/\/boards.greenhouse.io\/favicon.ico",
                "service_name": "boards.greenhouse.io",
                "id": 2,
                "original_url": "https:\/\/boards.greenhouse.io\/esparklearning\/jobs\/3116759?gh_jid=3116759"
            }
        ],
        "blocks": [
            {
                "type": "rich_text",
                "block_id": "Vwz5",
                "elements": [
                    {
                        "type": "rich_text_section",
                        "elements": [
                            {
                                "type": "text",
                                "text": "eSpark Learning | US Remote | Senior Engineer\/Software Engineer\n\nHi everyone! If you're interested in working in Elm to help teachers help K-5 public school students build their English and math skills, we're looking to grow the team at eSpark Learning! I've been there 8 years and really appreciate the team (many of whom are former educators), the focus on student learning and supporting teachers both in classrooms and with remote education, and the years of independent data from school districts across the US that show measurable positive impact.\n\nOur tech stack is Elm (0.19) on the frontend, Typescript for ports, and Ruby on Rails (6.1) on the backend. We also build some educational games in-house and are building out our data engineering practice, so there are a lot of areas for growth. We're many of the organizers of Elm in the Spring, and the company supports us—and you, if you want!—in organizing the 2022 conference as part of our regular work.\n\nWe have some exciting projects for both our student and teacher apps and would love to bring on additional engineers excited about Elm and the opportunity to make a difference in education "
                            },
                            {
                                "type": "emoji",
                                "name": "grinning",
                                "unicode": "1f600"
                            },
                            {
                                "type": "text",
                                "text": "\n\n* Senior engineer job post: "
                            },
                            {
                                "type": "link",
                                "url": "https:\/\/boards.greenhouse.io\/esparklearning\/jobs\/3014863?gh_jid=3014863"
                            },
                            {
                                "type": "text",
                                "text": "\n* Software engineer job post: "
                            },
                            {
                                "type": "link",
                                "url": "https:\/\/boards.greenhouse.io\/esparklearning\/jobs\/3116759?gh_jid=3116759"
                            },
                            {
                                "type": "text",
                                "text": "\n\nIf you have any questions, I'd be happy to answer them over DM or email at "
                            },
                            {
                                "type": "link",
                                "url": "mailto:koppel@esparklearning.com",
                                "text": "koppel@esparklearning.com"
                            },
                            {
                                "type": "text",
                                "text": "!"
                            }
                        ]
                    }
                ]
            }
        ],
        "thread_ts": "1621957662.014800",
        "reply_count": 1,
        "reply_users_count": 1,
        "latest_reply": "1622210880.018500",
        "reply_users": [
            "UL3LWAFHV"
        ],
        "replies": [
            {
                "user": "UL3LWAFHV",
                "ts": "1622210880.018500"
            }
        ],
        "is_locked": false,
        "subscribed": false,
        "reactions": [
            {
                "name": "+1::skin-tone-5",
                "users": [
                    "U0U6ML22H"
                ],
                "count": 1
            },
            {
                "name": "heart",
                "users": [
                    "UCWB1N6JX",
                    "U0D4VR7BP",
                    "U46SUQ5CL",
                    "UAMRQEZ4L"
                ],
                "count": 4
            },
            {
                "name": "+1",
                "users": [
                    "UCWB1N6JX",
                    "U44R1N656",
                    "U46SUQ5CL",
                    "UAMRQEZ4L",
                    "U188TK71N",
                    "U0LL0LF0Q"
                ],
                "count": 6
            },
            {
                "name": "+1::skin-tone-4",
                "users": [
                    "UP0F4DUDB"
                ],
                "count": 1
            }
        ]
    },
    {
        "type": "message",
        "subtype": "tombstone",
        "text": "This message was deleted.",
        "user": "USLACKBOT",
        "hidden": true,
        "ts": "1621975855.015800",
        "thread_ts": "1621975855.015800",
        "reply_count": 2,
        "reply_users_count": 2,
        "latest_reply": "1621976711.016100",
        "reply_users": [
            "U0D4VR7BP",
            "U5Z3Y472L"
        ],
        "replies": [
            {
                "user": "U0D4VR7BP",
                "ts": "1621976247.015900"
            },
            {
                "user": "U5Z3Y472L",
                "ts": "1621976711.016100"
            }
        ],
        "is_locked": false,
        "subscribed": false,
        "reactions": [
            {
                "name": "-1::skin-tone-5",
                "users": [
                    "U0U6ML22H"
                ],
                "count": 1
            },
            {
                "name": "hankey",
                "users": [
                    "U0U6ML22H"
                ],
                "count": 1
            }
        ]
    },
    {
        "client_msg_id": "29c2681c-aa1b-4757-939c-0263726926eb",
        "type": "message",
        "text": "Hello <@U01PY2L46KU>, I suggest you add some information about your Elm experience to this post, because that's what everybody will be looking at (this being an Elm Slack...)",
        "user": "U0D4VR7BP",
        "ts": "1621976247.015900",
        "team": "T0CJ5UNHK",
        "user_team": "T0CJ5UNHK",
        "source_team": "T0CJ5UNHK",
        "user_profile": {
            "avatar_hash": "e3bc6c9a3eae",
            "image_72": "https:\/\/avatars.slack-edge.com\/2022-03-14\/3235069386658_e3bc6c9a3eae57c36495_72.jpg",
            "first_name": "Martin",
            "real_name": "Martin Janiczek",
            "display_name": "janiczek",
            "team": "T0CJ5UNHK",
            "name": "janiczek",
            "is_restricted": false,
            "is_ultra_restricted": false
        },
        "blocks": [
            {
                "type": "rich_text",
                "block_id": "Y0mC",
                "elements": [
                    {
                        "type": "rich_text_section",
                        "elements": [
                            {
                                "type": "text",
                                "text": "Hello "
                            },
                            {
                                "type": "user",
                                "user_id": "U01PY2L46KU"
                            },
                            {
                                "type": "text",
                                "text": ", I suggest you add some information about your Elm experience to this post, because that's what everybody will be looking at (this being an Elm Slack...)"
                            }
                        ]
                    }
                ]
            }
        ],
        "thread_ts": "1621975855.015800",
        "parent_user_id": "U01PY2L46KU"
    },
    {
        "client_msg_id": "47c5d20b-800c-4603-95fc-a449e7c7f67e",
        "type": "message",
        "text": "This is a scam. You’ll find the exact same post if you scroll up to Tuesday, April 27th",
        "user": "U5Z3Y472L",
        "ts": "1621976711.016100",
        "team": "T0CJ5UNHK",
        "user_team": "T0CJ5UNHK",
        "source_team": "T0CJ5UNHK",
        "user_profile": {
            "avatar_hash": "146a9fcaa21c",
            "image_72": "https:\/\/avatars.slack-edge.com\/2021-11-08\/2712136133409_146a9fcaa21c92e7be55_72.jpg",
            "first_name": "Pascal",
            "real_name": "Pascal Le Merrer",
            "display_name": "pascal.lemerrer",
            "team": "T0CJ5UNHK",
            "name": "pascal.lemerrer",
            "is_restricted": false,
            "is_ultra_restricted": false
        },
        "edited": {
            "user": "U5Z3Y472L",
            "ts": "1621976746.000000"
        },
        "blocks": [
            {
                "type": "rich_text",
                "block_id": "nBt",
                "elements": [
                    {
                        "type": "rich_text_section",
                        "elements": [
                            {
                                "type": "text",
                                "text": "This is a scam. You’ll find the exact same post if you scroll up to Tuesday, April 27th"
                            }
                        ]
                    }
                ]
            }
        ],
        "thread_ts": "1621975855.015800",
        "parent_user_id": "U01PY2L46KU",
        "reactions": [
            {
                "name": "point_up_2::skin-tone-2",
                "users": [
                    "UA50RDC79"
                ],
                "count": 1
            },
            {
                "name": "point_up_2::skin-tone-5",
                "users": [
                    "U0U6ML22H"
                ],
                "count": 1
            },
            {
                "name": "point_up_2",
                "users": [
                    "U46SUQ5CL"
                ],
                "count": 1
            },
            {
                "name": "scream",
                "users": [
                    "U016HBQ0HFZ",
                    "U46SUQ5CL"
                ],
                "count": 2
            }
        ]
    }
]