[
    {
        "client_msg_id": "ca0467cb-22bd-4529-bbe0-40be5c360e67",
        "type": "message",
        "text": "Is \"Opus\" the name of the client?",
        "user": "UP0F4DUDB",
        "ts": "1617109677.033500",
        "team": "T0CJ5UNHK",
        "user_team": "T0CJ5UNHK",
        "source_team": "T0CJ5UNHK",
        "user_profile": {
            "avatar_hash": "e1f9414b7dde",
            "image_72": "https:\/\/avatars.slack-edge.com\/2021-07-18\/2292530040884_e1f9414b7dde63cc2c2c_72.jpg",
            "first_name": "Gaurav",
            "real_name": "Gaurav M",
            "display_name": "Gaurav M",
            "team": "T0CJ5UNHK",
            "name": "gauravashq",
            "is_restricted": false,
            "is_ultra_restricted": false
        },
        "blocks": [
            {
                "type": "rich_text",
                "block_id": "\/Pj",
                "elements": [
                    {
                        "type": "rich_text_section",
                        "elements": [
                            {
                                "type": "text",
                                "text": "Is \"Opus\" the name of the client?"
                            }
                        ]
                    }
                ]
            }
        ],
        "thread_ts": "1616679894.023400",
        "parent_user_id": "U01S796CRBQ"
    },
    {
        "client_msg_id": "b62e3968-e2b2-4fd5-880f-04875de95b6d",
        "type": "message",
        "text": "Is this offer still open?",
        "user": "U2ZKEFM9V",
        "ts": "1617111207.033700",
        "team": "T0CJ5UNHK",
        "user_team": "T0CJ5UNHK",
        "source_team": "T0CJ5UNHK",
        "user_profile": {
            "avatar_hash": "8faaca3aee56",
            "image_72": "https:\/\/avatars.slack-edge.com\/2019-07-15\/683420890450_8faaca3aee56c9ae90f4_72.jpg",
            "first_name": "José",
            "real_name": "José Pablo Leandro Martín",
            "display_name": "arguser",
            "team": "T0CJ5UNHK",
            "name": "arguser",
            "is_restricted": false,
            "is_ultra_restricted": false
        },
        "blocks": [
            {
                "type": "rich_text",
                "block_id": "qUk",
                "elements": [
                    {
                        "type": "rich_text_section",
                        "elements": [
                            {
                                "type": "text",
                                "text": "Is this offer still open?"
                            }
                        ]
                    }
                ]
            }
        ],
        "thread_ts": "1615218173.052400",
        "parent_user_id": "U01Q07340RH"
    }
]