[
    {
        "client_msg_id": "19933381-7beb-4346-b1e8-3cfbe3bb7d85",
        "type": "message",
        "text": "| Paack | Fully Remote | Frontend Developer (Ideally knowing Elm already, or just experience in functional programming is enough :slightly_smiling_face: )\n<https:\/\/careers.paack.co\/jobs\/1349735-frontend-developer-elm>",
        "user": "U01Q07340RH",
        "ts": "1632738353.093600",
        "team": "T0CJ5UNHK",
        "user_team": "T0CJ5UNHK",
        "source_team": "T0CJ5UNHK",
        "user_profile": {
            "avatar_hash": "9f692f093e58",
            "image_72": "https:\/\/avatars.slack-edge.com\/2021-03-03\/1839879772896_9f692f093e5830bc9879_72.png",
            "first_name": "",
            "real_name": "Lucia Fedele",
            "display_name": "Lucia Fedele",
            "team": "T0CJ5UNHK",
            "name": "lucia.fedele",
            "is_restricted": false,
            "is_ultra_restricted": false
        },
        "attachments": [
            {
                "service_name": "Paack - WE Hire!",
                "title": "Frontend Developer (Elm) - Paack - WE Hire!",
                "title_link": "https:\/\/careers.paack.co\/jobs\/1349735-frontend-developer-elm",
                "text": "If you love Frontend development and are looking for new challenges, then keep on reading…",
                "fallback": "Paack - WE Hire!: Frontend Developer (Elm) - Paack - WE Hire!",
                "image_url": "https:\/\/s3-eu-west-1.amazonaws.com\/tt-screenshots\/e7d754ff-de12-46c8-8c89-dd7ec7ebde08-facebook.png?update=1632138903",
                "image_width": 476,
                "image_height": 250,
                "ts": 1632125440,
                "from_url": "https:\/\/careers.paack.co\/jobs\/1349735-frontend-developer-elm",
                "image_bytes": 48544,
                "service_icon": "https:\/\/careers.paack.co\/favicon.ico",
                "id": 1,
                "original_url": "https:\/\/careers.paack.co\/jobs\/1349735-frontend-developer-elm"
            }
        ],
        "blocks": [
            {
                "type": "rich_text",
                "block_id": "JyRx",
                "elements": [
                    {
                        "type": "rich_text_section",
                        "elements": [
                            {
                                "type": "text",
                                "text": "| Paack | Fully Remote | Frontend Developer (Ideally knowing Elm already, or just experience in functional programming is enough "
                            },
                            {
                                "type": "emoji",
                                "name": "slightly_smiling_face",
                                "unicode": "1f642"
                            },
                            {
                                "type": "text",
                                "text": " )\n"
                            },
                            {
                                "type": "link",
                                "url": "https:\/\/careers.paack.co\/jobs\/1349735-frontend-developer-elm"
                            }
                        ]
                    }
                ]
            }
        ],
        "reactions": [
            {
                "name": "+1::skin-tone-5",
                "users": [
                    "U0U6ML22H"
                ],
                "count": 1
            },
            {
                "name": "+1",
                "users": [
                    "U5Z3Y472L",
                    "UHVAS62M6",
                    "U6DG2DGAK",
                    "UHCC19526",
                    "U44R1N656",
                    "UHYH3L2MB",
                    "UM37TMNUX",
                    "U5VUHJJEN",
                    "U9LAE55JL",
                    "U1L85D83D",
                    "U2ZKEFM9V"
                ],
                "count": 11
            },
            {
                "name": "+1::skin-tone-4",
                "users": [
                    "URGC23FFU",
                    "UP0F4DUDB"
                ],
                "count": 2
            },
            {
                "name": "fire",
                "users": [
                    "U5J0H2NS2",
                    "UHYH3L2MB",
                    "U9LAE55JL"
                ],
                "count": 3
            },
            {
                "name": "heart",
                "users": [
                    "UHYH3L2MB",
                    "U9LAE55JL",
                    "U4R17T6F7"
                ],
                "count": 3
            },
            {
                "name": "+1::skin-tone-3",
                "users": [
                    "U0KEKHS3H"
                ],
                "count": 1
            }
        ]
    },
    {
        "client_msg_id": "f83dd945-47c1-4940-801c-ab071c6836f1",
        "type": "message",
        "text": "| Metronome Growth Systems | Remote (Pacific Time \/ Canada\/Pacific) | Intermediate to Senior FE developer | Migration to Elm |\n\nWe (<https:\/\/www.metronomegrowthsystems.com>) are looking to hire an intermediate to senior, frontend developer. Our app consists of some React code and a lot of AngularJS code ... so JavaScript. Ouch! We have migrated a few components over to Angular 12 (in TypeScript) but I would prefer to go all-in on Elm. So I'm hoping to find someone who is experienced enough with Elm (and FE development in general) that they can woo our developers to come over from the dark side. :wink: You'll also need to know how we can create and maintain a hybrid app until everything has been migrated over to Elm. Note that 2 of our 4 developers are already completely onboard with Elm so don't read too much into the \"wooing\".\n\nWe are a small company (10 people right now), HQd in Whistler, BC. The entire dev team is remote so you can work from anywhere but we do have a strong preference for people in our TZ (Pacific Time). If you feel this is you, then we would be happy to talk to you. We genuinely care about a healthy work\/life balance and there is virtually no overtime. Because we are a small (but stable, without any outside investors) company you have the opportunity (if you so desire) to do other things than just software development.\n\nFeel free to DM me or email me: hilco AT metronome.global.",
        "user": "U022L36NYAJ",
        "ts": "1632783862.095900",
        "team": "T0CJ5UNHK",
        "user_team": "T0CJ5UNHK",
        "source_team": "T0CJ5UNHK",
        "user_profile": {
            "avatar_hash": "0956953ff7ba",
            "image_72": "https:\/\/avatars.slack-edge.com\/2021-12-16\/2837978285735_0956953ff7ba50d33c20_72.png",
            "first_name": "Hilco",
            "real_name": "Hilco Wijbenga",
            "display_name": "Hilco",
            "team": "T0CJ5UNHK",
            "name": "hilco.wijbenga",
            "is_restricted": false,
            "is_ultra_restricted": false
        },
        "edited": {
            "user": "U022L36NYAJ",
            "ts": "1632844434.000000"
        },
        "blocks": [
            {
                "type": "rich_text",
                "block_id": "LBG",
                "elements": [
                    {
                        "type": "rich_text_section",
                        "elements": [
                            {
                                "type": "text",
                                "text": "| Metronome Growth Systems | Remote (Pacific Time \/ Canada\/Pacific) | Intermediate to Senior FE developer | Migration to Elm |\n\nWe ("
                            },
                            {
                                "type": "link",
                                "url": "https:\/\/www.metronomegrowthsystems.com"
                            },
                            {
                                "type": "text",
                                "text": ") are looking to hire an intermediate to senior, frontend developer. Our app consists of some React code and a lot of AngularJS code ... so JavaScript. Ouch! We have migrated a few components over to Angular 12 (in TypeScript) but I would prefer to go all-in on Elm. So I'm hoping to find someone who is experienced enough with Elm (and FE development in general) that they can woo our developers to come over from the dark side. "
                            },
                            {
                                "type": "emoji",
                                "name": "wink",
                                "unicode": "1f609"
                            },
                            {
                                "type": "text",
                                "text": " You'll also need to know how we can create and maintain a hybrid app until everything has been migrated over to Elm. Note that 2 of our 4 developers are already completely onboard with Elm so don't read too much into the \"wooing\".\n\nWe are a small company (10 people right now), HQd in Whistler, BC. The entire dev team is remote so you can work from anywhere but we do have a strong preference for people in our TZ (Pacific Time). If you feel this is you, then we would be happy to talk to you. We genuinely care about a healthy work\/life balance and there is virtually no overtime. Because we are a small (but stable, without any outside investors) company you have the opportunity (if you so desire) to do other things than just software development.\n\nFeel free to DM me or email me: hilco AT metronome.global."
                            }
                        ]
                    }
                ]
            }
        ],
        "thread_ts": "1632783862.095900",
        "reply_count": 7,
        "reply_users_count": 3,
        "latest_reply": "1632845411.103500",
        "reply_users": [
            "U0U6ML22H",
            "U0J8D9M2P",
            "U022L36NYAJ"
        ],
        "replies": [
            {
                "user": "U0U6ML22H",
                "ts": "1632811290.096400"
            },
            {
                "user": "U0J8D9M2P",
                "ts": "1632827688.100500"
            },
            {
                "user": "U022L36NYAJ",
                "ts": "1632844478.101000"
            },
            {
                "user": "U0J8D9M2P",
                "ts": "1632845043.102300"
            },
            {
                "user": "U0J8D9M2P",
                "ts": "1632845077.102800"
            },
            {
                "user": "U0J8D9M2P",
                "ts": "1632845087.103300"
            },
            {
                "user": "U022L36NYAJ",
                "ts": "1632845411.103500"
            }
        ],
        "is_locked": false,
        "subscribed": false
    },
    {
        "client_msg_id": "4e78f13d-009c-4411-8517-566463f6d377",
        "type": "message",
        "text": "great! you should try and format the ad like the others in the channel :smiley:",
        "user": "U0U6ML22H",
        "ts": "1632811290.096400",
        "team": "T0CJ5UNHK",
        "user_team": "T0CJ5UNHK",
        "source_team": "T0CJ5UNHK",
        "user_profile": {
            "avatar_hash": "334f65bb1565",
            "image_72": "https:\/\/avatars.slack-edge.com\/2020-12-07\/1578968688208_334f65bb156586411238_72.jpg",
            "first_name": "Augustin",
            "real_name": "Augustin Ragon",
            "display_name": "Augustin",
            "team": "T0CJ5UNHK",
            "name": "augustin82",
            "is_restricted": false,
            "is_ultra_restricted": false
        },
        "blocks": [
            {
                "type": "rich_text",
                "block_id": "3fP",
                "elements": [
                    {
                        "type": "rich_text_section",
                        "elements": [
                            {
                                "type": "text",
                                "text": "great! you should try and format the ad like the others in the channel "
                            },
                            {
                                "type": "emoji",
                                "name": "smiley",
                                "unicode": "1f603"
                            }
                        ]
                    }
                ]
            }
        ],
        "thread_ts": "1632783862.095900",
        "parent_user_id": "U022L36NYAJ"
    }
]