[
    {
        "client_msg_id": "56e7d723-0c18-40da-926c-2be95c7639f1",
        "type": "message",
        "text": "| <https:\/\/deepgram.com|Deepgram> | Remote (time overlapping US) | <https:\/\/jobs.lever.co\/deepgram\/615e964a-80fa-49e4-98ed-9c78d85f4a50|Fullstack> (Rust+Elm) or <https:\/\/jobs.lever.co\/deepgram\/f42cc94b-4d3b-4889-a731-c88dbf15114f|Frontend> (Elm) Engineer\nWe're a growing startup doing AI speech recognition, and our engineering team is growing as well! Lots of positions available, though the ones linked above are the Elm-y ones. The engineering team is cross-functional and independent (I'm formally a frontend engineer, but I work on our Rust backend as well because I want to!). The source code of our main frontend project right now is 98% Elm, so experience in the language is great, but definitely not a requirement. You can apply through the listings linked above, but please let me know if you have questions!",
        "user": "U01THL9AA84",
        "ts": "1640032258.161200",
        "team": "T0CJ5UNHK",
        "user_team": "T0CJ5UNHK",
        "source_team": "T0CJ5UNHK",
        "user_profile": {
            "avatar_hash": "g339f0f3545e",
            "image_72": "https:\/\/secure.gravatar.com\/avatar\/339f0f3545ec7f555072a6341dee0e5a.jpg?s=72&d=https%3A%2F%2Fa.slack-edge.com%2Fdf10d%2Fimg%2Favatars%2Fava_0005-72.png",
            "first_name": "",
            "real_name": "Joe Thel",
            "display_name": "",
            "team": "T0CJ5UNHK",
            "name": "jgraythel",
            "is_restricted": false,
            "is_ultra_restricted": false
        },
        "attachments": [
            {
                "from_url": "https:\/\/jobs.lever.co\/deepgram\/f42cc94b-4d3b-4889-a731-c88dbf15114f",
                "thumb_url": "https:\/\/lever-client-logos.s3-us-west-2.amazonaws.com\/be2bfd46-1173-43e2-90e4-0253955e27d0-1595440952159.png",
                "thumb_width": 517,
                "thumb_height": 518,
                "service_icon": "https:\/\/jobs.lever.co\/favicon.ico",
                "id": 2,
                "original_url": "https:\/\/jobs.lever.co\/deepgram\/f42cc94b-4d3b-4889-a731-c88dbf15114f",
                "fallback": "Deepgram - Front End Engineer",
                "text": "Deepgram is looking for a user-focused Front End engineer to lead the design and implementation of Deepgram’s internal and external-facing products. You will design products ranging from our speech platform GUI, to internal labeling tools, to experimental games and tools powered by the latest deep learning technologies and implement secure, robust, and scalable customer-facing services. Your skill at building highly reusable code that overcomes technical challenges is paired with an intuition for delightful user experiences. You will be a critical voice in Deepgram’s Product and Engineering teams, driving high impact products from start to finish.",
                "title": "Deepgram - Front End Engineer",
                "title_link": "https:\/\/jobs.lever.co\/deepgram\/f42cc94b-4d3b-4889-a731-c88dbf15114f",
                "service_name": "jobs.lever.co",
                "fields": [
                    {
                        "value": "Remote",
                        "title": "Location",
                        "short": true
                    },
                    {
                        "value": "Engineering",
                        "title": "Team",
                        "short": true
                    }
                ]
            }
        ],
        "blocks": [
            {
                "type": "rich_text",
                "block_id": "fbv",
                "elements": [
                    {
                        "type": "rich_text_section",
                        "elements": [
                            {
                                "type": "text",
                                "text": "| "
                            },
                            {
                                "type": "link",
                                "url": "https:\/\/deepgram.com",
                                "text": "Deepgram"
                            },
                            {
                                "type": "text",
                                "text": " | Remote (time overlapping US) | "
                            },
                            {
                                "type": "link",
                                "url": "https:\/\/jobs.lever.co\/deepgram\/615e964a-80fa-49e4-98ed-9c78d85f4a50",
                                "text": "Fullstack"
                            },
                            {
                                "type": "text",
                                "text": " (Rust+Elm) or "
                            },
                            {
                                "type": "link",
                                "url": "https:\/\/jobs.lever.co\/deepgram\/f42cc94b-4d3b-4889-a731-c88dbf15114f",
                                "text": "Frontend"
                            },
                            {
                                "type": "text",
                                "text": " (Elm) Engineer\nWe're a growing startup doing AI speech recognition, and our engineering team is growing as well! Lots of positions available, though the ones linked above are the Elm-y ones. The engineering team is cross-functional and independent (I'm formally a frontend engineer, but I work on our Rust backend as well because I want to!). The source code of our main frontend project right now is 98% Elm, so experience in the language is great, but definitely not a requirement. You can apply through the listings linked above, but please let me know if you have questions!"
                            }
                        ]
                    }
                ]
            }
        ],
        "thread_ts": "1640032258.161200",
        "reply_count": 1,
        "reply_users_count": 1,
        "latest_reply": "1640033236.161500",
        "reply_users": [
            "UBWGL03MF"
        ],
        "replies": [
            {
                "user": "UBWGL03MF",
                "ts": "1640033236.161500"
            }
        ],
        "is_locked": false,
        "subscribed": false,
        "reactions": [
            {
                "name": "heart_eyes",
                "users": [
                    "U0U6ML22H",
                    "U1PQJ4V32",
                    "UBWGL03MF",
                    "UMFLBANTT",
                    "U2ZKEFM9V",
                    "U46SUQ5CL",
                    "U02J8CCQ4KY",
                    "U3207UZA8",
                    "U01B94WV48K",
                    "UGGLU06TB"
                ],
                "count": 10
            },
            {
                "name": "+1::skin-tone-2",
                "users": [
                    "U2FMN03NZ"
                ],
                "count": 1
            },
            {
                "name": "+1",
                "users": [
                    "U5Z3Y472L",
                    "U1PQJ4V32",
                    "UHCC19526",
                    "UAS7NTLAU",
                    "U5VUHJJEN",
                    "UBWGL03MF",
                    "U2FN13XD4",
                    "UHYH3L2MB",
                    "U46SUQ5CL",
                    "U01SEUK68E7",
                    "U44R1N656",
                    "U02K72KURJS",
                    "U2ZKEFM9V",
                    "UPP4S79FZ",
                    "U02TKGS4P7F"
                ],
                "count": 15
            }
        ]
    },
    {
        "client_msg_id": "8d7774fa-63f5-4af8-be54-38602e8dd258",
        "type": "message",
        "text": "I can ensure this is a great company to work in!",
        "user": "UBWGL03MF",
        "ts": "1640033236.161500",
        "team": "T0CJ5UNHK",
        "user_team": "T0CJ5UNHK",
        "source_team": "T0CJ5UNHK",
        "user_profile": {
            "avatar_hash": "gdb4df5b4404",
            "image_72": "https:\/\/secure.gravatar.com\/avatar\/9db4df5b4404a5884f421179477ddc40.jpg?s=72&d=https%3A%2F%2Fa.slack-edge.com%2Fdf10d%2Fimg%2Favatars%2Fava_0003-72.png",
            "first_name": "Sébastien",
            "real_name": "Sébastien Besnier",
            "display_name": "sebbes",
            "team": "T0CJ5UNHK",
            "name": "sebastien.fabrice.bes",
            "is_restricted": false,
            "is_ultra_restricted": false
        },
        "blocks": [
            {
                "type": "rich_text",
                "block_id": "xWGxV",
                "elements": [
                    {
                        "type": "rich_text_section",
                        "elements": [
                            {
                                "type": "text",
                                "text": "I can ensure this is a great company to work in!"
                            }
                        ]
                    }
                ]
            }
        ],
        "thread_ts": "1640032258.161200",
        "parent_user_id": "U01THL9AA84",
        "reactions": [
            {
                "name": "heart",
                "users": [
                    "U01THL9AA84",
                    "U1PQJ4V32",
                    "UP0F4DUDB",
                    "UHCC19526",
                    "U46SUQ5CL",
                    "UA50RDC79",
                    "U01B94WV48K",
                    "U3LUC6SNS"
                ],
                "count": 8
            }
        ]
    }
]