[
    {
        "client_msg_id": "9588fec2-9249-410a-88eb-61bddb306171",
        "type": "message",
        "text": "Hi Luke, thanks I will take a look at fix it by today.",
        "user": "U024SG54PRR",
        "ts": "1623654862.050800",
        "team": "T0CJ5UNHK",
        "user_team": "T0CJ5UNHK",
        "source_team": "T0CJ5UNHK",
        "user_profile": {
            "avatar_hash": "g6b85226ea73",
            "image_72": "https:\/\/secure.gravatar.com\/avatar\/6b85226ea73cde28f4cf41baf7ad543f.jpg?s=72&d=https%3A%2F%2Fa.slack-edge.com%2Fdf10d%2Fimg%2Favatars%2Fava_0008-72.png",
            "first_name": "",
            "real_name": "Adria",
            "display_name": "Adria",
            "team": "T0CJ5UNHK",
            "name": "adria",
            "is_restricted": false,
            "is_ultra_restricted": false
        },
        "blocks": [
            {
                "type": "rich_text",
                "block_id": "8Ag",
                "elements": [
                    {
                        "type": "rich_text_section",
                        "elements": [
                            {
                                "type": "text",
                                "text": "Hi Luke, thanks I will take a look at fix it by today."
                            }
                        ]
                    }
                ]
            }
        ],
        "thread_ts": "1623418413.046900",
        "parent_user_id": "U024SG54PRR"
    }
]