[
    {
        "client_msg_id": "E4775E8E-E6DA-4FCE-AC79-AD4B00E8F481",
        "type": "message",
        "text": "Congrats! I’m so happy you’ve gotten a large corporation to use Elm :blush: ",
        "user": "U842X772T",
        "ts": "1636637081.089400",
        "team": "T0CJ5UNHK",
        "user_team": "T0CJ5UNHK",
        "source_team": "T0CJ5UNHK",
        "user_profile": {
            "avatar_hash": "690dea1e41c5",
            "image_72": "https:\/\/avatars.slack-edge.com\/2020-06-16\/1200256129713_690dea1e41c518eae752_72.png",
            "first_name": "Jason",
            "real_name": "Jason",
            "display_name": "Jason - Florida, USA - he\/him",
            "team": "T0CJ5UNHK",
            "name": "jmphry",
            "is_restricted": false,
            "is_ultra_restricted": false
        },
        "blocks": [
            {
                "type": "rich_text",
                "block_id": "EwVbN",
                "elements": [
                    {
                        "type": "rich_text_section",
                        "elements": [
                            {
                                "type": "text",
                                "text": "Congrats! I’m so happy you’ve gotten a large corporation to use Elm "
                            },
                            {
                                "type": "emoji",
                                "name": "blush",
                                "unicode": "1f60a"
                            },
                            {
                                "type": "text",
                                "text": " "
                            }
                        ]
                    }
                ]
            }
        ],
        "thread_ts": "1636594159.087300",
        "parent_user_id": "U01GQ5V96Q5"
    },
    {
        "client_msg_id": "54ae47b4-8994-4521-be4f-b933bab3c772",
        "type": "message",
        "text": "easy there, don't want to count those chicks before they're in production!  But thanks.",
        "user": "U01GQ5V96Q5",
        "ts": "1636641186.089800",
        "team": "T0CJ5UNHK",
        "user_team": "T0CJ5UNHK",
        "source_team": "T0CJ5UNHK",
        "user_profile": {
            "avatar_hash": "30372ce36261",
            "image_72": "https:\/\/avatars.slack-edge.com\/2021-08-16\/2384378602114_30372ce36261fa5edd5c_72.png",
            "first_name": "",
            "real_name": "Ethan Martin",
            "display_name": "Ethan Martin",
            "team": "T0CJ5UNHK",
            "name": "beefzilla469",
            "is_restricted": false,
            "is_ultra_restricted": false
        },
        "blocks": [
            {
                "type": "rich_text",
                "block_id": "+YJFx",
                "elements": [
                    {
                        "type": "rich_text_section",
                        "elements": [
                            {
                                "type": "text",
                                "text": "easy there, don't want to count those chicks before they're in production!  But thanks."
                            }
                        ]
                    }
                ]
            }
        ],
        "thread_ts": "1636594159.087300",
        "parent_user_id": "U01GQ5V96Q5"
    },
    {
        "client_msg_id": "f2bbccaf-88d9-44e5-97ce-3efa10711700",
        "type": "message",
        "text": "<@U01GQ5V96Q5>, you might add Vanguard here:\n<https:\/\/github.com\/jah2488\/elm-companies>\n\nOr, if you want to wait until you're in PROD :wink:",
        "user": "U9LAE55JL",
        "ts": "1636663622.090200",
        "team": "T0CJ5UNHK",
        "user_team": "T0CJ5UNHK",
        "source_team": "T0CJ5UNHK",
        "user_profile": {
            "avatar_hash": "01aeaa74b7cf",
            "image_72": "https:\/\/avatars.slack-edge.com\/2019-11-20\/843242918192_01aeaa74b7cf244543f1_72.jpg",
            "first_name": "",
            "real_name": "Andrew J Lenards",
            "display_name": "lenards",
            "team": "T0CJ5UNHK",
            "name": "andrew.lenards",
            "is_restricted": false,
            "is_ultra_restricted": false
        },
        "blocks": [
            {
                "type": "rich_text",
                "block_id": "i3k+x",
                "elements": [
                    {
                        "type": "rich_text_section",
                        "elements": [
                            {
                                "type": "user",
                                "user_id": "U01GQ5V96Q5"
                            },
                            {
                                "type": "text",
                                "text": ", you might add Vanguard here:\n"
                            },
                            {
                                "type": "link",
                                "url": "https:\/\/github.com\/jah2488\/elm-companies"
                            },
                            {
                                "type": "text",
                                "text": "\n\nOr, if you want to wait until you're in PROD "
                            },
                            {
                                "type": "emoji",
                                "name": "wink",
                                "unicode": "1f609"
                            }
                        ]
                    }
                ]
            }
        ],
        "thread_ts": "1636594159.087300",
        "parent_user_id": "U01GQ5V96Q5"
    }
]