[
    {
        "client_msg_id": "417285b3-cecc-4689-baea-d550e5ceb73d",
        "type": "message",
        "text": ":+1: for tomek. Had some good conversation during elm conf 2017",
        "user": "U3R7CKQRX",
        "ts": "1618306761.085300",
        "team": "T0CJ5UNHK",
        "user_team": "T0CJ5UNHK",
        "source_team": "T0CJ5UNHK",
        "user_profile": {
            "avatar_hash": "4d8253219af3",
            "image_72": "https:\/\/avatars.slack-edge.com\/2020-09-19\/1387588235617_4d8253219af3c888f92e_72.png",
            "first_name": "chris",
            "real_name": "chris p",
            "display_name": "christophp (Deedo)",
            "team": "T0CJ5UNHK",
            "name": "christophp",
            "is_restricted": false,
            "is_ultra_restricted": false
        },
        "edited": {
            "user": "U3R7CKQRX",
            "ts": "1618306783.000000"
        },
        "blocks": [
            {
                "type": "rich_text",
                "block_id": "V77\/T",
                "elements": [
                    {
                        "type": "rich_text_section",
                        "elements": [
                            {
                                "type": "emoji",
                                "name": "+1",
                                "unicode": "1f44d"
                            },
                            {
                                "type": "text",
                                "text": " for tomek. Had some good conversation during elm conf 2017"
                            }
                        ]
                    }
                ]
            }
        ],
        "thread_ts": "1617385092.055700",
        "parent_user_id": "U0CL7484S"
    },
    {
        "type": "message",
        "subtype": "tombstone",
        "text": "This message was deleted.",
        "user": "USLACKBOT",
        "hidden": true,
        "ts": "1618332247.086200",
        "thread_ts": "1618332247.086200",
        "reply_count": 1,
        "reply_users_count": 1,
        "latest_reply": "1618332434.086500",
        "reply_users": [
            "U9RGY8ZAP"
        ],
        "replies": [
            {
                "user": "U9RGY8ZAP",
                "ts": "1618332434.086500"
            }
        ],
        "is_locked": false,
        "subscribed": false,
        "reactions": [
            {
                "name": "-1",
                "users": [
                    "U9RGY8ZAP",
                    "U78TKHJLF",
                    "U46SUQ5CL",
                    "U011MNYF50Q",
                    "U1D7SLE4Q",
                    "U0FBYQXNG",
                    "U01TCRRK469",
                    "U2ZKEFM9V",
                    "UNHTP0XKM",
                    "U5Z3Y472L",
                    "U6XC3SHM0",
                    "U188TK71N",
                    "U1EJG2SGJ"
                ],
                "count": 13
            },
            {
                "name": "angry",
                "users": [
                    "U46SUQ5CL",
                    "U0U6ML22H",
                    "U1D7SLE4Q"
                ],
                "count": 3
            },
            {
                "name": "-1::skin-tone-5",
                "users": [
                    "U0U6ML22H"
                ],
                "count": 1
            },
            {
                "name": "face_vomiting",
                "users": [
                    "U0U6ML22H",
                    "U2ZKEFM9V"
                ],
                "count": 2
            },
            {
                "name": "woozy_face",
                "users": [
                    "UATNLPEHK"
                ],
                "count": 1
            }
        ]
    },
    {
        "client_msg_id": "1c634f3e-72f3-4089-b4aa-e3b1d6bf487c",
        "type": "message",
        "text": "This isn't Elm related",
        "user": "U9RGY8ZAP",
        "ts": "1618332434.086500",
        "team": "T0CJ5UNHK",
        "user_team": "T0CJ5UNHK",
        "source_team": "T0CJ5UNHK",
        "user_profile": {
            "avatar_hash": "gc2057c0c875",
            "image_72": "https:\/\/secure.gravatar.com\/avatar\/3c2057c0c875ac8701a3edd33d9f5df1.jpg?s=72&d=https%3A%2F%2Fa.slack-edge.com%2Fdf10d%2Fimg%2Favatars%2Fava_0020-72.png",
            "first_name": "",
            "real_name": "Martin Stewart",
            "display_name": "",
            "team": "T0CJ5UNHK",
            "name": "martinsstewart",
            "is_restricted": false,
            "is_ultra_restricted": false
        },
        "blocks": [
            {
                "type": "rich_text",
                "block_id": "anP33",
                "elements": [
                    {
                        "type": "rich_text_section",
                        "elements": [
                            {
                                "type": "text",
                                "text": "This isn't Elm related"
                            }
                        ]
                    }
                ]
            }
        ],
        "thread_ts": "1618332247.086200",
        "parent_user_id": "U01L49ADHCZ"
    }
]