[
    {
        "client_msg_id": "8265b624-245d-4f5c-a078-7effe8718fb2",
        "type": "message",
        "text": "&gt;  They may be making something using elm architecture..",
        "user": "UK2BTEQV7",
        "ts": "1611133506.011000",
        "team": "T0CJ5UNHK",
        "user_team": "T0CJ5UNHK",
        "source_team": "T0CJ5UNHK",
        "user_profile": {
            "avatar_hash": "g1fd8c1ef64a",
            "image_72": "https:\/\/secure.gravatar.com\/avatar\/b1fd8c1ef64ac6b41e595d38d457c604.jpg?s=72&d=https%3A%2F%2Fa.slack-edge.com%2Fdf10d%2Fimg%2Favatars%2Fava_0008-72.png",
            "first_name": "Arunas",
            "real_name": "Arunas",
            "display_name": "Arunas",
            "team": "T0CJ5UNHK",
            "name": "arunas",
            "is_restricted": false,
            "is_ultra_restricted": false
        },
        "blocks": [
            {
                "type": "rich_text",
                "block_id": "K1Og",
                "elements": [
                    {
                        "type": "rich_text_quote",
                        "elements": [
                            {
                                "type": "text",
                                "text": " They may be making something using elm architecture.."
                            }
                        ]
                    }
                ]
            }
        ],
        "thread_ts": "1611052295.008200",
        "parent_user_id": "U1X0EELG3"
    },
    {
        "client_msg_id": "717ed265-201d-441d-a8b9-7d13649a3965",
        "type": "message",
        "text": "Lol",
        "user": "UK2BTEQV7",
        "ts": "1611133508.011200",
        "team": "T0CJ5UNHK",
        "user_team": "T0CJ5UNHK",
        "source_team": "T0CJ5UNHK",
        "user_profile": {
            "avatar_hash": "g1fd8c1ef64a",
            "image_72": "https:\/\/secure.gravatar.com\/avatar\/b1fd8c1ef64ac6b41e595d38d457c604.jpg?s=72&d=https%3A%2F%2Fa.slack-edge.com%2Fdf10d%2Fimg%2Favatars%2Fava_0008-72.png",
            "first_name": "Arunas",
            "real_name": "Arunas",
            "display_name": "Arunas",
            "team": "T0CJ5UNHK",
            "name": "arunas",
            "is_restricted": false,
            "is_ultra_restricted": false
        },
        "blocks": [
            {
                "type": "rich_text",
                "block_id": "HXtwc",
                "elements": [
                    {
                        "type": "rich_text_section",
                        "elements": [
                            {
                                "type": "text",
                                "text": "Lol"
                            }
                        ]
                    }
                ]
            }
        ],
        "thread_ts": "1611052295.008200",
        "parent_user_id": "U1X0EELG3"
    },
    {
        "client_msg_id": "7e4f7e33-08a3-40d4-84ce-52d0f86a410c",
        "type": "message",
        "text": "Hell, maybe I should apply - hey team lets make a TEA architecture for your Hadoop in Scala!",
        "user": "U1X0EELG3",
        "ts": "1611152517.011400",
        "team": "T0CJ5UNHK",
        "user_team": "T0CJ5UNHK",
        "source_team": "T0CJ5UNHK",
        "user_profile": {
            "avatar_hash": "b72ba28993ae",
            "image_72": "https:\/\/avatars.slack-edge.com\/2019-01-31\/539969680374_b72ba28993ae87a3db22_72.jpg",
            "first_name": "Rupert",
            "real_name": "Rupert Smith",
            "display_name": "rupertlssmith",
            "team": "T0CJ5UNHK",
            "name": "rupertlssmith",
            "is_restricted": false,
            "is_ultra_restricted": false
        },
        "blocks": [
            {
                "type": "rich_text",
                "block_id": "5yv",
                "elements": [
                    {
                        "type": "rich_text_section",
                        "elements": [
                            {
                                "type": "text",
                                "text": "Hell, maybe I should apply - hey team lets make a TEA architecture for your Hadoop in Scala!"
                            }
                        ]
                    }
                ]
            }
        ],
        "thread_ts": "1611052295.008200",
        "parent_user_id": "U1X0EELG3",
        "reactions": [
            {
                "name": "heart",
                "users": [
                    "UP0F4DUDB"
                ],
                "count": 1
            }
        ]
    },
    {
        "client_msg_id": "724ca1e5-2ffa-400b-8727-9a968ee66539",
        "type": "message",
        "text": "Thanks for posting. Always nice to see FP job ads :slightly_smiling_face:",
        "user": "U1AQAEL3T",
        "ts": "1611181540.011600",
        "team": "T0CJ5UNHK",
        "user_team": "T0CJ5UNHK",
        "source_team": "T0CJ5UNHK",
        "user_profile": {
            "avatar_hash": "55b2bc31ef53",
            "image_72": "https:\/\/avatars.slack-edge.com\/2021-03-10\/1827375869015_55b2bc31ef5380ea5401_72.jpg",
            "first_name": "Mikolaj",
            "real_name": "Mikolaj Kubera",
            "display_name": "mikolaj-kubera",
            "team": "T0CJ5UNHK",
            "name": "rainteller",
            "is_restricted": false,
            "is_ultra_restricted": false
        },
        "blocks": [
            {
                "type": "rich_text",
                "block_id": "R5o",
                "elements": [
                    {
                        "type": "rich_text_section",
                        "elements": [
                            {
                                "type": "text",
                                "text": "Thanks for posting. Always nice to see FP job ads "
                            },
                            {
                                "type": "emoji",
                                "name": "slightly_smiling_face",
                                "unicode": "1f642"
                            }
                        ]
                    }
                ]
            }
        ],
        "thread_ts": "1611052295.008200",
        "parent_user_id": "U1X0EELG3"
    }
]