[
    {
        "client_msg_id": "dc23ac80-b032-44c2-93f8-f2e27b4ec830",
        "type": "message",
        "text": "Hello everyone!\nI’m Camryn, an Analyst at Visible Hands. *Visible Hands* is a VC firm composed of a fellowship that feeds into a fund.\nWe support underrepresented talent in building venture-backed tech companies from scratch. Through a virtual-first fellowship program, Visible Hands provides company-building services and investments of up to $200k to underrepresented talent across the U.S.\n:bell:*Our application launches on MARCH 29TH*:bell:\nTo learn more here is the link to <https:\/\/visible-hands-website.webflow.io\/|our website> and if you have any specific questions about Visible Hands or the program, please respond to this thread.",
        "user": "U01PU27RMC7",
        "ts": "1615912508.000600",
        "team": "T0CJ5UNHK",
        "user_team": "T0CJ5UNHK",
        "source_team": "T0CJ5UNHK",
        "user_profile": {
            "avatar_hash": "a215030c73e0",
            "image_72": "https:\/\/avatars.slack-edge.com\/2021-03-16\/1888758241536_a215030c73e0ea6599c1_72.png",
            "first_name": "",
            "real_name": "Camryn Mcallister",
            "display_name": "Camryn Mcallister",
            "team": "T0CJ5UNHK",
            "name": "camryn",
            "is_restricted": false,
            "is_ultra_restricted": false
        },
        "attachments": [
            {
                "title": "Visible Hands",
                "title_link": "https:\/\/visible-hands-website.webflow.io\/",
                "text": "Visible Hands is a 14-week full-time fellowship program that supports underrepresented talent in building technology startups by providing company building services and investments of up to $200k.",
                "fallback": "Visible Hands",
                "from_url": "https:\/\/visible-hands-website.webflow.io\/",
                "service_name": "visible-hands-website.webflow.io",
                "id": 1,
                "original_url": "https:\/\/visible-hands-website.webflow.io\/"
            }
        ],
        "blocks": [
            {
                "type": "rich_text",
                "block_id": "8EF",
                "elements": [
                    {
                        "type": "rich_text_section",
                        "elements": [
                            {
                                "type": "text",
                                "text": "Hello everyone!\nI’m Camryn, an Analyst at Visible Hands. "
                            },
                            {
                                "type": "text",
                                "text": "Visible Hands",
                                "style": {
                                    "bold": true
                                }
                            },
                            {
                                "type": "text",
                                "text": " is a VC firm composed of a fellowship that feeds into a fund.\nWe support underrepresented talent in building venture-backed tech companies from scratch. Through a virtual-first fellowship program, Visible Hands provides company-building services and investments of up to $200k to underrepresented talent across the U.S.\n"
                            },
                            {
                                "type": "emoji",
                                "name": "bell",
                                "unicode": "1f514",
                                "style": {
                                    "bold": true
                                }
                            },
                            {
                                "type": "text",
                                "text": "Our application launches on MARCH 29TH",
                                "style": {
                                    "bold": true
                                }
                            },
                            {
                                "type": "emoji",
                                "name": "bell",
                                "unicode": "1f514",
                                "style": {
                                    "bold": true
                                }
                            },
                            {
                                "type": "text",
                                "text": "\nTo learn more here is the link to "
                            },
                            {
                                "type": "link",
                                "url": "https:\/\/visible-hands-website.webflow.io\/",
                                "text": "our website"
                            },
                            {
                                "type": "text",
                                "text": " and if you have any specific questions about Visible Hands or the program, please respond to this thread."
                            }
                        ]
                    }
                ]
            }
        ],
        "thread_ts": "1615912508.000600",
        "reply_count": 5,
        "reply_users_count": 4,
        "latest_reply": "1615992942.006400",
        "reply_users": [
            "U0U6ML22H",
            "U1X0EELG3",
            "U1EGKETA6",
            "U01PU27RMC7"
        ],
        "replies": [
            {
                "user": "U0U6ML22H",
                "ts": "1615914063.000900"
            },
            {
                "user": "U1X0EELG3",
                "ts": "1615915407.001100"
            },
            {
                "user": "U1X0EELG3",
                "ts": "1615915515.001300"
            },
            {
                "user": "U1EGKETA6",
                "ts": "1615916318.001700"
            },
            {
                "user": "U01PU27RMC7",
                "ts": "1615992942.006400"
            }
        ],
        "is_locked": false,
        "subscribed": false
    },
    {
        "client_msg_id": "1de1c198-2e43-47db-a747-91be7d5dc46a",
        "type": "message",
        "text": "hi! is this at all related to Elm?",
        "user": "U0U6ML22H",
        "ts": "1615914063.000900",
        "team": "T0CJ5UNHK",
        "user_team": "T0CJ5UNHK",
        "source_team": "T0CJ5UNHK",
        "user_profile": {
            "avatar_hash": "334f65bb1565",
            "image_72": "https:\/\/avatars.slack-edge.com\/2020-12-07\/1578968688208_334f65bb156586411238_72.jpg",
            "first_name": "Augustin",
            "real_name": "Augustin Ragon",
            "display_name": "Augustin",
            "team": "T0CJ5UNHK",
            "name": "augustin82",
            "is_restricted": false,
            "is_ultra_restricted": false
        },
        "blocks": [
            {
                "type": "rich_text",
                "block_id": "pEUv",
                "elements": [
                    {
                        "type": "rich_text_section",
                        "elements": [
                            {
                                "type": "text",
                                "text": "hi! is this at all related to Elm?"
                            }
                        ]
                    }
                ]
            }
        ],
        "thread_ts": "1615912508.000600",
        "parent_user_id": "U01PU27RMC7"
    },
    {
        "client_msg_id": "430a7aa7-d050-416f-991f-722d2fdbb881",
        "type": "message",
        "text": "Maybe Elm is \"underrepresented talent \"?",
        "user": "U1X0EELG3",
        "ts": "1615915407.001100",
        "team": "T0CJ5UNHK",
        "user_team": "T0CJ5UNHK",
        "source_team": "T0CJ5UNHK",
        "user_profile": {
            "avatar_hash": "b72ba28993ae",
            "image_72": "https:\/\/avatars.slack-edge.com\/2019-01-31\/539969680374_b72ba28993ae87a3db22_72.jpg",
            "first_name": "Rupert",
            "real_name": "Rupert Smith",
            "display_name": "rupertlssmith",
            "team": "T0CJ5UNHK",
            "name": "rupertlssmith",
            "is_restricted": false,
            "is_ultra_restricted": false
        },
        "blocks": [
            {
                "type": "rich_text",
                "block_id": "JaQG8",
                "elements": [
                    {
                        "type": "rich_text_section",
                        "elements": [
                            {
                                "type": "text",
                                "text": "Maybe Elm is \"underrepresented talent \"?"
                            }
                        ]
                    }
                ]
            }
        ],
        "thread_ts": "1615912508.000600",
        "parent_user_id": "U01PU27RMC7"
    },
    {
        "client_msg_id": "b95b11c0-76bd-48c0-bfce-3c146eb83aa4",
        "type": "message",
        "text": "From the FAQ:\n\"\"\"\nWho is Eligible to Apply?\nYou identify as one (or more) of the following underrepresented gender and racial\/ethnic identities:\n• Female, nonbinary, trans, genderqueer, or gender non-conforming\n• Black or African American\n• Latinx\n• Pacific Islander or Hawaiian Native\n• Indigenous American, American Indian, or Alaska Native\n\"\"\"\nI guess Elm is just a friendly place for the underrepresented - all good in my opinion.",
        "user": "U1X0EELG3",
        "ts": "1615915515.001300",
        "team": "T0CJ5UNHK",
        "user_team": "T0CJ5UNHK",
        "source_team": "T0CJ5UNHK",
        "user_profile": {
            "avatar_hash": "b72ba28993ae",
            "image_72": "https:\/\/avatars.slack-edge.com\/2019-01-31\/539969680374_b72ba28993ae87a3db22_72.jpg",
            "first_name": "Rupert",
            "real_name": "Rupert Smith",
            "display_name": "rupertlssmith",
            "team": "T0CJ5UNHK",
            "name": "rupertlssmith",
            "is_restricted": false,
            "is_ultra_restricted": false
        },
        "edited": {
            "user": "U1X0EELG3",
            "ts": "1615915547.000000"
        },
        "blocks": [
            {
                "type": "rich_text",
                "block_id": "poRL",
                "elements": [
                    {
                        "type": "rich_text_section",
                        "elements": [
                            {
                                "type": "text",
                                "text": "From the FAQ:\n\"\"\"\nWho is Eligible to Apply?\nYou identify as one (or more) of the following underrepresented gender and racial\/ethnic identities:\n• Female, nonbinary, trans, genderqueer, or gender non-conforming\n• Black or African American\n• Latinx\n• Pacific Islander or Hawaiian Native\n• Indigenous American, American Indian, or Alaska Native\n\"\"\"\nI guess Elm is just a friendly place for the underrepresented - all good in my opinion."
                            }
                        ]
                    }
                ]
            }
        ],
        "thread_ts": "1615912508.000600",
        "parent_user_id": "U01PU27RMC7"
    },
    {
        "client_msg_id": "d75e3aa3-f513-4cec-af2b-5803f90b17ba",
        "type": "message",
        "text": "this should probably be better suited to <#C0CJ671HU|misc>, this isn't neither a job nor Elm related",
        "user": "U1EGKETA6",
        "ts": "1615916318.001700",
        "team": "T0CJ5UNHK",
        "user_team": "T0CJ5UNHK",
        "source_team": "T0CJ5UNHK",
        "user_profile": {
            "avatar_hash": "g013943ec5f5",
            "image_72": "https:\/\/secure.gravatar.com\/avatar\/3013943ec5f5989bb736c80811f33ed5.jpg?s=72&d=https%3A%2F%2Fa.slack-edge.com%2Fdf10d%2Fimg%2Favatars%2Fava_0012-72.png",
            "first_name": "Joaquin",
            "real_name": "Joaquin",
            "display_name": "joakin",
            "team": "T0CJ5UNHK",
            "name": "joakin",
            "is_restricted": false,
            "is_ultra_restricted": false
        },
        "blocks": [
            {
                "type": "rich_text",
                "block_id": "3YoRy",
                "elements": [
                    {
                        "type": "rich_text_section",
                        "elements": [
                            {
                                "type": "text",
                                "text": "this should probably be better suited to "
                            },
                            {
                                "type": "channel",
                                "channel_id": "C0CJ671HU"
                            },
                            {
                                "type": "text",
                                "text": ", this isn't neither a job nor Elm related"
                            }
                        ]
                    }
                ]
            }
        ],
        "thread_ts": "1615912508.000600",
        "parent_user_id": "U01PU27RMC7",
        "reactions": [
            {
                "name": "point_up_2::skin-tone-5",
                "users": [
                    "U0U6ML22H"
                ],
                "count": 1
            },
            {
                "name": "point_up_2",
                "users": [
                    "UHYH3L2MB",
                    "UCG09TVKP"
                ],
                "count": 2
            }
        ]
    }
]