[
    {
        "client_msg_id": "24007ff2-4313-4a77-a43f-dc97a705f44a",
        "type": "message",
        "text": "| Seeking work | Remote\/Ireland | Senior contractor, full stack\nHi, I'm looking for contract programming work. 20 years work experience total, the last 7 years in webapps. 5 years Elm hobbyist and occasional contributor. Familiar with Elm, JavaScript, Rust, Haskell, Python and C.\nDM me for more details!",
        "user": "U1QMPR509",
        "ts": "1640945249.167000",
        "team": "T0CJ5UNHK",
        "user_team": "T0CJ5UNHK",
        "source_team": "T0CJ5UNHK",
        "user_profile": {
            "avatar_hash": "b36d37fe8ccf",
            "image_72": "https:\/\/avatars.slack-edge.com\/2018-05-25\/371506884534_b36d37fe8ccf1dd77210_72.jpg",
            "first_name": "Brian",
            "real_name": "Brian Carroll",
            "display_name": "briancarroll",
            "team": "T0CJ5UNHK",
            "name": "briancarroll",
            "is_restricted": false,
            "is_ultra_restricted": false
        },
        "blocks": [
            {
                "type": "rich_text",
                "block_id": "Ex7",
                "elements": [
                    {
                        "type": "rich_text_section",
                        "elements": [
                            {
                                "type": "text",
                                "text": "| Seeking work | Remote\/Ireland | Senior contractor, full stack\nHi, I'm looking for contract programming work. 20 years work experience total, the last 7 years in webapps. 5 years Elm hobbyist and occasional contributor. Familiar with Elm, JavaScript, Rust, Haskell, Python and C.\nDM me for more details!"
                            }
                        ]
                    }
                ]
            }
        ],
        "reactions": [
            {
                "name": "+1::skin-tone-2",
                "users": [
                    "UA50RDC79",
                    "U4R17T6F7"
                ],
                "count": 2
            },
            {
                "name": "+1",
                "users": [
                    "U3LUC6SNS",
                    "U5Z3Y472L",
                    "U6UMSMTEV",
                    "U3LGUAF54",
                    "U46SUQ5CL",
                    "U44R1N656",
                    "UPFG5DUN6",
                    "UPP4S79FZ",
                    "U01AN00BDFH"
                ],
                "count": 9
            },
            {
                "name": "+1::skin-tone-5",
                "users": [
                    "U0U6ML22H"
                ],
                "count": 1
            }
        ]
    }
]