[
    {
        "client_msg_id": "17cf63bc-1c0e-4111-be0e-f11b4cb1c70e",
        "type": "message",
        "text": "| MindGym | 100% remote, UK or Europe (HQ in London) | Full-Stack |\nHey folks! MindGym are looking for two engineers for another team working on an Elm project.\n\nFor a little bit of background, MindGym has two teams using Elm (I'm on one of these teams, but both teams are very much committed to Elm's continued use), and two teams using VueJS. Come and join one of the Elm teams, and help us convince the VueJS teams that it's worth making the switch! :smile:\n\nNote: As we're hiring for both the Elm _and_ Vue teams, when you apply, make sure you specify that you're explicitly looking to join an Elm-based team, and tell them Nimmo sent you. :slightly_smiling_face:\n\n<https:\/\/boards.greenhouse.io\/mindgym\/jobs\/4394455003>",
        "user": "U2G2JTSTU",
        "ts": "1627470464.143000",
        "team": "T0CJ5UNHK",
        "user_team": "T0CJ5UNHK",
        "source_team": "T0CJ5UNHK",
        "user_profile": {
            "avatar_hash": "ec9198b96340",
            "image_72": "https:\/\/avatars.slack-edge.com\/2018-10-17\/458106210835_ec9198b96340b083cf7b_72.png",
            "first_name": "Nimmo",
            "real_name": "Nimmo",
            "display_name": "Nimmo",
            "team": "T0CJ5UNHK",
            "name": "nimmo",
            "is_restricted": false,
            "is_ultra_restricted": false
        },
        "attachments": [
            {
                "title": "Senior Full Stack Engineer",
                "title_link": "https:\/\/boards.greenhouse.io\/mindgym\/jobs\/4394455003",
                "text": "London",
                "fallback": "Senior Full Stack Engineer",
                "image_url": "https:\/\/s3-recruiting.cdn.greenhouse.io\/external_greenhouse_job_boards\/logos\/400\/477\/300\/original\/1MG_Logo__RGB_2017_ContactSheet.jpg?1624400606",
                "from_url": "https:\/\/boards.greenhouse.io\/mindgym\/jobs\/4394455003",
                "image_width": 208,
                "image_height": 250,
                "image_bytes": 17516,
                "service_icon": "https:\/\/boards.greenhouse.io\/favicon.ico",
                "service_name": "boards.greenhouse.io",
                "id": 1,
                "original_url": "https:\/\/boards.greenhouse.io\/mindgym\/jobs\/4394455003"
            }
        ],
        "blocks": [
            {
                "type": "rich_text",
                "block_id": "IAeQ",
                "elements": [
                    {
                        "type": "rich_text_section",
                        "elements": [
                            {
                                "type": "text",
                                "text": "| MindGym | 100% remote, UK or Europe (HQ in London) | Full-Stack |\nHey folks! MindGym are looking for two engineers for another team working on an Elm project.\n\nFor a little bit of background, MindGym has two teams using Elm (I'm on one of these teams, but both teams are very much committed to Elm's continued use), and two teams using VueJS. Come and join one of the Elm teams, and help us convince the VueJS teams that it's worth making the switch! "
                            },
                            {
                                "type": "emoji",
                                "name": "smile",
                                "unicode": "1f604"
                            },
                            {
                                "type": "text",
                                "text": "\n\nNote: As we're hiring for both the Elm "
                            },
                            {
                                "type": "text",
                                "text": "and",
                                "style": {
                                    "italic": true
                                }
                            },
                            {
                                "type": "text",
                                "text": " Vue teams, when you apply, make sure you specify that you're explicitly looking to join an Elm-based team, and tell them Nimmo sent you. "
                            },
                            {
                                "type": "emoji",
                                "name": "slightly_smiling_face",
                                "unicode": "1f642"
                            },
                            {
                                "type": "text",
                                "text": "\n\n"
                            },
                            {
                                "type": "link",
                                "url": "https:\/\/boards.greenhouse.io\/mindgym\/jobs\/4394455003"
                            }
                        ]
                    }
                ]
            }
        ],
        "thread_ts": "1627470464.143000",
        "reply_count": 7,
        "reply_users_count": 3,
        "latest_reply": "1627474321.145800",
        "reply_users": [
            "U0V98FF54",
            "U2G2JTSTU",
            "UF1CWE6DC"
        ],
        "replies": [
            {
                "user": "U0V98FF54",
                "ts": "1627470559.143200"
            },
            {
                "user": "U2G2JTSTU",
                "ts": "1627471078.143400"
            },
            {
                "user": "U2G2JTSTU",
                "ts": "1627471141.143600"
            },
            {
                "user": "UF1CWE6DC",
                "ts": "1627473935.144200"
            },
            {
                "user": "U2G2JTSTU",
                "ts": "1627474008.144400"
            },
            {
                "user": "UF1CWE6DC",
                "ts": "1627474289.145500"
            },
            {
                "user": "U2G2JTSTU",
                "ts": "1627474321.145800"
            }
        ],
        "is_locked": false,
        "subscribed": false,
        "reactions": [
            {
                "name": "clap",
                "users": [
                    "UCWB1N6JX",
                    "U44R1N656",
                    "U1N66KB0F",
                    "U2ZKEFM9V",
                    "U4G0M9E6Q"
                ],
                "count": 5
            },
            {
                "name": "clap::skin-tone-3",
                "users": [
                    "U2GCKJTC0"
                ],
                "count": 1
            },
            {
                "name": "+1",
                "users": [
                    "U029PV9KZAN"
                ],
                "count": 1
            }
        ]
    },
    {
        "client_msg_id": "5e33f857-5e8b-4040-b629-b5fe75b1562a",
        "type": "message",
        "text": "Good luck convincing them! I'm curious if they try to convince the Elm teams as well and with what arguments :slightly_smiling_face:",
        "user": "U0V98FF54",
        "ts": "1627470559.143200",
        "team": "T0CJ5UNHK",
        "user_team": "T0CJ5UNHK",
        "source_team": "T0CJ5UNHK",
        "user_profile": {
            "avatar_hash": "c0fcbf0515bc",
            "image_72": "https:\/\/avatars.slack-edge.com\/2019-06-30\/680591669445_c0fcbf0515bca1938c81_72.jpg",
            "first_name": "Jeroen",
            "real_name": "Jeroen Engels",
            "display_name": "jfmengels",
            "team": "T0CJ5UNHK",
            "name": "jfmengels",
            "is_restricted": false,
            "is_ultra_restricted": false
        },
        "blocks": [
            {
                "type": "rich_text",
                "block_id": "hxbk",
                "elements": [
                    {
                        "type": "rich_text_section",
                        "elements": [
                            {
                                "type": "text",
                                "text": "Good luck convincing them! I'm curious if they try to convince the Elm teams as well and with what arguments "
                            },
                            {
                                "type": "emoji",
                                "name": "slightly_smiling_face",
                                "unicode": "1f642"
                            }
                        ]
                    }
                ]
            }
        ],
        "thread_ts": "1627470464.143000",
        "parent_user_id": "U2G2JTSTU"
    },
    {
        "client_msg_id": "ba8cf03a-dfd8-4629-9744-bdc55b291b77",
        "type": "message",
        "text": "Everyone on the Elm teams has experience with Vue, and so far no-one has actually tried to convince us to switch back. The list of reasons to choose Elm over Vue was very long though. :smile:",
        "user": "U2G2JTSTU",
        "ts": "1627471078.143400",
        "team": "T0CJ5UNHK",
        "user_team": "T0CJ5UNHK",
        "source_team": "T0CJ5UNHK",
        "user_profile": {
            "avatar_hash": "ec9198b96340",
            "image_72": "https:\/\/avatars.slack-edge.com\/2018-10-17\/458106210835_ec9198b96340b083cf7b_72.png",
            "first_name": "Nimmo",
            "real_name": "Nimmo",
            "display_name": "Nimmo",
            "team": "T0CJ5UNHK",
            "name": "nimmo",
            "is_restricted": false,
            "is_ultra_restricted": false
        },
        "blocks": [
            {
                "type": "rich_text",
                "block_id": "sOCFS",
                "elements": [
                    {
                        "type": "rich_text_section",
                        "elements": [
                            {
                                "type": "text",
                                "text": "Everyone on the Elm teams has experience with Vue, and so far no-one has actually tried to convince us to switch back. The list of reasons to choose Elm over Vue was very long though. "
                            },
                            {
                                "type": "emoji",
                                "name": "smile",
                                "unicode": "1f604"
                            }
                        ]
                    }
                ]
            }
        ],
        "thread_ts": "1627470464.143000",
        "parent_user_id": "U2G2JTSTU"
    },
    {
        "client_msg_id": "8489ef57-9cfa-44a6-ab19-bb26b7f69297",
        "type": "message",
        "text": "The key thing to mention though is that convincing other teams to switch is not actually part of the job. :sweat_smile: Come work with us and use Elm in production, in a fantastic company with a great engineering team...and _maybe_ convince some more devs to try Elm out whilst you're there. :heart:",
        "user": "U2G2JTSTU",
        "ts": "1627471141.143600",
        "team": "T0CJ5UNHK",
        "user_team": "T0CJ5UNHK",
        "source_team": "T0CJ5UNHK",
        "user_profile": {
            "avatar_hash": "ec9198b96340",
            "image_72": "https:\/\/avatars.slack-edge.com\/2018-10-17\/458106210835_ec9198b96340b083cf7b_72.png",
            "first_name": "Nimmo",
            "real_name": "Nimmo",
            "display_name": "Nimmo",
            "team": "T0CJ5UNHK",
            "name": "nimmo",
            "is_restricted": false,
            "is_ultra_restricted": false
        },
        "blocks": [
            {
                "type": "rich_text",
                "block_id": "TBc8X",
                "elements": [
                    {
                        "type": "rich_text_section",
                        "elements": [
                            {
                                "type": "text",
                                "text": "The key thing to mention though is that convincing other teams to switch is not actually part of the job. "
                            },
                            {
                                "type": "emoji",
                                "name": "sweat_smile",
                                "unicode": "1f605"
                            },
                            {
                                "type": "text",
                                "text": " Come work with us and use Elm in production, in a fantastic company with a great engineering team...and "
                            },
                            {
                                "type": "text",
                                "text": "maybe",
                                "style": {
                                    "italic": true
                                }
                            },
                            {
                                "type": "text",
                                "text": " convince some more devs to try Elm out whilst you're there. "
                            },
                            {
                                "type": "emoji",
                                "name": "heart",
                                "unicode": "2764-fe0f"
                            }
                        ]
                    }
                ]
            }
        ],
        "thread_ts": "1627470464.143000",
        "parent_user_id": "U2G2JTSTU",
        "reactions": [
            {
                "name": "wink",
                "users": [
                    "U0V98FF54"
                ],
                "count": 1
            }
        ]
    },
    {
        "client_msg_id": "835B3B1A-ADFD-47D2-B88F-1C1C8AE9D5BC",
        "type": "message",
        "text": "I’m quite fond of vue tbh :face_with_hand_over_mouth:",
        "user": "UF1CWE6DC",
        "ts": "1627473935.144200",
        "team": "T0CJ5UNHK",
        "user_team": "T0CJ5UNHK",
        "source_team": "T0CJ5UNHK",
        "user_profile": {
            "avatar_hash": "d1396f065b96",
            "image_72": "https:\/\/avatars.slack-edge.com\/2022-08-11\/3914179540759_d1396f065b962a082dad_72.png",
            "first_name": "Hayleigh",
            "real_name": "Hayleigh Thompson",
            "display_name": "hayleigh",
            "team": "T0CJ5UNHK",
            "name": "andrew.thompson",
            "is_restricted": false,
            "is_ultra_restricted": false
        },
        "blocks": [
            {
                "type": "rich_text",
                "block_id": "WXbu",
                "elements": [
                    {
                        "type": "rich_text_section",
                        "elements": [
                            {
                                "type": "text",
                                "text": "I’m quite fond of vue tbh "
                            },
                            {
                                "type": "emoji",
                                "name": "face_with_hand_over_mouth",
                                "unicode": "1f92d"
                            }
                        ]
                    }
                ]
            }
        ],
        "thread_ts": "1627470464.143000",
        "parent_user_id": "U2G2JTSTU"
    },
    {
        "client_msg_id": "e660778f-69e8-4259-8dd4-11a9b3ed5fcd",
        "type": "message",
        "text": "Well, we all have our flaws. :smile:\n\nKidding! If you're fond of Vue _and_ Elm, then you'd be especially well-suited. :slightly_smiling_face:",
        "user": "U2G2JTSTU",
        "ts": "1627474008.144400",
        "team": "T0CJ5UNHK",
        "user_team": "T0CJ5UNHK",
        "source_team": "T0CJ5UNHK",
        "user_profile": {
            "avatar_hash": "ec9198b96340",
            "image_72": "https:\/\/avatars.slack-edge.com\/2018-10-17\/458106210835_ec9198b96340b083cf7b_72.png",
            "first_name": "Nimmo",
            "real_name": "Nimmo",
            "display_name": "Nimmo",
            "team": "T0CJ5UNHK",
            "name": "nimmo",
            "is_restricted": false,
            "is_ultra_restricted": false
        },
        "blocks": [
            {
                "type": "rich_text",
                "block_id": "eNx",
                "elements": [
                    {
                        "type": "rich_text_section",
                        "elements": [
                            {
                                "type": "text",
                                "text": "Well, we all have our flaws. "
                            },
                            {
                                "type": "emoji",
                                "name": "smile",
                                "unicode": "1f604"
                            },
                            {
                                "type": "text",
                                "text": "\n\nKidding! If you're fond of Vue "
                            },
                            {
                                "type": "text",
                                "text": "and",
                                "style": {
                                    "italic": true
                                }
                            },
                            {
                                "type": "text",
                                "text": " Elm, then you'd be especially well-suited. "
                            },
                            {
                                "type": "emoji",
                                "name": "slightly_smiling_face",
                                "unicode": "1f642"
                            }
                        ]
                    }
                ]
            }
        ],
        "thread_ts": "1627470464.143000",
        "parent_user_id": "U2G2JTSTU"
    },
    {
        "client_msg_id": "365FAF61-E924-4F31-8177-1D092418290B",
        "type": "message",
        "text": "Alas, uni has me preoccupied, I’ll get back to you in a year :sunglasses:",
        "user": "UF1CWE6DC",
        "ts": "1627474289.145500",
        "team": "T0CJ5UNHK",
        "user_team": "T0CJ5UNHK",
        "source_team": "T0CJ5UNHK",
        "user_profile": {
            "avatar_hash": "d1396f065b96",
            "image_72": "https:\/\/avatars.slack-edge.com\/2022-08-11\/3914179540759_d1396f065b962a082dad_72.png",
            "first_name": "Hayleigh",
            "real_name": "Hayleigh Thompson",
            "display_name": "hayleigh",
            "team": "T0CJ5UNHK",
            "name": "andrew.thompson",
            "is_restricted": false,
            "is_ultra_restricted": false
        },
        "blocks": [
            {
                "type": "rich_text",
                "block_id": "VrWf",
                "elements": [
                    {
                        "type": "rich_text_section",
                        "elements": [
                            {
                                "type": "text",
                                "text": "Alas, uni has me preoccupied, I’ll get back to you in a year "
                            },
                            {
                                "type": "emoji",
                                "name": "sunglasses",
                                "unicode": "1f60e"
                            }
                        ]
                    }
                ]
            }
        ],
        "thread_ts": "1627470464.143000",
        "parent_user_id": "U2G2JTSTU",
        "reactions": [
            {
                "name": "heart",
                "users": [
                    "U2G2JTSTU",
                    "U1L85D83D"
                ],
                "count": 2
            }
        ]
    },
    {
        "client_msg_id": "ac08afab-974c-4516-896b-4b312e511993",
        "type": "message",
        "text": "Please do. :slightly_smiling_face: Best of luck with uni!",
        "user": "U2G2JTSTU",
        "ts": "1627474321.145800",
        "team": "T0CJ5UNHK",
        "user_team": "T0CJ5UNHK",
        "source_team": "T0CJ5UNHK",
        "user_profile": {
            "avatar_hash": "ec9198b96340",
            "image_72": "https:\/\/avatars.slack-edge.com\/2018-10-17\/458106210835_ec9198b96340b083cf7b_72.png",
            "first_name": "Nimmo",
            "real_name": "Nimmo",
            "display_name": "Nimmo",
            "team": "T0CJ5UNHK",
            "name": "nimmo",
            "is_restricted": false,
            "is_ultra_restricted": false
        },
        "blocks": [
            {
                "type": "rich_text",
                "block_id": "+VGbx",
                "elements": [
                    {
                        "type": "rich_text_section",
                        "elements": [
                            {
                                "type": "text",
                                "text": "Please do. "
                            },
                            {
                                "type": "emoji",
                                "name": "slightly_smiling_face",
                                "unicode": "1f642"
                            },
                            {
                                "type": "text",
                                "text": " Best of luck with uni!"
                            }
                        ]
                    }
                ]
            }
        ],
        "thread_ts": "1627470464.143000",
        "parent_user_id": "U2G2JTSTU",
        "reactions": [
            {
                "name": "pray",
                "users": [
                    "UF1CWE6DC"
                ],
                "count": 1
            }
        ]
    }
]