[
    {
        "client_msg_id": "2fc36787-9e4a-448e-8110-2dcf6ea84c4d",
        "type": "message",
        "text": "fulltime is 40 hours?",
        "user": "U3207UZA8",
        "ts": "1631398143.037100",
        "team": "T0CJ5UNHK",
        "user_team": "T0CJ5UNHK",
        "source_team": "T0CJ5UNHK",
        "user_profile": {
            "avatar_hash": "7aafb68ef703",
            "image_72": "https:\/\/avatars.slack-edge.com\/2018-11-26\/487972908994_7aafb68ef703f94fa249_72.jpg",
            "first_name": "Kolja",
            "real_name": "Kolja Lampe",
            "display_name": "razzeee",
            "team": "T0CJ5UNHK",
            "name": "razzeee",
            "is_restricted": false,
            "is_ultra_restricted": false
        },
        "blocks": [
            {
                "type": "rich_text",
                "block_id": "wx3u",
                "elements": [
                    {
                        "type": "rich_text_section",
                        "elements": [
                            {
                                "type": "text",
                                "text": "fulltime is 40 hours?"
                            }
                        ]
                    }
                ]
            }
        ],
        "thread_ts": "1631082328.028100",
        "parent_user_id": "U0V98FF54"
    },
    {
        "client_msg_id": "182637c4-1bf4-4501-8e05-01a177c87e16",
        "type": "message",
        "text": "Yes. Probably negotiable",
        "user": "U0V98FF54",
        "ts": "1631426872.037300",
        "team": "T0CJ5UNHK",
        "user_team": "T0CJ5UNHK",
        "source_team": "T0CJ5UNHK",
        "user_profile": {
            "avatar_hash": "c0fcbf0515bc",
            "image_72": "https:\/\/avatars.slack-edge.com\/2019-06-30\/680591669445_c0fcbf0515bca1938c81_72.jpg",
            "first_name": "Jeroen",
            "real_name": "Jeroen Engels",
            "display_name": "jfmengels",
            "team": "T0CJ5UNHK",
            "name": "jfmengels",
            "is_restricted": false,
            "is_ultra_restricted": false
        },
        "blocks": [
            {
                "type": "rich_text",
                "block_id": "+5Q",
                "elements": [
                    {
                        "type": "rich_text_section",
                        "elements": [
                            {
                                "type": "text",
                                "text": "Yes. Probably negotiable"
                            }
                        ]
                    }
                ]
            }
        ],
        "thread_ts": "1631082328.028100",
        "parent_user_id": "U0V98FF54"
    }
]