[
    {
        "client_msg_id": "e384951e-d908-4cca-a046-74d66f838aae",
        "type": "message",
        "text": "Do you want to help save lives?\n\nAvetta is a rapidly growing SaaS software platform with over 100,000 clients. Our supply chain risk management and compliance software helps hundreds of global organizations to align their supply chains to sustainable business practices, worldwide. Our software saves lives by driving better safety practices in the workplace; implementing Avetta helped one major chemical company cut their accident rate by 74% in a single year!\n\nWe are hiring two Elm developers right now, and are open to hiring these roles at junior, mid-level or senior levels of experience as appropriate for the successful candidate.\n\nHere's a link to the job posting:\n<https:\/\/grnh.se\/e6e88c573us>\n\nOr feel free to DM me here if you have questions. We are open to remote candidates almost anywhere in North America.",
        "user": "U01VAPMPTCJ",
        "ts": "1619210524.124500",
        "team": "T0CJ5UNHK",
        "user_team": "T0CJ5UNHK",
        "source_team": "T0CJ5UNHK",
        "user_profile": {
            "avatar_hash": "8e86bd37ff86",
            "image_72": "https:\/\/avatars.slack-edge.com\/2021-04-23\/2009533032865_8e86bd37ff8682afb629_72.jpg",
            "first_name": "",
            "real_name": "Ryan Boudwin",
            "display_name": "Ryan Boudwin",
            "team": "T0CJ5UNHK",
            "name": "ryan.boudwin",
            "is_restricted": false,
            "is_ultra_restricted": false
        },
        "edited": {
            "user": "U01VAPMPTCJ",
            "ts": "1619210944.000000"
        },
        "attachments": [
            {
                "title": "     Careers Listing | Avetta   ",
                "title_link": "https:\/\/grnh.se\/e6e88c573us",
                "text": "We are building the connections that build the world! Our global supply chain solution combines adaptive technology with leading professional services.",
                "fallback": "     Careers Listing | Avetta   ",
                "from_url": "https:\/\/grnh.se\/e6e88c573us",
                "service_icon": "https:\/\/www.avetta.com\/themes\/custom\/avetta\/favicon.ico",
                "service_name": "avetta.com",
                "id": 1,
                "original_url": "https:\/\/grnh.se\/e6e88c573us"
            }
        ],
        "blocks": [
            {
                "type": "rich_text",
                "block_id": "\/VN",
                "elements": [
                    {
                        "type": "rich_text_section",
                        "elements": [
                            {
                                "type": "text",
                                "text": "Do you want to help save lives?\n\nAvetta is a rapidly growing SaaS software platform with over 100,000 clients. Our supply chain risk management and compliance software helps hundreds of global organizations to align their supply chains to sustainable business practices, worldwide. Our software saves lives by driving better safety practices in the workplace; implementing Avetta helped one major chemical company cut their accident rate by 74% in a single year!\n\nWe are hiring two Elm developers right now, and are open to hiring these roles at junior, mid-level or senior levels of experience as appropriate for the successful candidate.\n\nHere's a link to the job posting:\n"
                            },
                            {
                                "type": "link",
                                "url": "https:\/\/grnh.se\/e6e88c573us"
                            },
                            {
                                "type": "text",
                                "text": "\n\nOr feel free to DM me here if you have questions. We are open to remote candidates almost anywhere in North America."
                            }
                        ]
                    }
                ]
            }
        ],
        "thread_ts": "1619210524.124500",
        "reply_count": 1,
        "reply_users_count": 1,
        "latest_reply": "1619267952.125100",
        "reply_users": [
            "U2ZKEFM9V"
        ],
        "replies": [
            {
                "user": "U2ZKEFM9V",
                "ts": "1619267952.125100"
            }
        ],
        "is_locked": false,
        "subscribed": false,
        "reactions": [
            {
                "name": "+1",
                "users": [
                    "U2FN13XD4",
                    "UP0F4DUDB",
                    "U44R1N656"
                ],
                "count": 3
            },
            {
                "name": "sunglasses",
                "users": [
                    "U016HBQ0HFZ"
                ],
                "count": 1
            }
        ]
    }
]