[
    {
        "type": "message",
        "subtype": "thread_broadcast",
        "text": "I heavily recommend working at ActiveState, I worked there for about a year and it was great. The work is fun and the people are awesome. Plus, you'll work on a large, pure elm app!",
        "user": "UA50RDC79",
        "ts": "1610055495.271700",
        "thread_ts": "1608309896.266000",
        "root": {
            "client_msg_id": "a78ac218-94de-4d54-a8de-73b0e272a4df",
            "type": "message",
            "text": "*ActiveState | Vancouver BC, Remote OK  | Elm Developer* \n```\n**ActiveState is looking for an Elm developer that's passionate about developer tooling. **\n\nActiveState is looking for developers to level up our front end of the ActiveState Platform. The team is responsible for the user experience of the Platform from the web. We're creating new ways to manage software development environments.\n\nIf you know Python, Perl, or Tcl you've probably heard of ActiveState's language distros. Now we're building an ambitious language distribution platform and set of tools so that coders can focus on coding and spend less time worrying about dependency hell, third party vulnerabilities, and inconsistent developer environments.  We're doing this  for every language and operating system on the planet (and beyond). We need your help to do it! Best of all you'll be working on a product that you'll use yourself daily.\n\nThis position is available to remote workers anywhere in the world, as long as you are able to work on a schedule that aligns with our core North American business hours of 10:00am - 4:00pm PST. You can also choose to work from our headquarters in beautiful Vancouver, BC once the health situation makes this possible. ```\n<https:\/\/www.activestate.com\/company\/careers\/?gh_jid=4462997002#grnhse_app|More Details About the Job and Instruction to apply>",
            "user": "U9NQF1HB9",
            "ts": "1608309896.266000",
            "team": "T0CJ5UNHK",
            "edited": {
                "user": "U9NQF1HB9",
                "ts": "1608310174.000000"
            },
            "blocks": [
                {
                    "type": "rich_text",
                    "block_id": "88aO",
                    "elements": [
                        {
                            "type": "rich_text_section",
                            "elements": [
                                {
                                    "type": "text",
                                    "text": "ActiveState | Vancouver BC, Remote OK  | Elm Developer ",
                                    "style": {
                                        "bold": true
                                    }
                                },
                                {
                                    "type": "text",
                                    "text": "\n"
                                }
                            ]
                        },
                        {
                            "type": "rich_text_preformatted",
                            "elements": [
                                {
                                    "type": "text",
                                    "text": "\n**ActiveState is looking for an Elm developer that's passionate about developer tooling. **\n\nActiveState is looking for developers to level up our front end of the ActiveState Platform. The team is responsible for the user experience of the Platform from the web. We're creating new ways to manage software development environments.\n\nIf you know Python, Perl, or Tcl you've probably heard of ActiveState's language distros. Now we're building an ambitious language distribution platform and set of tools so that coders can focus on coding and spend less time worrying about dependency hell, third party vulnerabilities, and inconsistent developer environments.  We're doing this  for every language and operating system on the planet (and beyond). We need your help to do it! Best of all you'll be working on a product that you'll use yourself daily.\n\nThis position is available to remote workers anywhere in the world, as long as you are able to work on a schedule that aligns with our core North American business hours of 10:00am - 4:00pm PST. You can also choose to work from our headquarters in beautiful Vancouver, BC once the health situation makes this possible. "
                                }
                            ]
                        },
                        {
                            "type": "rich_text_section",
                            "elements": [
                                {
                                    "type": "text",
                                    "text": "\n"
                                },
                                {
                                    "type": "link",
                                    "url": "https:\/\/www.activestate.com\/company\/careers\/?gh_jid=4462997002#grnhse_app",
                                    "text": "More Details About the Job and Instruction to apply"
                                }
                            ]
                        }
                    ]
                }
            ],
            "thread_ts": "1608309896.266000",
            "reply_count": 5,
            "reply_users_count": 4,
            "latest_reply": "1610055495.271700",
            "reply_users": [
                "U17P7CBFB",
                "U9NQF1HB9",
                "UP0F4DUDB",
                "UA50RDC79"
            ],
            "replies": [
                {
                    "user": "U17P7CBFB",
                    "ts": "1608505404.266900"
                },
                {
                    "user": "U9NQF1HB9",
                    "ts": "1608883483.269400"
                },
                {
                    "user": "UP0F4DUDB",
                    "ts": "1609061284.269700"
                },
                {
                    "user": "U9NQF1HB9",
                    "ts": "1609214467.270200"
                },
                {
                    "user": "UA50RDC79",
                    "ts": "1610055495.271700"
                }
            ],
            "is_locked": false,
            "subscribed": false
        },
        "blocks": [
            {
                "type": "rich_text",
                "block_id": "UkO",
                "elements": [
                    {
                        "type": "rich_text_section",
                        "elements": [
                            {
                                "type": "text",
                                "text": "I heavily recommend working at ActiveState, I worked there for about a year and it was great. The work is fun and the people are awesome. Plus, you'll work on a large, pure elm app!"
                            }
                        ]
                    }
                ]
            }
        ],
        "client_msg_id": "7eb5aeec-6209-4339-8b98-1e0431a477af",
        "reactions": [
            {
                "name": "spock-hand",
                "users": [
                    "U1AQAEL3T",
                    "UP0F4DUDB",
                    "UTMFM01RP",
                    "U2GCKJTC0",
                    "U014283D4MB"
                ],
                "count": 5
            },
            {
                "name": "+1",
                "users": [
                    "U2FN13XD4",
                    "U0KEKHS3H",
                    "UTMFM01RP",
                    "U014283D4MB"
                ],
                "count": 4
            },
            {
                "name": "blue_heart",
                "users": [
                    "U2AHAPQUV",
                    "UTMFM01RP",
                    "U014283D4MB",
                    "U44R1N656"
                ],
                "count": 4
            },
            {
                "name": "heavy_plus_sign",
                "users": [
                    "U60DVU1PS"
                ],
                "count": 1
            }
        ]
    }
]