[
    {
        "client_msg_id": "a0f25bde-f2d6-4c20-9381-7224794a17e9",
        "type": "message",
        "text": "Hello Ryan, could you please refer to the pinned message for the job posting guidelines for this channel?",
        "user": "U2ZKEFM9V",
        "ts": "1619267952.125100",
        "team": "T0CJ5UNHK",
        "user_team": "T0CJ5UNHK",
        "source_team": "T0CJ5UNHK",
        "user_profile": {
            "avatar_hash": "8faaca3aee56",
            "image_72": "https:\/\/avatars.slack-edge.com\/2019-07-15\/683420890450_8faaca3aee56c9ae90f4_72.jpg",
            "first_name": "José",
            "real_name": "José Pablo Leandro Martín",
            "display_name": "arguser",
            "team": "T0CJ5UNHK",
            "name": "arguser",
            "is_restricted": false,
            "is_ultra_restricted": false
        },
        "blocks": [
            {
                "type": "rich_text",
                "block_id": "xzFH",
                "elements": [
                    {
                        "type": "rich_text_section",
                        "elements": [
                            {
                                "type": "text",
                                "text": "Hello Ryan, could you please refer to the pinned message for the job posting guidelines for this channel?"
                            }
                        ]
                    }
                ]
            }
        ],
        "thread_ts": "1619210524.124500",
        "parent_user_id": "U01VAPMPTCJ"
    }
]