[
    {
        "client_msg_id": "6EAE6DC0-5C1C-4143-82D5-2DD5D8160BDA",
        "type": "message",
        "text": "I see what you did there <@U2G2JTSTU>! :joy::joy:",
        "user": "U01S796CRBQ",
        "ts": "1616759074.029200",
        "team": "T0CJ5UNHK",
        "user_team": "T0CJ5UNHK",
        "source_team": "T0CJ5UNHK",
        "user_profile": {
            "avatar_hash": "g5723b6dc2d7",
            "image_72": "https:\/\/secure.gravatar.com\/avatar\/5723b6dc2d72cdc302530fec6d49cda3.jpg?s=72&d=https%3A%2F%2Fa.slack-edge.com%2Fdf10d%2Fimg%2Favatars%2Fava_0021-72.png",
            "first_name": "",
            "real_name": "Muchulo IT Recruitment",
            "display_name": "",
            "team": "T0CJ5UNHK",
            "name": "info232",
            "is_restricted": false,
            "is_ultra_restricted": false
        },
        "blocks": [
            {
                "type": "rich_text",
                "block_id": "w3Z9d",
                "elements": [
                    {
                        "type": "rich_text_section",
                        "elements": [
                            {
                                "type": "text",
                                "text": "I see what you did there "
                            },
                            {
                                "type": "user",
                                "user_id": "U2G2JTSTU"
                            },
                            {
                                "type": "text",
                                "text": "! "
                            },
                            {
                                "type": "emoji",
                                "name": "joy",
                                "unicode": "1f602"
                            },
                            {
                                "type": "emoji",
                                "name": "joy",
                                "unicode": "1f602"
                            }
                        ]
                    }
                ]
            }
        ],
        "thread_ts": "1616679894.023400",
        "parent_user_id": "U01S796CRBQ",
        "reactions": [
            {
                "name": "heart",
                "users": [
                    "U2G2JTSTU",
                    "UP0F4DUDB",
                    "U01REU6TR29",
                    "U46SUQ5CL"
                ],
                "count": 4
            }
        ]
    },
    {
        "client_msg_id": "9650df01-4036-469d-bbe5-9f3e7af06b7f",
        "type": "message",
        "text": "&gt; I’m just happy, generally.\nnice :slightly_smiling_face:",
        "user": "UHVAS62M6",
        "ts": "1616766465.029700",
        "team": "T0CJ5UNHK",
        "user_team": "T0CJ5UNHK",
        "source_team": "T0CJ5UNHK",
        "user_profile": {
            "avatar_hash": "g86228e3f779",
            "image_72": "https:\/\/secure.gravatar.com\/avatar\/086228e3f7797c0c38445029248c12e7.jpg?s=72&d=https%3A%2F%2Fa.slack-edge.com%2Fdf10d%2Fimg%2Favatars%2Fava_0008-72.png",
            "first_name": "",
            "real_name": "maxfarseer",
            "display_name": "maxfarseer",
            "team": "T0CJ5UNHK",
            "name": "maxfarseer",
            "is_restricted": false,
            "is_ultra_restricted": false
        },
        "blocks": [
            {
                "type": "rich_text",
                "block_id": "oGu",
                "elements": [
                    {
                        "type": "rich_text_quote",
                        "elements": [
                            {
                                "type": "text",
                                "text": "I’m just happy, generally."
                            }
                        ]
                    },
                    {
                        "type": "rich_text_section",
                        "elements": [
                            {
                                "type": "text",
                                "text": "nice "
                            },
                            {
                                "type": "emoji",
                                "name": "slightly_smiling_face",
                                "unicode": "1f642"
                            }
                        ]
                    }
                ]
            }
        ],
        "thread_ts": "1616679894.023400",
        "parent_user_id": "U01S796CRBQ"
    },
    {
        "client_msg_id": "A0B0034C-EF05-4716-80AC-2C445022552D",
        "type": "message",
        "text": "Was also going to mention the heartburns after eating those things for breakfast.",
        "user": "UATNLPEHK",
        "ts": "1616784431.031200",
        "team": "T0CJ5UNHK",
        "user_team": "T0CJ5UNHK",
        "source_team": "T0CJ5UNHK",
        "user_profile": {
            "avatar_hash": "e8a1b40f8a7f",
            "image_72": "https:\/\/avatars.slack-edge.com\/2020-10-12\/1406791203895_e8a1b40f8a7f5a4ddee8_72.jpg",
            "first_name": "Jegor",
            "real_name": "Jegor Uglov",
            "display_name": "jegor",
            "team": "T0CJ5UNHK",
            "name": "jegor.uglov",
            "is_restricted": false,
            "is_ultra_restricted": false
        },
        "blocks": [
            {
                "type": "rich_text",
                "block_id": "0e65",
                "elements": [
                    {
                        "type": "rich_text_section",
                        "elements": [
                            {
                                "type": "text",
                                "text": "Was also going to mention the heartburns after eating those things for breakfast."
                            }
                        ]
                    }
                ]
            }
        ],
        "thread_ts": "1616679894.023400",
        "parent_user_id": "U01S796CRBQ"
    }
]