[
    {
        "client_msg_id": "a9e0a622-daa6-4731-88f8-4062292ab813",
        "type": "message",
        "text": "DM me if you want, <@U9J662F45>. I'm in Karlsruhe and will move to Heidelberg soon :wave:",
        "user": "U6DG2DGAK",
        "ts": "1624347093.058600",
        "team": "T0CJ5UNHK",
        "user_team": "T0CJ5UNHK",
        "source_team": "T0CJ5UNHK",
        "user_profile": {
            "avatar_hash": "ga72dfb84ee3",
            "image_72": "https:\/\/secure.gravatar.com\/avatar\/8a72dfb84ee31009c2810f7f590d4ff8.jpg?s=72&d=https%3A%2F%2Fa.slack-edge.com%2Fdf10d%2Fimg%2Favatars%2Fava_0007-72.png",
            "first_name": "Philipp",
            "real_name": "Philipp Krüger",
            "display_name": "matheus23",
            "team": "T0CJ5UNHK",
            "name": "matheus23",
            "is_restricted": false,
            "is_ultra_restricted": false
        },
        "blocks": [
            {
                "type": "rich_text",
                "block_id": "0LvL",
                "elements": [
                    {
                        "type": "rich_text_section",
                        "elements": [
                            {
                                "type": "text",
                                "text": "DM me if you want, "
                            },
                            {
                                "type": "user",
                                "user_id": "U9J662F45"
                            },
                            {
                                "type": "text",
                                "text": ". I'm in Karlsruhe and will move to Heidelberg soon "
                            },
                            {
                                "type": "emoji",
                                "name": "wave",
                                "unicode": "1f44b"
                            }
                        ]
                    }
                ]
            }
        ],
        "thread_ts": "1624283853.056700",
        "parent_user_id": "U9J662F45"
    },
    {
        "type": "message",
        "subtype": "tombstone",
        "text": "This message was deleted.",
        "user": "USLACKBOT",
        "hidden": true,
        "ts": "1624359187.059000",
        "thread_ts": "1624359187.059000",
        "reply_count": 1,
        "reply_users_count": 1,
        "latest_reply": "1624365779.059700",
        "reply_users": [
            "U0HM0A449"
        ],
        "replies": [
            {
                "user": "U0HM0A449",
                "ts": "1624365779.059700"
            }
        ],
        "is_locked": false,
        "subscribed": false,
        "reactions": [
            {
                "name": "hankey",
                "users": [
                    "UD7630W1Y",
                    "U0U6ML22H"
                ],
                "count": 2
            },
            {
                "name": "-1",
                "users": [
                    "U1L85D83D",
                    "U842X772T"
                ],
                "count": 2
            },
            {
                "name": "-1::skin-tone-5",
                "users": [
                    "U0U6ML22H"
                ],
                "count": 1
            }
        ]
    },
    {
        "client_msg_id": "2007f225-dc77-4771-9a2b-7f1eebe11bed",
        "type": "message",
        "text": "does this job involve Elm? Is this a job at all?",
        "user": "U0HM0A449",
        "ts": "1624365779.059700",
        "team": "T0CJ5UNHK",
        "user_team": "T0CJ5UNHK",
        "source_team": "T0CJ5UNHK",
        "user_profile": {
            "avatar_hash": "g611444de11b",
            "image_72": "https:\/\/secure.gravatar.com\/avatar\/1c33737c12ccc6d022ddeff6275ebdc7.jpg?s=72&d=https%3A%2F%2Fa.slack-edge.com%2Fdf10d%2Fimg%2Favatars%2Fava_0003-72.png",
            "first_name": "Michael",
            "real_name": "Michael Glass",
            "display_name": "michaelglass",
            "team": "T0CJ5UNHK",
            "name": "michaelglass",
            "is_restricted": false,
            "is_ultra_restricted": false
        },
        "edited": {
            "user": "U0HM0A449",
            "ts": "1624365810.000000"
        },
        "blocks": [
            {
                "type": "rich_text",
                "block_id": "TwrQ",
                "elements": [
                    {
                        "type": "rich_text_section",
                        "elements": [
                            {
                                "type": "text",
                                "text": "does this job involve Elm? Is this a job at all?"
                            }
                        ]
                    }
                ]
            }
        ],
        "thread_ts": "1624359187.059000",
        "parent_user_id": "U025Z7Z9W0L"
    },
    {
        "client_msg_id": "61f55448-f350-41af-84fb-88e18423a391",
        "type": "message",
        "text": "*| Corvus Insurance | Remote (U.S. only) or Boston (if you want an office) | Senior Software Engineer |*\n\nCorvus is an InsurTech start up that uses machine learning and data science to better predict risk in the cyber insurance market. Our software platform is built using all functional languages, Elm and Elixir. Our team is 25 engineers today, and we’re growing to 50 by the end of the year, so we have lots of potential for growth for anyone. We build software according to <https:\/\/basecamp.com\/shapeup|Shape Up>, so that means we don’t do pointing or estimates.\n\nWe’re hiring for more than just Senior engineers too. If you’re brand new to engineering or only a couple of years experienced, we have open roles for you too: <https:\/\/grnh.se\/d89a2b273us|https:\/\/www.corvusinsurance.com\/careers>\n\nYou can DM me with any questions or apply at <https:\/\/grnh.se\/8f1848423us|https:\/\/www.corvusinsurance.com\/careers?gh_jid=4455627003>",
        "user": "U2XRG0UKA",
        "ts": "1624368712.065600",
        "team": "T0CJ5UNHK",
        "user_team": "T0CJ5UNHK",
        "source_team": "T0CJ5UNHK",
        "user_profile": {
            "avatar_hash": "gd0371460c58",
            "image_72": "https:\/\/secure.gravatar.com\/avatar\/8d0371460c58706c26641f3d578145aa.jpg?s=72&d=https%3A%2F%2Fa.slack-edge.com%2Fdf10d%2Fimg%2Favatars%2Fava_0009-72.png",
            "first_name": "Erik",
            "real_name": "Erik Person",
            "display_name": "thaterikperson",
            "team": "T0CJ5UNHK",
            "name": "thaterikperson",
            "is_restricted": false,
            "is_ultra_restricted": false
        },
        "edited": {
            "user": "U2XRG0UKA",
            "ts": "1624369808.000000"
        },
        "attachments": [
            {
                "title": "Senior Software Engineer",
                "title_link": "https:\/\/grnh.se\/8f1848423us",
                "text": "United States",
                "fallback": "Senior Software Engineer",
                "image_url": "https:\/\/s3-recruiting.cdn.greenhouse.io\/external_greenhouse_job_boards\/logos\/400\/376\/600\/original\/Corvus_Logo_no-tagline.png?1595283909",
                "from_url": "https:\/\/grnh.se\/8f1848423us",
                "image_width": 591,
                "image_height": 250,
                "image_bytes": 47114,
                "service_icon": "https:\/\/boards.greenhouse.io\/favicon.ico",
                "service_name": "boards.greenhouse.io",
                "id": 3,
                "original_url": "https:\/\/grnh.se\/8f1848423us"
            }
        ],
        "blocks": [
            {
                "type": "rich_text",
                "block_id": "grsM",
                "elements": [
                    {
                        "type": "rich_text_section",
                        "elements": [
                            {
                                "type": "text",
                                "text": "| Corvus Insurance | Remote (U.S. only) or Boston (if you want an office) | Senior Software Engineer |",
                                "style": {
                                    "bold": true
                                }
                            },
                            {
                                "type": "text",
                                "text": "\n\nCorvus is an InsurTech start up that uses machine learning and data science to better predict risk in the cyber insurance market. Our software platform is built using all functional languages, Elm and Elixir. Our team is 25 engineers today, and we’re growing to 50 by the end of the year, so we have lots of potential for growth for anyone. We build software according to "
                            },
                            {
                                "type": "link",
                                "url": "https:\/\/basecamp.com\/shapeup",
                                "text": "Shape Up"
                            },
                            {
                                "type": "text",
                                "text": ", so that means we don’t do pointing or estimates.\n\nWe’re hiring for more than just Senior engineers too. If you’re brand new to engineering or only a couple of years experienced, we have open roles for you too: "
                            },
                            {
                                "type": "link",
                                "url": "https:\/\/grnh.se\/d89a2b273us",
                                "text": "https:\/\/www.corvusinsurance.com\/careers"
                            },
                            {
                                "type": "text",
                                "text": "\n\nYou can DM me with any questions or apply at "
                            },
                            {
                                "type": "link",
                                "url": "https:\/\/grnh.se\/8f1848423us",
                                "text": "https:\/\/www.corvusinsurance.com\/careers?gh_jid=4455627003"
                            }
                        ]
                    }
                ]
            }
        ],
        "reactions": [
            {
                "name": "+1",
                "users": [
                    "U44R1N656",
                    "UM37TMNUX",
                    "U3LUC6SNS"
                ],
                "count": 3
            },
            {
                "name": "+1::skin-tone-2",
                "users": [
                    "U2FMN03NZ",
                    "U94B4L3B7"
                ],
                "count": 2
            },
            {
                "name": "+1::skin-tone-3",
                "users": [
                    "U0KEKHS3H"
                ],
                "count": 1
            }
        ]
    }
]