[
    {
        "client_msg_id": "a93e5d89-33e8-447b-901e-60210d6f3d8c",
        "type": "message",
        "text": "The seniority level issue has been fixed now. :slightly_smiling_face: Thanks for highlighting.",
        "user": "U2G2JTSTU",
        "ts": "1615378963.001200",
        "team": "T0CJ5UNHK",
        "user_team": "T0CJ5UNHK",
        "source_team": "T0CJ5UNHK",
        "user_profile": {
            "avatar_hash": "ec9198b96340",
            "image_72": "https:\/\/avatars.slack-edge.com\/2018-10-17\/458106210835_ec9198b96340b083cf7b_72.png",
            "first_name": "Nimmo",
            "real_name": "Nimmo",
            "display_name": "Nimmo",
            "team": "T0CJ5UNHK",
            "name": "nimmo",
            "is_restricted": false,
            "is_ultra_restricted": false
        },
        "blocks": [
            {
                "type": "rich_text",
                "block_id": "p7H",
                "elements": [
                    {
                        "type": "rich_text_section",
                        "elements": [
                            {
                                "type": "text",
                                "text": "The seniority level issue has been fixed now. "
                            },
                            {
                                "type": "emoji",
                                "name": "slightly_smiling_face",
                                "unicode": "1f642"
                            },
                            {
                                "type": "text",
                                "text": " Thanks for highlighting."
                            }
                        ]
                    }
                ]
            }
        ],
        "thread_ts": "1614851302.047700",
        "parent_user_id": "U2G2JTSTU",
        "reactions": [
            {
                "name": "+1",
                "users": [
                    "U9J63D0FP"
                ],
                "count": 1
            }
        ]
    }
]