[
    {
        "client_msg_id": "b2fd86c9-6c04-4d2b-b198-8964ba0d1b81",
        "type": "message",
        "text": "| ActiveState | Remote USA\/Canada | Senior Elm Developer |\n\nActiveState is building a platform to eliminate dependency hell for open source. We're a stable and growing company looking for a strong Elm developer to help us create a great developer experience.\nExperience with Haskell, GraphQL, and API design is also a plus!\n\n<https:\/\/www.activestate.com\/company\/careers\/#op-462695-1-2021us-elm-developer>",
        "user": "U02A15GHBQX",
        "ts": "1628271475.016800",
        "team": "T0CJ5UNHK",
        "user_team": "T0CJ5UNHK",
        "source_team": "T0CJ5UNHK",
        "user_profile": {
            "avatar_hash": "81c6e6d8364e",
            "image_72": "https:\/\/avatars.slack-edge.com\/2021-08-06\/2379553335360_81c6e6d8364ef6498166_72.jpg",
            "first_name": "Shane",
            "real_name": "Shane Warden",
            "display_name": "Shane Warden",
            "team": "T0CJ5UNHK",
            "name": "shanew",
            "is_restricted": false,
            "is_ultra_restricted": false
        },
        "attachments": [
            {
                "service_name": "ActiveState",
                "title": "Careers at ActiveState and 'work from anywhere' job opportunities",
                "title_link": "https:\/\/www.activestate.com\/company\/careers\/#op-462695-1-2021us-elm-developer",
                "text": "Come establish your careers with ActiveState. Be a part of our legacy of 20 years and our next milestone - the ActiveState Platform.",
                "fallback": "ActiveState: Careers at ActiveState and 'work from anywhere' job opportunities",
                "image_url": "https:\/\/cdn.activestate.com\/wp-content\/uploads\/2021\/02\/Careers-Page-Preview-Image.jpg",
                "image_width": 500,
                "image_height": 250,
                "fields": [
                    {
                        "title": "Est. reading time",
                        "value": "9 minutes",
                        "short": true
                    }
                ],
                "from_url": "https:\/\/www.activestate.com\/company\/careers\/#op-462695-1-2021us-elm-developer",
                "image_bytes": 88091,
                "service_icon": "https:\/\/www.activestate.com\/wp-content\/uploads\/fbrfg\/apple-touch-icon.png",
                "id": 1,
                "original_url": "https:\/\/www.activestate.com\/company\/careers\/#op-462695-1-2021us-elm-developer"
            }
        ],
        "blocks": [
            {
                "type": "rich_text",
                "block_id": "z9e2",
                "elements": [
                    {
                        "type": "rich_text_section",
                        "elements": [
                            {
                                "type": "text",
                                "text": "| ActiveState | Remote USA\/Canada | Senior Elm Developer |\n\nActiveState is building a platform to eliminate dependency hell for open source. We're a stable and growing company looking for a strong Elm developer to help us create a great developer experience.\nExperience with Haskell, GraphQL, and API design is also a plus!\n\n"
                            },
                            {
                                "type": "link",
                                "url": "https:\/\/www.activestate.com\/company\/careers\/#op-462695-1-2021us-elm-developer"
                            }
                        ]
                    }
                ]
            }
        ],
        "reactions": [
            {
                "name": "heart",
                "users": [
                    "UA50RDC79",
                    "U44R1N656",
                    "UM37TMNUX",
                    "U9NQF1HB9"
                ],
                "count": 4
            }
        ]
    }
]