[
    {
        "client_msg_id": "680D490F-D7CC-4B10-AB08-777D591278B3",
        "type": "message",
        "text": "The posting refers US remote preferred—is that a time zone thing or an employment visa issue? (Not American, but have worked US work hours remotely before)",
        "user": "U46SUQ5CL",
        "ts": "1631875296.062700",
        "team": "T0CJ5UNHK",
        "user_team": "T0CJ5UNHK",
        "source_team": "T0CJ5UNHK",
        "user_profile": {
            "avatar_hash": "g198cf19b042",
            "image_72": "https:\/\/secure.gravatar.com\/avatar\/a198cf19b0429f9ec9a8e233437bdb46.jpg?s=72&d=https%3A%2F%2Fa.slack-edge.com%2Fdf10d%2Fimg%2Favatars%2Fava_0007-72.png",
            "first_name": "Peter",
            "real_name": "Peter Gao",
            "display_name": "Peter",
            "team": "T0CJ5UNHK",
            "name": "peteygao",
            "is_restricted": false,
            "is_ultra_restricted": false
        },
        "blocks": [
            {
                "type": "rich_text",
                "block_id": "us=n",
                "elements": [
                    {
                        "type": "rich_text_section",
                        "elements": [
                            {
                                "type": "text",
                                "text": "The posting refers US remote preferred—is that a time zone thing or an employment visa issue? (Not American, but have worked US work hours remotely before)"
                            }
                        ]
                    }
                ]
            }
        ],
        "thread_ts": "1631835816.056900",
        "parent_user_id": "U02DJ49F8P6"
    },
    {
        "client_msg_id": "19bb4c22-00cc-4728-9b72-3177c097097b",
        "type": "message",
        "text": "_mostly_ timezone",
        "user": "U02DJ49F8P6",
        "ts": "1631882765.062900",
        "team": "T0CJ5UNHK",
        "user_team": "T0CJ5UNHK",
        "source_team": "T0CJ5UNHK",
        "user_profile": {
            "avatar_hash": "be4e706c18c9",
            "image_72": "https:\/\/avatars.slack-edge.com\/2021-09-03\/2453939121059_be4e706c18c98630f54c_72.jpg",
            "first_name": "Eric",
            "real_name": "Eric Humphrey",
            "display_name": "Eric Humphrey",
            "team": "T0CJ5UNHK",
            "name": "ejhumphrey",
            "is_restricted": false,
            "is_ultra_restricted": false
        },
        "blocks": [
            {
                "type": "rich_text",
                "block_id": "Vfi",
                "elements": [
                    {
                        "type": "rich_text_section",
                        "elements": [
                            {
                                "type": "text",
                                "text": "mostly",
                                "style": {
                                    "italic": true
                                }
                            },
                            {
                                "type": "text",
                                "text": " timezone"
                            }
                        ]
                    }
                ]
            }
        ],
        "thread_ts": "1631835816.056900",
        "parent_user_id": "U02DJ49F8P6"
    },
    {
        "client_msg_id": "8859d350-a95a-4d24-8087-dfea7b0f3613",
        "type": "message",
        "text": "we do have one path for FTE hires outside of the states, but the firm does charge us a premium for it ... so, not ideal, but possible",
        "user": "U02DJ49F8P6",
        "ts": "1631882882.063100",
        "team": "T0CJ5UNHK",
        "user_team": "T0CJ5UNHK",
        "source_team": "T0CJ5UNHK",
        "user_profile": {
            "avatar_hash": "be4e706c18c9",
            "image_72": "https:\/\/avatars.slack-edge.com\/2021-09-03\/2453939121059_be4e706c18c98630f54c_72.jpg",
            "first_name": "Eric",
            "real_name": "Eric Humphrey",
            "display_name": "Eric Humphrey",
            "team": "T0CJ5UNHK",
            "name": "ejhumphrey",
            "is_restricted": false,
            "is_ultra_restricted": false
        },
        "blocks": [
            {
                "type": "rich_text",
                "block_id": "A+7uI",
                "elements": [
                    {
                        "type": "rich_text_section",
                        "elements": [
                            {
                                "type": "text",
                                "text": "we do have one path for FTE hires outside of the states, but the firm does charge us a premium for it ... so, not ideal, but possible"
                            }
                        ]
                    }
                ]
            }
        ],
        "thread_ts": "1631835816.056900",
        "parent_user_id": "U02DJ49F8P6"
    }
]