[
    {
        "client_msg_id": "d87567e1-1a49-4e59-a143-a7e02e5314f0",
        "type": "message",
        "text": "I got a chance to chat w\/ Jared and see the tooling that Brilliant is building! Cool opportunity :zap:\n\nThanks for the tour Jared :bow:",
        "user": "U9LAE55JL",
        "ts": "1633653403.136900",
        "team": "T0CJ5UNHK",
        "user_team": "T0CJ5UNHK",
        "source_team": "T0CJ5UNHK",
        "user_profile": {
            "avatar_hash": "01aeaa74b7cf",
            "image_72": "https:\/\/avatars.slack-edge.com\/2019-11-20\/843242918192_01aeaa74b7cf244543f1_72.jpg",
            "first_name": "",
            "real_name": "Andrew J Lenards",
            "display_name": "lenards",
            "team": "T0CJ5UNHK",
            "name": "andrew.lenards",
            "is_restricted": false,
            "is_ultra_restricted": false
        },
        "blocks": [
            {
                "type": "rich_text",
                "block_id": "gFc",
                "elements": [
                    {
                        "type": "rich_text_section",
                        "elements": [
                            {
                                "type": "text",
                                "text": "I got a chance to chat w\/ Jared and see the tooling that Brilliant is building! Cool opportunity "
                            },
                            {
                                "type": "emoji",
                                "name": "zap",
                                "unicode": "26a1"
                            },
                            {
                                "type": "text",
                                "text": "\n\nThanks for the tour Jared "
                            },
                            {
                                "type": "emoji",
                                "name": "bow",
                                "unicode": "1f647"
                            }
                        ]
                    }
                ]
            }
        ],
        "thread_ts": "1632866241.111100",
        "parent_user_id": "U023TLNM934",
        "reactions": [
            {
                "name": "sparkles",
                "users": [
                    "U023TLNM934",
                    "U46SUQ5CL"
                ],
                "count": 2
            }
        ]
    }
]