[
    {
        "client_msg_id": "c6846670-0cfb-4c61-ba84-be0d4ab6e07e",
        "type": "message",
        "text": "CarbonCloud | Gothenburg | Front end developer (Elm)\n\nHi fellow humans :slightly_smiling_face:\nCarbonCloud, a climate-tech SaaS startup, is looking for even more great people to join us here in Gothenburg. For more info check out <https:\/\/careers.carboncloud.com\/jobs\/1320133-on-site-front-end-developer-elm>",
        "user": "U4BUNNJTV",
        "ts": "1630324411.002600",
        "team": "T0CJ5UNHK",
        "user_team": "T0CJ5UNHK",
        "source_team": "T0CJ5UNHK",
        "user_profile": {
            "avatar_hash": "debbfb391e37",
            "image_72": "https:\/\/avatars.slack-edge.com\/2017-06-15\/198355664226_debbfb391e371c805230_72.jpg",
            "first_name": "Mikael",
            "real_name": "Mikael Tönnberg",
            "display_name": "mtonnberg",
            "team": "T0CJ5UNHK",
            "name": "mtonnberg",
            "is_restricted": false,
            "is_ultra_restricted": false
        },
        "attachments": [
            {
                "service_name": "CarbonCloud",
                "title": "On-site Front end Developer (Elm) - CarbonCloud",
                "title_link": "https:\/\/careers.carboncloud.com\/jobs\/1320133-on-site-front-end-developer-elm",
                "text": "Do you want to put real climate science in the hands of the public? We are looking for more team members who wants to join us as a senior haskell developer. Let's change the world, together!",
                "fallback": "CarbonCloud: On-site Front end Developer (Elm) - CarbonCloud",
                "image_url": "https:\/\/s3-eu-west-1.amazonaws.com\/tt-screenshots\/3543a530-5511-486f-895d-537f1a845570-facebook.png?update=1630323908",
                "image_width": 476,
                "image_height": 250,
                "ts": 1630322791,
                "from_url": "https:\/\/careers.carboncloud.com\/jobs\/1320133-on-site-front-end-developer-elm",
                "image_bytes": 227487,
                "service_icon": "https:\/\/favicons.teamtailor-cdn.com\/icon?url=https:\/\/www.carboncloud.com&amp;size=16..196..500",
                "id": 1,
                "original_url": "https:\/\/careers.carboncloud.com\/jobs\/1320133-on-site-front-end-developer-elm"
            }
        ],
        "blocks": [
            {
                "type": "rich_text",
                "block_id": "2gUX",
                "elements": [
                    {
                        "type": "rich_text_section",
                        "elements": [
                            {
                                "type": "text",
                                "text": "CarbonCloud | Gothenburg | Front end developer (Elm)\n\nHi fellow humans "
                            },
                            {
                                "type": "emoji",
                                "name": "slightly_smiling_face",
                                "unicode": "1f642"
                            },
                            {
                                "type": "text",
                                "text": "\nCarbonCloud, a climate-tech SaaS startup, is looking for even more great people to join us here in Gothenburg. For more info check out "
                            },
                            {
                                "type": "link",
                                "url": "https:\/\/careers.carboncloud.com\/jobs\/1320133-on-site-front-end-developer-elm"
                            }
                        ]
                    }
                ]
            }
        ],
        "thread_ts": "1630324411.002600",
        "reply_count": 3,
        "reply_users_count": 3,
        "latest_reply": "1630393118.007900",
        "reply_users": [
            "U1TMAG4FK",
            "U188TK71N",
            "U4BUNNJTV"
        ],
        "replies": [
            {
                "user": "U1TMAG4FK",
                "ts": "1630332158.003700"
            },
            {
                "user": "U188TK71N",
                "ts": "1630386549.007400"
            },
            {
                "user": "U4BUNNJTV",
                "ts": "1630393118.007900"
            }
        ],
        "is_locked": false,
        "subscribed": false,
        "reactions": [
            {
                "name": "heart_eyes",
                "users": [
                    "U0U6ML22H",
                    "U5Z3Y472L",
                    "U44R1N656",
                    "U02B0KK7D4P"
                ],
                "count": 4
            },
            {
                "name": "flag-se",
                "users": [
                    "U1KES8JGK",
                    "UHYH3L2MB",
                    "U9HKUJ7M2"
                ],
                "count": 3
            },
            {
                "name": "deciduous_tree",
                "users": [
                    "U1TMAG4FK",
                    "U44R1N656",
                    "U188TK71N"
                ],
                "count": 3
            },
            {
                "name": "heart",
                "users": [
                    "U1TMAG4FK",
                    "UP0F4DUDB",
                    "UCWB1N6JX"
                ],
                "count": 3
            }
        ]
    },
    {
        "client_msg_id": "d2d88c0b-8eb0-4714-a89e-451edf777163",
        "type": "message",
        "text": "I've worked with <@U024WM64UFQ> from CarbonCloud and he's great - seems like a fun place to work, and a great cause! If I wasn't already doing full time Elm at a green tech company I'd be pretty tempted myself :slightly_smiling_face:",
        "user": "U1TMAG4FK",
        "ts": "1630332158.003700",
        "team": "T0CJ5UNHK",
        "user_team": "T0CJ5UNHK",
        "source_team": "T0CJ5UNHK",
        "user_profile": {
            "avatar_hash": "g48c849064d4",
            "image_72": "https:\/\/secure.gravatar.com\/avatar\/c48c849064d4a59b6c942af961ec9f72.jpg?s=72&d=https%3A%2F%2Fa.slack-edge.com%2Fdf10d%2Fimg%2Favatars%2Fava_0024-72.png",
            "first_name": "Ian",
            "real_name": "Ian Mackenzie",
            "display_name": "ianmackenzie",
            "team": "T0CJ5UNHK",
            "name": "ianmackenzie",
            "is_restricted": false,
            "is_ultra_restricted": false
        },
        "blocks": [
            {
                "type": "rich_text",
                "block_id": "bPuC",
                "elements": [
                    {
                        "type": "rich_text_section",
                        "elements": [
                            {
                                "type": "text",
                                "text": "I've worked with "
                            },
                            {
                                "type": "user",
                                "user_id": "U024WM64UFQ"
                            },
                            {
                                "type": "text",
                                "text": " from CarbonCloud and he's great - seems like a fun place to work, and a great cause! If I wasn't already doing full time Elm at a green tech company I'd be pretty tempted myself "
                            },
                            {
                                "type": "emoji",
                                "name": "slightly_smiling_face",
                                "unicode": "1f642"
                            }
                        ]
                    }
                ]
            }
        ],
        "thread_ts": "1630324411.002600",
        "parent_user_id": "U4BUNNJTV",
        "reactions": [
            {
                "name": "heart",
                "users": [
                    "U44R1N656",
                    "U1L85D83D",
                    "U4BUNNJTV",
                    "U0Z9TPK7S"
                ],
                "count": 4
            }
        ]
    },
    {
        "client_msg_id": "d4dde68a-5c39-4d68-bbfa-95217ce15014",
        "type": "message",
        "text": "Does anyone know of any custom software companies that have experience in Elm?",
        "user": "U01NFT9SGE5",
        "ts": "1630353909.005800",
        "team": "T0CJ5UNHK",
        "user_team": "T0CJ5UNHK",
        "source_team": "T0CJ5UNHK",
        "user_profile": {
            "avatar_hash": "5adac6c0f47f",
            "image_72": "https:\/\/avatars.slack-edge.com\/2021-02-14\/1751505667315_5adac6c0f47f93c69570_72.png",
            "first_name": "Michael",
            "real_name": "Michael Spanier",
            "display_name": "Michael Spanier",
            "team": "T0CJ5UNHK",
            "name": "michael.spanier",
            "is_restricted": false,
            "is_ultra_restricted": false
        },
        "blocks": [
            {
                "type": "rich_text",
                "block_id": "51e",
                "elements": [
                    {
                        "type": "rich_text_section",
                        "elements": [
                            {
                                "type": "text",
                                "text": "Does anyone know of any custom software companies that have experience in Elm?"
                            }
                        ]
                    }
                ]
            }
        ],
        "thread_ts": "1630353909.005800",
        "reply_count": 4,
        "reply_users_count": 4,
        "latest_reply": "1630504286.009800",
        "reply_users": [
            "U2FMN03NZ",
            "UBWGL03MF",
            "UB2U8JBTM",
            "U6NQMTXEC"
        ],
        "replies": [
            {
                "user": "U2FMN03NZ",
                "ts": "1630354531.006000"
            },
            {
                "user": "UBWGL03MF",
                "ts": "1630355526.006400"
            },
            {
                "user": "UB2U8JBTM",
                "ts": "1630429930.008700"
            },
            {
                "user": "U6NQMTXEC",
                "ts": "1630504286.009800"
            }
        ],
        "is_locked": false,
        "subscribed": false,
        "reactions": [
            {
                "name": "+1",
                "users": [
                    "U01STFJ6EGM",
                    "UPP4S79FZ"
                ],
                "count": 2
            }
        ]
    },
    {
        "client_msg_id": "1b80a135-3840-492a-87fa-b6ed61cdd73d",
        "type": "message",
        "text": "Depending on what you're looking for, my company <https:\/\/cofoundry.uk\/> does Elm consultancy. As does <@U3LGUAF54> with <https:\/\/incrementalelm.com\/services>.\n\nThere's also a list of companies under \"Consulting\" here: <https:\/\/github.com\/jah2488\/elm-companies#consulting>",
        "user": "U2FMN03NZ",
        "ts": "1630354531.006000",
        "team": "T0CJ5UNHK",
        "user_team": "T0CJ5UNHK",
        "source_team": "T0CJ5UNHK",
        "user_profile": {
            "avatar_hash": "94d6ab2aa413",
            "image_72": "https:\/\/avatars.slack-edge.com\/2017-11-30\/279847008946_94d6ab2aa413a68c840d_72.png",
            "first_name": "Mario",
            "real_name": "Mario Rogic",
            "display_name": "supermario",
            "team": "T0CJ5UNHK",
            "name": "supermario",
            "is_restricted": false,
            "is_ultra_restricted": false
        },
        "blocks": [
            {
                "type": "rich_text",
                "block_id": "L1Md9",
                "elements": [
                    {
                        "type": "rich_text_section",
                        "elements": [
                            {
                                "type": "text",
                                "text": "Depending on what you're looking for, my company "
                            },
                            {
                                "type": "link",
                                "url": "https:\/\/cofoundry.uk\/"
                            },
                            {
                                "type": "text",
                                "text": " does Elm consultancy. As does "
                            },
                            {
                                "type": "user",
                                "user_id": "U3LGUAF54"
                            },
                            {
                                "type": "text",
                                "text": " with "
                            },
                            {
                                "type": "link",
                                "url": "https:\/\/incrementalelm.com\/services"
                            },
                            {
                                "type": "text",
                                "text": ".\n\nThere's also a list of companies under \"Consulting\" here: "
                            },
                            {
                                "type": "link",
                                "url": "https:\/\/github.com\/jah2488\/elm-companies#consulting"
                            }
                        ]
                    }
                ]
            }
        ],
        "thread_ts": "1630353909.005800",
        "parent_user_id": "U01NFT9SGE5",
        "reactions": [
            {
                "name": "+1::skin-tone-4",
                "users": [
                    "UP0F4DUDB"
                ],
                "count": 1
            },
            {
                "name": "star-struck",
                "users": [
                    "U01STFJ6EGM"
                ],
                "count": 1
            }
        ]
    },
    {
        "client_msg_id": "6d57622a-f74b-4c90-a5d9-1a4f164b7865",
        "type": "message",
        "text": "You can also just post your offer here, i have the impression that this is what consultancy agencies do anyway",
        "user": "UBWGL03MF",
        "ts": "1630355526.006400",
        "team": "T0CJ5UNHK",
        "user_team": "T0CJ5UNHK",
        "source_team": "T0CJ5UNHK",
        "user_profile": {
            "avatar_hash": "gdb4df5b4404",
            "image_72": "https:\/\/secure.gravatar.com\/avatar\/9db4df5b4404a5884f421179477ddc40.jpg?s=72&d=https%3A%2F%2Fa.slack-edge.com%2Fdf10d%2Fimg%2Favatars%2Fava_0003-72.png",
            "first_name": "Sébastien",
            "real_name": "Sébastien Besnier",
            "display_name": "sebbes",
            "team": "T0CJ5UNHK",
            "name": "sebastien.fabrice.bes",
            "is_restricted": false,
            "is_ultra_restricted": false
        },
        "blocks": [
            {
                "type": "rich_text",
                "block_id": "uCX3",
                "elements": [
                    {
                        "type": "rich_text_section",
                        "elements": [
                            {
                                "type": "text",
                                "text": "You can also just post your offer here, i have the impression that this is what consultancy agencies do anyway"
                            }
                        ]
                    }
                ]
            }
        ],
        "thread_ts": "1630353909.005800",
        "parent_user_id": "U01NFT9SGE5",
        "reactions": [
            {
                "name": "+1::skin-tone-4",
                "users": [
                    "UP0F4DUDB"
                ],
                "count": 1
            }
        ]
    },
    {
        "client_msg_id": "57467f2f-6cc6-4a61-b583-9dbc35c2b95a",
        "type": "message",
        "text": "Very interesting! I'm in a great gig at the moment, but green tech sounds wonderful.\n\nJust curious: I don't suppose you'd ever consider fully-remote folks, or have the means to get work visas for folks not from the EU?",
        "user": "U188TK71N",
        "ts": "1630386549.007400",
        "team": "T0CJ5UNHK",
        "user_team": "T0CJ5UNHK",
        "source_team": "T0CJ5UNHK",
        "user_profile": {
            "avatar_hash": "g2e7e61527bc",
            "image_72": "https:\/\/secure.gravatar.com\/avatar\/d2e7e61527bcd6f817cd8b6a618f8eb8.jpg?s=72&d=https%3A%2F%2Fa.slack-edge.com%2Fdf10d%2Fimg%2Favatars%2Fava_0007-72.png",
            "first_name": "Mark",
            "real_name": "Mark Wong-VanHaren",
            "display_name": "markwvh",
            "team": "T0CJ5UNHK",
            "name": "markwvh",
            "is_restricted": false,
            "is_ultra_restricted": false
        },
        "blocks": [
            {
                "type": "rich_text",
                "block_id": "jodnM",
                "elements": [
                    {
                        "type": "rich_text_section",
                        "elements": [
                            {
                                "type": "text",
                                "text": "Very interesting! I'm in a great gig at the moment, but green tech sounds wonderful.\n\nJust curious: I don't suppose you'd ever consider fully-remote folks, or have the means to get work visas for folks not from the EU?"
                            }
                        ]
                    }
                ]
            }
        ],
        "thread_ts": "1630324411.002600",
        "parent_user_id": "U4BUNNJTV"
    },
    {
        "client_msg_id": "23c875f0-2dda-4104-b312-de6436e67cd1",
        "type": "message",
        "text": "Hi, sadly not at the moment. We are rapidly growing though so it might change in the future.",
        "user": "U4BUNNJTV",
        "ts": "1630393118.007900",
        "team": "T0CJ5UNHK",
        "user_team": "T0CJ5UNHK",
        "source_team": "T0CJ5UNHK",
        "user_profile": {
            "avatar_hash": "debbfb391e37",
            "image_72": "https:\/\/avatars.slack-edge.com\/2017-06-15\/198355664226_debbfb391e371c805230_72.jpg",
            "first_name": "Mikael",
            "real_name": "Mikael Tönnberg",
            "display_name": "mtonnberg",
            "team": "T0CJ5UNHK",
            "name": "mtonnberg",
            "is_restricted": false,
            "is_ultra_restricted": false
        },
        "blocks": [
            {
                "type": "rich_text",
                "block_id": "erHm\/",
                "elements": [
                    {
                        "type": "rich_text_section",
                        "elements": [
                            {
                                "type": "text",
                                "text": "Hi, sadly not at the moment. We are rapidly growing though so it might change in the future."
                            }
                        ]
                    }
                ]
            }
        ],
        "thread_ts": "1630324411.002600",
        "parent_user_id": "U4BUNNJTV",
        "reactions": [
            {
                "name": "ok_hand",
                "users": [
                    "U188TK71N"
                ],
                "count": 1
            }
        ]
    }
]