[
    {
        "client_msg_id": "abae52a1-3a47-432e-9d38-1f86c67ca895",
        "type": "message",
        "text": "Are there any companies here that would like to contract a consultant to do Elm stuff remotely in Europe? More details in :thread:.",
        "user": "U9J63D0FP",
        "ts": "1626115213.110000",
        "team": "T0CJ5UNHK",
        "user_team": "T0CJ5UNHK",
        "source_team": "T0CJ5UNHK",
        "user_profile": {
            "avatar_hash": "g1eafa8cc354",
            "image_72": "https:\/\/secure.gravatar.com\/avatar\/31eafa8cc35494755fd06aa4837af7b4.jpg?s=72&d=https%3A%2F%2Fa.slack-edge.com%2Fdf10d%2Fimg%2Favatars%2Fava_0003-72.png",
            "first_name": "Ville",
            "real_name": "Ville",
            "display_name": "",
            "team": "T0CJ5UNHK",
            "name": "vpjapp",
            "is_restricted": false,
            "is_ultra_restricted": false
        },
        "edited": {
            "user": "U9J63D0FP",
            "ts": "1627038095.000000"
        },
        "blocks": [
            {
                "type": "rich_text",
                "block_id": "e0Ldk",
                "elements": [
                    {
                        "type": "rich_text_section",
                        "elements": [
                            {
                                "type": "text",
                                "text": "Are there any companies here that would like to contract a consultant to do Elm stuff remotely in Europe? More details in "
                            },
                            {
                                "type": "emoji",
                                "name": "thread",
                                "unicode": "1f9f5"
                            },
                            {
                                "type": "text",
                                "text": "."
                            }
                        ]
                    }
                ]
            }
        ],
        "thread_ts": "1626115213.110000",
        "reply_count": 2,
        "reply_users_count": 2,
        "latest_reply": "1627037949.132400",
        "reply_users": [
            "U9RGY8ZAP",
            "U9J63D0FP"
        ],
        "replies": [
            {
                "user": "U9RGY8ZAP",
                "ts": "1626115832.110100"
            },
            {
                "user": "U9J63D0FP",
                "ts": "1627037949.132400"
            }
        ],
        "is_locked": false,
        "subscribed": false
    },
    {
        "client_msg_id": "2d200850-78f0-453b-9738-11c5d6e1e6bb",
        "type": "message",
        "text": "There's also a <#C010UGEPDMZ|contractors> channel (though it seems pretty inactive)",
        "user": "U9RGY8ZAP",
        "ts": "1626115832.110100",
        "team": "T0CJ5UNHK",
        "user_team": "T0CJ5UNHK",
        "source_team": "T0CJ5UNHK",
        "user_profile": {
            "avatar_hash": "gc2057c0c875",
            "image_72": "https:\/\/secure.gravatar.com\/avatar\/3c2057c0c875ac8701a3edd33d9f5df1.jpg?s=72&d=https%3A%2F%2Fa.slack-edge.com%2Fdf10d%2Fimg%2Favatars%2Fava_0020-72.png",
            "first_name": "",
            "real_name": "Martin Stewart",
            "display_name": "",
            "team": "T0CJ5UNHK",
            "name": "martinsstewart",
            "is_restricted": false,
            "is_ultra_restricted": false
        },
        "blocks": [
            {
                "type": "rich_text",
                "block_id": "6evhv",
                "elements": [
                    {
                        "type": "rich_text_section",
                        "elements": [
                            {
                                "type": "text",
                                "text": "There's also a "
                            },
                            {
                                "type": "channel",
                                "channel_id": "C010UGEPDMZ"
                            },
                            {
                                "type": "text",
                                "text": " channel (though it seems pretty inactive)"
                            }
                        ]
                    }
                ]
            }
        ],
        "thread_ts": "1626115213.110000",
        "parent_user_id": "U9J63D0FP",
        "reactions": [
            {
                "name": "+1",
                "users": [
                    "U9J63D0FP"
                ],
                "count": 1
            },
            {
                "name": "+1::skin-tone-4",
                "users": [
                    "UP0F4DUDB"
                ],
                "count": 1
            }
        ]
    }
]