[
    {
        "client_msg_id": "254e1b4a-4ee0-484e-b3b0-4db31932bb81",
        "type": "message",
        "text": "| <https:\/\/www.metronomeunited.com\/careers|Metronome Growth Systems> | Remote or Whistler BC Canada | Elm Developer |\nMGS is hiring its second Elm developer! You will be helping us migrate from Angular(JS) to Elm. MGS is a small but financially stable company (about 12 people). You will be the 5th developer on our dev team.\nIf interested, please DM me or apply online (see the link above). We do expect your workday to overlap (for at least a few hours) with ours (we are in the Canada\/Pacific time zone).",
        "user": "U022L36NYAJ",
        "ts": "1637955341.105300",
        "team": "T0CJ5UNHK",
        "user_team": "T0CJ5UNHK",
        "source_team": "T0CJ5UNHK",
        "user_profile": {
            "avatar_hash": "0956953ff7ba",
            "image_72": "https:\/\/avatars.slack-edge.com\/2021-12-16\/2837978285735_0956953ff7ba50d33c20_72.png",
            "first_name": "Hilco",
            "real_name": "Hilco Wijbenga",
            "display_name": "Hilco",
            "team": "T0CJ5UNHK",
            "name": "hilco.wijbenga",
            "is_restricted": false,
            "is_ultra_restricted": false
        },
        "attachments": [
            {
                "from_url": "https:\/\/www.metronomeunited.com\/careers",
                "title": "Metronome United - Careers",
                "title_link": "https:\/\/www.metronomeunited.com\/careers",
                "text": "With 20+ years of experience as CEOs, coupled with years of coaching CEOs to apply a proven compound growth system; we work with CEO+LEADERSHIP teams to help them grow confidently and predictably.",
                "image_url": "https:\/\/kajabi-storefronts-production.kajabi-cdn.com\/kajabi-storefronts-production\/sites\/71325\/images\/nuZRIxBARg2nZzMx8F9i_Dev_JD_image_v3.png",
                "image_width": 444,
                "image_height": 250,
                "image_bytes": 67856,
                "fallback": "Metronome United - Careers",
                "service_name": "metronomeunited.com",
                "id": 1,
                "original_url": "https:\/\/www.metronomeunited.com\/careers"
            }
        ],
        "blocks": [
            {
                "type": "rich_text",
                "block_id": "yg+Q",
                "elements": [
                    {
                        "type": "rich_text_section",
                        "elements": [
                            {
                                "type": "text",
                                "text": "| "
                            },
                            {
                                "type": "link",
                                "url": "https:\/\/www.metronomeunited.com\/careers",
                                "text": "Metronome Growth Systems"
                            },
                            {
                                "type": "text",
                                "text": " | Remote or Whistler BC Canada | Elm Developer |\nMGS is hiring its second Elm developer! You will be helping us migrate from Angular(JS) to Elm. MGS is a small but financially stable company (about 12 people). You will be the 5th developer on our dev team.\nIf interested, please DM me or apply online (see the link above). We do expect your workday to overlap (for at least a few hours) with ours (we are in the Canada\/Pacific time zone)."
                            }
                        ]
                    }
                ]
            }
        ],
        "thread_ts": "1637955341.105300",
        "reply_count": 4,
        "reply_users_count": 3,
        "latest_reply": "1638122119.108500",
        "reply_users": [
            "U010K2G3EG6",
            "U022L36NYAJ",
            "U0J8D9M2P"
        ],
        "replies": [
            {
                "user": "U010K2G3EG6",
                "ts": "1637956017.105500"
            },
            {
                "user": "U022L36NYAJ",
                "ts": "1637956124.105700"
            },
            {
                "user": "U0J8D9M2P",
                "ts": "1638093882.108300"
            },
            {
                "user": "U022L36NYAJ",
                "ts": "1638122119.108500"
            }
        ],
        "is_locked": false,
        "subscribed": false,
        "reactions": [
            {
                "name": "+1::skin-tone-3",
                "users": [
                    "U2GCKJTC0"
                ],
                "count": 1
            },
            {
                "name": "+1",
                "users": [
                    "U44R1N656"
                ],
                "count": 1
            }
        ]
    },
    {
        "client_msg_id": "0a57ced0-91d8-4d62-aa9a-3310342dc1e1",
        "type": "message",
        "text": "I am observing that there is a tendency towards more async work nowadays. You write remote within PST region. Does that definitely rule out remote within CET (Europe)?",
        "user": "U010K2G3EG6",
        "ts": "1637956017.105500",
        "team": "T0CJ5UNHK",
        "user_team": "T0CJ5UNHK",
        "source_team": "T0CJ5UNHK",
        "user_profile": {
            "avatar_hash": "gdd011f6136c",
            "image_72": "https:\/\/secure.gravatar.com\/avatar\/dd011f6136c2c8d3a95653d9beb819c6.jpg?s=72&d=https%3A%2F%2Fa.slack-edge.com%2Fdf10d%2Fimg%2Favatars%2Fava_0018-72.png",
            "first_name": "",
            "real_name": "Benjamin Weber",
            "display_name": "Benjamin Weber",
            "team": "T0CJ5UNHK",
            "name": "one",
            "is_restricted": false,
            "is_ultra_restricted": false
        },
        "blocks": [
            {
                "type": "rich_text",
                "block_id": "90V",
                "elements": [
                    {
                        "type": "rich_text_section",
                        "elements": [
                            {
                                "type": "text",
                                "text": "I am observing that there is a tendency towards more async work nowadays. You write remote within PST region. Does that definitely rule out remote within CET (Europe)?"
                            }
                        ]
                    }
                ]
            }
        ],
        "thread_ts": "1637955341.105300",
        "parent_user_id": "U022L36NYAJ"
    },
    {
        "client_msg_id": "6618e11e-b18d-4e9e-bebc-0719b8504981",
        "type": "message",
        "text": "Like it says, with overlap. Our current Elm dev lives in Tunisia... We want you to be a part of the team which is just not possible if we never see you.",
        "user": "U022L36NYAJ",
        "ts": "1637956124.105700",
        "team": "T0CJ5UNHK",
        "user_team": "T0CJ5UNHK",
        "source_team": "T0CJ5UNHK",
        "user_profile": {
            "avatar_hash": "0956953ff7ba",
            "image_72": "https:\/\/avatars.slack-edge.com\/2021-12-16\/2837978285735_0956953ff7ba50d33c20_72.png",
            "first_name": "Hilco",
            "real_name": "Hilco Wijbenga",
            "display_name": "Hilco",
            "team": "T0CJ5UNHK",
            "name": "hilco.wijbenga",
            "is_restricted": false,
            "is_ultra_restricted": false
        },
        "blocks": [
            {
                "type": "rich_text",
                "block_id": "E2vR",
                "elements": [
                    {
                        "type": "rich_text_section",
                        "elements": [
                            {
                                "type": "text",
                                "text": "Like it says, with overlap. Our current Elm dev lives in Tunisia... We want you to be a part of the team which is just not possible if we never see you."
                            }
                        ]
                    }
                ]
            }
        ],
        "thread_ts": "1637955341.105300",
        "parent_user_id": "U022L36NYAJ"
    }
]