[
    {
        "client_msg_id": "a0f08cfa-828c-4a86-9816-58b86ff3f47d",
        "type": "message",
        "text": "[HIRING][Zurich, Switzerland, Elm, Onsite \/ Remote]\n\n:office: Valora Digital, based in Zurich :flag-ch: is looking for a Senior Software Engineer, 80%-100%\n\n:gear: Tech stack: Elm, API, Backend, C, C#, CI\/CD, DevOps\n\n:moneybag: 100’000 - 135’000 CHF \/ year\n\n:memo: More details and option to apply:\n<https:\/\/swissdevjobs.ch\/jobs\/Valora-Digital-Senior-Software-Engineer-80-100>",
        "user": "U01JXT8DQNP",
        "ts": "1618229748.081600",
        "team": "T0CJ5UNHK",
        "user_team": "T0CJ5UNHK",
        "source_team": "T0CJ5UNHK",
        "user_profile": {
            "avatar_hash": "g047d3368bb2",
            "image_72": "https:\/\/secure.gravatar.com\/avatar\/047d3368bb2de381eac4bad41834ea76.jpg?s=72&d=https%3A%2F%2Fa.slack-edge.com%2Fdf10d%2Fimg%2Favatars%2Fava_0022-72.png",
            "first_name": "SDJ",
            "real_name": "SDJ",
            "display_name": "Johan Stelzner",
            "team": "T0CJ5UNHK",
            "name": "swissdevteam",
            "is_restricted": false,
            "is_ultra_restricted": false
        },
        "attachments": [
            {
                "service_name": "SwissDev Jobs",
                "title": "Senior Software Engineer, 80%-100% Job in Zurich | Valora Digital",
                "title_link": "https:\/\/swissdevjobs.ch\/jobs\/Valora-Digital-Senior-Software-Engineer-80-100",
                "text": "Become Senior Software Engineer, 80%-100% at Valora Digital in Zurich. You can earn 100’000 - 135’000 CHF per year.",
                "fallback": "SwissDev Jobs: Senior Software Engineer, 80%-100% Job in Zurich | Valora Digital",
                "image_url": "https:\/\/static.swissdevjobs.ch\/social-media-images\/605da96267d1da0017d9faa3.png",
                "image_width": 476,
                "image_height": 250,
                "fields": [
                    {
                        "title": "Annual Salary",
                        "value": "100’000 - 135’000 CHF",
                        "short": true
                    },
                    {
                        "title": "Language",
                        "value": "dotNET",
                        "short": true
                    }
                ],
                "ts": 1616751892,
                "from_url": "https:\/\/swissdevjobs.ch\/jobs\/Valora-Digital-Senior-Software-Engineer-80-100",
                "image_bytes": 39533,
                "service_icon": "https:\/\/static.swissdevjobs.ch\/utilities\/favicon.ico",
                "id": 1,
                "original_url": "https:\/\/swissdevjobs.ch\/jobs\/Valora-Digital-Senior-Software-Engineer-80-100"
            }
        ],
        "blocks": [
            {
                "type": "rich_text",
                "block_id": "L7+",
                "elements": [
                    {
                        "type": "rich_text_section",
                        "elements": [
                            {
                                "type": "text",
                                "text": "[HIRING][Zurich, Switzerland, Elm, Onsite \/ Remote]\n\n"
                            },
                            {
                                "type": "emoji",
                                "name": "office",
                                "unicode": "1f3e2"
                            },
                            {
                                "type": "text",
                                "text": " Valora Digital, based in Zurich "
                            },
                            {
                                "type": "emoji",
                                "name": "flag-ch",
                                "unicode": "1f1e8-1f1ed"
                            },
                            {
                                "type": "text",
                                "text": " is looking for a Senior Software Engineer, 80%-100%\n\n"
                            },
                            {
                                "type": "emoji",
                                "name": "gear",
                                "unicode": "2699-fe0f"
                            },
                            {
                                "type": "text",
                                "text": " Tech stack: Elm, API, Backend, C, C#, CI\/CD, DevOps\n\n"
                            },
                            {
                                "type": "emoji",
                                "name": "moneybag",
                                "unicode": "1f4b0"
                            },
                            {
                                "type": "text",
                                "text": " 100’000 - 135’000 CHF \/ year\n\n"
                            },
                            {
                                "type": "emoji",
                                "name": "memo",
                                "unicode": "1f4dd"
                            },
                            {
                                "type": "text",
                                "text": " More details and option to apply:\n"
                            },
                            {
                                "type": "link",
                                "url": "https:\/\/swissdevjobs.ch\/jobs\/Valora-Digital-Senior-Software-Engineer-80-100"
                            }
                        ]
                    }
                ]
            }
        ],
        "thread_ts": "1618229748.081600",
        "reply_count": 4,
        "reply_users_count": 3,
        "latest_reply": "1618291338.085100",
        "reply_users": [
            "U0U6ML22H",
            "U2F0T75MX",
            "U46SUQ5CL"
        ],
        "replies": [
            {
                "user": "U0U6ML22H",
                "ts": "1618237808.083100"
            },
            {
                "user": "U2F0T75MX",
                "ts": "1618264022.083500"
            },
            {
                "user": "U46SUQ5CL",
                "ts": "1618276212.084800"
            },
            {
                "user": "U0U6ML22H",
                "ts": "1618291338.085100"
            }
        ],
        "is_locked": false,
        "subscribed": false,
        "reactions": [
            {
                "name": "flag-ch",
                "users": [
                    "U01JXT8DQNP",
                    "UHYH3L2MB",
                    "UP0F4DUDB",
                    "U1L85D83D",
                    "U2FMN03NZ",
                    "U019M3WELAZ"
                ],
                "count": 6
            },
            {
                "name": "100",
                "users": [
                    "UHYH3L2MB",
                    "UP0F4DUDB",
                    "U2FMN03NZ"
                ],
                "count": 3
            },
            {
                "name": "+1",
                "users": [
                    "UP0F4DUDB",
                    "U1L85D83D",
                    "U2FMN03NZ",
                    "U18UD6T3J",
                    "U2FN13XD4"
                ],
                "count": 5
            }
        ]
    },
    {
        "client_msg_id": "8b7871d9-6090-4926-b805-cdb7ffc70e84",
        "type": "message",
        "text": "I may be misunderstanding but the job posting seems to mention Elm only as desirable experience, not as the language actually used for the job?",
        "user": "U0U6ML22H",
        "ts": "1618237808.083100",
        "team": "T0CJ5UNHK",
        "user_team": "T0CJ5UNHK",
        "source_team": "T0CJ5UNHK",
        "user_profile": {
            "avatar_hash": "334f65bb1565",
            "image_72": "https:\/\/avatars.slack-edge.com\/2020-12-07\/1578968688208_334f65bb156586411238_72.jpg",
            "first_name": "Augustin",
            "real_name": "Augustin Ragon",
            "display_name": "Augustin",
            "team": "T0CJ5UNHK",
            "name": "augustin82",
            "is_restricted": false,
            "is_ultra_restricted": false
        },
        "blocks": [
            {
                "type": "rich_text",
                "block_id": "=zFe",
                "elements": [
                    {
                        "type": "rich_text_section",
                        "elements": [
                            {
                                "type": "text",
                                "text": "I may be misunderstanding but the job posting seems to mention Elm only as desirable experience, not as the language actually used for the job?"
                            }
                        ]
                    }
                ]
            }
        ],
        "thread_ts": "1618229748.081600",
        "parent_user_id": "U01JXT8DQNP"
    },
    {
        "client_msg_id": "6ba8cf18-7861-4e47-b3bc-b0e73715ca96",
        "type": "message",
        "text": "can’t say for sure but I think you’re correct. “Experience working with F# (or similar functional programming languages like Haskell, Scala, Elm etc.)”",
        "user": "U2F0T75MX",
        "ts": "1618264022.083500",
        "team": "T0CJ5UNHK",
        "user_team": "T0CJ5UNHK",
        "source_team": "T0CJ5UNHK",
        "user_profile": {
            "avatar_hash": "ge8b03e57500",
            "image_72": "https:\/\/secure.gravatar.com\/avatar\/ce8b03e5750097942c58e12b46724312.jpg?s=72&d=https%3A%2F%2Fa.slack-edge.com%2Fdf10d%2Fimg%2Favatars%2Fava_0016-72.png",
            "first_name": "giles",
            "real_name": "giles bowkett",
            "display_name": "gilesgoatboy",
            "team": "T0CJ5UNHK",
            "name": "gilesgoatboy",
            "is_restricted": false,
            "is_ultra_restricted": false
        },
        "blocks": [
            {
                "type": "rich_text",
                "block_id": "\/Bxm",
                "elements": [
                    {
                        "type": "rich_text_section",
                        "elements": [
                            {
                                "type": "text",
                                "text": "can’t say for sure but I think you’re correct. “Experience working with F# (or similar functional programming languages like Haskell, Scala, Elm etc.)”"
                            }
                        ]
                    }
                ]
            }
        ],
        "thread_ts": "1618229748.081600",
        "parent_user_id": "U01JXT8DQNP"
    },
    {
        "client_msg_id": "8B2DCC05-0C6B-4D31-9B54-0D4445D6CAB5",
        "type": "message",
        "text": "That's a bit of a bummer. Also, what does the 80%-100% refer to? You have to be at least 80% of a senior engineer :sweat_smile:?",
        "user": "U46SUQ5CL",
        "ts": "1618276212.084800",
        "team": "T0CJ5UNHK",
        "user_team": "T0CJ5UNHK",
        "source_team": "T0CJ5UNHK",
        "user_profile": {
            "avatar_hash": "g198cf19b042",
            "image_72": "https:\/\/secure.gravatar.com\/avatar\/a198cf19b0429f9ec9a8e233437bdb46.jpg?s=72&d=https%3A%2F%2Fa.slack-edge.com%2Fdf10d%2Fimg%2Favatars%2Fava_0007-72.png",
            "first_name": "Peter",
            "real_name": "Peter Gao",
            "display_name": "Peter",
            "team": "T0CJ5UNHK",
            "name": "peteygao",
            "is_restricted": false,
            "is_ultra_restricted": false
        },
        "blocks": [
            {
                "type": "rich_text",
                "block_id": "K3zC",
                "elements": [
                    {
                        "type": "rich_text_section",
                        "elements": [
                            {
                                "type": "text",
                                "text": "That's a bit of a bummer. Also, what does the 80%-100% refer to? You have to be at least 80% of a senior engineer "
                            },
                            {
                                "type": "emoji",
                                "name": "sweat_smile",
                                "unicode": "1f605"
                            },
                            {
                                "type": "text",
                                "text": "?"
                            }
                        ]
                    }
                ]
            }
        ],
        "thread_ts": "1618229748.081600",
        "parent_user_id": "U01JXT8DQNP"
    },
    {
        "client_msg_id": "8f294227-af44-415e-905d-9ff637c9fa0e",
        "type": "message",
        "text": "I took it to mean 80-100% of a full-time load, so 4 to 5 days a week, but maybe I'm mistaken!",
        "user": "U0U6ML22H",
        "ts": "1618291338.085100",
        "team": "T0CJ5UNHK",
        "user_team": "T0CJ5UNHK",
        "source_team": "T0CJ5UNHK",
        "user_profile": {
            "avatar_hash": "334f65bb1565",
            "image_72": "https:\/\/avatars.slack-edge.com\/2020-12-07\/1578968688208_334f65bb156586411238_72.jpg",
            "first_name": "Augustin",
            "real_name": "Augustin Ragon",
            "display_name": "Augustin",
            "team": "T0CJ5UNHK",
            "name": "augustin82",
            "is_restricted": false,
            "is_ultra_restricted": false
        },
        "blocks": [
            {
                "type": "rich_text",
                "block_id": "FC1l",
                "elements": [
                    {
                        "type": "rich_text_section",
                        "elements": [
                            {
                                "type": "text",
                                "text": "I took it to mean 80-100% of a full-time load, so 4 to 5 days a week, but maybe I'm mistaken!"
                            }
                        ]
                    }
                ]
            }
        ],
        "thread_ts": "1618229748.081600",
        "parent_user_id": "U01JXT8DQNP"
    }
]