[
    {
        "client_msg_id": "5b7e634c-cd1d-4170-a06d-84b9ff8121ff",
        "type": "message",
        "text": "<@U0F7JPK36> the position has been doubly filled :tada:  we can unpin this :bow:",
        "user": "UAS7NTLAU",
        "ts": "1618450249.089700",
        "team": "T0CJ5UNHK",
        "user_team": "T0CJ5UNHK",
        "source_team": "T0CJ5UNHK",
        "user_profile": {
            "avatar_hash": "g0d68c1fad9b",
            "image_72": "https:\/\/secure.gravatar.com\/avatar\/f0d68c1fad9ba7588f4b50036a995dbd.jpg?s=72&d=https%3A%2F%2Fa.slack-edge.com%2Fdf10d%2Fimg%2Favatars%2Fava_0010-72.png",
            "first_name": "Chew",
            "real_name": "Chew Choon Keat",
            "display_name": "choonkeat",
            "team": "T0CJ5UNHK",
            "name": "choonkeat",
            "is_restricted": false,
            "is_ultra_restricted": false
        },
        "blocks": [
            {
                "type": "rich_text",
                "block_id": "r1Ar",
                "elements": [
                    {
                        "type": "rich_text_section",
                        "elements": [
                            {
                                "type": "user",
                                "user_id": "U0F7JPK36"
                            },
                            {
                                "type": "text",
                                "text": " the position has been doubly filled "
                            },
                            {
                                "type": "emoji",
                                "name": "tada",
                                "unicode": "1f389"
                            },
                            {
                                "type": "text",
                                "text": "  we can unpin this "
                            },
                            {
                                "type": "emoji",
                                "name": "bow",
                                "unicode": "1f647"
                            }
                        ]
                    }
                ]
            }
        ],
        "thread_ts": "1617333455.037700",
        "parent_user_id": "UAS7NTLAU",
        "reactions": [
            {
                "name": "+1",
                "users": [
                    "U0F7JPK36"
                ],
                "count": 1
            }
        ]
    }
]