[
    {
        "type": "message",
        "subtype": "tombstone",
        "text": "This message was deleted.",
        "user": "USLACKBOT",
        "hidden": true,
        "ts": "1621857523.012100",
        "thread_ts": "1621857523.012100",
        "reply_count": 1,
        "reply_users_count": 1,
        "latest_reply": "1621857585.012500",
        "reply_users": [
            "U0U6ML22H"
        ],
        "replies": [
            {
                "user": "U0U6ML22H",
                "ts": "1621857585.012500"
            }
        ],
        "is_locked": false,
        "subscribed": false
    },
    {
        "client_msg_id": "7bbb6524-7752-4ba1-b41b-6747ca2fa175",
        "type": "message",
        "text": "hi <@U021LAEF78U>! It seems you deleted your previous message where I was telling you that this channel is ONLY for Elm jobs and you seem to be looking for a Vue.js developer",
        "user": "U0U6ML22H",
        "ts": "1621857585.012500",
        "team": "T0CJ5UNHK",
        "user_team": "T0CJ5UNHK",
        "source_team": "T0CJ5UNHK",
        "user_profile": {
            "avatar_hash": "334f65bb1565",
            "image_72": "https:\/\/avatars.slack-edge.com\/2020-12-07\/1578968688208_334f65bb156586411238_72.jpg",
            "first_name": "Augustin",
            "real_name": "Augustin Ragon",
            "display_name": "Augustin",
            "team": "T0CJ5UNHK",
            "name": "augustin82",
            "is_restricted": false,
            "is_ultra_restricted": false
        },
        "blocks": [
            {
                "type": "rich_text",
                "block_id": "9u6oF",
                "elements": [
                    {
                        "type": "rich_text_section",
                        "elements": [
                            {
                                "type": "text",
                                "text": "hi "
                            },
                            {
                                "type": "user",
                                "user_id": "U021LAEF78U"
                            },
                            {
                                "type": "text",
                                "text": "! It seems you deleted your previous message where I was telling you that this channel is ONLY for Elm jobs and you seem to be looking for a Vue.js developer"
                            }
                        ]
                    }
                ]
            }
        ],
        "thread_ts": "1621857523.012100",
        "parent_user_id": "U021LAEF78U"
    },
    {
        "type": "message",
        "subtype": "channel_purpose",
        "ts": "1621911890.013000",
        "user": "U842X772T",
        "text": "set the channel description: Discuss and post jobs for Elm (see pinned items for job postings). See posting guidelines and format at <https:\/\/github.com\/elm-community\/slack\/blob\/master\/README.md#jobs>. Positions posted here must be for Elm-related jobs!",
        "purpose": "Discuss and post jobs for Elm (see pinned items for job postings). See posting guidelines and format at <https:\/\/github.com\/elm-community\/slack\/blob\/master\/README.md#jobs>. Positions posted here must be for Elm-related jobs!",
        "reactions": [
            {
                "name": "+1",
                "users": [
                    "U0U6ML22H",
                    "U01RRUWUUJJ",
                    "U82S7A401",
                    "U0FBYQXNG",
                    "U01T7SL3U7P"
                ],
                "count": 5
            },
            {
                "name": "+1::skin-tone-4",
                "users": [
                    "UP0F4DUDB"
                ],
                "count": 1
            },
            {
                "name": "+1::skin-tone-3",
                "users": [
                    "U0KEKHS3H"
                ],
                "count": 1
            },
            {
                "name": "sunglasses",
                "users": [
                    "U016HBQ0HFZ"
                ],
                "count": 1
            }
        ]
    }
]