[
    {
        "client_msg_id": "55f600e5-481c-4cfb-b1a8-44fdd4f11606",
        "type": "message",
        "text": "Deepgram | San Francisco - Remote | Senior Front End Developer | Hiring | full time \n\n<https:\/\/deepgram.com|Deepgram> provides always improving Automatic Speech Recognition. Come join us as Front End engineer to build nice and complex user interfaces to let end users playing with ML models!\n\nWe are looking for an experienced elm developer, with good sense of UX. This is also a great opportunity if you like to fiddle a little with backend stuff.\n\nAbout the current stack:\n• mostly Elm on the Front End\n• we love Tailwindcss!\n• mainly Rust on the BackEnd\nFeel free to DM me for more info or to candidate!",
        "user": "UBWGL03MF",
        "ts": "1614328055.017100",
        "team": "T0CJ5UNHK",
        "user_team": "T0CJ5UNHK",
        "source_team": "T0CJ5UNHK",
        "user_profile": {
            "avatar_hash": "gdb4df5b4404",
            "image_72": "https:\/\/secure.gravatar.com\/avatar\/9db4df5b4404a5884f421179477ddc40.jpg?s=72&d=https%3A%2F%2Fa.slack-edge.com%2Fdf10d%2Fimg%2Favatars%2Fava_0003-72.png",
            "first_name": "Sébastien",
            "real_name": "Sébastien Besnier",
            "display_name": "sebbes",
            "team": "T0CJ5UNHK",
            "name": "sebastien.fabrice.bes",
            "is_restricted": false,
            "is_ultra_restricted": false
        },
        "edited": {
            "user": "UBWGL03MF",
            "ts": "1614367131.000000"
        },
        "attachments": [
            {
                "service_name": "Deepgram",
                "title": "Deepgram - Automated Speech Recognition (ASR)",
                "title_link": "https:\/\/deepgram.com\/",
                "text": "We’ve reinvented ASR with 100% deep learning that allows companies to continuously improve accuracy. Start training your speech model and reaping the benefits in weeks, not months or years.",
                "fallback": "Deepgram: Deepgram - Automated Speech Recognition (ASR)",
                "image_url": "https:\/\/deepgram.com\/wp-content\/uploads\/2020\/12\/deepgram-site-thumbnail@2x-1024x538.png",
                "image_width": 476,
                "image_height": 250,
                "from_url": "https:\/\/deepgram.com\/",
                "image_bytes": 405862,
                "service_icon": "https:\/\/deepgram.com\/wp-content\/themes\/deepgram\/assets\/img\/favicon.ico",
                "id": 1,
                "original_url": "https:\/\/deepgram.com"
            }
        ],
        "blocks": [
            {
                "type": "rich_text",
                "block_id": "=h\/bh",
                "elements": [
                    {
                        "type": "rich_text_section",
                        "elements": [
                            {
                                "type": "text",
                                "text": "Deepgram | San Francisco - Remote | Senior Front End Developer | Hiring | full time \n\n"
                            },
                            {
                                "type": "link",
                                "url": "https:\/\/deepgram.com",
                                "text": "Deepgram"
                            },
                            {
                                "type": "text",
                                "text": " provides always improving Automatic Speech Recognition. Come join us as Front End engineer to build nice and complex user interfaces to let end users playing with ML models!\n\nWe are looking for an experienced elm developer, with good sense of UX. This is also a great opportunity if you like to fiddle a little with backend stuff.\n\nAbout the current stack:\n"
                            }
                        ]
                    },
                    {
                        "type": "rich_text_list",
                        "elements": [
                            {
                                "type": "rich_text_section",
                                "elements": [
                                    {
                                        "type": "text",
                                        "text": "mostly Elm on the Front End"
                                    }
                                ]
                            },
                            {
                                "type": "rich_text_section",
                                "elements": [
                                    {
                                        "type": "text",
                                        "text": "we love Tailwindcss!"
                                    }
                                ]
                            },
                            {
                                "type": "rich_text_section",
                                "elements": [
                                    {
                                        "type": "text",
                                        "text": "mainly Rust on the BackEnd"
                                    }
                                ]
                            }
                        ],
                        "style": "bullet",
                        "indent": 0,
                        "offset": 0
                    },
                    {
                        "type": "rich_text_section",
                        "elements": [
                            {
                                "type": "text",
                                "text": "\nFeel free to DM me for more info or to candidate!"
                            }
                        ]
                    }
                ]
            }
        ],
        "thread_ts": "1614328055.017100",
        "reply_count": 8,
        "reply_users_count": 4,
        "latest_reply": "1614394180.022200",
        "reply_users": [
            "UA50RDC79",
            "UBWGL03MF",
            "U1X0EELG3",
            "U3207UZA8"
        ],
        "replies": [
            {
                "user": "UA50RDC79",
                "ts": "1614329430.018000"
            },
            {
                "user": "UBWGL03MF",
                "ts": "1614330033.018200"
            },
            {
                "user": "U1X0EELG3",
                "ts": "1614333204.018400"
            },
            {
                "user": "UBWGL03MF",
                "ts": "1614333297.018600"
            },
            {
                "user": "UBWGL03MF",
                "ts": "1614333343.018800"
            },
            {
                "user": "U3207UZA8",
                "ts": "1614355520.019600"
            },
            {
                "user": "UBWGL03MF",
                "ts": "1614355583.019800"
            },
            {
                "user": "UA50RDC79",
                "ts": "1614394180.022200"
            }
        ],
        "is_locked": false,
        "subscribed": false,
        "reactions": [
            {
                "name": "+1",
                "users": [
                    "U0V98FF54",
                    "U25KE5A1F",
                    "U2FMN03NZ",
                    "U0KEKHS3H",
                    "U18UD6T3J",
                    "U78BHNT40",
                    "U1PQJ4V32",
                    "UGQBP8SR0",
                    "U44R1N656"
                ],
                "count": 9
            }
        ]
    },
    {
        "client_msg_id": "8A8CBF01-CDC3-4F23-A40E-6F600856E045",
        "type": "message",
        "text": "Do you sponsor visas by any chance?",
        "user": "UA50RDC79",
        "ts": "1614329430.018000",
        "team": "T0CJ5UNHK",
        "user_team": "T0CJ5UNHK",
        "source_team": "T0CJ5UNHK",
        "user_profile": {
            "avatar_hash": "ca24e9ffb2a2",
            "image_72": "https:\/\/avatars.slack-edge.com\/2018-07-04\/392474331520_ca24e9ffb2a29e64029f_72.png",
            "first_name": "Julian",
            "real_name": "Julian Antonielli",
            "display_name": "",
            "team": "T0CJ5UNHK",
            "name": "jantonielli01",
            "is_restricted": false,
            "is_ultra_restricted": false
        },
        "blocks": [
            {
                "type": "rich_text",
                "block_id": "sB9n",
                "elements": [
                    {
                        "type": "rich_text_section",
                        "elements": [
                            {
                                "type": "text",
                                "text": "Do you sponsor visas by any chance?"
                            }
                        ]
                    }
                ]
            }
        ],
        "thread_ts": "1614328055.017100",
        "parent_user_id": "UBWGL03MF"
    },
    {
        "client_msg_id": "73a2c9cb-60db-4044-9dd5-70c579358f04",
        "type": "message",
        "text": "I can ask but I don't think so. Most of the engineering team is totally remote",
        "user": "UBWGL03MF",
        "ts": "1614330033.018200",
        "team": "T0CJ5UNHK",
        "user_team": "T0CJ5UNHK",
        "source_team": "T0CJ5UNHK",
        "user_profile": {
            "avatar_hash": "gdb4df5b4404",
            "image_72": "https:\/\/secure.gravatar.com\/avatar\/9db4df5b4404a5884f421179477ddc40.jpg?s=72&d=https%3A%2F%2Fa.slack-edge.com%2Fdf10d%2Fimg%2Favatars%2Fava_0003-72.png",
            "first_name": "Sébastien",
            "real_name": "Sébastien Besnier",
            "display_name": "sebbes",
            "team": "T0CJ5UNHK",
            "name": "sebastien.fabrice.bes",
            "is_restricted": false,
            "is_ultra_restricted": false
        },
        "blocks": [
            {
                "type": "rich_text",
                "block_id": "KNgvB",
                "elements": [
                    {
                        "type": "rich_text_section",
                        "elements": [
                            {
                                "type": "text",
                                "text": "I can ask but I don't think so. Most of the engineering team is totally remote"
                            }
                        ]
                    }
                ]
            }
        ],
        "thread_ts": "1614328055.017100",
        "parent_user_id": "UBWGL03MF"
    },
    {
        "client_msg_id": "e9ee12b6-a72c-4178-9ef6-3453265f2819",
        "type": "message",
        "text": "How remote do you go? Europe too?",
        "user": "U1X0EELG3",
        "ts": "1614333204.018400",
        "team": "T0CJ5UNHK",
        "user_team": "T0CJ5UNHK",
        "source_team": "T0CJ5UNHK",
        "user_profile": {
            "avatar_hash": "b72ba28993ae",
            "image_72": "https:\/\/avatars.slack-edge.com\/2019-01-31\/539969680374_b72ba28993ae87a3db22_72.jpg",
            "first_name": "Rupert",
            "real_name": "Rupert Smith",
            "display_name": "rupertlssmith",
            "team": "T0CJ5UNHK",
            "name": "rupertlssmith",
            "is_restricted": false,
            "is_ultra_restricted": false
        },
        "blocks": [
            {
                "type": "rich_text",
                "block_id": "hr3",
                "elements": [
                    {
                        "type": "rich_text_section",
                        "elements": [
                            {
                                "type": "text",
                                "text": "How remote do you go? Europe too?"
                            }
                        ]
                    }
                ]
            }
        ],
        "thread_ts": "1614328055.017100",
        "parent_user_id": "UBWGL03MF"
    },
    {
        "client_msg_id": "b89ab28c-6ccf-49c8-972b-5f9007f9af82",
        "type": "message",
        "text": "I'm living in France",
        "user": "UBWGL03MF",
        "ts": "1614333297.018600",
        "team": "T0CJ5UNHK",
        "user_team": "T0CJ5UNHK",
        "source_team": "T0CJ5UNHK",
        "user_profile": {
            "avatar_hash": "gdb4df5b4404",
            "image_72": "https:\/\/secure.gravatar.com\/avatar\/9db4df5b4404a5884f421179477ddc40.jpg?s=72&d=https%3A%2F%2Fa.slack-edge.com%2Fdf10d%2Fimg%2Favatars%2Fava_0003-72.png",
            "first_name": "Sébastien",
            "real_name": "Sébastien Besnier",
            "display_name": "sebbes",
            "team": "T0CJ5UNHK",
            "name": "sebastien.fabrice.bes",
            "is_restricted": false,
            "is_ultra_restricted": false
        },
        "blocks": [
            {
                "type": "rich_text",
                "block_id": "Cf6z",
                "elements": [
                    {
                        "type": "rich_text_section",
                        "elements": [
                            {
                                "type": "text",
                                "text": "I'm living in France"
                            }
                        ]
                    }
                ]
            }
        ],
        "thread_ts": "1614328055.017100",
        "parent_user_id": "UBWGL03MF"
    },
    {
        "client_msg_id": "1c6a2152-8884-4b42-b81f-716ff0c5f76f",
        "type": "message",
        "text": "and it is all fine :slightly_smiling_face: Just sometimes a bit complicated to setup meetings but quite workable",
        "user": "UBWGL03MF",
        "ts": "1614333343.018800",
        "team": "T0CJ5UNHK",
        "user_team": "T0CJ5UNHK",
        "source_team": "T0CJ5UNHK",
        "user_profile": {
            "avatar_hash": "gdb4df5b4404",
            "image_72": "https:\/\/secure.gravatar.com\/avatar\/9db4df5b4404a5884f421179477ddc40.jpg?s=72&d=https%3A%2F%2Fa.slack-edge.com%2Fdf10d%2Fimg%2Favatars%2Fava_0003-72.png",
            "first_name": "Sébastien",
            "real_name": "Sébastien Besnier",
            "display_name": "sebbes",
            "team": "T0CJ5UNHK",
            "name": "sebastien.fabrice.bes",
            "is_restricted": false,
            "is_ultra_restricted": false
        },
        "blocks": [
            {
                "type": "rich_text",
                "block_id": "aLrqb",
                "elements": [
                    {
                        "type": "rich_text_section",
                        "elements": [
                            {
                                "type": "text",
                                "text": "and it is all fine "
                            },
                            {
                                "type": "emoji",
                                "name": "slightly_smiling_face",
                                "unicode": "1f642"
                            },
                            {
                                "type": "text",
                                "text": " Just sometimes a bit complicated to setup meetings but quite workable"
                            }
                        ]
                    }
                ]
            }
        ],
        "thread_ts": "1614328055.017100",
        "parent_user_id": "UBWGL03MF"
    },
    {
        "client_msg_id": "1bc81660-91e6-4000-8b7b-257c831a4576",
        "type": "message",
        "text": "Do you need to be self employed then, as I think there's no European company employing you in that case?",
        "user": "U3207UZA8",
        "ts": "1614355520.019600",
        "team": "T0CJ5UNHK",
        "user_team": "T0CJ5UNHK",
        "source_team": "T0CJ5UNHK",
        "user_profile": {
            "avatar_hash": "7aafb68ef703",
            "image_72": "https:\/\/avatars.slack-edge.com\/2018-11-26\/487972908994_7aafb68ef703f94fa249_72.jpg",
            "first_name": "Kolja",
            "real_name": "Kolja Lampe",
            "display_name": "razzeee",
            "team": "T0CJ5UNHK",
            "name": "razzeee",
            "is_restricted": false,
            "is_ultra_restricted": false
        },
        "blocks": [
            {
                "type": "rich_text",
                "block_id": "PNUH",
                "elements": [
                    {
                        "type": "rich_text_section",
                        "elements": [
                            {
                                "type": "text",
                                "text": "Do you need to be self employed then, as I think there's no European company employing you in that case?"
                            }
                        ]
                    }
                ]
            }
        ],
        "thread_ts": "1614328055.017100",
        "parent_user_id": "UBWGL03MF"
    },
    {
        "client_msg_id": "3a780896-f8dd-4773-883f-678e7dd2efae",
        "type": "message",
        "text": "yeah, for now, I'm the only one in Europe, so you have to be self employed",
        "user": "UBWGL03MF",
        "ts": "1614355583.019800",
        "team": "T0CJ5UNHK",
        "user_team": "T0CJ5UNHK",
        "source_team": "T0CJ5UNHK",
        "user_profile": {
            "avatar_hash": "gdb4df5b4404",
            "image_72": "https:\/\/secure.gravatar.com\/avatar\/9db4df5b4404a5884f421179477ddc40.jpg?s=72&d=https%3A%2F%2Fa.slack-edge.com%2Fdf10d%2Fimg%2Favatars%2Fava_0003-72.png",
            "first_name": "Sébastien",
            "real_name": "Sébastien Besnier",
            "display_name": "sebbes",
            "team": "T0CJ5UNHK",
            "name": "sebastien.fabrice.bes",
            "is_restricted": false,
            "is_ultra_restricted": false
        },
        "blocks": [
            {
                "type": "rich_text",
                "block_id": "Ox=",
                "elements": [
                    {
                        "type": "rich_text_section",
                        "elements": [
                            {
                                "type": "text",
                                "text": "yeah, for now, I'm the only one in Europe, so you have to be self employed"
                            }
                        ]
                    }
                ]
            }
        ],
        "thread_ts": "1614328055.017100",
        "parent_user_id": "UBWGL03MF",
        "reactions": [
            {
                "name": "+1",
                "users": [
                    "U3207UZA8",
                    "U1X0EELG3"
                ],
                "count": 2
            }
        ]
    },
    {
        "client_msg_id": "0813b024-c3af-4ae5-8eb8-0c5896fa3901",
        "type": "message",
        "text": "| Real Folk | Victoria, BC, Canada + Remote OK | Software Engineer (Elm &amp; Front-End) |\n\nHi folks, just wanted to mention that my team is hiring an Elm developer (freelance\/contract preferred, but open to full-time): <https:\/\/discourse.elm-lang.org\/t\/real-folk-is-hiring-an-elm-developer\/7009|https:\/\/discourse.elm-lang.org\/t\/real-folk-is-hiring-an-elm-developer\/7009>\n\nDM me or send me an email (<mailto:dhruv@realfolk.com|dhruv@realfolk.com>) if you are interested!",
        "user": "UC9BW6TM3",
        "ts": "1614393066.021300",
        "team": "T0CJ5UNHK",
        "user_team": "T0CJ5UNHK",
        "source_team": "T0CJ5UNHK",
        "user_profile": {
            "avatar_hash": "g92086ab387e",
            "image_72": "https:\/\/secure.gravatar.com\/avatar\/192086ab387e54fa5e90dbef80f9b842.jpg?s=72&d=https%3A%2F%2Fa.slack-edge.com%2Fdf10d%2Fimg%2Favatars%2Fava_0003-72.png",
            "first_name": "",
            "real_name": "Dhruv Dang",
            "display_name": "",
            "team": "T0CJ5UNHK",
            "name": "hi802",
            "is_restricted": false,
            "is_ultra_restricted": false
        },
        "edited": {
            "user": "UC9BW6TM3",
            "ts": "1614448189.000000"
        },
        "blocks": [
            {
                "type": "rich_text",
                "block_id": "f4tQ",
                "elements": [
                    {
                        "type": "rich_text_section",
                        "elements": [
                            {
                                "type": "text",
                                "text": "| Real Folk | Victoria, BC, Canada + Remote OK | Software Engineer (Elm & Front-End) |\n\nHi folks, just wanted to mention that my team is hiring an Elm developer (freelance\/contract preferred, but open to full-time): "
                            },
                            {
                                "type": "link",
                                "url": "https:\/\/discourse.elm-lang.org\/t\/real-folk-is-hiring-an-elm-developer\/7009",
                                "text": "https:\/\/discourse.elm-lang.org\/t\/real-folk-is-hiring-an-elm-developer\/7009"
                            },
                            {
                                "type": "text",
                                "text": "\n\nDM me or send me an email ("
                            },
                            {
                                "type": "link",
                                "url": "mailto:dhruv@realfolk.com",
                                "text": "dhruv@realfolk.com"
                            },
                            {
                                "type": "text",
                                "text": ") if you are interested!"
                            }
                        ]
                    }
                ]
            }
        ]
    },
    {
        "client_msg_id": "6622C384-CADE-4806-B21F-01A0C41E2D75",
        "type": "message",
        "text": "I’d appreciate if you’d ask, I’m looking to move to the USA but need a visa :) ",
        "user": "UA50RDC79",
        "ts": "1614394180.022200",
        "team": "T0CJ5UNHK",
        "user_team": "T0CJ5UNHK",
        "source_team": "T0CJ5UNHK",
        "user_profile": {
            "avatar_hash": "ca24e9ffb2a2",
            "image_72": "https:\/\/avatars.slack-edge.com\/2018-07-04\/392474331520_ca24e9ffb2a29e64029f_72.png",
            "first_name": "Julian",
            "real_name": "Julian Antonielli",
            "display_name": "",
            "team": "T0CJ5UNHK",
            "name": "jantonielli01",
            "is_restricted": false,
            "is_ultra_restricted": false
        },
        "blocks": [
            {
                "type": "rich_text",
                "block_id": "M744",
                "elements": [
                    {
                        "type": "rich_text_section",
                        "elements": [
                            {
                                "type": "text",
                                "text": "I’d appreciate if you’d ask, I’m looking to move to the USA but need a visa :) "
                            }
                        ]
                    }
                ]
            }
        ],
        "thread_ts": "1614328055.017100",
        "parent_user_id": "UBWGL03MF"
    },
    {
        "type": "message",
        "subtype": "thread_broadcast",
        "text": "Just because I've had several DMs asking, to clarify we really do mean remote from anywhere. Our current team is based in Melbourne (3), Canberra, Brisbane, Auckland, Toronto, Bristol, Hamburg, Berlin and Johannesburg (all 1 each).",
        "user": "UAN3VLTNH",
        "ts": "1614397565.024600",
        "thread_ts": "1613964606.004300",
        "root": {
            "client_msg_id": "0d646a05-ab62-4d69-8b12-3007e83ed766",
            "type": "message",
            "text": "| Bellroy | Victoria, Australia | Senior Front End Developer | Remote from anywhere, or on-site in Bells Beach and\/or Fitzroy\n\nJoin a growing company you can be proud to work for, doing work you can be proud of with the tech you want to work with. If you’re capable of delivering a responsive user experience and making it interactive and rock-solid using Elm, we need you!\n\nBellroy has sold carry goods direct-to-consumer in 172 countries from warehouses on 4 continents.  We’ve made localization a first-class citizen of our internal e-commerce platform; we can pivot into new markets faster than any off-the-shelf platform can currently offer. Our site is translated into 9 languages, we sell to customers in 13 local currencies, with no duplication of configuration or content. We are constantly looking for new opportunities outside of our existing markets.\n\nWe really like weekends. This is why throughout our codebases, we’re moving to static types and a functional-programming mindset. We’ve found that this has resulted in fewer bugs, less maintenance and less time spent writing tests that just check for dynamic type explosions. We’d rather have code that “just works” delivered a little later than code that “sometimes works” delivered a little sooner. We use Elm as our principal front-end framework and most of our greenfields projects are being written in Haskell.\n\nJoin us! Feel free to DM me with questions or ask in thread, or apply directly at <https:\/\/bellroy.com\/careers\/senior-front-end-developer>",
            "user": "UAN3VLTNH",
            "ts": "1613964606.004300",
            "team": "T0CJ5UNHK",
            "attachments": [
                {
                    "title": "Careers | Join the Nest | Bellroy",
                    "title_link": "https:\/\/bellroy.com\/careers\/senior-front-end-developer",
                    "text": "Bellroy is made up of a diverse crew with a common vision: inspire better ways to carry, use business as a force for good and help each other flourish. Join the nest.",
                    "fallback": "Careers | Join the Nest | Bellroy",
                    "image_url": "https:\/\/s3.amazonaws.com\/cms.images.bellroy.com\/cms_images\/1301\/bellroy.com-og-image.jpg?1525761447",
                    "from_url": "https:\/\/bellroy.com\/careers\/senior-front-end-developer",
                    "image_width": 563,
                    "image_height": 250,
                    "image_bytes": 595268,
                    "service_icon": "https:\/\/bellroy.com\/favicon.ico",
                    "service_name": "bellroy.com",
                    "id": 1,
                    "original_url": "https:\/\/bellroy.com\/careers\/senior-front-end-developer"
                }
            ],
            "blocks": [
                {
                    "type": "rich_text",
                    "block_id": "=7Wly",
                    "elements": [
                        {
                            "type": "rich_text_section",
                            "elements": [
                                {
                                    "type": "text",
                                    "text": "| Bellroy | Victoria, Australia | Senior Front End Developer | Remote from anywhere, or on-site in Bells Beach and\/or Fitzroy\n\nJoin a growing company you can be proud to work for, doing work you can be proud of with the tech you want to work with. If you’re capable of delivering a responsive user experience and making it interactive and rock-solid using Elm, we need you!\n\nBellroy has sold carry goods direct-to-consumer in 172 countries from warehouses on 4 continents.  We’ve made localization a first-class citizen of our internal e-commerce platform; we can pivot into new markets faster than any off-the-shelf platform can currently offer. Our site is translated into 9 languages, we sell to customers in 13 local currencies, with no duplication of configuration or content. We are constantly looking for new opportunities outside of our existing markets.\n\nWe really like weekends. This is why throughout our codebases, we’re moving to static types and a functional-programming mindset. We’ve found that this has resulted in fewer bugs, less maintenance and less time spent writing tests that just check for dynamic type explosions. We’d rather have code that “just works” delivered a little later than code that “sometimes works” delivered a little sooner. We use Elm as our principal front-end framework and most of our greenfields projects are being written in Haskell.\n\nJoin us! Feel free to DM me with questions or ask in thread, or apply directly at "
                                },
                                {
                                    "type": "link",
                                    "url": "https:\/\/bellroy.com\/careers\/senior-front-end-developer"
                                }
                            ]
                        }
                    ]
                }
            ],
            "thread_ts": "1613964606.004300",
            "reply_count": 10,
            "reply_users_count": 4,
            "latest_reply": "1614397565.024600",
            "reply_users": [
                "U2FMN03NZ",
                "UAN3VLTNH",
                "U1KES8JGK",
                "U5L8C4GCW"
            ],
            "replies": [
                {
                    "user": "U2FMN03NZ",
                    "ts": "1613981086.005100"
                },
                {
                    "user": "UAN3VLTNH",
                    "ts": "1613982781.005400"
                },
                {
                    "user": "U1KES8JGK",
                    "ts": "1613984698.005900"
                },
                {
                    "user": "UAN3VLTNH",
                    "ts": "1613985925.006200"
                },
                {
                    "user": "U2FMN03NZ",
                    "ts": "1613986004.006500"
                },
                {
                    "user": "UAN3VLTNH",
                    "ts": "1613986097.006800"
                },
                {
                    "user": "UAN3VLTNH",
                    "ts": "1613986121.007000"
                },
                {
                    "user": "U5L8C4GCW",
                    "ts": "1613993365.008000"
                },
                {
                    "user": "UAN3VLTNH",
                    "ts": "1613993622.008200"
                },
                {
                    "user": "UAN3VLTNH",
                    "ts": "1614397565.024600"
                }
            ],
            "is_locked": false,
            "subscribed": false
        },
        "blocks": [
            {
                "type": "rich_text",
                "block_id": "IOSDf",
                "elements": [
                    {
                        "type": "rich_text_section",
                        "elements": [
                            {
                                "type": "text",
                                "text": "Just because I've had several DMs asking, to clarify we really do mean remote from anywhere. Our current team is based in Melbourne (3), Canberra, Brisbane, Auckland, Toronto, Bristol, Hamburg, Berlin and Johannesburg (all 1 each)."
                            }
                        ]
                    }
                ]
            }
        ],
        "client_msg_id": "15275644-4680-4D0C-8DFE-CC864FEB278C",
        "reactions": [
            {
                "name": "raised_hands",
                "users": [
                    "U1KES8JGK",
                    "U3207UZA8",
                    "UP0F4DUDB",
                    "U2FMN03NZ",
                    "UULSNDT8X",
                    "U17P7CBFB"
                ],
                "count": 6
            },
            {
                "name": "earth_africa",
                "users": [
                    "U1KES8JGK",
                    "UP0F4DUDB",
                    "U0JFXEUCT",
                    "U5Z3Y472L",
                    "U2FMN03NZ",
                    "U17P7CBFB"
                ],
                "count": 6
            }
        ]
    }
]