[
    {
        "client_msg_id": "bc00f228-8ef4-4929-bd39-4150a7e97f1e",
        "type": "message",
        "text": "Amazing product. I work for a furniture manufacturer. We are looking at similar tools to sell kitchen cabinets and wardrobes. Your tool is light years a head of anything I've seen over the last 6 months of looking. Very impressive!",
        "user": "U013NBA0UJU",
        "ts": "1617866975.076000",
        "team": "T0CJ5UNHK",
        "user_team": "T0CJ5UNHK",
        "source_team": "T0CJ5UNHK",
        "user_profile": {
            "avatar_hash": "g38c467a8b11",
            "image_72": "https:\/\/secure.gravatar.com\/avatar\/38c467a8b11ef0dde2bc97919502a047.jpg?s=72&d=https%3A%2F%2Fa.slack-edge.com%2Fdf10d%2Fimg%2Favatars%2Fava_0020-72.png",
            "first_name": "",
            "real_name": "Daniel Walmsley",
            "display_name": "Daniel Walmsley",
            "team": "T0CJ5UNHK",
            "name": "daniel.walmsley",
            "is_restricted": false,
            "is_ultra_restricted": false
        },
        "blocks": [
            {
                "type": "rich_text",
                "block_id": "hXG",
                "elements": [
                    {
                        "type": "rich_text_section",
                        "elements": [
                            {
                                "type": "text",
                                "text": "Amazing product. I work for a furniture manufacturer. We are looking at similar tools to sell kitchen cabinets and wardrobes. Your tool is light years a head of anything I've seen over the last 6 months of looking. Very impressive!"
                            }
                        ]
                    }
                ]
            }
        ],
        "thread_ts": "1617385092.055700",
        "parent_user_id": "U0CL7484S",
        "reactions": [
            {
                "name": "rocket",
                "users": [
                    "U0CL7484S"
                ],
                "count": 1
            },
            {
                "name": "blush",
                "users": [
                    "U0CL7484S"
                ],
                "count": 1
            }
        ]
    },
    {
        "client_msg_id": "7875c3f2-11c5-49c5-928e-de43757a3fff",
        "type": "message",
        "text": "Hi, everyone I am MichaelI am a senior software developer  with 11 years of experience.\nI would personally find someone who can help me.\n• Developer level: Junior developer\n• Tech stack: React, Vue, Node\n• Experience: more than 2-3 years.\nIf you interest about this please send direct message to me.\nRegard.\nMichael.",
        "user": "U01TNUAMZDY",
        "ts": "1617889184.077000",
        "team": "T0CJ5UNHK",
        "user_team": "T0CJ5UNHK",
        "source_team": "T0CJ5UNHK",
        "user_profile": {
            "avatar_hash": "gbac57750653",
            "image_72": "https:\/\/secure.gravatar.com\/avatar\/bac57750653193b2aa5d5a00699b2742.jpg?s=72&d=https%3A%2F%2Fa.slack-edge.com%2Fdf10d%2Fimg%2Favatars%2Fava_0006-72.png",
            "first_name": "Michael",
            "real_name": "Michael",
            "display_name": "mike",
            "team": "T0CJ5UNHK",
            "name": "mike.dev.biz",
            "is_restricted": false,
            "is_ultra_restricted": false
        },
        "blocks": [
            {
                "type": "rich_text",
                "block_id": "IQ5Zw",
                "elements": [
                    {
                        "type": "rich_text_section",
                        "elements": [
                            {
                                "type": "text",
                                "text": "Hi, everyone I am MichaelI am a senior software developer  with 11 years of experience.\nI would personally find someone who can help me.\n"
                            }
                        ]
                    },
                    {
                        "type": "rich_text_list",
                        "elements": [
                            {
                                "type": "rich_text_section",
                                "elements": [
                                    {
                                        "type": "text",
                                        "text": "Developer level: Junior developer"
                                    }
                                ]
                            },
                            {
                                "type": "rich_text_section",
                                "elements": [
                                    {
                                        "type": "text",
                                        "text": "Tech stack: React, Vue, Node"
                                    }
                                ]
                            },
                            {
                                "type": "rich_text_section",
                                "elements": [
                                    {
                                        "type": "text",
                                        "text": "Experience: more than 2-3 years."
                                    }
                                ]
                            }
                        ],
                        "style": "bullet",
                        "indent": 0
                    },
                    {
                        "type": "rich_text_section",
                        "elements": [
                            {
                                "type": "text",
                                "text": "If you interest about this please send direct message to me.\nRegard.\nMichael."
                            }
                        ]
                    }
                ]
            }
        ],
        "thread_ts": "1617889184.077000",
        "reply_count": 2,
        "reply_users_count": 2,
        "latest_reply": "1617891159.077600",
        "reply_users": [
            "U3207UZA8",
            "U1EGKETA6"
        ],
        "replies": [
            {
                "user": "U3207UZA8",
                "ts": "1617889921.077100"
            },
            {
                "user": "U1EGKETA6",
                "ts": "1617891159.077600"
            }
        ],
        "is_locked": false,
        "subscribed": false,
        "reactions": [
            {
                "name": "-1",
                "users": [
                    "U1KES8JGK",
                    "UHYH3L2MB",
                    "UNHTP0XKM",
                    "UJVJGE9GR",
                    "U5Z3Y472L",
                    "U2ZKEFM9V",
                    "U1EJG2SGJ",
                    "U46SUQ5CL",
                    "U5T0JV5H7",
                    "U6DG2DGAK",
                    "UE6TZE8Q1",
                    "U1D7SLE4Q",
                    "U01TCRRK469",
                    "U6UMSMTEV",
                    "U2G2JTSTU",
                    "UJ302V0AU",
                    "U44R1N656",
                    "UM3F7E82W",
                    "U9XQRMHT4",
                    "U01UDBSHL1H",
                    "U22MGEL3S"
                ],
                "count": 21
            },
            {
                "name": "question",
                "users": [
                    "U1EGKETA6",
                    "U0U6ML22H",
                    "UP0F4DUDB",
                    "U46SUQ5CL",
                    "U18UD6T3J",
                    "U9XQRMHT4"
                ],
                "count": 6
            },
            {
                "name": "-1::skin-tone-5",
                "users": [
                    "U0U6ML22H",
                    "U9XQRMHT4"
                ],
                "count": 2
            },
            {
                "name": "-1::skin-tone-3",
                "users": [
                    "U2GCKJTC0",
                    "U0KEKHS3H",
                    "U9XQRMHT4"
                ],
                "count": 3
            },
            {
                "name": "-1::skin-tone-2",
                "users": [
                    "U2F0T75MX",
                    "U9XQRMHT4"
                ],
                "count": 2
            },
            {
                "name": "+1",
                "users": [
                    "UPP4S79FZ"
                ],
                "count": 1
            }
        ]
    },
    {
        "client_msg_id": "b6cfb795-d9af-4dca-96b1-e97314816814",
        "type": "message",
        "text": "Sorry, but this channel is only for Elm jobs",
        "user": "U3207UZA8",
        "ts": "1617889921.077100",
        "team": "T0CJ5UNHK",
        "user_team": "T0CJ5UNHK",
        "source_team": "T0CJ5UNHK",
        "user_profile": {
            "avatar_hash": "7aafb68ef703",
            "image_72": "https:\/\/avatars.slack-edge.com\/2018-11-26\/487972908994_7aafb68ef703f94fa249_72.jpg",
            "first_name": "Kolja",
            "real_name": "Kolja Lampe",
            "display_name": "razzeee",
            "team": "T0CJ5UNHK",
            "name": "razzeee",
            "is_restricted": false,
            "is_ultra_restricted": false
        },
        "blocks": [
            {
                "type": "rich_text",
                "block_id": "FnZ",
                "elements": [
                    {
                        "type": "rich_text_section",
                        "elements": [
                            {
                                "type": "text",
                                "text": "Sorry, but this channel is only for Elm jobs"
                            }
                        ]
                    }
                ]
            }
        ],
        "thread_ts": "1617889184.077000",
        "parent_user_id": "U01TNUAMZDY"
    },
    {
        "client_msg_id": "52d9ca26-c352-4148-85ca-5e830d913542",
        "type": "message",
        "text": "You may want to post miscellaneous stuff to <#C0CJ671HU|misc> instead",
        "user": "U1EGKETA6",
        "ts": "1617891159.077600",
        "team": "T0CJ5UNHK",
        "user_team": "T0CJ5UNHK",
        "source_team": "T0CJ5UNHK",
        "user_profile": {
            "avatar_hash": "g013943ec5f5",
            "image_72": "https:\/\/secure.gravatar.com\/avatar\/3013943ec5f5989bb736c80811f33ed5.jpg?s=72&d=https%3A%2F%2Fa.slack-edge.com%2Fdf10d%2Fimg%2Favatars%2Fava_0012-72.png",
            "first_name": "Joaquin",
            "real_name": "Joaquin",
            "display_name": "joakin",
            "team": "T0CJ5UNHK",
            "name": "joakin",
            "is_restricted": false,
            "is_ultra_restricted": false
        },
        "blocks": [
            {
                "type": "rich_text",
                "block_id": "ByhG",
                "elements": [
                    {
                        "type": "rich_text_section",
                        "elements": [
                            {
                                "type": "text",
                                "text": "You may want to post miscellaneous stuff to "
                            },
                            {
                                "type": "channel",
                                "channel_id": "C0CJ671HU"
                            },
                            {
                                "type": "text",
                                "text": " instead"
                            }
                        ]
                    }
                ]
            }
        ],
        "thread_ts": "1617889184.077000",
        "parent_user_id": "U01TNUAMZDY"
    }
]