[
    {
        "client_msg_id": "e01fcc58-1412-4f9b-8ec7-120b48c992d7",
        "type": "message",
        "text": "Today I found Elm mentioned in a Job position in Google Chicago. I know nothing about it, but if someone is interested:\n\n<https:\/\/careers.google.com\/jobs\/results\/101654652723831494-software-engineer-iii-google-search-desktop-web\/?distance=50&amp;q=elm>",
        "user": "U4R17T6F7",
        "ts": "1637398837.095600",
        "team": "T0CJ5UNHK",
        "user_team": "T0CJ5UNHK",
        "source_team": "T0CJ5UNHK",
        "user_profile": {
            "avatar_hash": "55ff7579a123",
            "image_72": "https:\/\/avatars.slack-edge.com\/2018-02-25\/321325028550_55ff7579a123a9e5f5e2_72.png",
            "first_name": "Lucamug",
            "real_name": "Lucamug",
            "display_name": "lucamug",
            "team": "T0CJ5UNHK",
            "name": "lucamug",
            "is_restricted": false,
            "is_ultra_restricted": false
        },
        "attachments": [
            {
                "from_url": "https:\/\/careers.google.com\/jobs\/results\/101654652723831494-software-engineer-iii-google-search-desktop-web\/?distance=50&q=elm",
                "title": "Software Engineer III, Google Search, Desktop Web - Google Careers",
                "title_link": "https:\/\/careers.google.com\/jobs\/results\/101654652723831494-software-engineer-iii-google-search-desktop-web\/?distance=50&q=elm",
                "text": "Apply for Software Engineer III, Google Search, Desktop Web via Google Careers. Read about the role and find out if it's right for you.",
                "image_url": "https:\/\/careers.google.com\/jobs\/dist\/img\/meta\/og-image.ad9235200b79feb205f6.jpg",
                "image_width": 375,
                "image_height": 250,
                "image_bytes": 49646,
                "fallback": "Software Engineer III, Google Search, Desktop Web - Google Careers",
                "service_icon": "https:\/\/careers.google.com\/jobs\/dist\/img\/meta\/careers_apple-touch-icon-57x57.c53ec8c3e9407eb59567.png",
                "service_name": "careers.google.com",
                "id": 1,
                "original_url": "https:\/\/careers.google.com\/jobs\/results\/101654652723831494-software-engineer-iii-google-search-desktop-web\/?distance=50&amp;q=elm"
            }
        ],
        "blocks": [
            {
                "type": "rich_text",
                "block_id": "ME5",
                "elements": [
                    {
                        "type": "rich_text_section",
                        "elements": [
                            {
                                "type": "text",
                                "text": "Today I found Elm mentioned in a Job position in Google Chicago. I know nothing about it, but if someone is interested:\n\n"
                            },
                            {
                                "type": "link",
                                "url": "https:\/\/careers.google.com\/jobs\/results\/101654652723831494-software-engineer-iii-google-search-desktop-web\/?distance=50&q=elm"
                            }
                        ]
                    }
                ]
            }
        ],
        "thread_ts": "1637398837.095600",
        "reply_count": 1,
        "reply_users_count": 1,
        "latest_reply": "1637422300.096600",
        "reply_users": [
            "U1N4KAHT6"
        ],
        "replies": [
            {
                "user": "U1N4KAHT6",
                "ts": "1637422300.096600"
            }
        ],
        "is_locked": false,
        "subscribed": false,
        "reactions": [
            {
                "name": "tada",
                "users": [
                    "U0V98FF54",
                    "U46SUQ5CL",
                    "U1L85D83D",
                    "U5Z3Y472L",
                    "U2GCKJTC0",
                    "UHYH3L2MB",
                    "U44R1N656"
                ],
                "count": 7
            },
            {
                "name": "open_mouth",
                "users": [
                    "U46SUQ5CL",
                    "U1D7SLE4Q",
                    "U1PQJ4V32",
                    "UHYH3L2MB",
                    "U9LAE55JL"
                ],
                "count": 5
            },
            {
                "name": "100",
                "users": [
                    "UHYH3L2MB"
                ],
                "count": 1
            }
        ]
    },
    {
        "client_msg_id": "5ad343d1-4156-4f2b-b8be-7ea2c7e3b459",
        "type": "message",
        "text": "That doesn’t read to me like the job has anything to do with Elm, just that Elm experience counts as having proficiency with a “framework”",
        "user": "U1N4KAHT6",
        "ts": "1637422300.096600",
        "team": "T0CJ5UNHK",
        "user_team": "T0CJ5UNHK",
        "source_team": "T0CJ5UNHK",
        "user_profile": {
            "avatar_hash": "2eef4ee5f871",
            "image_72": "https:\/\/avatars.slack-edge.com\/2020-07-21\/1260027435604_2eef4ee5f87154c3f180_72.jpg",
            "first_name": "Jakub",
            "real_name": "Jakub Hampl",
            "display_name": "gampleman",
            "team": "T0CJ5UNHK",
            "name": "gampleman",
            "is_restricted": false,
            "is_ultra_restricted": false
        },
        "blocks": [
            {
                "type": "rich_text",
                "block_id": "8Ic",
                "elements": [
                    {
                        "type": "rich_text_section",
                        "elements": [
                            {
                                "type": "text",
                                "text": "That doesn’t read to me like the job has anything to do with Elm, just that Elm experience counts as having proficiency with a “framework”"
                            }
                        ]
                    }
                ]
            }
        ],
        "thread_ts": "1637398837.095600",
        "parent_user_id": "U4R17T6F7",
        "reactions": [
            {
                "name": "+1",
                "users": [
                    "U1EJG2SGJ",
                    "U740QTY7J",
                    "UHYH3L2MB"
                ],
                "count": 3
            },
            {
                "name": "+1::skin-tone-3",
                "users": [
                    "U2GCKJTC0"
                ],
                "count": 1
            }
        ]
    }
]