[
    {
        "client_msg_id": "b04cefb6-7753-4d92-903f-1f153da7e089",
        "type": "message",
        "text": "99% scam, yes",
        "user": "UHVAS62M6",
        "ts": "1619675144.147800",
        "team": "T0CJ5UNHK",
        "user_team": "T0CJ5UNHK",
        "source_team": "T0CJ5UNHK",
        "user_profile": {
            "avatar_hash": "g86228e3f779",
            "image_72": "https:\/\/secure.gravatar.com\/avatar\/086228e3f7797c0c38445029248c12e7.jpg?s=72&d=https%3A%2F%2Fa.slack-edge.com%2Fdf10d%2Fimg%2Favatars%2Fava_0008-72.png",
            "first_name": "",
            "real_name": "maxfarseer",
            "display_name": "maxfarseer",
            "team": "T0CJ5UNHK",
            "name": "maxfarseer",
            "is_restricted": false,
            "is_ultra_restricted": false
        },
        "blocks": [
            {
                "type": "rich_text",
                "block_id": "VZg",
                "elements": [
                    {
                        "type": "rich_text_section",
                        "elements": [
                            {
                                "type": "text",
                                "text": "99% scam, yes"
                            }
                        ]
                    }
                ]
            }
        ],
        "thread_ts": "1619554327.145100",
        "parent_user_id": "U01PY2L46KU"
    }
]