[
    {
        "client_msg_id": "5ccaeff1-5ab6-462b-8279-d4649cb68f9e",
        "type": "message",
        "text": "Not looking for work, but would love to hear about Novel Architecture!",
        "user": "U1EJ0LR47",
        "ts": "1622726022.020100",
        "team": "T0CJ5UNHK",
        "user_team": "T0CJ5UNHK",
        "source_team": "T0CJ5UNHK",
        "user_profile": {
            "avatar_hash": "g3739a0c73f2",
            "image_72": "https:\/\/secure.gravatar.com\/avatar\/a3739a0c73f29e189d798c2a96ba4d7c.jpg?s=72&d=https%3A%2F%2Fa.slack-edge.com%2Fdf10d%2Fimg%2Favatars%2Fava_0011-72.png",
            "first_name": "Felix",
            "real_name": "Felix Holmgren",
            "display_name": "felixyz",
            "team": "T0CJ5UNHK",
            "name": "felixyz",
            "is_restricted": false,
            "is_ultra_restricted": false
        },
        "blocks": [
            {
                "type": "rich_text",
                "block_id": "CXaKC",
                "elements": [
                    {
                        "type": "rich_text_section",
                        "elements": [
                            {
                                "type": "text",
                                "text": "Not looking for work, but would love to hear about Novel Architecture!"
                            }
                        ]
                    }
                ]
            }
        ],
        "thread_ts": "1621530563.006800",
        "parent_user_id": "U0F7JPK36"
    },
    {
        "client_msg_id": "bbbde082-0801-4767-931e-5fdd80644eb7",
        "type": "message",
        "text": "i'm currently holding out for a conference talk opportunity before talking more about that, but if one doesn't materialize i will write something down and share it around the community :slightly_smiling_face:",
        "user": "U0F7JPK36",
        "ts": "1622735903.020400",
        "team": "T0CJ5UNHK",
        "user_team": "T0CJ5UNHK",
        "source_team": "T0CJ5UNHK",
        "user_profile": {
            "avatar_hash": "121b8c7d3e32",
            "image_72": "https:\/\/avatars.slack-edge.com\/2019-01-13\/522062586784_121b8c7d3e321146d229_72.png",
            "first_name": "Luke",
            "real_name": "Luke Westby",
            "display_name": "luke",
            "team": "T0CJ5UNHK",
            "name": "luke",
            "is_restricted": false,
            "is_ultra_restricted": false
        },
        "blocks": [
            {
                "type": "rich_text",
                "block_id": "CBuC",
                "elements": [
                    {
                        "type": "rich_text_section",
                        "elements": [
                            {
                                "type": "text",
                                "text": "i'm currently holding out for a conference talk opportunity before talking more about that, but if one doesn't materialize i will write something down and share it around the community "
                            },
                            {
                                "type": "emoji",
                                "name": "slightly_smiling_face",
                                "unicode": "1f642"
                            }
                        ]
                    }
                ]
            }
        ],
        "thread_ts": "1621530563.006800",
        "parent_user_id": "U0F7JPK36"
    }
]