[
    {
        "client_msg_id": "B056B9C4-6C83-4EC5-B980-C571617F4A76",
        "type": "message",
        "text": "Are you building PWA?",
        "user": "U0J8D9M2P",
        "ts": "1613961088.001000",
        "team": "T0CJ5UNHK",
        "user_team": "T0CJ5UNHK",
        "source_team": "T0CJ5UNHK",
        "user_profile": {
            "avatar_hash": "g15c251f9eb0",
            "image_72": "https:\/\/secure.gravatar.com\/avatar\/115c251f9eb08a27b771219db85de4c0.jpg?s=72&d=https%3A%2F%2Fa.slack-edge.com%2Fdf10d%2Fimg%2Favatars%2Fava_0013-72.png",
            "first_name": "",
            "real_name": "akoppela",
            "display_name": "",
            "team": "T0CJ5UNHK",
            "name": "akoppela",
            "is_restricted": false,
            "is_ultra_restricted": false
        },
        "blocks": [
            {
                "type": "rich_text",
                "block_id": "=uPv",
                "elements": [
                    {
                        "type": "rich_text_section",
                        "elements": [
                            {
                                "type": "text",
                                "text": "Are you building PWA?"
                            }
                        ]
                    }
                ]
            }
        ],
        "thread_ts": "1613132151.040000",
        "parent_user_id": "U0KNG2NHH"
    },
    {
        "client_msg_id": "0d646a05-ab62-4d69-8b12-3007e83ed766",
        "type": "message",
        "text": "| Bellroy | Victoria, Australia | Senior Front End Developer | Remote from anywhere, or on-site in Bells Beach and\/or Fitzroy\n\nJoin a growing company you can be proud to work for, doing work you can be proud of with the tech you want to work with. If you’re capable of delivering a responsive user experience and making it interactive and rock-solid using Elm, we need you!\n\nBellroy has sold carry goods direct-to-consumer in 172 countries from warehouses on 4 continents.  We’ve made localization a first-class citizen of our internal e-commerce platform; we can pivot into new markets faster than any off-the-shelf platform can currently offer. Our site is translated into 9 languages, we sell to customers in 13 local currencies, with no duplication of configuration or content. We are constantly looking for new opportunities outside of our existing markets.\n\nWe really like weekends. This is why throughout our codebases, we’re moving to static types and a functional-programming mindset. We’ve found that this has resulted in fewer bugs, less maintenance and less time spent writing tests that just check for dynamic type explosions. We’d rather have code that “just works” delivered a little later than code that “sometimes works” delivered a little sooner. We use Elm as our principal front-end framework and most of our greenfields projects are being written in Haskell.\n\nJoin us! Feel free to DM me with questions or ask in thread, or apply directly at <https:\/\/bellroy.com\/careers\/senior-front-end-developer>",
        "user": "UAN3VLTNH",
        "ts": "1613964606.004300",
        "team": "T0CJ5UNHK",
        "user_team": "T0CJ5UNHK",
        "source_team": "T0CJ5UNHK",
        "user_profile": {
            "avatar_hash": "8d156572831a",
            "image_72": "https:\/\/avatars.slack-edge.com\/2022-08-17\/3946781528405_8d156572831a2afba427_72.png",
            "first_name": "Michael",
            "real_name": "Michael Webb",
            "display_name": "bellroy.tech.mike",
            "team": "T0CJ5UNHK",
            "name": "michael.webb",
            "is_restricted": false,
            "is_ultra_restricted": false
        },
        "attachments": [
            {
                "title": "Careers | Join the Nest | Bellroy",
                "title_link": "https:\/\/bellroy.com\/careers\/senior-front-end-developer",
                "text": "Bellroy is made up of a diverse crew with a common vision: inspire better ways to carry, use business as a force for good and help each other flourish. Join the nest.",
                "fallback": "Careers | Join the Nest | Bellroy",
                "image_url": "https:\/\/s3.amazonaws.com\/cms.images.bellroy.com\/cms_images\/1301\/bellroy.com-og-image.jpg?1525761447",
                "from_url": "https:\/\/bellroy.com\/careers\/senior-front-end-developer",
                "image_width": 563,
                "image_height": 250,
                "image_bytes": 595268,
                "service_icon": "https:\/\/bellroy.com\/favicon.ico",
                "service_name": "bellroy.com",
                "id": 1,
                "original_url": "https:\/\/bellroy.com\/careers\/senior-front-end-developer"
            }
        ],
        "blocks": [
            {
                "type": "rich_text",
                "block_id": "=7Wly",
                "elements": [
                    {
                        "type": "rich_text_section",
                        "elements": [
                            {
                                "type": "text",
                                "text": "| Bellroy | Victoria, Australia | Senior Front End Developer | Remote from anywhere, or on-site in Bells Beach and\/or Fitzroy\n\nJoin a growing company you can be proud to work for, doing work you can be proud of with the tech you want to work with. If you’re capable of delivering a responsive user experience and making it interactive and rock-solid using Elm, we need you!\n\nBellroy has sold carry goods direct-to-consumer in 172 countries from warehouses on 4 continents.  We’ve made localization a first-class citizen of our internal e-commerce platform; we can pivot into new markets faster than any off-the-shelf platform can currently offer. Our site is translated into 9 languages, we sell to customers in 13 local currencies, with no duplication of configuration or content. We are constantly looking for new opportunities outside of our existing markets.\n\nWe really like weekends. This is why throughout our codebases, we’re moving to static types and a functional-programming mindset. We’ve found that this has resulted in fewer bugs, less maintenance and less time spent writing tests that just check for dynamic type explosions. We’d rather have code that “just works” delivered a little later than code that “sometimes works” delivered a little sooner. We use Elm as our principal front-end framework and most of our greenfields projects are being written in Haskell.\n\nJoin us! Feel free to DM me with questions or ask in thread, or apply directly at "
                            },
                            {
                                "type": "link",
                                "url": "https:\/\/bellroy.com\/careers\/senior-front-end-developer"
                            }
                        ]
                    }
                ]
            }
        ],
        "thread_ts": "1613964606.004300",
        "reply_count": 10,
        "reply_users_count": 4,
        "latest_reply": "1614397565.024600",
        "reply_users": [
            "U2FMN03NZ",
            "UAN3VLTNH",
            "U1KES8JGK",
            "U5L8C4GCW"
        ],
        "replies": [
            {
                "user": "U2FMN03NZ",
                "ts": "1613981086.005100"
            },
            {
                "user": "UAN3VLTNH",
                "ts": "1613982781.005400"
            },
            {
                "user": "U1KES8JGK",
                "ts": "1613984698.005900"
            },
            {
                "user": "UAN3VLTNH",
                "ts": "1613985925.006200"
            },
            {
                "user": "U2FMN03NZ",
                "ts": "1613986004.006500"
            },
            {
                "user": "UAN3VLTNH",
                "ts": "1613986097.006800"
            },
            {
                "user": "UAN3VLTNH",
                "ts": "1613986121.007000"
            },
            {
                "user": "U5L8C4GCW",
                "ts": "1613993365.008000"
            },
            {
                "user": "UAN3VLTNH",
                "ts": "1613993622.008200"
            },
            {
                "user": "UAN3VLTNH",
                "ts": "1614397565.024600"
            }
        ],
        "is_locked": false,
        "subscribed": false,
        "reactions": [
            {
                "name": "+1",
                "users": [
                    "U44R1N656",
                    "UAEA6945U",
                    "U2GCKJTC0",
                    "U0J8D9M2P",
                    "U2FMN03NZ",
                    "U5Z3Y472L",
                    "UKLLT8TQ8",
                    "U2FN13XD4",
                    "U9XQRMHT4",
                    "UHVAS62M6",
                    "UCWB1N6JX"
                ],
                "count": 11
            },
            {
                "name": "star-struck",
                "users": [
                    "U1KES8JGK",
                    "U2FMN03NZ",
                    "U0KEKHS3H",
                    "U9XQRMHT4"
                ],
                "count": 4
            }
        ]
    }
]