[
    {
        "client_msg_id": "23cb791d-3060-4cb4-a3b8-ea5c79322403",
        "type": "message",
        "text": "For anybody who reads this thread in the future, I didn't find anything within geospatial. I am seeing some property tech and other companies using hd mapping techniques. I didn't find anyone applying optimization.",
        "user": "U01PJM95WAW",
        "ts": "1637165564.092700",
        "team": "T0CJ5UNHK",
        "user_team": "T0CJ5UNHK",
        "source_team": "T0CJ5UNHK",
        "user_profile": {
            "avatar_hash": "ge7cb8d26a21",
            "image_72": "https:\/\/secure.gravatar.com\/avatar\/e7cb8d26a21caee5b174bc109b3807a2.jpg?s=72&d=https%3A%2F%2Fa.slack-edge.com%2Fdf10d%2Fimg%2Favatars%2Fava_0003-72.png",
            "first_name": "",
            "real_name": "kanishka",
            "display_name": "kanishka",
            "team": "T0CJ5UNHK",
            "name": "kazimi",
            "is_restricted": false,
            "is_ultra_restricted": false
        },
        "edited": {
            "user": "U01PJM95WAW",
            "ts": "1637165577.000000"
        },
        "blocks": [
            {
                "type": "rich_text",
                "block_id": "k9C44",
                "elements": [
                    {
                        "type": "rich_text_section",
                        "elements": [
                            {
                                "type": "text",
                                "text": "For anybody who reads this thread in the future, I didn't find anything within geospatial. I am seeing some property tech and other companies using hd mapping techniques. I didn't find anyone applying optimization."
                            }
                        ]
                    }
                ]
            }
        ],
        "thread_ts": "1633210550.134400",
        "parent_user_id": "U01PJM95WAW"
    },
    {
        "client_msg_id": "6a612db7-f6f1-46fe-bc21-99a8b89f38eb",
        "type": "message",
        "text": "Hello everyone, After graduating with my Bachelor’s degree in Computer Science, I’ve spent the last 6+ years building professional experience as a Software Development.\nPassionate, Responsible developer about creating beautiful, intuitive designs, coding, app, game, site for a variety of types for our top-tier clients.\nI hope to change my developing career for a great next step. If anyone is interested in this. then ping me anytime.\nI can be reached anytime by skype(live:.cid.b1a38583392e35b0 ), email ( <mailto:futuresea.dev@gmail.com|futuresea.dev@gmail.com> ).\nI look forward to speaking with you soon.\nSincerely,",
        "user": "U02NFM3BZL0",
        "ts": "1637195384.093100",
        "team": "T0CJ5UNHK",
        "user_team": "T0CJ5UNHK",
        "source_team": "T0CJ5UNHK",
        "user_profile": {
            "avatar_hash": "50fd9fb42531",
            "image_72": "https:\/\/avatars.slack-edge.com\/2021-11-17\/2763720197520_50fd9fb4253162f693d6_72.png",
            "first_name": "Raphael",
            "real_name": "Raphael",
            "display_name": "Raphael",
            "team": "T0CJ5UNHK",
            "name": "futuresea.dev",
            "is_restricted": false,
            "is_ultra_restricted": false
        },
        "blocks": [
            {
                "type": "rich_text",
                "block_id": "PkBP",
                "elements": [
                    {
                        "type": "rich_text_section",
                        "elements": [
                            {
                                "type": "text",
                                "text": "Hello everyone, After graduating with my Bachelor’s degree in Computer Science, I’ve spent the last 6+ years building professional experience as a Software Development.\nPassionate, Responsible developer about creating beautiful, intuitive designs, coding, app, game, site for a variety of types for our top-tier clients.\nI hope to change my developing career for a great next step. If anyone is interested in this. then ping me anytime.\nI can be reached anytime by skype(live:.cid.b1a38583392e35b0 ), email ( "
                            },
                            {
                                "type": "link",
                                "url": "mailto:futuresea.dev@gmail.com",
                                "text": "futuresea.dev@gmail.com"
                            },
                            {
                                "type": "text",
                                "text": " ).\nI look forward to speaking with you soon.\nSincerely,"
                            }
                        ]
                    }
                ]
            }
        ],
        "thread_ts": "1637195384.093100",
        "reply_count": 1,
        "reply_users_count": 1,
        "latest_reply": "1637195668.093200",
        "reply_users": [
            "U0D4VR7BP"
        ],
        "replies": [
            {
                "user": "U0D4VR7BP",
                "ts": "1637195668.093200"
            }
        ],
        "is_locked": false,
        "subscribed": false
    },
    {
        "client_msg_id": "903bb6e2-084e-43c5-8727-376482429591",
        "type": "message",
        "text": "Hey there, could you please format your post according to the \"Seeking work\" section at the bottom of this README? <https:\/\/github.com\/elm-community\/slack\/blob\/master\/README.md#seeking-work>\n\nAlso, since this channel is strictly about Elm jobs, are you fine with that?",
        "user": "U0D4VR7BP",
        "ts": "1637195668.093200",
        "team": "T0CJ5UNHK",
        "user_team": "T0CJ5UNHK",
        "source_team": "T0CJ5UNHK",
        "user_profile": {
            "avatar_hash": "e3bc6c9a3eae",
            "image_72": "https:\/\/avatars.slack-edge.com\/2022-03-14\/3235069386658_e3bc6c9a3eae57c36495_72.jpg",
            "first_name": "Martin",
            "real_name": "Martin Janiczek",
            "display_name": "janiczek",
            "team": "T0CJ5UNHK",
            "name": "janiczek",
            "is_restricted": false,
            "is_ultra_restricted": false
        },
        "blocks": [
            {
                "type": "rich_text",
                "block_id": "Z7DC",
                "elements": [
                    {
                        "type": "rich_text_section",
                        "elements": [
                            {
                                "type": "text",
                                "text": "Hey there, could you please format your post according to the \"Seeking work\" section at the bottom of this README? "
                            },
                            {
                                "type": "link",
                                "url": "https:\/\/github.com\/elm-community\/slack\/blob\/master\/README.md#seeking-work"
                            },
                            {
                                "type": "text",
                                "text": "\n\nAlso, since this channel is strictly about Elm jobs, are you fine with that?"
                            }
                        ]
                    }
                ]
            }
        ],
        "thread_ts": "1637195384.093100",
        "parent_user_id": "U02NFM3BZL0",
        "reactions": [
            {
                "name": "pray::skin-tone-5",
                "users": [
                    "U0U6ML22H"
                ],
                "count": 1
            },
            {
                "name": "pray",
                "users": [
                    "UHYH3L2MB"
                ],
                "count": 1
            }
        ]
    }
]