[
    {
        "client_msg_id": "d920279e-d415-4661-8304-a2dac719de77",
        "type": "message",
        "text": "| <https:\/\/careers.veeva.com\/|Veeva> | Remote, US | Senior* Software Engineer (Elm and VueJS) |\nVeeva is building the Industry Cloud for Life Sciences, and is a <https:\/\/www.veeva.com\/resources\/fortune-ranks-veeva-1-on-future-50-list-and-among-the-top-fastest-growing-companies\/#:~:text=Veeva%20was%20%2318%20on%20the,%2C%20profits%2C%20and%20stock%20returns.|fast growing> and <https:\/\/www.bizjournals.com\/columbus\/subscriber-only\/2021\/11\/05\/2021-best-places-to-work--large.html|nice> place to work. I am the Technical Product Manager and sole experienced Elm developer for a product that is written in VueJS and Elm. We are hiring front-end developers and are particularly interested in Elm developers (so that I am not the only one on the team).\n\n<https:\/\/jobs.lever.co\/veeva\/8fd39e3e-f10b-418e-8491-76adf01d06da|Veeva Systems - Senior Software Engineer - Front End>\n(Note 1: Location says Pleasanton because our HQ is there)\n(Note 2: This posting is not specific to the team that uses Elm, so the listed requirements are JS-heavy)\n(Note 3: We are open to hiring people with almost any experience level)\n\nFeel free to DM or email (<mailto:ben.thomas@veeva.com|ben.thomas@veeva.com>) me if interested! If you apply, please mention you are interested in the “MyInsights Studio” team so that HR knows what to do with you :slightly_smiling_face: .",
        "user": "U2K9K8CUS",
        "ts": "1644873557.833939",
        "team": "T0CJ5UNHK",
        "user_team": "T0CJ5UNHK",
        "source_team": "T0CJ5UNHK",
        "user_profile": {
            "avatar_hash": "692e6d7b0742",
            "image_72": "https:\/\/avatars.slack-edge.com\/2018-08-02\/410125763429_692e6d7b074268942fa4_72.jpg",
            "first_name": "Ben",
            "real_name": "Ben Thomas",
            "display_name": "enkidatron",
            "team": "T0CJ5UNHK",
            "name": "enkidatron",
            "is_restricted": false,
            "is_ultra_restricted": false
        },
        "attachments": [
            {
                "from_url": "https:\/\/jobs.lever.co\/veeva\/8fd39e3e-f10b-418e-8491-76adf01d06da",
                "thumb_url": "https:\/\/lever-client-logos.s3.amazonaws.com\/634b7fb0-897b-454a-9846-6dcdc4b0c3dd-1556749070528.png",
                "thumb_width": 401,
                "thumb_height": 401,
                "service_icon": "https:\/\/jobs.lever.co\/favicon.ico",
                "id": 1,
                "original_url": "https:\/\/jobs.lever.co\/veeva\/8fd39e3e-f10b-418e-8491-76adf01d06da",
                "fallback": "Veeva Systems - Senior Software Engineer - Front End",
                "text": "We are looking for Front-end Software Engineers who are eager to build in a fast-paced, startup environment inside a stable, profitable company. Our teams are solving complex problems that impact the speed and effectiveness of the life sciences industry. In this role, you’ll jump right in, develop in rapid sprints, and find quickly that we don’t believe in throwaway technology. You build it -- we ship it. Front-end Engineers will be directly collaborating with the back-end and design teams to develop and maintain the UI of Veeva's cloud-based applications with modern JavaScript frameworks. You should be a team player, a fast learner, and have a drive for excellence.",
                "title": "Veeva Systems - Senior Software Engineer - Front End",
                "title_link": "https:\/\/jobs.lever.co\/veeva\/8fd39e3e-f10b-418e-8491-76adf01d06da",
                "service_name": "jobs.lever.co",
                "fields": [
                    {
                        "value": "California - Pleasanton",
                        "title": "Location",
                        "short": true
                    },
                    {
                        "value": "Engineering",
                        "title": "Team",
                        "short": true
                    }
                ]
            }
        ],
        "blocks": [
            {
                "type": "rich_text",
                "block_id": "4Np",
                "elements": [
                    {
                        "type": "rich_text_section",
                        "elements": [
                            {
                                "type": "text",
                                "text": "| "
                            },
                            {
                                "type": "link",
                                "url": "https:\/\/careers.veeva.com\/",
                                "text": "Veeva"
                            },
                            {
                                "type": "text",
                                "text": " | Remote, US | Senior* Software Engineer (Elm and VueJS) |\nVeeva is building the Industry Cloud for Life Sciences, and is a "
                            },
                            {
                                "type": "link",
                                "url": "https:\/\/www.veeva.com\/resources\/fortune-ranks-veeva-1-on-future-50-list-and-among-the-top-fastest-growing-companies\/#:~:text=Veeva%20was%20%2318%20on%20the,%2C%20profits%2C%20and%20stock%20returns.",
                                "text": "fast growing"
                            },
                            {
                                "type": "text",
                                "text": " and "
                            },
                            {
                                "type": "link",
                                "url": "https:\/\/www.bizjournals.com\/columbus\/subscriber-only\/2021\/11\/05\/2021-best-places-to-work--large.html",
                                "text": "nice"
                            },
                            {
                                "type": "text",
                                "text": " place to work. I am the Technical Product Manager and sole experienced Elm developer for a product that is written in VueJS and Elm. We are hiring front-end developers and are particularly interested in Elm developers (so that I am not the only one on the team).\n\n"
                            },
                            {
                                "type": "link",
                                "url": "https:\/\/jobs.lever.co\/veeva\/8fd39e3e-f10b-418e-8491-76adf01d06da",
                                "text": "Veeva Systems - Senior Software Engineer - Front End"
                            },
                            {
                                "type": "text",
                                "text": "\n(Note 1: Location says Pleasanton because our HQ is there)\n(Note 2: This posting is not specific to the team that uses Elm, so the listed requirements are JS-heavy)\n(Note 3: We are open to hiring people with almost any experience level)\n\nFeel free to DM or email ("
                            },
                            {
                                "type": "link",
                                "url": "mailto:ben.thomas@veeva.com",
                                "text": "ben.thomas@veeva.com"
                            },
                            {
                                "type": "text",
                                "text": ") me if interested! If you apply, please mention you are interested in the “MyInsights Studio” team so that HR knows what to do with you "
                            },
                            {
                                "type": "emoji",
                                "name": "slightly_smiling_face",
                                "unicode": "1f642"
                            },
                            {
                                "type": "text",
                                "text": " ."
                            }
                        ]
                    }
                ]
            }
        ],
        "reactions": [
            {
                "name": "+1::skin-tone-4",
                "users": [
                    "UP0F4DUDB"
                ],
                "count": 1
            },
            {
                "name": "heart",
                "users": [
                    "U0D4VR7BP",
                    "U3LUC6SNS",
                    "U44R1N656"
                ],
                "count": 3
            }
        ]
    }
]