[
    {
        "client_msg_id": "2160cd13-71a4-4e03-bdfe-8d155ef5e29b",
        "type": "message",
        "text": "<@UHVAS62M6> if you have any referrals or colleagues looking for work, please send them my way. I'd love to speak with them.",
        "user": "U02VDHEEN0K",
        "ts": "1643385486.985749",
        "team": "T0CJ5UNHK",
        "user_team": "T0CJ5UNHK",
        "source_team": "T0CJ5UNHK",
        "user_profile": {
            "avatar_hash": "1d102500bdf2",
            "image_72": "https:\/\/avatars.slack-edge.com\/2022-01-24\/2999769560659_1d102500bdf25fa46b8d_72.jpg",
            "first_name": "Lauren",
            "real_name": "Lauren Katsel",
            "display_name": "Lauren Katsel",
            "team": "T0CJ5UNHK",
            "name": "lauren.katsel",
            "is_restricted": false,
            "is_ultra_restricted": false
        },
        "blocks": [
            {
                "type": "rich_text",
                "block_id": "5ir",
                "elements": [
                    {
                        "type": "rich_text_section",
                        "elements": [
                            {
                                "type": "user",
                                "user_id": "UHVAS62M6"
                            },
                            {
                                "type": "text",
                                "text": " if you have any referrals or colleagues looking for work, please send them my way. I'd love to speak with them."
                            }
                        ]
                    }
                ]
            }
        ],
        "thread_ts": "1643138973.067100",
        "parent_user_id": "U02VDHEEN0K"
    }
]