[
    {
        "client_msg_id": "5a9d9306-1cce-4730-af1a-e652881ee0ed",
        "type": "message",
        "text": "Do you consider contractors\/freelancers? And is 100% remote from outside Germany an option? :slightly_smiling_face:",
        "user": "U9J63D0FP",
        "ts": "1646897259.082489",
        "team": "T0CJ5UNHK",
        "user_team": "T0CJ5UNHK",
        "source_team": "T0CJ5UNHK",
        "user_profile": {
            "avatar_hash": "g1eafa8cc354",
            "image_72": "https:\/\/secure.gravatar.com\/avatar\/31eafa8cc35494755fd06aa4837af7b4.jpg?s=72&d=https%3A%2F%2Fa.slack-edge.com%2Fdf10d%2Fimg%2Favatars%2Fava_0003-72.png",
            "first_name": "Ville",
            "real_name": "Ville",
            "display_name": "",
            "team": "T0CJ5UNHK",
            "name": "vpjapp",
            "is_restricted": false,
            "is_ultra_restricted": false
        },
        "blocks": [
            {
                "type": "rich_text",
                "block_id": "\/Z9",
                "elements": [
                    {
                        "type": "rich_text_section",
                        "elements": [
                            {
                                "type": "text",
                                "text": "Do you consider contractors\/freelancers? And is 100% remote from outside Germany an option? "
                            },
                            {
                                "type": "emoji",
                                "name": "slightly_smiling_face",
                                "unicode": "1f642"
                            }
                        ]
                    }
                ]
            }
        ],
        "thread_ts": "1646651147.199019",
        "parent_user_id": "U9J662F45"
    }
]