[
    {
        "client_msg_id": "b5748a48-6d3d-4622-9011-a2a1d42fb899",
        "type": "message",
        "text": "AVETTA is hiring Senior ELM Engineers to work remotely in U.S. or Canada (must be Citizen or Permanent Resident of U.S. or Canada). Will also consider Senior Front-End Developers (those who don't have strong ELM but do have strong experience in AngularJS, React, Vue AND would like to learn\/work with ELM) <https:\/\/www.avetta.com\/company\/careers\/careers-list\/?gh_jid=4997519003>",
        "user": "U0378HH63CG",
        "ts": "1647983203.403249",
        "team": "T0CJ5UNHK",
        "user_team": "T0CJ5UNHK",
        "source_team": "T0CJ5UNHK",
        "user_profile": {
            "avatar_hash": "092a391ccd08",
            "image_72": "https:\/\/avatars.slack-edge.com\/2022-03-16\/3236176033943_092a391ccd081650e71b_72.jpg",
            "first_name": "Eva",
            "real_name": "Eva Murphy",
            "display_name": "Eva Murphy",
            "team": "T0CJ5UNHK",
            "name": "eva.murphy",
            "is_restricted": false,
            "is_ultra_restricted": false
        },
        "edited": {
            "user": "U0378HH63CG",
            "ts": "1647983651.000000"
        },
        "attachments": [
            {
                "from_url": "https:\/\/www.avetta.com\/company\/careers\/careers-list\/?gh_jid=4997519003",
                "service_icon": "https:\/\/www.avetta.com\/themes\/custom\/avetta\/favicon.ico",
                "id": 1,
                "original_url": "https:\/\/www.avetta.com\/company\/careers\/careers-list\/?gh_jid=4997519003",
                "fallback": "Careers Listing | Avetta",
                "text": "We are building the connections that build the world! Our global supply chain solution combines adaptive technology with leading professional services.",
                "title": "Careers Listing | Avetta",
                "title_link": "https:\/\/www.avetta.com\/company\/careers\/careers-list\/?gh_jid=4997519003",
                "service_name": "avetta.com"
            }
        ],
        "blocks": [
            {
                "type": "rich_text",
                "block_id": "mccUb",
                "elements": [
                    {
                        "type": "rich_text_section",
                        "elements": [
                            {
                                "type": "text",
                                "text": "AVETTA is hiring Senior ELM Engineers to work remotely in U.S. or Canada (must be Citizen or Permanent Resident of U.S. or Canada). Will also consider Senior Front-End Developers (those who don't have strong ELM but do have strong experience in AngularJS, React, Vue AND would like to learn\/work with ELM) "
                            },
                            {
                                "type": "link",
                                "url": "https:\/\/www.avetta.com\/company\/careers\/careers-list\/?gh_jid=4997519003"
                            }
                        ]
                    }
                ]
            }
        ],
        "thread_ts": "1647983203.403249",
        "reply_count": 3,
        "reply_users_count": 3,
        "latest_reply": "1648003512.567059",
        "reply_users": [
            "UB0UX3FJ9",
            "U0378HH63CG",
            "U2FMN03NZ"
        ],
        "replies": [
            {
                "user": "UB0UX3FJ9",
                "ts": "1647983322.557739"
            },
            {
                "user": "U0378HH63CG",
                "ts": "1647983662.099919"
            },
            {
                "user": "U2FMN03NZ",
                "ts": "1648003512.567059"
            }
        ],
        "is_locked": false,
        "subscribed": false,
        "reactions": [
            {
                "name": "heart_eyes",
                "users": [
                    "U016HBQ0HFZ",
                    "UJ302V0AU"
                ],
                "count": 2
            }
        ]
    },
    {
        "client_msg_id": "70b81d58-76e1-4bf6-81aa-67fc9aa60d49",
        "type": "message",
        "text": "It looks like you’re trying to use hashtags like they’re used on Twitter. On Slack `#word` is used to mean a channel.",
        "user": "UB0UX3FJ9",
        "ts": "1647983322.557739",
        "team": "T0CJ5UNHK",
        "user_team": "T0CJ5UNHK",
        "source_team": "T0CJ5UNHK",
        "user_profile": {
            "avatar_hash": "bf577b3bddb3",
            "image_72": "https:\/\/avatars.slack-edge.com\/2019-07-01\/675335104417_bf577b3bddb371d18951_72.jpg",
            "first_name": "Wolfgang",
            "real_name": "Wolfgang Schuster (wolfadex)",
            "display_name": "",
            "team": "T0CJ5UNHK",
            "name": "wolfadex",
            "is_restricted": false,
            "is_ultra_restricted": false
        },
        "blocks": [
            {
                "type": "rich_text",
                "block_id": "ikn4Y",
                "elements": [
                    {
                        "type": "rich_text_section",
                        "elements": [
                            {
                                "type": "text",
                                "text": "It looks like you’re trying to use hashtags like they’re used on Twitter. On Slack "
                            },
                            {
                                "type": "text",
                                "text": "#word",
                                "style": {
                                    "code": true
                                }
                            },
                            {
                                "type": "text",
                                "text": " is used to mean a channel."
                            }
                        ]
                    }
                ]
            }
        ],
        "thread_ts": "1647983203.403249",
        "parent_user_id": "U0378HH63CG"
    },
    {
        "client_msg_id": "170b1347-7146-47db-986e-0050728f4992",
        "type": "message",
        "text": "thank you",
        "user": "U0378HH63CG",
        "ts": "1647983662.099919",
        "team": "T0CJ5UNHK",
        "user_team": "T0CJ5UNHK",
        "source_team": "T0CJ5UNHK",
        "user_profile": {
            "avatar_hash": "092a391ccd08",
            "image_72": "https:\/\/avatars.slack-edge.com\/2022-03-16\/3236176033943_092a391ccd081650e71b_72.jpg",
            "first_name": "Eva",
            "real_name": "Eva Murphy",
            "display_name": "Eva Murphy",
            "team": "T0CJ5UNHK",
            "name": "eva.murphy",
            "is_restricted": false,
            "is_ultra_restricted": false
        },
        "blocks": [
            {
                "type": "rich_text",
                "block_id": "=gc",
                "elements": [
                    {
                        "type": "rich_text_section",
                        "elements": [
                            {
                                "type": "text",
                                "text": "thank you"
                            }
                        ]
                    }
                ]
            }
        ],
        "thread_ts": "1647983203.403249",
        "parent_user_id": "U0378HH63CG"
    },
    {
        "client_msg_id": "7182b622-c3e6-41bd-aef9-2508ed1b7c05",
        "type": "message",
        "text": "Also FYI we capitalise the language as \"Elm\", same as \"Vue\", it's not an acronym. :slightly_smiling_face:",
        "user": "U2FMN03NZ",
        "ts": "1648003512.567059",
        "team": "T0CJ5UNHK",
        "user_team": "T0CJ5UNHK",
        "source_team": "T0CJ5UNHK",
        "user_profile": {
            "avatar_hash": "94d6ab2aa413",
            "image_72": "https:\/\/avatars.slack-edge.com\/2017-11-30\/279847008946_94d6ab2aa413a68c840d_72.png",
            "first_name": "Mario",
            "real_name": "Mario Rogic",
            "display_name": "supermario",
            "team": "T0CJ5UNHK",
            "name": "supermario",
            "is_restricted": false,
            "is_ultra_restricted": false
        },
        "blocks": [
            {
                "type": "rich_text",
                "block_id": "Pfnp",
                "elements": [
                    {
                        "type": "rich_text_section",
                        "elements": [
                            {
                                "type": "text",
                                "text": "Also FYI we capitalise the language as \"Elm\", same as \"Vue\", it's not an acronym. "
                            },
                            {
                                "type": "emoji",
                                "name": "slightly_smiling_face",
                                "unicode": "1f642"
                            }
                        ]
                    }
                ]
            }
        ],
        "thread_ts": "1647983203.403249",
        "parent_user_id": "U0378HH63CG",
        "reactions": [
            {
                "name": "point_up",
                "users": [
                    "U01TCRRK469",
                    "U6CCW4KV1"
                ],
                "count": 2
            }
        ]
    }
]