[
    {
        "client_msg_id": "c77fc222-17dd-46ef-9e7c-d930c3214449",
        "type": "message",
        "text": "Hello <@U037A8BQBGV>\n\nHow are you?\n\nDoes your friend consider a C2C Contract for this position? If yes, then we do have *highly qualified &amp; experienced Resources* that would work with the team remotely.",
        "user": "U02S6J0CJAF",
        "ts": "1653036186.721539",
        "team": "T0CJ5UNHK",
        "user_team": "T0CJ5UNHK",
        "source_team": "T0CJ5UNHK",
        "user_profile": {
            "avatar_hash": "c991dd6d6fbc",
            "image_72": "https:\/\/avatars.slack-edge.com\/2021-12-29\/2890596159858_c991dd6d6fbcec64fa48_72.jpg",
            "first_name": "Rahul",
            "real_name": "Rahul Goti",
            "display_name": "Rahul Goti",
            "team": "T0CJ5UNHK",
            "name": "rahul.goti",
            "is_restricted": false,
            "is_ultra_restricted": false
        },
        "blocks": [
            {
                "type": "rich_text",
                "block_id": "nXVrH",
                "elements": [
                    {
                        "type": "rich_text_section",
                        "elements": [
                            {
                                "type": "text",
                                "text": "Hello "
                            },
                            {
                                "type": "user",
                                "user_id": "U037A8BQBGV"
                            },
                            {
                                "type": "text",
                                "text": "\n\nHow are you?\n\nDoes your friend consider a C2C Contract for this position? If yes, then we do have "
                            },
                            {
                                "type": "text",
                                "text": "highly qualified & experienced Resources",
                                "style": {
                                    "bold": true
                                }
                            },
                            {
                                "type": "text",
                                "text": " that would work with the team remotely."
                            }
                        ]
                    }
                ]
            }
        ],
        "thread_ts": "1652900119.688329",
        "parent_user_id": "U037A8BQBGV"
    }
]