[
    {
        "client_msg_id": "e11f891c-0af4-4ecf-815b-1e202ce941eb",
        "type": "message",
        "text": "CoTalent Group Ltd. | Cologne, Germany + Fully Remote | Frontend Developer (Elm)\n\nThis client are a young business in Germany, specialists in Travel, Tourism &amp; Leisure. They are in the process of building their first Engineering team,  Elm on the frontend, Scala on the backend.\n\nEU Citizens Only\n\nFor the Frontend (Elm) position, please see below details;\n\nWhat you will do:\n• Take ownership and be the driver for the technical direction\n• Spike new ideas or new approaches to improve existing functionality and code base\n• Work in an agile environment with a flat hierarchy\nWhat we are looking for:\n• 3+ years of experience with Rlm\n• 3+ years of experience with TypeScript\n• Familiarity with the principles of web development\n• “You build it, you run it (you own it)” mindset\n• Experience with build automation &amp; CI\/CD\nWhat other experiences are useful:\n• Experience with GraphQL\n• Experience with React\n• Experience with Heroku\nWhat else awaits you:\n• Flexible working hours and home office scheme (also 100% remote possible)\n• Working in a dynamic, creative and mixed team\n• A fast-growing working environment with a start-up atmosphere and flat hierarchies\n• Honest, critical, direct discussions with transparent communication \nSalaries up to €70,000. Please message if interested!",
        "user": "U02TKGS4P7F",
        "ts": "1644918555.967919",
        "team": "T0CJ5UNHK",
        "user_team": "T0CJ5UNHK",
        "source_team": "T0CJ5UNHK",
        "user_profile": {
            "avatar_hash": "ddccfa411a96",
            "image_72": "https:\/\/avatars.slack-edge.com\/2022-01-12\/2933858179078_ddccfa411a96b4a1a986_72.jpg",
            "first_name": "Alec",
            "real_name": "Alec Fleming",
            "display_name": "Alec Fleming",
            "team": "T0CJ5UNHK",
            "name": "alec.fleming",
            "is_restricted": false,
            "is_ultra_restricted": false
        },
        "edited": {
            "user": "U02TKGS4P7F",
            "ts": "1645007391.000000"
        },
        "blocks": [
            {
                "type": "rich_text",
                "block_id": "RZcZ",
                "elements": [
                    {
                        "type": "rich_text_section",
                        "elements": [
                            {
                                "type": "text",
                                "text": "CoTalent Group Ltd. | Cologne, Germany + Fully Remote | Frontend Developer (Elm)\n\nThis client are a young business in Germany, specialists in Travel, Tourism & Leisure. They are in the process of building their first Engineering team,  Elm on the frontend, Scala on the backend.\n\nEU Citizens Only\n\nFor the Frontend (Elm) position, please see below details;\n\nWhat you will do:\n"
                            }
                        ]
                    },
                    {
                        "type": "rich_text_list",
                        "elements": [
                            {
                                "type": "rich_text_section",
                                "elements": [
                                    {
                                        "type": "text",
                                        "text": "Take ownership and be the driver for the technical direction"
                                    }
                                ]
                            },
                            {
                                "type": "rich_text_section",
                                "elements": [
                                    {
                                        "type": "text",
                                        "text": "Spike new ideas or new approaches to improve existing functionality and code base"
                                    }
                                ]
                            },
                            {
                                "type": "rich_text_section",
                                "elements": [
                                    {
                                        "type": "text",
                                        "text": "Work in an agile environment with a flat hierarchy"
                                    }
                                ]
                            }
                        ],
                        "style": "bullet",
                        "indent": 0,
                        "border": 0
                    },
                    {
                        "type": "rich_text_section",
                        "elements": [
                            {
                                "type": "text",
                                "text": "\nWhat we are looking for:\n"
                            }
                        ]
                    },
                    {
                        "type": "rich_text_list",
                        "elements": [
                            {
                                "type": "rich_text_section",
                                "elements": [
                                    {
                                        "type": "text",
                                        "text": "3+ years of experience with Rlm"
                                    }
                                ]
                            },
                            {
                                "type": "rich_text_section",
                                "elements": [
                                    {
                                        "type": "text",
                                        "text": "3+ years of experience with TypeScript"
                                    }
                                ]
                            },
                            {
                                "type": "rich_text_section",
                                "elements": [
                                    {
                                        "type": "text",
                                        "text": "Familiarity with the principles of web development"
                                    }
                                ]
                            },
                            {
                                "type": "rich_text_section",
                                "elements": [
                                    {
                                        "type": "text",
                                        "text": "“You build it, you run it (you own it)” mindset"
                                    }
                                ]
                            },
                            {
                                "type": "rich_text_section",
                                "elements": [
                                    {
                                        "type": "text",
                                        "text": "Experience with build automation & CI\/CD"
                                    }
                                ]
                            }
                        ],
                        "style": "bullet",
                        "indent": 0,
                        "border": 0
                    },
                    {
                        "type": "rich_text_section",
                        "elements": [
                            {
                                "type": "text",
                                "text": "\nWhat other experiences are useful:\n"
                            }
                        ]
                    },
                    {
                        "type": "rich_text_list",
                        "elements": [
                            {
                                "type": "rich_text_section",
                                "elements": [
                                    {
                                        "type": "text",
                                        "text": "Experience with GraphQL"
                                    }
                                ]
                            },
                            {
                                "type": "rich_text_section",
                                "elements": [
                                    {
                                        "type": "text",
                                        "text": "Experience with React"
                                    }
                                ]
                            },
                            {
                                "type": "rich_text_section",
                                "elements": [
                                    {
                                        "type": "text",
                                        "text": "Experience with Heroku"
                                    }
                                ]
                            }
                        ],
                        "style": "bullet",
                        "indent": 0,
                        "border": 0
                    },
                    {
                        "type": "rich_text_section",
                        "elements": [
                            {
                                "type": "text",
                                "text": "\nWhat else awaits you:\n"
                            }
                        ]
                    },
                    {
                        "type": "rich_text_list",
                        "elements": [
                            {
                                "type": "rich_text_section",
                                "elements": [
                                    {
                                        "type": "text",
                                        "text": "Flexible working hours and home office scheme (also 100% remote possible)"
                                    }
                                ]
                            },
                            {
                                "type": "rich_text_section",
                                "elements": [
                                    {
                                        "type": "text",
                                        "text": "Working in a dynamic, creative and mixed team"
                                    }
                                ]
                            },
                            {
                                "type": "rich_text_section",
                                "elements": [
                                    {
                                        "type": "text",
                                        "text": "A fast-growing working environment with a start-up atmosphere and flat hierarchies"
                                    }
                                ]
                            },
                            {
                                "type": "rich_text_section",
                                "elements": [
                                    {
                                        "type": "text",
                                        "text": "Honest, critical, direct discussions with transparent communication "
                                    }
                                ]
                            }
                        ],
                        "style": "bullet",
                        "indent": 0,
                        "border": 0
                    },
                    {
                        "type": "rich_text_section",
                        "elements": [
                            {
                                "type": "text",
                                "text": "\nSalaries up to €70,000. Please message if interested!"
                            }
                        ]
                    }
                ]
            }
        ],
        "reactions": [
            {
                "name": "+1::skin-tone-4",
                "users": [
                    "UP0F4DUDB"
                ],
                "count": 1
            },
            {
                "name": "+1",
                "users": [
                    "U1L85D83D",
                    "U46SUQ5CL",
                    "U44R1N656",
                    "U018WECSDH7"
                ],
                "count": 4
            },
            {
                "name": "+1::skin-tone-5",
                "users": [
                    "U0U6ML22H"
                ],
                "count": 1
            }
        ]
    }
]