[
    {
        "client_msg_id": "4fcacb21-0674-4eea-9da7-ac399e69c5c3",
        "type": "message",
        "text": "Hi all, we're looking for Elm developer(s) to join our team at Sthrive to build a modern enterprise e-learning platform, still in stealth mode...\n\nWe're currently 8 devs, overall quite senior team, 4 working on the frontend with Elm, and 3 on the backend with Haskell, plus a CTO. All fully remote in Europe-Asia timezones.\n\nDrop me a msg or email (<mailto:ilkka.vesa@sthrive.com|ilkka.vesa@sthrive.com>) and let's discuss more?\n\nThanks,\nIlkka",
        "user": "U02D298AQBZ",
        "ts": "1645670488.637409",
        "team": "T0CJ5UNHK",
        "user_team": "T0CJ5UNHK",
        "source_team": "T0CJ5UNHK",
        "user_profile": {
            "avatar_hash": "c2f74696d477",
            "image_72": "https:\/\/avatars.slack-edge.com\/2022-02-24\/3143938281638_c2f74696d477b2858028_72.jpg",
            "first_name": "Ilkka",
            "real_name": "Ilkka Vesa",
            "display_name": "Ilkka Vesa",
            "team": "T0CJ5UNHK",
            "name": "i.vesa",
            "is_restricted": false,
            "is_ultra_restricted": false
        },
        "blocks": [
            {
                "type": "rich_text",
                "block_id": "Smf",
                "elements": [
                    {
                        "type": "rich_text_section",
                        "elements": [
                            {
                                "type": "text",
                                "text": "Hi all, we're looking for Elm developer(s) to join our team at Sthrive to build a modern enterprise e-learning platform, still in stealth mode...\n\nWe're currently 8 devs, overall quite senior team, 4 working on the frontend with Elm, and 3 on the backend with Haskell, plus a CTO. All fully remote in Europe-Asia timezones.\n\nDrop me a msg or email ("
                            },
                            {
                                "type": "link",
                                "url": "mailto:ilkka.vesa@sthrive.com",
                                "text": "ilkka.vesa@sthrive.com"
                            },
                            {
                                "type": "text",
                                "text": ") and let's discuss more?\n\nThanks,\nIlkka"
                            }
                        ]
                    }
                ]
            }
        ],
        "reactions": [
            {
                "name": "eyes",
                "users": [
                    "UBXMVC93J",
                    "U46SUQ5CL",
                    "U7HMHGSBS",
                    "UHJ1JKTGS",
                    "UP0F4DUDB",
                    "URLTJDH7F",
                    "U1L85D83D"
                ],
                "count": 7
            },
            {
                "name": "point_up",
                "users": [
                    "U9HKUJ7M2",
                    "U20QDNSHJ"
                ],
                "count": 2
            }
        ]
    }
]