[
    {
        "type": "message",
        "text": "| <https:\/\/www.logisticallyinc.com\/|Logistically> | Remote, US | Full-stack Software Engineer (Elm &amp; Python) |\n\nLogistically is looking for a Full-stack Software Engineer to build our Full-Truckload (FTL) features in the logistics and transportation industry. You will be in contact with some of our customers for requirements gathering and feature design. This is a great opportunity to learn about a fast-growing industry from experts and real-world logistics companies.\n\nWhat we need:\n• Three years minimum experience in software development \n• Excellent interpersonal skills, as this position will attend meetings and communicate with clients\n• A commitment to high quality and standards \n• Basic web development knowledge \n• Elm experience or interest in learning functional programming is a bonus \n• A solid understanding of OOP and SQL is helpful \n• Experience in the logistics industry is a bonus \nFor your time, Logistically will offer competitive compensation, a full-time remote working environment, health benefits, 401K with matching, paid holidays, and 20 days of PTO.\n\nLogistically TMS uses Elm for all new frontend development (&gt;80k lines of Elm code) with some remaining legacy features still in AngularJS. The backend runs in Docker with Python and PostgreSQL. The application is hosted on AWS in a highly redundant and scalable virtual environment. Experience in Elm, Python, or PostgreSQL is not required to be effective here, but the ideal candidate will be a quick learner.\n\nMore about Elm at Logistically:\nElm was introduced in 2017 before I joined in 2019. We have a lot of `Browser.element`s in AngularJS directives throughout and a few single-page Elm apps which are taking over. I’ve introduced elm-review over the past couple of months to give the compiler extra superpowers. We use elm-doc-preview for internal documentation. I’ve created a UI explorer for our UI library that’s growing all the time.\n\nIf you have any other questions about how we use Elm or the company, please feel free to DM me.\n\nIf you are interested in this position, please send your resume to <mailto:careers@logisticallyinc.com|careers@logisticallyinc.com>. If it looks like a good fit, we’ll reach out to schedule an interview.",
        "files": [
            {
                "id": "F035NF7A485",
                "created": 1646425219,
                "timestamp": 1646425219,
                "name": "Logistically Full-stack Software Engineer.pdf",
                "title": "Logistically Full-stack Software Engineer.pdf",
                "mimetype": "application\/pdf",
                "filetype": "pdf",
                "pretty_type": "PDF",
                "user": "U44R1N656",
                "user_team": "T0CJ5UNHK",
                "editable": false,
                "size": 145062,
                "mode": "hosted",
                "is_external": false,
                "external_type": "",
                "is_public": true,
                "public_url_shared": false,
                "display_as_bot": false,
                "username": "",
                "url_private": "https:\/\/files.slack.com\/files-pri\/T0CJ5UNHK-F035NF7A485\/logistically_full-stack_software_engineer.pdf?t=xoxe-12617974597-4161669908275-4158800643077-be4ee8f84a2737e7b4245fe774276e65",
                "url_private_download": "https:\/\/files.slack.com\/files-pri\/T0CJ5UNHK-F035NF7A485\/download\/logistically_full-stack_software_engineer.pdf?t=xoxe-12617974597-4161669908275-4158800643077-be4ee8f84a2737e7b4245fe774276e65",
                "media_display_type": "unknown",
                "thumb_pdf": "https:\/\/files.slack.com\/files-tmb\/T0CJ5UNHK-F035NF7A485-451ce57a7e\/logistically_full-stack_software_engineer_thumb_pdf.png?t=xoxe-12617974597-4161669908275-4158800643077-be4ee8f84a2737e7b4245fe774276e65",
                "thumb_pdf_w": 935,
                "thumb_pdf_h": 1210,
                "permalink": "https:\/\/elmlang.slack.com\/files\/U44R1N656\/F035NF7A485\/logistically_full-stack_software_engineer.pdf",
                "permalink_public": "https:\/\/slack-files.com\/T0CJ5UNHK-F035NF7A485-8a70e7f07a",
                "is_starred": false,
                "has_rich_preview": false,
                "file_access": "visible"
            }
        ],
        "upload": false,
        "user": "U44R1N656",
        "display_as_bot": false,
        "ts": "1646425559.063289",
        "blocks": [
            {
                "type": "rich_text",
                "block_id": "PVh+",
                "elements": [
                    {
                        "type": "rich_text_section",
                        "elements": [
                            {
                                "type": "text",
                                "text": "| "
                            },
                            {
                                "type": "link",
                                "url": "https:\/\/www.logisticallyinc.com\/",
                                "text": "Logistically"
                            },
                            {
                                "type": "text",
                                "text": " | Remote, US | Full-stack Software Engineer (Elm & Python) |\n\nLogistically is looking for a Full-stack Software Engineer to build our Full-Truckload (FTL) features in the logistics and transportation industry. You will be in contact with some of our customers for requirements gathering and feature design. This is a great opportunity to learn about a fast-growing industry from experts and real-world logistics companies.\n\nWhat we need:\n"
                            }
                        ]
                    },
                    {
                        "type": "rich_text_list",
                        "elements": [
                            {
                                "type": "rich_text_section",
                                "elements": [
                                    {
                                        "type": "text",
                                        "text": "Three years minimum experience in software development "
                                    }
                                ]
                            },
                            {
                                "type": "rich_text_section",
                                "elements": [
                                    {
                                        "type": "text",
                                        "text": "Excellent interpersonal skills, as this position will attend meetings and communicate with clients"
                                    }
                                ]
                            },
                            {
                                "type": "rich_text_section",
                                "elements": [
                                    {
                                        "type": "text",
                                        "text": "A commitment to high quality and standards "
                                    }
                                ]
                            },
                            {
                                "type": "rich_text_section",
                                "elements": [
                                    {
                                        "type": "text",
                                        "text": "Basic web development knowledge "
                                    }
                                ]
                            },
                            {
                                "type": "rich_text_section",
                                "elements": [
                                    {
                                        "type": "text",
                                        "text": "Elm experience or interest in learning functional programming is a bonus "
                                    }
                                ]
                            },
                            {
                                "type": "rich_text_section",
                                "elements": [
                                    {
                                        "type": "text",
                                        "text": "A solid understanding of OOP and SQL is helpful "
                                    }
                                ]
                            },
                            {
                                "type": "rich_text_section",
                                "elements": [
                                    {
                                        "type": "text",
                                        "text": "Experience in the logistics industry is a bonus "
                                    }
                                ]
                            }
                        ],
                        "style": "bullet",
                        "indent": 0,
                        "border": 0
                    },
                    {
                        "type": "rich_text_section",
                        "elements": [
                            {
                                "type": "text",
                                "text": "\nFor your time, Logistically will offer competitive compensation, a full-time remote working environment, health benefits, 401K with matching, paid holidays, and 20 days of PTO.\n\nLogistically TMS uses Elm for all new frontend development (>80k lines of Elm code) with some remaining legacy features still in AngularJS. The backend runs in Docker with Python and PostgreSQL. The application is hosted on AWS in a highly redundant and scalable virtual environment. Experience in Elm, Python, or PostgreSQL is not required to be effective here, but the ideal candidate will be a quick learner.\n\nMore about Elm at Logistically:\nElm was introduced in 2017 before I joined in 2019. We have a lot of "
                            },
                            {
                                "type": "text",
                                "text": "Browser.element",
                                "style": {
                                    "code": true
                                }
                            },
                            {
                                "type": "text",
                                "text": "s in AngularJS directives throughout and a few single-page Elm apps which are taking over. I’ve introduced elm-review over the past couple of months to give the compiler extra superpowers. We use elm-doc-preview for internal documentation. I’ve created a UI explorer for our UI library that’s growing all the time.\n\nIf you have any other questions about how we use Elm or the company, please feel free to DM me.\n\nIf you are interested in this position, please send your resume to "
                            },
                            {
                                "type": "link",
                                "url": "mailto:careers@logisticallyinc.com",
                                "text": "careers@logisticallyinc.com"
                            },
                            {
                                "type": "text",
                                "text": ". If it looks like a good fit, we’ll reach out to schedule an interview."
                            }
                        ]
                    }
                ]
            }
        ],
        "client_msg_id": "45617644-fead-444b-91e5-905f94a9a1cd",
        "thread_ts": "1646425559.063289",
        "reply_count": 1,
        "reply_users_count": 1,
        "latest_reply": "1646518474.421179",
        "reply_users": [
            "U9J662F45"
        ],
        "replies": [
            {
                "user": "U9J662F45",
                "ts": "1646518474.421179"
            }
        ],
        "is_locked": false,
        "subscribed": false,
        "reactions": [
            {
                "name": "heart",
                "users": [
                    "U0V98FF54",
                    "UBXMVC93J",
                    "U46SUQ5CL",
                    "U0J8D9M2P",
                    "U3LUC6SNS",
                    "UHYH3L2MB",
                    "U9LAE55JL"
                ],
                "count": 7
            }
        ]
    }
]