[
    {
        "client_msg_id": "4d784131-b6f3-4643-8c92-396d481ac76b",
        "type": "message",
        "text": "Hey Team! :wave:\n\nI’m available looking for remote freelance work. I have 8 years of experience as web developer and am based in Germany. I am proficient with Elm, JS, TS, CSS, Python. I can also do React and VueJS. I have worked with small teams in startups as well as corporates and agencies. Projects include, but are not limited to:\n• <http:\/\/funklang.com|funklang.com> (CTO \/ Elm Frontend \/ co-founder \/ Rich interactive WYSIWYG editor)\n• <http:\/\/go-outreach.com|go-outreach.com> (co-founder \/ Elm Frontend \/ CRM system with sequence editor and full SaaS featureset)\n• <http:\/\/cogniscent.io|cogniscent.io> (Elm frontend \/ Medical Surveys)\n• Mercedes-Benz vehicle search (React Frontend \/ Frontend Team Lead)\n• Mercedes-Benz vehicle configuration (Elm Frontend \/ Vue Frontend \/ Smart Asset loading optimization)\n• <http:\/\/projecttogether.org|projecttogether.org> (React to Elm Migration)\n• ad-hoc consulting for OCR web UI\n• ad-hoc help for elm-based mobile app development\n• web scraping in medical technology\n• open source: elm-interreactor, elm-coder-generator (forked from <@UB9LS0GJ0>), vue-medium-editor\nI am open to projects that take a couple of hours to a couple of months. I am _not_ interested in permanent positions. I am also open to coaching \/ support roles.\n\nI am looking forward to having a chat to see how I can help out :smiley:\n\nLinks\n• <https:\/\/www.linkedin.com\/in\/janwirth\/>\n• <http:\/\/github.com\/janwirth|github.com\/janwirth>\n• <https:\/\/www.youtube.com\/watch?v=I0zhcetpXzg>\nInterests\n• I like music \/ occasionally DJ: <http:\/\/bandcamp.com\/janwirth|bandcamp.com\/janwirth> | <https:\/\/soundcloud.com\/thelilhungry\/likes>\n• I practice meditation\n• I train BJJ",
        "user": "U9J662F45",
        "ts": "1660392047.331269",
        "team": "T0CJ5UNHK",
        "user_team": "T0CJ5UNHK",
        "source_team": "T0CJ5UNHK",
        "user_profile": {
            "avatar_hash": "d1e70e541e30",
            "image_72": "https:\/\/avatars.slack-edge.com\/2022-07-07\/3784358447505_d1e70e541e3048a9b4a9_72.jpg",
            "first_name": "Jan",
            "real_name": "Jan Wirth",
            "display_name": "",
            "team": "T0CJ5UNHK",
            "name": "jottenwe",
            "is_restricted": false,
            "is_ultra_restricted": false
        },
        "edited": {
            "user": "U9J662F45",
            "ts": "1660392825.000000"
        },
        "blocks": [
            {
                "type": "rich_text",
                "block_id": "l48",
                "elements": [
                    {
                        "type": "rich_text_section",
                        "elements": [
                            {
                                "type": "text",
                                "text": "Hey Team! "
                            },
                            {
                                "type": "emoji",
                                "name": "wave",
                                "unicode": "1f44b"
                            },
                            {
                                "type": "text",
                                "text": "\n\nI’m available looking for remote freelance work. I have 8 years of experience as web developer and am based in Germany. I am proficient with Elm, JS, TS, CSS, Python. I can also do React and VueJS. I have worked with small teams in startups as well as corporates and agencies. Projects include, but are not limited to:\n"
                            }
                        ]
                    },
                    {
                        "type": "rich_text_list",
                        "elements": [
                            {
                                "type": "rich_text_section",
                                "elements": [
                                    {
                                        "type": "link",
                                        "url": "http:\/\/funklang.com",
                                        "text": "funklang.com"
                                    },
                                    {
                                        "type": "text",
                                        "text": " (CTO \/ Elm Frontend \/ co-founder \/ Rich interactive WYSIWYG editor)"
                                    }
                                ]
                            },
                            {
                                "type": "rich_text_section",
                                "elements": [
                                    {
                                        "type": "link",
                                        "url": "http:\/\/go-outreach.com",
                                        "text": "go-outreach.com"
                                    },
                                    {
                                        "type": "text",
                                        "text": " (co-founder \/ Elm Frontend \/ CRM system with sequence editor and full SaaS featureset)"
                                    }
                                ]
                            },
                            {
                                "type": "rich_text_section",
                                "elements": [
                                    {
                                        "type": "link",
                                        "url": "http:\/\/cogniscent.io",
                                        "text": "cogniscent.io"
                                    },
                                    {
                                        "type": "text",
                                        "text": " (Elm frontend \/ Medical Surveys)"
                                    }
                                ]
                            },
                            {
                                "type": "rich_text_section",
                                "elements": [
                                    {
                                        "type": "text",
                                        "text": "Mercedes-Benz vehicle search (React Frontend \/ Frontend Team Lead)"
                                    }
                                ]
                            },
                            {
                                "type": "rich_text_section",
                                "elements": [
                                    {
                                        "type": "text",
                                        "text": "Mercedes-Benz vehicle configuration (Elm Frontend \/ Vue Frontend \/ Smart Asset loading optimization)"
                                    }
                                ]
                            },
                            {
                                "type": "rich_text_section",
                                "elements": [
                                    {
                                        "type": "link",
                                        "url": "http:\/\/projecttogether.org",
                                        "text": "projecttogether.org"
                                    },
                                    {
                                        "type": "text",
                                        "text": " (React to Elm Migration)"
                                    }
                                ]
                            },
                            {
                                "type": "rich_text_section",
                                "elements": [
                                    {
                                        "type": "text",
                                        "text": "ad-hoc consulting for OCR web UI"
                                    }
                                ]
                            },
                            {
                                "type": "rich_text_section",
                                "elements": [
                                    {
                                        "type": "text",
                                        "text": "ad-hoc help for elm-based mobile app development"
                                    }
                                ]
                            },
                            {
                                "type": "rich_text_section",
                                "elements": [
                                    {
                                        "type": "text",
                                        "text": "web scraping in medical technology"
                                    }
                                ]
                            },
                            {
                                "type": "rich_text_section",
                                "elements": [
                                    {
                                        "type": "text",
                                        "text": "open source: elm-interreactor, elm-coder-generator (forked from "
                                    },
                                    {
                                        "type": "user",
                                        "user_id": "UB9LS0GJ0"
                                    },
                                    {
                                        "type": "text",
                                        "text": "), vue-medium-editor"
                                    }
                                ]
                            }
                        ],
                        "style": "bullet",
                        "indent": 0,
                        "border": 0
                    },
                    {
                        "type": "rich_text_section",
                        "elements": [
                            {
                                "type": "text",
                                "text": "\nI am open to projects that take a couple of hours to a couple of months. I am "
                            },
                            {
                                "type": "text",
                                "text": "not",
                                "style": {
                                    "italic": true
                                }
                            },
                            {
                                "type": "text",
                                "text": " interested in permanent positions. I am also open to coaching \/ support roles.\n\nI am looking forward to having a chat to see how I can help out "
                            },
                            {
                                "type": "emoji",
                                "name": "smiley",
                                "unicode": "1f603"
                            },
                            {
                                "type": "text",
                                "text": "\n\nLinks\n"
                            }
                        ]
                    },
                    {
                        "type": "rich_text_list",
                        "elements": [
                            {
                                "type": "rich_text_section",
                                "elements": [
                                    {
                                        "type": "link",
                                        "url": "https:\/\/www.linkedin.com\/in\/janwirth\/"
                                    }
                                ]
                            },
                            {
                                "type": "rich_text_section",
                                "elements": [
                                    {
                                        "type": "link",
                                        "url": "http:\/\/github.com\/janwirth",
                                        "text": "github.com\/janwirth"
                                    }
                                ]
                            },
                            {
                                "type": "rich_text_section",
                                "elements": [
                                    {
                                        "type": "link",
                                        "url": "https:\/\/www.youtube.com\/watch?v=I0zhcetpXzg"
                                    }
                                ]
                            }
                        ],
                        "style": "bullet",
                        "indent": 0,
                        "border": 0
                    },
                    {
                        "type": "rich_text_section",
                        "elements": [
                            {
                                "type": "text",
                                "text": "\nInterests\n"
                            }
                        ]
                    },
                    {
                        "type": "rich_text_list",
                        "elements": [
                            {
                                "type": "rich_text_section",
                                "elements": [
                                    {
                                        "type": "text",
                                        "text": "I like music \/ occasionally DJ: "
                                    },
                                    {
                                        "type": "link",
                                        "url": "http:\/\/bandcamp.com\/janwirth",
                                        "text": "bandcamp.com\/janwirth"
                                    },
                                    {
                                        "type": "text",
                                        "text": " | "
                                    },
                                    {
                                        "type": "link",
                                        "url": "https:\/\/soundcloud.com\/thelilhungry\/likes"
                                    }
                                ]
                            },
                            {
                                "type": "rich_text_section",
                                "elements": [
                                    {
                                        "type": "text",
                                        "text": "I practice meditation"
                                    }
                                ]
                            },
                            {
                                "type": "rich_text_section",
                                "elements": [
                                    {
                                        "type": "text",
                                        "text": "I train BJJ"
                                    }
                                ]
                            }
                        ],
                        "style": "bullet",
                        "indent": 0,
                        "border": 0
                    }
                ]
            }
        ],
        "reactions": [
            {
                "name": "deciduous_tree",
                "users": [
                    "U285A8S8H",
                    "U9XQRMHT4",
                    "U03QL8ZRM6K",
                    "U22MGEL3S",
                    "U46SUQ5CL"
                ],
                "count": 5
            },
            {
                "name": "+1",
                "users": [
                    "U0D4VR7BP",
                    "U1L85D83D",
                    "U9HKUJ7M2",
                    "U44R1N656",
                    "U46SUQ5CL"
                ],
                "count": 5
            },
            {
                "name": "raised_hands",
                "users": [
                    "U01E8K510SE",
                    "U3S9BH05U",
                    "U46SUQ5CL"
                ],
                "count": 3
            },
            {
                "name": "raised_hands::skin-tone-4",
                "users": [
                    "UP0F4DUDB"
                ],
                "count": 1
            }
        ]
    }
]