[
    {
        "client_msg_id": "3fdfc987-11c9-4fd3-a6e5-e4edf4043982",
        "type": "message",
        "text": "*CareRev* is bringing the future of work to Healthcare! CareRev's mission is to build a sustainable future for healthcare professionals. CareRev is a modern marketplace platform offering professionals the freedom to choose how and when they work, tools and training to develop their careers, and personalized growth opportunities.\n\nAs a Frontend Engineer: Senior (Elm) you will collaborate with design and product on our single-page web app built in Elm. As we are rapidly growing, there will be opportunities for you to use your web and HTML skills in other areas such as internal tools, landing pages, and customer emails. There is a high growth potential for this role.\n\nBenefits include:\n:white_check_mark: Unlimited PTO + 10 paid company holidays\n:white_check_mark: 401k+ matching and Equity\n:white_check_mark: Annual bonus program\n:white_check_mark: Learning reimbursement program\n:white_check_mark: Office equipment stipend\n\nPlease apply using this <https:\/\/grnh.se\/0385ca2f3us|link> if you are interested!",
        "user": "U02VDHEEN0K",
        "ts": "1652300880.819479",
        "team": "T0CJ5UNHK",
        "user_team": "T0CJ5UNHK",
        "source_team": "T0CJ5UNHK",
        "user_profile": {
            "avatar_hash": "1d102500bdf2",
            "image_72": "https:\/\/avatars.slack-edge.com\/2022-01-24\/2999769560659_1d102500bdf25fa46b8d_72.jpg",
            "first_name": "Lauren",
            "real_name": "Lauren Katsel",
            "display_name": "Lauren Katsel",
            "team": "T0CJ5UNHK",
            "name": "lauren.katsel",
            "is_restricted": false,
            "is_ultra_restricted": false
        },
        "edited": {
            "user": "U02VDHEEN0K",
            "ts": "1652300921.000000"
        },
        "attachments": [
            {
                "from_url": "https:\/\/grnh.se\/0385ca2f3us",
                "image_url": "https:\/\/s3-recruiting.cdn.greenhouse.io\/external_greenhouse_job_boards\/logos\/400\/283\/800\/original\/carerev-logo_greenhouse_2x.jpg?1631909105",
                "image_width": 400,
                "image_height": 150,
                "image_bytes": 30321,
                "service_icon": "https:\/\/boards.greenhouse.io\/favicon.ico",
                "id": 1,
                "original_url": "https:\/\/grnh.se\/0385ca2f3us",
                "fallback": "Frontend Engineer: Senior (Elm)",
                "text": "Remote- United States",
                "title": "Frontend Engineer: Senior (Elm)",
                "title_link": "https:\/\/grnh.se\/0385ca2f3us",
                "service_name": "boards.greenhouse.io"
            }
        ],
        "blocks": [
            {
                "type": "rich_text",
                "block_id": "3O59",
                "elements": [
                    {
                        "type": "rich_text_section",
                        "elements": [
                            {
                                "type": "text",
                                "text": "CareRev ",
                                "style": {
                                    "bold": true
                                }
                            },
                            {
                                "type": "text",
                                "text": "is bringing the future of work to Healthcare! CareRev's mission is to build a sustainable future for healthcare professionals. CareRev is a modern marketplace platform offering professionals the freedom to choose how and when they work, tools and training to develop their careers, and personalized growth opportunities.\n\nAs a Frontend Engineer: Senior (Elm) you will collaborate with design and product on our single-page web app built in Elm. As we are rapidly growing, there will be opportunities for you to use your web and HTML skills in other areas such as internal tools, landing pages, and customer emails. There is a high growth potential for this role.\n\nBenefits include:\n"
                            },
                            {
                                "type": "emoji",
                                "name": "white_check_mark",
                                "unicode": "2705"
                            },
                            {
                                "type": "text",
                                "text": " Unlimited PTO + 10 paid company holidays\n"
                            },
                            {
                                "type": "emoji",
                                "name": "white_check_mark",
                                "unicode": "2705"
                            },
                            {
                                "type": "text",
                                "text": " 401k+ matching and Equity\n"
                            },
                            {
                                "type": "emoji",
                                "name": "white_check_mark",
                                "unicode": "2705"
                            },
                            {
                                "type": "text",
                                "text": " Annual bonus program\n"
                            },
                            {
                                "type": "emoji",
                                "name": "white_check_mark",
                                "unicode": "2705"
                            },
                            {
                                "type": "text",
                                "text": " Learning reimbursement program\n"
                            },
                            {
                                "type": "emoji",
                                "name": "white_check_mark",
                                "unicode": "2705"
                            },
                            {
                                "type": "text",
                                "text": " Office equipment stipend\n\nPlease apply using this "
                            },
                            {
                                "type": "link",
                                "url": "https:\/\/grnh.se\/0385ca2f3us",
                                "text": "link"
                            },
                            {
                                "type": "text",
                                "text": " if you are interested!"
                            }
                        ]
                    }
                ]
            }
        ],
        "thread_ts": "1652300880.819479",
        "reply_count": 1,
        "reply_users_count": 1,
        "latest_reply": "1652857644.561299",
        "reply_users": [
            "U02S6J0CJAF"
        ],
        "replies": [
            {
                "user": "U02S6J0CJAF",
                "ts": "1652857644.561299"
            }
        ],
        "is_locked": false,
        "subscribed": false,
        "reactions": [
            {
                "name": "eyes",
                "users": [
                    "U028W6PPREX",
                    "URLTJDH7F",
                    "U0358LV6U3A"
                ],
                "count": 3
            },
            {
                "name": "heart_eyes",
                "users": [
                    "U44R1N656",
                    "U1L85D83D",
                    "UMFLBANTT",
                    "U0358LV6U3A"
                ],
                "count": 4
            }
        ]
    }
]