[
    {
        "client_msg_id": "4ae904bf-b064-4d22-be67-8f3305bd8bbb",
        "type": "message",
        "text": "| Bookswap | Remote, possible Part-Time | Full Stack Developer |\n\n*Tech Stack*\n\nOur main tools are Elm (with Elm-UI) and Hasura (graphql over database). We are also heavily using AWS to run our backend infrastructure.\n\nFrontend: \n- Elm with elm-ui and elm-graphql\n- AWS CloudFront for CDN\n- Django for the internal admin tool\nBackend: \n- Hasura with Postgres running on AWS\n- AWS Lambdas written in Typescript\n- S3 for file storage\n\n*About the company*\n\nBookswap is a new model for getting books that appeal to the environmentally-conscious reader and, with their community spirit, create a cost-effective alternative to anonymous business giants.\nWe have launched and tested our service in three countries (UK, Estonia and Lithuania) and will expand our presence in other countries in Europe and North America.\nEU named Bookswap best sharing economy startup in 2019.\n<https:\/\/bookswap.co.uk\/>\n<https:\/\/bookswap.lt\/>\n\n*What developer tasks do we have*\n\nMaintain books database and implement fast search (more than 10 million items)\nIntegration with payment processing and parcel delivery systems\nMaintain In-App chats (GraphQL subscriptions)\nEnhance user experience, make it simple yet powerful \nSupport multiple languages\nRedesign the whole UI\n\n*Who are we a looking for*\n\nWe want to invite developers who are passionate about Elm and reliable code in general.",
        "user": "U4HSP0JAV",
        "ts": "1641233089.176900",
        "team": "T0CJ5UNHK",
        "user_team": "T0CJ5UNHK",
        "source_team": "T0CJ5UNHK",
        "user_profile": {
            "avatar_hash": "9030c12155f5",
            "image_72": "https:\/\/avatars.slack-edge.com\/2019-06-25\/664718375362_9030c12155f58b1ccc6a_72.jpg",
            "first_name": "Petr",
            "real_name": "Petr Klimenko",
            "display_name": "petka17",
            "team": "T0CJ5UNHK",
            "name": "petka17",
            "is_restricted": false,
            "is_ultra_restricted": false
        },
        "attachments": [
            {
                "from_url": "https:\/\/bookswap.co.uk\/",
                "service_icon": "https:\/\/bookswap.co.uk\/assets\/images\/bookswap-icon.png",
                "id": 1,
                "original_url": "https:\/\/bookswap.co.uk\/",
                "fallback": "Bookswap",
                "text": "Bookswap",
                "title": "Bookswap",
                "title_link": "https:\/\/bookswap.co.uk\/",
                "service_name": "bookswap.co.uk"
            },
            {
                "from_url": "https:\/\/bookswap.lt\/",
                "thumb_url": "https:\/\/bookswap.lt\/assets\/images\/bookswap-icon.png",
                "thumb_width": 144,
                "thumb_height": 144,
                "service_icon": "https:\/\/bookswap.lt\/assets\/images\/bookswap-icon.png",
                "id": 2,
                "original_url": "https:\/\/bookswap.lt\/",
                "fallback": "Bookswap | Knygų mainų platforma",
                "text": "Prisijunk prie knygų mylėtojų bendruomenės ir mainykis knygomis patogiai. Iškeisk senas knygas į naujas istorijas!",
                "title": "Bookswap | Knygų mainų platforma",
                "title_link": "https:\/\/bookswap.lt\/",
                "service_name": "bookswap.lt"
            }
        ],
        "blocks": [
            {
                "type": "rich_text",
                "block_id": "zvD",
                "elements": [
                    {
                        "type": "rich_text_section",
                        "elements": [
                            {
                                "type": "text",
                                "text": "| Bookswap | Remote, possible Part-Time | Full Stack Developer |\n\n"
                            },
                            {
                                "type": "text",
                                "text": "Tech Stack",
                                "style": {
                                    "bold": true
                                }
                            },
                            {
                                "type": "text",
                                "text": "\n\nOur main tools are Elm (with Elm-UI) and Hasura (graphql over database). We are also heavily using AWS to run our backend infrastructure.\n\nFrontend: \n- Elm with elm-ui and elm-graphql\n- AWS CloudFront for CDN\n- Django for the internal admin tool\nBackend: \n- Hasura with Postgres running on AWS\n- AWS Lambdas written in Typescript\n- S3 for file storage\n\n"
                            },
                            {
                                "type": "text",
                                "text": "About the company",
                                "style": {
                                    "bold": true
                                }
                            },
                            {
                                "type": "text",
                                "text": "\n\nBookswap is a new model for getting books that appeal to the environmentally-conscious reader and, with their community spirit, create a cost-effective alternative to anonymous business giants.\nWe have launched and tested our service in three countries (UK, Estonia and Lithuania) and will expand our presence in other countries in Europe and North America.\nEU named Bookswap best sharing economy startup in 2019.\n"
                            },
                            {
                                "type": "link",
                                "url": "https:\/\/bookswap.co.uk\/"
                            },
                            {
                                "type": "text",
                                "text": "\n"
                            },
                            {
                                "type": "link",
                                "url": "https:\/\/bookswap.lt\/"
                            },
                            {
                                "type": "text",
                                "text": "\n\n"
                            },
                            {
                                "type": "text",
                                "text": "What developer tasks do we have",
                                "style": {
                                    "bold": true
                                }
                            },
                            {
                                "type": "text",
                                "text": "\n\nMaintain books database and implement fast search (more than 10 million items)\nIntegration with payment processing and parcel delivery systems\nMaintain In-App chats (GraphQL subscriptions)\nEnhance user experience, make it simple yet powerful \nSupport multiple languages\nRedesign the whole UI\n\n"
                            },
                            {
                                "type": "text",
                                "text": "Who are we a looking for",
                                "style": {
                                    "bold": true
                                }
                            },
                            {
                                "type": "text",
                                "text": "\n\nWe want to invite developers who are passionate about Elm and reliable code in general."
                            }
                        ]
                    }
                ]
            }
        ],
        "reactions": [
            {
                "name": "+1",
                "users": [
                    "UJ302V0AU",
                    "U5Z3Y472L",
                    "U3LGUAF54",
                    "U0J8D9M2P",
                    "U44R1N656",
                    "UAS7NTLAU",
                    "UPP4S79FZ"
                ],
                "count": 7
            },
            {
                "name": "+1::skin-tone-4",
                "users": [
                    "UP0F4DUDB"
                ],
                "count": 1
            },
            {
                "name": "heart_eyes",
                "users": [
                    "U0U6ML22H",
                    "U3LGUAF54",
                    "U4R17T6F7",
                    "UAS7NTLAU",
                    "UHVAS62M6",
                    "UTMFM01RP"
                ],
                "count": 6
            },
            {
                "name": "eyes",
                "users": [
                    "U02TKGS4P7F"
                ],
                "count": 1
            }
        ]
    }
]