[
    {
        "client_msg_id": "32f61c5f-d03c-4c07-b8db-b930e051e835",
        "type": "message",
        "text": "| StructionSite | USA Remote | Full Stack Engineer, Elm and Rust |\n\nHey folks! We are looking for another team member at <https:\/\/structionsite.com\/|StructionSite> to help us build intelligent project tracking products for the construction industry. Our tools enable customers to automatically collect and track progress on their projects through the simple act of recording video while walking through the job site.\n\nFor all new work we are building frontends with Elm and backends with Rust, and we are currently exploring integrating Rust into the frontend as well. We build visually interesting and complex user interfaces and there is no shortage of hard problems to solve with our Elm applications. We do also have an existing Rails backend and pages that use React which we are actively working on migrating to the new stack.\n\nI have personally been at StructionSite for about 1.5 years and in that time I have been a part of the formation of a wonderful team of people, and I have worked on interesting problems that span the limits of building software for the web.\n\nApply at the link, and feel free to contact me with questions here in Slack or at <mailto:luke@structionsite.com|luke@structionsite.com>\n\n<https:\/\/jobs.ashbyhq.com\/structionsite\/6c732773-8209-4947-9adb-c8ddabcc9cb7>",
        "user": "U0F7JPK36",
        "ts": "1653679980.828659",
        "team": "T0CJ5UNHK",
        "user_team": "T0CJ5UNHK",
        "source_team": "T0CJ5UNHK",
        "user_profile": {
            "avatar_hash": "121b8c7d3e32",
            "image_72": "https:\/\/avatars.slack-edge.com\/2019-01-13\/522062586784_121b8c7d3e321146d229_72.png",
            "first_name": "Luke",
            "real_name": "Luke Westby",
            "display_name": "luke",
            "team": "T0CJ5UNHK",
            "name": "luke",
            "is_restricted": false,
            "is_ultra_restricted": false
        },
        "attachments": [
            {
                "from_url": "https:\/\/jobs.ashbyhq.com\/structionsite\/6c732773-8209-4947-9adb-c8ddabcc9cb7",
                "thumb_url": "https:\/\/app.ashbyhq.com\/api\/images\/org-theme-social\/8a2ae4c1-e6be-443c-8a46-618459eb45b5\/7f9c4afd-cd81-4d06-ba9d-91bfd846ac4c.png",
                "thumb_width": 1584,
                "thumb_height": 396,
                "service_icon": "https:\/\/cdn.ashbyprd.com\/cdn_assets\/2bab4a5d54548f122b48466d9642e258e74cf62b\/favicon.png",
                "id": 1,
                "original_url": "https:\/\/jobs.ashbyhq.com\/structionsite\/6c732773-8209-4947-9adb-c8ddabcc9cb7",
                "fallback": "Full Stack Engineer - Elm\/Rust",
                "text": "StructionSite Construction is a $13 Trillion global industry and yet, it’s one of the least digitized.  Our mission puts us at the forefront of a movement driven by former construction professionals looking to modernize how the world builds, fueled by rapidly increasing venture investment.  StructionSite is bringing the same computer vision and mapping technologies found in self-driving cars to the construction technology space. Our software allows project teams to communicate in the context of the jobsite anytime, from anywhere. As the only founding team in our space with actual construction experience, we understand our customers on a deep personal level. Builders want to build, not spend time tracking their work, so our software gives them superpowers to automatically capture and track their progress. The data we provide on the back end allows our customers to perform at a higher level and gives them a competitive edge to win their next project. We’re a team of engineers, salespeople, product managers, marketers, designers, operators, and evangelists. We value learning, humility, and ownership of our domains above all else and we’re looking for teammates who have the same appetite for growth, grit, and determination. If this sounds like you, we’d love for you to come build with us!  The challenge: As a Full Stack Engineer at StructionSite, you'll help build software tools our customers depend on to do their jobs. We're looking for a versatile full-stack web developer to join our small, talented, fully remote team. The right candidate loves overcoming new challenges and can work quickly without compromising quality and maintainability. Who you are: - You have 4+ years of experience as a full-stack engineer on web product teams - You are proficient in at least two of: Elm, Rust, and PostgreSQL (side projects and interest in learning) - You possess excellent written and verbal communication skills - You are self-directed, self-motivated, comfortable working in a fast-paced, hyper-growth environment, and you thrive on a fully remote team Preferred Qualifications: - A working knowledge of UI design principles, patterns, and best practices - Ability to define data models and APIs that fit the business domain - Experience with backgrounds tasks, integrating apps, backend services, third-party APIs, etc. Please take a few minutes to look at our website <https:\/\/www.structionsite.com\/> and see if construction technology is a domain you might find interesting. Thanks for reading! Life @ Structionsite StructionSite is a remote-first company and we respect your whole life. Here are some of the ways we support our team: - Remote workspace setup allowance - Local team meetup events - Generous equity package and competitive salary - Flexible PTO - Medical, Dental, and Vision for full-time employees in the US StructionSite is a proud equal employment opportunity employer. We welcome everyone regardless of their race, color, religion, sex, national origin, age, disability, veteran status, or genetics, and we are dedicated to providing an inclusive, open, and dimensional work environment.",
                "title": "Full Stack Engineer - Elm\/Rust",
                "title_link": "https:\/\/jobs.ashbyhq.com\/structionsite\/6c732773-8209-4947-9adb-c8ddabcc9cb7",
                "service_name": "jobs.ashbyhq.com"
            }
        ],
        "blocks": [
            {
                "type": "rich_text",
                "block_id": "X9ld",
                "elements": [
                    {
                        "type": "rich_text_section",
                        "elements": [
                            {
                                "type": "text",
                                "text": "| StructionSite | USA Remote | Full Stack Engineer, Elm and Rust |\n\nHey folks! We are looking for another team member at "
                            },
                            {
                                "type": "link",
                                "url": "https:\/\/structionsite.com\/",
                                "text": "StructionSite"
                            },
                            {
                                "type": "text",
                                "text": " to help us build intelligent project tracking products for the construction industry. Our tools enable customers to automatically collect and track progress on their projects through the simple act of recording video while walking through the job site.\n\nFor all new work we are building frontends with Elm and backends with Rust, and we are currently exploring integrating Rust into the frontend as well. We build visually interesting and complex user interfaces and there is no shortage of hard problems to solve with our Elm applications. We do also have an existing Rails backend and pages that use React which we are actively working on migrating to the new stack.\n\nI have personally been at StructionSite for about 1.5 years and in that time I have been a part of the formation of a wonderful team of people, and I have worked on interesting problems that span the limits of building software for the web.\n\nApply at the link, and feel free to contact me with questions here in Slack or at "
                            },
                            {
                                "type": "link",
                                "url": "mailto:luke@structionsite.com",
                                "text": "luke@structionsite.com"
                            },
                            {
                                "type": "text",
                                "text": "\n\n"
                            },
                            {
                                "type": "link",
                                "url": "https:\/\/jobs.ashbyhq.com\/structionsite\/6c732773-8209-4947-9adb-c8ddabcc9cb7"
                            }
                        ]
                    }
                ]
            }
        ],
        "reactions": [
            {
                "name": "elm",
                "users": [
                    "UGGLU06TB",
                    "UM37TMNUX",
                    "U7JDNKNR2",
                    "U2FMN03NZ",
                    "U44R1N656",
                    "U740QTY7J",
                    "U2GCKJTC0",
                    "U03C38M6UPK",
                    "UBXMVC93J",
                    "U46SUQ5CL",
                    "U1L85D83D",
                    "UP0F4DUDB",
                    "U028W6PPREX",
                    "U1X0EELG3",
                    "U78BHNT40",
                    "UAMRQEZ4L"
                ],
                "count": 16
            },
            {
                "name": "crab",
                "users": [
                    "UGGLU06TB",
                    "UM37TMNUX",
                    "U7JDNKNR2",
                    "U2FMN03NZ",
                    "U03C38M6UPK",
                    "U46SUQ5CL",
                    "UP0F4DUDB",
                    "U1X0EELG3",
                    "U02LE9KCD0T",
                    "U78BHNT40",
                    "UAMRQEZ4L"
                ],
                "count": 11
            },
            {
                "name": "fire",
                "users": [
                    "UGGLU06TB",
                    "UM37TMNUX",
                    "U7JDNKNR2",
                    "U2FMN03NZ",
                    "U740QTY7J",
                    "U03C38M6UPK",
                    "U46SUQ5CL",
                    "UP0F4DUDB",
                    "U1X0EELG3",
                    "U3LUC6SNS",
                    "U026L5P1M1C",
                    "U78BHNT40",
                    "UAMRQEZ4L"
                ],
                "count": 13
            },
            {
                "name": "star-struck",
                "users": [
                    "UJ302V0AU",
                    "U1X0EELG3",
                    "UAMRQEZ4L"
                ],
                "count": 3
            }
        ]
    }
]