[
    {
        "client_msg_id": "88d41660-3ccf-45ee-a770-697338305179",
        "type": "message",
        "text": "Gotcha.  It seems like there’s a huge range of potential scopes here depending on how far out you want to go on any particular axis.",
        "user": "UBYHVSU21",
        "ts": "1647352757.622599",
        "team": "T0CJ5UNHK",
        "user_team": "T0CJ5UNHK",
        "source_team": "T0CJ5UNHK",
        "user_profile": {
            "avatar_hash": "f7e8569e1686",
            "image_72": "https:\/\/avatars.slack-edge.com\/2019-08-16\/718041536338_f7e8569e1686f68786b5_72.jpg",
            "first_name": "Jeremy",
            "real_name": "Jeremy H. Brown (he\/him)",
            "display_name": "jhbrown",
            "team": "T0CJ5UNHK",
            "name": "jhbrown",
            "is_restricted": false,
            "is_ultra_restricted": false
        },
        "blocks": [
            {
                "type": "rich_text",
                "block_id": "3AF",
                "elements": [
                    {
                        "type": "rich_text_section",
                        "elements": [
                            {
                                "type": "text",
                                "text": "Gotcha.  It seems like there’s a huge range of potential scopes here depending on how far out you want to go on any particular axis."
                            }
                        ]
                    }
                ]
            }
        ],
        "thread_ts": "1646942295.881529",
        "parent_user_id": "U036VBAPW65"
    },
    {
        "client_msg_id": "89378f27-1149-440c-a54d-8363eda7e2f6",
        "type": "message",
        "text": "Indeed &amp; thanks for pointing that out.",
        "user": "U036VBAPW65",
        "ts": "1647352820.523919",
        "team": "T0CJ5UNHK",
        "user_team": "T0CJ5UNHK",
        "source_team": "T0CJ5UNHK",
        "user_profile": {
            "avatar_hash": "gd2ba3c47738",
            "image_72": "https:\/\/secure.gravatar.com\/avatar\/d2ba3c4773851d566f86b0526c673e4e.jpg?s=72&d=https%3A%2F%2Fa.slack-edge.com%2Fdf10d%2Fimg%2Favatars%2Fava_0022-72.png",
            "first_name": "Dieter",
            "real_name": "Dieter Vekeman",
            "display_name": "Dieter Vekeman",
            "team": "T0CJ5UNHK",
            "name": "dieter.vekeman331",
            "is_restricted": false,
            "is_ultra_restricted": false
        },
        "blocks": [
            {
                "type": "rich_text",
                "block_id": "=kQIj",
                "elements": [
                    {
                        "type": "rich_text_section",
                        "elements": [
                            {
                                "type": "text",
                                "text": "Indeed & thanks for pointing that out."
                            }
                        ]
                    }
                ]
            }
        ],
        "thread_ts": "1646942295.881529",
        "parent_user_id": "U036VBAPW65"
    },
    {
        "client_msg_id": "386e48cf-2d08-4f04-b3e6-bbb75e928ce4",
        "type": "message",
        "text": "Makes it tricky for an upworker to estimate it :slightly_smiling_face:  Seems like more of a negotiation probably :slightly_smiling_face:",
        "user": "UBYHVSU21",
        "ts": "1647353637.213979",
        "team": "T0CJ5UNHK",
        "user_team": "T0CJ5UNHK",
        "source_team": "T0CJ5UNHK",
        "user_profile": {
            "avatar_hash": "f7e8569e1686",
            "image_72": "https:\/\/avatars.slack-edge.com\/2019-08-16\/718041536338_f7e8569e1686f68786b5_72.jpg",
            "first_name": "Jeremy",
            "real_name": "Jeremy H. Brown (he\/him)",
            "display_name": "jhbrown",
            "team": "T0CJ5UNHK",
            "name": "jhbrown",
            "is_restricted": false,
            "is_ultra_restricted": false
        },
        "blocks": [
            {
                "type": "rich_text",
                "block_id": "rpW",
                "elements": [
                    {
                        "type": "rich_text_section",
                        "elements": [
                            {
                                "type": "text",
                                "text": "Makes it tricky for an upworker to estimate it "
                            },
                            {
                                "type": "emoji",
                                "name": "slightly_smiling_face",
                                "unicode": "1f642"
                            },
                            {
                                "type": "text",
                                "text": "  Seems like more of a negotiation probably "
                            },
                            {
                                "type": "emoji",
                                "name": "slightly_smiling_face",
                                "unicode": "1f642"
                            }
                        ]
                    }
                ]
            }
        ],
        "thread_ts": "1646942295.881529",
        "parent_user_id": "U036VBAPW65"
    },
    {
        "client_msg_id": "c3565ff9-5dd5-468c-98a7-047fa6e81525",
        "type": "message",
        "text": "indeed, that’s why I didn’t set a budget on it. We’ll start with a proof-of-concept and see from there. If we manage to get a poc running we’ll put it on github",
        "user": "U036VBAPW65",
        "ts": "1647353800.937039",
        "team": "T0CJ5UNHK",
        "user_team": "T0CJ5UNHK",
        "source_team": "T0CJ5UNHK",
        "user_profile": {
            "avatar_hash": "gd2ba3c47738",
            "image_72": "https:\/\/secure.gravatar.com\/avatar\/d2ba3c4773851d566f86b0526c673e4e.jpg?s=72&d=https%3A%2F%2Fa.slack-edge.com%2Fdf10d%2Fimg%2Favatars%2Fava_0022-72.png",
            "first_name": "Dieter",
            "real_name": "Dieter Vekeman",
            "display_name": "Dieter Vekeman",
            "team": "T0CJ5UNHK",
            "name": "dieter.vekeman331",
            "is_restricted": false,
            "is_ultra_restricted": false
        },
        "blocks": [
            {
                "type": "rich_text",
                "block_id": "6e=v",
                "elements": [
                    {
                        "type": "rich_text_section",
                        "elements": [
                            {
                                "type": "text",
                                "text": "indeed, that’s why I didn’t set a budget on it. We’ll start with a proof-of-concept and see from there. If we manage to get a poc running we’ll put it on github"
                            }
                        ]
                    }
                ]
            }
        ],
        "thread_ts": "1646942295.881529",
        "parent_user_id": "U036VBAPW65"
    },
    {
        "type": "message",
        "text": "Hello, Everyone. Hope you are doing well. This is Nikita from Albania. I'm a full-stack engineer who has much experience in Modern Web frameworks and AWS.  This is my CV. I'm finding the remote job now. Looking forward to hearing from you. Thanks.",
        "files": [
            {
                "id": "F0375MM545Q",
                "created": 1647363925,
                "timestamp": 1647363925,
                "name": "nikita.pdf",
                "title": "nikita.pdf",
                "mimetype": "application\/pdf",
                "filetype": "pdf",
                "pretty_type": "PDF",
                "user": "U037VDK55L0",
                "user_team": "T0CJ5UNHK",
                "editable": false,
                "size": 175556,
                "mode": "hosted",
                "is_external": false,
                "external_type": "",
                "is_public": true,
                "public_url_shared": false,
                "display_as_bot": false,
                "username": "",
                "url_private": "https:\/\/files.slack.com\/files-pri\/T0CJ5UNHK-F0375MM545Q\/nikita.pdf?t=xoxe-12617974597-4161669908275-4158800643077-be4ee8f84a2737e7b4245fe774276e65",
                "url_private_download": "https:\/\/files.slack.com\/files-pri\/T0CJ5UNHK-F0375MM545Q\/download\/nikita.pdf?t=xoxe-12617974597-4161669908275-4158800643077-be4ee8f84a2737e7b4245fe774276e65",
                "media_display_type": "unknown",
                "thumb_pdf": "https:\/\/files.slack.com\/files-tmb\/T0CJ5UNHK-F0375MM545Q-416d2a7cee\/nikita_thumb_pdf.png?t=xoxe-12617974597-4161669908275-4158800643077-be4ee8f84a2737e7b4245fe774276e65",
                "thumb_pdf_w": 935,
                "thumb_pdf_h": 1210,
                "permalink": "https:\/\/elmlang.slack.com\/files\/U037VDK55L0\/F0375MM545Q\/nikita.pdf",
                "permalink_public": "https:\/\/slack-files.com\/T0CJ5UNHK-F0375MM545Q-5b62a5a906",
                "is_starred": false,
                "has_rich_preview": false,
                "file_access": "visible"
            }
        ],
        "upload": false,
        "user": "U037VDK55L0",
        "display_as_bot": false,
        "ts": "1647363929.162559",
        "blocks": [
            {
                "type": "rich_text",
                "block_id": "IYz",
                "elements": [
                    {
                        "type": "rich_text_section",
                        "elements": [
                            {
                                "type": "text",
                                "text": "Hello, Everyone. Hope you are doing well. This is Nikita from Albania. I'm a full-stack engineer who has much experience in Modern Web frameworks and AWS.  This is my CV. I'm finding the remote job now. Looking forward to hearing from you. Thanks."
                            }
                        ]
                    }
                ]
            }
        ],
        "client_msg_id": "15d2e8bd-101d-4e97-8c8b-a48785e09704",
        "thread_ts": "1647363929.162559",
        "reply_count": 2,
        "reply_users_count": 2,
        "latest_reply": "1647376615.196319",
        "reply_users": [
            "UQ1SYQ294",
            "U037VDK55L0"
        ],
        "replies": [
            {
                "user": "UQ1SYQ294",
                "ts": "1647373556.350469"
            },
            {
                "user": "U037VDK55L0",
                "ts": "1647376615.196319"
            }
        ],
        "is_locked": false,
        "subscribed": false,
        "reactions": [
            {
                "name": "heart",
                "users": [
                    "U016HBQ0HFZ"
                ],
                "count": 1
            },
            {
                "name": "+1",
                "users": [
                    "UPP4S79FZ"
                ],
                "count": 1
            }
        ]
    },
    {
        "client_msg_id": "1d89a9e8-07a6-4b17-8124-54acdf7c0ff3",
        "type": "message",
        "text": "Hey Nikita, you have an impressive CV and I wish you good luck finding the right position for you. There is no mention of Elm in your CV, do you have any interest in this programming language?",
        "user": "UQ1SYQ294",
        "ts": "1647373556.350469",
        "team": "T0CJ5UNHK",
        "user_team": "T0CJ5UNHK",
        "source_team": "T0CJ5UNHK",
        "user_profile": {
            "avatar_hash": "g12a4ac22ce5",
            "image_72": "https:\/\/secure.gravatar.com\/avatar\/12a4ac22ce545ac1e0f7732d4560f42c.jpg?s=72&d=https%3A%2F%2Fa.slack-edge.com%2Fdf10d%2Fimg%2Favatars%2Fava_0021-72.png",
            "first_name": "Michael",
            "real_name": "Michael Paul Killian",
            "display_name": "michi",
            "team": "T0CJ5UNHK",
            "name": "rad",
            "is_restricted": false,
            "is_ultra_restricted": false
        },
        "blocks": [
            {
                "type": "rich_text",
                "block_id": "jPSK",
                "elements": [
                    {
                        "type": "rich_text_section",
                        "elements": [
                            {
                                "type": "text",
                                "text": "Hey Nikita, you have an impressive CV and I wish you good luck finding the right position for you. There is no mention of Elm in your CV, do you have any interest in this programming language?"
                            }
                        ]
                    }
                ]
            }
        ],
        "thread_ts": "1647363929.162559",
        "parent_user_id": "U037VDK55L0"
    },
    {
        "client_msg_id": "3ab783da-0431-4117-a840-023c900d69fa",
        "type": "message",
        "text": "Actually, I have some experience in Elm, but not much. I'm more familiar with modern JS frameworks such as React, Vue, Node.... Thanks for your attention.",
        "user": "U037VDK55L0",
        "ts": "1647376615.196319",
        "team": "T0CJ5UNHK",
        "user_team": "T0CJ5UNHK",
        "source_team": "T0CJ5UNHK",
        "user_profile": {
            "avatar_hash": "7cca5d9c5294",
            "image_72": "https:\/\/avatars.slack-edge.com\/2022-03-15\/3246043710404_7cca5d9c52947f70bc66_72.png",
            "first_name": "Nikita",
            "real_name": "Nikita Rama",
            "display_name": "Nikita Rama",
            "team": "T0CJ5UNHK",
            "name": "nikit.rama4488",
            "is_restricted": false,
            "is_ultra_restricted": false
        },
        "blocks": [
            {
                "type": "rich_text",
                "block_id": "ggHw6",
                "elements": [
                    {
                        "type": "rich_text_section",
                        "elements": [
                            {
                                "type": "text",
                                "text": "Actually, I have some experience in Elm, but not much. I'm more familiar with modern JS frameworks such as React, Vue, Node.... Thanks for your attention."
                            }
                        ]
                    }
                ]
            }
        ],
        "thread_ts": "1647363929.162559",
        "parent_user_id": "U037VDK55L0"
    },
    {
        "client_msg_id": "76e853a6-2150-45b0-9f75-0628f5d732ed",
        "type": "message",
        "text": "I just saw that your founding engineer is typesquatting <@U2FMN03NZ> <https:\/\/github.com\/supermacro>",
        "user": "U9J662F45",
        "ts": "1647387976.281659",
        "team": "T0CJ5UNHK",
        "user_team": "T0CJ5UNHK",
        "source_team": "T0CJ5UNHK",
        "user_profile": {
            "avatar_hash": "d1e70e541e30",
            "image_72": "https:\/\/avatars.slack-edge.com\/2022-07-07\/3784358447505_d1e70e541e3048a9b4a9_72.jpg",
            "first_name": "Jan",
            "real_name": "Jan Wirth",
            "display_name": "",
            "team": "T0CJ5UNHK",
            "name": "jottenwe",
            "is_restricted": false,
            "is_ultra_restricted": false
        },
        "edited": {
            "user": "U9J662F45",
            "ts": "1647388016.000000"
        },
        "blocks": [
            {
                "type": "rich_text",
                "block_id": "Kdn",
                "elements": [
                    {
                        "type": "rich_text_section",
                        "elements": [
                            {
                                "type": "text",
                                "text": "I just saw that your founding engineer is typesquatting "
                            },
                            {
                                "type": "user",
                                "user_id": "U2FMN03NZ"
                            },
                            {
                                "type": "text",
                                "text": " "
                            },
                            {
                                "type": "link",
                                "url": "https:\/\/github.com\/supermacro"
                            }
                        ]
                    }
                ]
            }
        ],
        "thread_ts": "1647009471.283079",
        "parent_user_id": "U842X772T"
    },
    {
        "client_msg_id": "74561f96-a6e6-47e8-bf8c-34c032dc0022",
        "type": "message",
        "text": "<@U9A6Q42QH> there you are!",
        "user": "U9J662F45",
        "ts": "1647388005.649649",
        "team": "T0CJ5UNHK",
        "user_team": "T0CJ5UNHK",
        "source_team": "T0CJ5UNHK",
        "user_profile": {
            "avatar_hash": "d1e70e541e30",
            "image_72": "https:\/\/avatars.slack-edge.com\/2022-07-07\/3784358447505_d1e70e541e3048a9b4a9_72.jpg",
            "first_name": "Jan",
            "real_name": "Jan Wirth",
            "display_name": "",
            "team": "T0CJ5UNHK",
            "name": "jottenwe",
            "is_restricted": false,
            "is_ultra_restricted": false
        },
        "blocks": [
            {
                "type": "rich_text",
                "block_id": "HOBo",
                "elements": [
                    {
                        "type": "rich_text_section",
                        "elements": [
                            {
                                "type": "user",
                                "user_id": "U9A6Q42QH"
                            },
                            {
                                "type": "text",
                                "text": " there you are!"
                            }
                        ]
                    }
                ]
            }
        ],
        "thread_ts": "1647009471.283079",
        "parent_user_id": "U842X772T"
    },
    {
        "client_msg_id": "7df3251f-1f8f-4fd7-bd13-3538ade5ec16",
        "type": "message",
        "text": "wrong caribou",
        "user": "U9A6Q42QH",
        "ts": "1647388029.545149",
        "team": "T0CJ5UNHK",
        "user_team": "T0CJ5UNHK",
        "source_team": "T0CJ5UNHK",
        "user_profile": {
            "avatar_hash": "g3abf59e6afc",
            "image_72": "https:\/\/secure.gravatar.com\/avatar\/a3abf59e6afc9dba69c9e38179bd36a5.jpg?s=72&d=https%3A%2F%2Fa.slack-edge.com%2Fdf10d%2Fimg%2Favatars%2Fava_0026-72.png",
            "first_name": "",
            "real_name": "Giorgio Delgado",
            "display_name": "gio",
            "team": "T0CJ5UNHK",
            "name": "hi580",
            "is_restricted": false,
            "is_ultra_restricted": false
        },
        "blocks": [
            {
                "type": "rich_text",
                "block_id": "ukPq",
                "elements": [
                    {
                        "type": "rich_text_section",
                        "elements": [
                            {
                                "type": "text",
                                "text": "wrong caribou"
                            }
                        ]
                    }
                ]
            }
        ],
        "thread_ts": "1647009471.283079",
        "parent_user_id": "U842X772T"
    },
    {
        "client_msg_id": "966d50fa-1d42-4d25-9b32-59f5462052b4",
        "type": "message",
        "text": "although we are all haskell and elm devs as well haha",
        "user": "U9A6Q42QH",
        "ts": "1647388044.626629",
        "team": "T0CJ5UNHK",
        "user_team": "T0CJ5UNHK",
        "source_team": "T0CJ5UNHK",
        "user_profile": {
            "avatar_hash": "g3abf59e6afc",
            "image_72": "https:\/\/secure.gravatar.com\/avatar\/a3abf59e6afc9dba69c9e38179bd36a5.jpg?s=72&d=https%3A%2F%2Fa.slack-edge.com%2Fdf10d%2Fimg%2Favatars%2Fava_0026-72.png",
            "first_name": "",
            "real_name": "Giorgio Delgado",
            "display_name": "gio",
            "team": "T0CJ5UNHK",
            "name": "hi580",
            "is_restricted": false,
            "is_ultra_restricted": false
        },
        "blocks": [
            {
                "type": "rich_text",
                "block_id": "DkQ",
                "elements": [
                    {
                        "type": "rich_text_section",
                        "elements": [
                            {
                                "type": "text",
                                "text": "although we are all haskell and elm devs as well haha"
                            }
                        ]
                    }
                ]
            }
        ],
        "thread_ts": "1647009471.283079",
        "parent_user_id": "U842X772T"
    },
    {
        "client_msg_id": "4496ecd3-4965-4861-9ade-86bc63f8f135",
        "type": "message",
        "text": "we don’t use elm in our codebases though, but we’re heavily inspired by it",
        "user": "U9A6Q42QH",
        "ts": "1647388062.880509",
        "team": "T0CJ5UNHK",
        "user_team": "T0CJ5UNHK",
        "source_team": "T0CJ5UNHK",
        "user_profile": {
            "avatar_hash": "g3abf59e6afc",
            "image_72": "https:\/\/secure.gravatar.com\/avatar\/a3abf59e6afc9dba69c9e38179bd36a5.jpg?s=72&d=https%3A%2F%2Fa.slack-edge.com%2Fdf10d%2Fimg%2Favatars%2Fava_0026-72.png",
            "first_name": "",
            "real_name": "Giorgio Delgado",
            "display_name": "gio",
            "team": "T0CJ5UNHK",
            "name": "hi580",
            "is_restricted": false,
            "is_ultra_restricted": false
        },
        "blocks": [
            {
                "type": "rich_text",
                "block_id": "20P",
                "elements": [
                    {
                        "type": "rich_text_section",
                        "elements": [
                            {
                                "type": "text",
                                "text": "we don’t use elm in our codebases though, but we’re heavily inspired by it"
                            }
                        ]
                    }
                ]
            }
        ],
        "thread_ts": "1647009471.283079",
        "parent_user_id": "U842X772T"
    },
    {
        "client_msg_id": "cf5acfdf-1e54-4ade-ba54-61d7bb38cd41",
        "type": "message",
        "text": "<https:\/\/www.npmjs.com\/package\/neverthrow>",
        "user": "U9A6Q42QH",
        "ts": "1647388073.565519",
        "team": "T0CJ5UNHK",
        "user_team": "T0CJ5UNHK",
        "source_team": "T0CJ5UNHK",
        "user_profile": {
            "avatar_hash": "g3abf59e6afc",
            "image_72": "https:\/\/secure.gravatar.com\/avatar\/a3abf59e6afc9dba69c9e38179bd36a5.jpg?s=72&d=https%3A%2F%2Fa.slack-edge.com%2Fdf10d%2Fimg%2Favatars%2Fava_0026-72.png",
            "first_name": "",
            "real_name": "Giorgio Delgado",
            "display_name": "gio",
            "team": "T0CJ5UNHK",
            "name": "hi580",
            "is_restricted": false,
            "is_ultra_restricted": false
        },
        "attachments": [
            {
                "from_url": "https:\/\/www.npmjs.com\/package\/neverthrow",
                "thumb_url": "https:\/\/static.npmjs.com\/338e4905a2684ca96e08c7780fc68412.png",
                "thumb_width": 1200,
                "thumb_height": 630,
                "service_icon": "https:\/\/static.npmjs.com\/58a19602036db1daee0d7863c94673a4.png",
                "id": 1,
                "original_url": "https:\/\/www.npmjs.com\/package\/neverthrow",
                "fallback": "npm: neverthrow",
                "text": "Stop throwing errors, and instead return Results!. Latest version: 4.3.1, last published: 4 months ago. Start using neverthrow in your project by running `npm i neverthrow`. There are 94 other projects in the npm registry using neverthrow.",
                "title": "neverthrow",
                "title_link": "https:\/\/www.npmjs.com\/package\/neverthrow",
                "service_name": "npm"
            }
        ],
        "blocks": [
            {
                "type": "rich_text",
                "block_id": "d6jz",
                "elements": [
                    {
                        "type": "rich_text_section",
                        "elements": [
                            {
                                "type": "link",
                                "url": "https:\/\/www.npmjs.com\/package\/neverthrow"
                            }
                        ]
                    }
                ]
            }
        ],
        "thread_ts": "1647009471.283079",
        "parent_user_id": "U842X772T"
    },
    {
        "client_msg_id": "5bd96dfc-2b23-4f8f-a9e8-84124c3fb10a",
        "type": "message",
        "text": ":point_up: one of many examples of elm-inspired typescript code that we use on a daily basis",
        "user": "U9A6Q42QH",
        "ts": "1647388088.422269",
        "team": "T0CJ5UNHK",
        "user_team": "T0CJ5UNHK",
        "source_team": "T0CJ5UNHK",
        "user_profile": {
            "avatar_hash": "g3abf59e6afc",
            "image_72": "https:\/\/secure.gravatar.com\/avatar\/a3abf59e6afc9dba69c9e38179bd36a5.jpg?s=72&d=https%3A%2F%2Fa.slack-edge.com%2Fdf10d%2Fimg%2Favatars%2Fava_0026-72.png",
            "first_name": "",
            "real_name": "Giorgio Delgado",
            "display_name": "gio",
            "team": "T0CJ5UNHK",
            "name": "hi580",
            "is_restricted": false,
            "is_ultra_restricted": false
        },
        "blocks": [
            {
                "type": "rich_text",
                "block_id": "eBOQu",
                "elements": [
                    {
                        "type": "rich_text_section",
                        "elements": [
                            {
                                "type": "emoji",
                                "name": "point_up",
                                "unicode": "261d-fe0f"
                            },
                            {
                                "type": "text",
                                "text": " one of many examples of elm-inspired typescript code that we use on a daily basis"
                            }
                        ]
                    }
                ]
            }
        ],
        "thread_ts": "1647009471.283079",
        "parent_user_id": "U842X772T"
    },
    {
        "client_msg_id": "bf2b8c61-e81a-4d24-a195-65f5753eab63",
        "type": "message",
        "text": "trippy, sorry for derailing the thread",
        "user": "U9J662F45",
        "ts": "1647388183.222169",
        "team": "T0CJ5UNHK",
        "user_team": "T0CJ5UNHK",
        "source_team": "T0CJ5UNHK",
        "user_profile": {
            "avatar_hash": "d1e70e541e30",
            "image_72": "https:\/\/avatars.slack-edge.com\/2022-07-07\/3784358447505_d1e70e541e3048a9b4a9_72.jpg",
            "first_name": "Jan",
            "real_name": "Jan Wirth",
            "display_name": "",
            "team": "T0CJ5UNHK",
            "name": "jottenwe",
            "is_restricted": false,
            "is_ultra_restricted": false
        },
        "blocks": [
            {
                "type": "rich_text",
                "block_id": "emfGn",
                "elements": [
                    {
                        "type": "rich_text_section",
                        "elements": [
                            {
                                "type": "text",
                                "text": "trippy, sorry for derailing the thread"
                            }
                        ]
                    }
                ]
            }
        ],
        "thread_ts": "1647009471.283079",
        "parent_user_id": "U842X772T"
    },
    {
        "client_msg_id": "8291e330-df16-409b-92e9-50a84146f414",
        "type": "message",
        "text": "Wow, what are the odds! :laughing:",
        "user": "U842X772T",
        "ts": "1647394773.641479",
        "team": "T0CJ5UNHK",
        "user_team": "T0CJ5UNHK",
        "source_team": "T0CJ5UNHK",
        "user_profile": {
            "avatar_hash": "690dea1e41c5",
            "image_72": "https:\/\/avatars.slack-edge.com\/2020-06-16\/1200256129713_690dea1e41c518eae752_72.png",
            "first_name": "Jason",
            "real_name": "Jason",
            "display_name": "Jason - Florida, USA - he\/him",
            "team": "T0CJ5UNHK",
            "name": "jmphry",
            "is_restricted": false,
            "is_ultra_restricted": false
        },
        "blocks": [
            {
                "type": "rich_text",
                "block_id": "DWk9",
                "elements": [
                    {
                        "type": "rich_text_section",
                        "elements": [
                            {
                                "type": "text",
                                "text": "Wow, what are the odds! "
                            },
                            {
                                "type": "emoji",
                                "name": "laughing",
                                "unicode": "1f606"
                            }
                        ]
                    }
                ]
            }
        ],
        "thread_ts": "1647009471.283079",
        "parent_user_id": "U842X772T",
        "reactions": [
            {
                "name": "heart",
                "users": [
                    "U9A6Q42QH"
                ],
                "count": 1
            }
        ]
    }
]