[
    {
        "client_msg_id": "af5eff94-9f85-4ab1-b775-f7ffba89ee9f",
        "type": "message",
        "text": "| Metronome | UI\/Elm Developer | Remote (with some overlap with PST region) or Whistler, BC, Canada |\n\nMGS is hiring a second UI\/Elm developer to help us migrate our AngularJS app to Elm: <https:\/\/www.metronomeunited.com\/careers> .\n\nPlease feel free to DM me if you have any questions.",
        "user": "U022L36NYAJ",
        "ts": "1649696930.878899",
        "team": "T0CJ5UNHK",
        "user_team": "T0CJ5UNHK",
        "source_team": "T0CJ5UNHK",
        "user_profile": {
            "avatar_hash": "0956953ff7ba",
            "image_72": "https:\/\/avatars.slack-edge.com\/2021-12-16\/2837978285735_0956953ff7ba50d33c20_72.png",
            "first_name": "Hilco",
            "real_name": "Hilco Wijbenga",
            "display_name": "Hilco",
            "team": "T0CJ5UNHK",
            "name": "hilco.wijbenga",
            "is_restricted": false,
            "is_ultra_restricted": false
        },
        "attachments": [
            {
                "from_url": "https:\/\/www.metronomeunited.com\/careers",
                "image_url": "https:\/\/kajabi-storefronts-production.kajabi-cdn.com\/kajabi-storefronts-production\/sites\/71325\/images\/nuZRIxBARg2nZzMx8F9i_Dev_JD_image_v3.png",
                "image_width": 444,
                "image_height": 250,
                "image_bytes": 67856,
                "id": 1,
                "original_url": "https:\/\/www.metronomeunited.com\/careers",
                "fallback": "Metronome United - Careers",
                "text": "With 20+ years of experience as CEOs, coupled with years of coaching CEOs to apply a proven compound growth system; we work with CEO+LEADERSHIP teams to help them grow confidently and predictably.",
                "title": "Metronome United - Careers",
                "title_link": "https:\/\/www.metronomeunited.com\/careers",
                "service_name": "metronomeunited.com"
            }
        ],
        "blocks": [
            {
                "type": "rich_text",
                "block_id": "yo4Qm",
                "elements": [
                    {
                        "type": "rich_text_section",
                        "elements": [
                            {
                                "type": "text",
                                "text": "| Metronome | UI\/Elm Developer | Remote (with some overlap with PST region) or Whistler, BC, Canada |\n\nMGS is hiring a second UI\/Elm developer to help us migrate our AngularJS app to Elm: "
                            },
                            {
                                "type": "link",
                                "url": "https:\/\/www.metronomeunited.com\/careers"
                            },
                            {
                                "type": "text",
                                "text": " .\n\nPlease feel free to DM me if you have any questions."
                            }
                        ]
                    }
                ]
            }
        ],
        "reactions": [
            {
                "name": "+1",
                "users": [
                    "U44R1N656",
                    "U3LUC6SNS",
                    "U5Z3Y472L",
                    "UJ302V0AU",
                    "U46SUQ5CL",
                    "U5JAKLHFU",
                    "UAMRQEZ4L"
                ],
                "count": 7
            },
            {
                "name": "elm",
                "users": [
                    "U0LL0LF0Q",
                    "U2GCKJTC0",
                    "U46SUQ5CL",
                    "U1L85D83D",
                    "UP0F4DUDB",
                    "U01B94WV48K",
                    "U0J8D9M2P",
                    "U7ZM5MZHS",
                    "UAMRQEZ4L"
                ],
                "count": 9
            },
            {
                "name": "+1::skin-tone-4",
                "users": [
                    "UP0F4DUDB"
                ],
                "count": 1
            },
            {
                "name": "heart",
                "users": [
                    "U016HBQ0HFZ"
                ],
                "count": 1
            }
        ]
    }
]