[
    {
        "client_msg_id": "45ef9d16-0580-4b7a-af4e-e5435caf5dd7",
        "type": "message",
        "text": "These kind of salaries in USA are at least 10x more than salaries in Middle East and North Africa!",
        "user": "U028W6PPREX",
        "ts": "1649590438.228819",
        "team": "T0CJ5UNHK",
        "user_team": "T0CJ5UNHK",
        "source_team": "T0CJ5UNHK",
        "user_profile": {
            "avatar_hash": "g78a2a31c086",
            "image_72": "https:\/\/secure.gravatar.com\/avatar\/78a2a31c08656c5755dbf8e0e28d403a.jpg?s=72&d=https%3A%2F%2Fa.slack-edge.com%2Fdf10d%2Fimg%2Favatars%2Fava_0018-72.png",
            "first_name": "Novid",
            "real_name": "Novid Emami",
            "display_name": "novid",
            "team": "T0CJ5UNHK",
            "name": "novid",
            "is_restricted": false,
            "is_ultra_restricted": false
        },
        "blocks": [
            {
                "type": "rich_text",
                "block_id": "y7pu",
                "elements": [
                    {
                        "type": "rich_text_section",
                        "elements": [
                            {
                                "type": "text",
                                "text": "These kind of salaries in USA are at least 10x more than salaries in Middle East and North Africa!"
                            }
                        ]
                    }
                ]
            }
        ],
        "thread_ts": "1649425390.140499",
        "parent_user_id": "U842X772T"
    }
]