[
    {
        "client_msg_id": "4d0fbff8-2421-4b8c-97a0-10cd27bb137d",
        "type": "message",
        "text": "| Life Without Barriers | Australia only, Remote or in office Sydney, Melbourne, Newcastle  | Software Developer |\nMorning all. We are looking developer to join the Digital and Innovation at Life Without Barriers. Message me <@U013TCEULFM> if you have any question about the organisation, tech stack, upcoming projects etc. Open to Australian residents in Melbourne, Sydney and Newcastle. Our front end apps are built with elm :slightly_smiling_face:\n<https:\/\/careers.lwb.org.au\/en\/job\/497376\/software-developer-permanent-full-time-newcastle-melbourne-or-sydney> (edited)",
        "user": "U013TCEULFM",
        "ts": "1642113182.030500",
        "team": "T0CJ5UNHK",
        "user_team": "T0CJ5UNHK",
        "source_team": "T0CJ5UNHK",
        "user_profile": {
            "avatar_hash": "g59dbce51068",
            "image_72": "https:\/\/secure.gravatar.com\/avatar\/59dbce510682bded48a85487e3631a63.jpg?s=72&d=https%3A%2F%2Fa.slack-edge.com%2Fdf10d%2Fimg%2Favatars%2Fava_0018-72.png",
            "first_name": "",
            "real_name": "Shea Kelly",
            "display_name": "Shea Kelly",
            "team": "T0CJ5UNHK",
            "name": "shea",
            "is_restricted": false,
            "is_ultra_restricted": false
        },
        "edited": {
            "user": "U013TCEULFM",
            "ts": "1642113922.000000"
        },
        "attachments": [
            {
                "from_url": "https:\/\/careers.lwb.org.au\/en\/job\/497376\/software-developer-permanent-full-time-newcastle-melbourne-or-sydney",
                "service_icon": "https:\/\/s3-ap-southeast-2.amazonaws.com\/lwb-test-pageup-careers-template\/assets\/icons\/icon-48x48.png",
                "id": 1,
                "original_url": "https:\/\/careers.lwb.org.au\/en\/job\/497376\/software-developer-permanent-full-time-newcastle-melbourne-or-sydney",
                "fallback": "Career Details - Software Developer. Permanent Full Time – Newcastle, Melbourne or Sydney | Life Without Barriers",
                "text": "We're looking forward to partnering with participants, their families and supporters as disability services transfer from the Victorian Government to Life Without Barriers in 2019.",
                "title": "Career Details - Software Developer. Permanent Full Time – Newcastle, Melbourne or Sydney | Life Without Barriers",
                "title_link": "https:\/\/careers.lwb.org.au\/en\/job\/497376\/software-developer-permanent-full-time-newcastle-melbourne-or-sydney",
                "service_name": "careers.lwb.org.au"
            }
        ],
        "blocks": [
            {
                "type": "rich_text",
                "block_id": "YND",
                "elements": [
                    {
                        "type": "rich_text_section",
                        "elements": [
                            {
                                "type": "text",
                                "text": "| Life Without Barriers | Australia only, Remote or in office Sydney, Melbourne, Newcastle  | Software Developer |\nMorning all. We are looking developer to join the Digital and Innovation at Life Without Barriers. Message me "
                            },
                            {
                                "type": "user",
                                "user_id": "U013TCEULFM"
                            },
                            {
                                "type": "text",
                                "text": " if you have any question about the organisation, tech stack, upcoming projects etc. Open to Australian residents in Melbourne, Sydney and Newcastle. Our front end apps are built with elm "
                            },
                            {
                                "type": "emoji",
                                "name": "slightly_smiling_face",
                                "unicode": "1f642"
                            },
                            {
                                "type": "text",
                                "text": "\n"
                            },
                            {
                                "type": "link",
                                "url": "https:\/\/careers.lwb.org.au\/en\/job\/497376\/software-developer-permanent-full-time-newcastle-melbourne-or-sydney"
                            },
                            {
                                "type": "text",
                                "text": " (edited)"
                            }
                        ]
                    }
                ]
            }
        ],
        "thread_ts": "1642113182.030500",
        "reply_count": 1,
        "reply_users_count": 1,
        "latest_reply": "1642113416.030700",
        "reply_users": [
            "U0D4VR7BP"
        ],
        "replies": [
            {
                "user": "U0D4VR7BP",
                "ts": "1642113416.030700"
            }
        ],
        "is_locked": false,
        "subscribed": false,
        "reactions": [
            {
                "name": "flag-au",
                "users": [
                    "U2GCKJTC0",
                    "U01C3MGENH1",
                    "U9J662F45",
                    "U02MC3Z3Y48",
                    "U2FMN03NZ",
                    "U1EJG2SGJ",
                    "U46SUQ5CL"
                ],
                "count": 7
            },
            {
                "name": "raised_hands",
                "users": [
                    "U02MC3Z3Y48",
                    "U46SUQ5CL"
                ],
                "count": 2
            }
        ]
    },
    {
        "client_msg_id": "746895d1-d45f-4e27-b527-0c434249c145",
        "type": "message",
        "text": "Hello <@U013TCEULFM>!\nJust a suggestion to format the heading of your post according to <https:\/\/github.com\/elm-community\/slack\/blob\/master\/README.md#posting-a-job|these guidelines> - I'm convinced it will help you get more applicants by answering some common questions outright in the first line :slightly_smiling_face:",
        "user": "U0D4VR7BP",
        "ts": "1642113416.030700",
        "team": "T0CJ5UNHK",
        "user_team": "T0CJ5UNHK",
        "source_team": "T0CJ5UNHK",
        "user_profile": {
            "avatar_hash": "e3bc6c9a3eae",
            "image_72": "https:\/\/avatars.slack-edge.com\/2022-03-14\/3235069386658_e3bc6c9a3eae57c36495_72.jpg",
            "first_name": "Martin",
            "real_name": "Martin Janiczek",
            "display_name": "janiczek",
            "team": "T0CJ5UNHK",
            "name": "janiczek",
            "is_restricted": false,
            "is_ultra_restricted": false
        },
        "blocks": [
            {
                "type": "rich_text",
                "block_id": "K8jql",
                "elements": [
                    {
                        "type": "rich_text_section",
                        "elements": [
                            {
                                "type": "text",
                                "text": "Hello "
                            },
                            {
                                "type": "user",
                                "user_id": "U013TCEULFM"
                            },
                            {
                                "type": "text",
                                "text": "!\nJust a suggestion to format the heading of your post according to "
                            },
                            {
                                "type": "link",
                                "url": "https:\/\/github.com\/elm-community\/slack\/blob\/master\/README.md#posting-a-job",
                                "text": "these guidelines"
                            },
                            {
                                "type": "text",
                                "text": " - I'm convinced it will help you get more applicants by answering some common questions outright in the first line "
                            },
                            {
                                "type": "emoji",
                                "name": "slightly_smiling_face",
                                "unicode": "1f642"
                            }
                        ]
                    }
                ]
            }
        ],
        "thread_ts": "1642113182.030500",
        "parent_user_id": "U013TCEULFM",
        "reactions": [
            {
                "name": "+1",
                "users": [
                    "U013TCEULFM"
                ],
                "count": 1
            }
        ]
    }
]