[
    {
        "client_msg_id": "c6f0dc10-07ce-4ec3-b7c2-6bdbab19ee65",
        "type": "message",
        "text": "| Flyp | London \/ Some remote roles | Full-stack software engineers, biz\/data\/process engineers |\n\nHi everyone!\n\nThese aren't Elm jobs per se because we don't know what our tech stack is at the moment.  In fact, we hardly have any software at all.  You'd be helping us pick.\n\nWhat we do have is a rapidly growing business helping homeowners sell their homes through smart renovations and efficient use of estate agents.\n\nWe're hiring for two different programming roles:\n\n(1) helping us build better software and processes so we can do renovations more quickly and with fewer hiccups.  I've actually used elm for this already!  This is a London-based role.  More at <https:\/\/docs.google.com\/document\/d\/1XvXDm4z_U1FYbA7zeYZC0IdM0bm7JaxwLM5AyQ7dRfs\/edit?usp=sharing>\n\n(2) helping us build software to build a platform for estate agents to interact with us.  Could be Elm, though we might want to chat about how appropriate an SPA is for our users.  This can be a remote role in UK\/EU time zones.  More at <https:\/\/docs.google.com\/document\/d\/1Kq-g0O20ToEej125r_Nwsdl9haL3XTq3SyEuxP2yD_o\/edit?usp=sharing>\n\nThanks!",
        "user": "U6YDACQCC",
        "ts": "1643129382.062900",
        "team": "T0CJ5UNHK",
        "user_team": "T0CJ5UNHK",
        "source_team": "T0CJ5UNHK",
        "user_profile": {
            "avatar_hash": "7329321236e4",
            "image_72": "https:\/\/avatars.slack-edge.com\/2017-09-06\/237083207109_7329321236e44b21f601_72.jpg",
            "first_name": "Matthew Eric",
            "real_name": "Matthew Eric Bassett",
            "display_name": "",
            "team": "T0CJ5UNHK",
            "name": "mebassett",
            "is_restricted": false,
            "is_ultra_restricted": false
        },
        "blocks": [
            {
                "type": "rich_text",
                "block_id": "DQEl",
                "elements": [
                    {
                        "type": "rich_text_section",
                        "elements": [
                            {
                                "type": "text",
                                "text": "| Flyp | London \/ Some remote roles | Full-stack software engineers, biz\/data\/process engineers |\n\nHi everyone!\n\nThese aren't Elm jobs per se because we don't know what our tech stack is at the moment.  In fact, we hardly have any software at all.  You'd be helping us pick.\n\nWhat we do have is a rapidly growing business helping homeowners sell their homes through smart renovations and efficient use of estate agents.\n\nWe're hiring for two different programming roles:\n\n(1) helping us build better software and processes so we can do renovations more quickly and with fewer hiccups.  I've actually used elm for this already!  This is a London-based role.  More at "
                            },
                            {
                                "type": "link",
                                "url": "https:\/\/docs.google.com\/document\/d\/1XvXDm4z_U1FYbA7zeYZC0IdM0bm7JaxwLM5AyQ7dRfs\/edit?usp=sharing"
                            },
                            {
                                "type": "text",
                                "text": "\n\n(2) helping us build software to build a platform for estate agents to interact with us.  Could be Elm, though we might want to chat about how appropriate an SPA is for our users.  This can be a remote role in UK\/EU time zones.  More at "
                            },
                            {
                                "type": "link",
                                "url": "https:\/\/docs.google.com\/document\/d\/1Kq-g0O20ToEej125r_Nwsdl9haL3XTq3SyEuxP2yD_o\/edit?usp=sharing"
                            },
                            {
                                "type": "text",
                                "text": "\n\nThanks!"
                            }
                        ]
                    }
                ]
            }
        ]
    },
    {
        "client_msg_id": "46a7f4bb-beae-4d71-8d18-873f227c1e34",
        "type": "message",
        "text": "I<https:\/\/boards.greenhouse.io\/carerev\/jobs\/4728208003|CareRev>I Remote (Must be located within the U.S.)I Full-time, in house (not contract) IFrontend Software Engineer (React and Elm)I\n\nHello fellow Elmers! We're looking to hire <https:\/\/boards.greenhouse.io\/carerev?gh_src=cf3d7fb63us|expert> Elm &amp; React programmers for Frontend Development here at CareRev. We are a a health tech company changing the way healthcare staffs their facilities! In this position, you will be designing a single-page web app built in React converting to Elm.\n\nWhy should you consider us?\n:white_check_mark:Be a part of a team who is changing the future of <https:\/\/www.linkedin.com\/feed\/hashtag\/?keywords=healthcare&amp;highlightedUpdateUrns=urn%3Ali%3Aactivity%3A6891808358995677184|#healthcare>\n:white_check_mark:Unlimited PTO\n:white_check_mark:Full health benefits package: Medical, Dental, and Vision\n:white_check_mark:401K+ matching\n:white_check_mark:Learning reimbursement program\n\nPlease reach out if you are interested!",
        "user": "U02VDHEEN0K",
        "ts": "1643138973.067100",
        "team": "T0CJ5UNHK",
        "user_team": "T0CJ5UNHK",
        "source_team": "T0CJ5UNHK",
        "user_profile": {
            "avatar_hash": "1d102500bdf2",
            "image_72": "https:\/\/avatars.slack-edge.com\/2022-01-24\/2999769560659_1d102500bdf25fa46b8d_72.jpg",
            "first_name": "Lauren",
            "real_name": "Lauren Katsel",
            "display_name": "Lauren Katsel",
            "team": "T0CJ5UNHK",
            "name": "lauren.katsel",
            "is_restricted": false,
            "is_ultra_restricted": false
        },
        "attachments": [
            {
                "from_url": "https:\/\/boards.greenhouse.io\/carerev?gh_src=cf3d7fb63us",
                "image_url": "https:\/\/s3-recruiting.cdn.greenhouse.io\/external_greenhouse_job_boards\/logos\/400\/283\/800\/original\/carerev-logo_greenhouse_2x.jpg?1631909105",
                "image_width": 400,
                "image_height": 150,
                "image_bytes": 30321,
                "service_icon": "https:\/\/boards.greenhouse.io\/favicon.ico",
                "id": 1,
                "original_url": "https:\/\/boards.greenhouse.io\/carerev?gh_src=cf3d7fb63us",
                "fallback": "CareRev",
                "title": "CareRev",
                "title_link": "https:\/\/boards.greenhouse.io\/carerev?gh_src=cf3d7fb63us",
                "service_name": "boards.greenhouse.io"
            }
        ],
        "blocks": [
            {
                "type": "rich_text",
                "block_id": "qzsk",
                "elements": [
                    {
                        "type": "rich_text_section",
                        "elements": [
                            {
                                "type": "text",
                                "text": "I"
                            },
                            {
                                "type": "link",
                                "url": "https:\/\/boards.greenhouse.io\/carerev\/jobs\/4728208003",
                                "text": "CareRev"
                            },
                            {
                                "type": "text",
                                "text": "I Remote (Must be located within the U.S.)I Full-time, in house (not contract) IFrontend Software Engineer (React and Elm)I\n\nHello fellow Elmers! We're looking to hire "
                            },
                            {
                                "type": "link",
                                "url": "https:\/\/boards.greenhouse.io\/carerev?gh_src=cf3d7fb63us",
                                "text": "expert"
                            },
                            {
                                "type": "text",
                                "text": " Elm & React programmers for Frontend Development here at CareRev. We are a a health tech company changing the way healthcare staffs their facilities! In this position, you will be designing a single-page web app built in React converting to Elm.\n\nWhy should you consider us?\n"
                            },
                            {
                                "type": "emoji",
                                "name": "white_check_mark",
                                "unicode": "2705"
                            },
                            {
                                "type": "text",
                                "text": "Be a part of a team who is changing the future of "
                            },
                            {
                                "type": "link",
                                "url": "https:\/\/www.linkedin.com\/feed\/hashtag\/?keywords=healthcare&highlightedUpdateUrns=urn%3Ali%3Aactivity%3A6891808358995677184",
                                "text": "#healthcare",
                                "unsafe": true
                            },
                            {
                                "type": "text",
                                "text": "\n"
                            },
                            {
                                "type": "emoji",
                                "name": "white_check_mark",
                                "unicode": "2705"
                            },
                            {
                                "type": "text",
                                "text": "Unlimited PTO\n"
                            },
                            {
                                "type": "emoji",
                                "name": "white_check_mark",
                                "unicode": "2705"
                            },
                            {
                                "type": "text",
                                "text": "Full health benefits package: Medical, Dental, and Vision\n"
                            },
                            {
                                "type": "emoji",
                                "name": "white_check_mark",
                                "unicode": "2705"
                            },
                            {
                                "type": "text",
                                "text": "401K+ matching\n"
                            },
                            {
                                "type": "emoji",
                                "name": "white_check_mark",
                                "unicode": "2705"
                            },
                            {
                                "type": "text",
                                "text": "Learning reimbursement program\n\nPlease reach out if you are interested!"
                            }
                        ]
                    }
                ]
            }
        ],
        "thread_ts": "1643138973.067100",
        "reply_count": 4,
        "reply_users_count": 2,
        "latest_reply": "1643385486.985749",
        "reply_users": [
            "UHVAS62M6",
            "U02VDHEEN0K"
        ],
        "replies": [
            {
                "user": "UHVAS62M6",
                "ts": "1643268297.068400"
            },
            {
                "user": "U02VDHEEN0K",
                "ts": "1643303379.069100"
            },
            {
                "user": "UHVAS62M6",
                "ts": "1643355291.157449"
            },
            {
                "user": "U02VDHEEN0K",
                "ts": "1643385486.985749"
            }
        ],
        "is_locked": false,
        "subscribed": false,
        "reactions": [
            {
                "name": "+1",
                "users": [
                    "U7P1RNR97",
                    "U9LAE55JL",
                    "UM37TMNUX",
                    "U46SUQ5CL",
                    "U02GXPABT7F"
                ],
                "count": 5
            }
        ]
    }
]