[
    {
        "client_msg_id": "043c7af1-eed3-4f91-b437-4646ba5c3f7b",
        "type": "message",
        "text": "SITUATION | Senior Lead Front\/Elm Developer | Remote | from €55.000 up to €70.000 | :fr: France, Rennes\n\nHi! We’re Situation! Our project aims at collecting, storing and displaying information about information systems. Forget about an umpteenth dashboard, we are looking for a front-end developer to shape a *map* from all these data. Imagine navigating through information systems by zooming and dragging while smartly displaying contextual information to make the user's life easier.\n\n*About the role*\nYou'll be primarily involved with iterating on the front-end of our MVP, iterating and delivering new interfaces in collaboration with the product manager. Your everyday job is not about menus, buttons or website to develop; this is all about graphics. If you’re interested in building new product and features from scratch then this role is a good fit! Also,if you are comfortable with the exploratory and iterative approach and are a team player looking for diversified projects, then this position is - again - a good choice!\n\n*Our ideal candidate*\n• We are looking for a senior\/lead front developer with 3+ years experience.\n• Experience with graphics libraries is a plus\n• This is a remote position, but ideally we would like to have a coffee-croissant moment once or twice a month so located less than 2 hours from Rennes would be great\n• The only legal requirement is to be eligible to work in FRANCE as a full time employee but we could help on this if needed.\n*Why join?*\n• You will be part of the company from the beginning and have the opportunity to put your touch on the product.\n• You will work directly with the 2 co-founders, and they will trust you.\n• You will be responsible for a large part of the product, contribute to decisions with the product team and heavily contribute to the future of our company.\n*How to apply?*\nFirst, please feel free to DM me if you have any questions.\nTo apply, you could DM me or send an email to *alban @ <http:\/\/situation.sh|situation.sh>* with the role (\"Front-end Engineer\") in the subject line, links to a few things you've worked on, and your CV\/resume\/Linkedin (at your choice)",
        "user": "U037PC70S2X",
        "ts": "1648565833.583219",
        "team": "T0CJ5UNHK",
        "user_team": "T0CJ5UNHK",
        "source_team": "T0CJ5UNHK",
        "user_profile": {
            "avatar_hash": "132f910409bd",
            "image_72": "https:\/\/avatars.slack-edge.com\/2022-03-29\/3308489441205_132f910409bd5b07ee99_72.jpg",
            "first_name": "Julien",
            "real_name": "Julien Brogniart",
            "display_name": "Julien Brogniart",
            "team": "T0CJ5UNHK",
            "name": "julien.brogniart",
            "is_restricted": false,
            "is_ultra_restricted": false
        },
        "blocks": [
            {
                "type": "rich_text",
                "block_id": "pzjYw",
                "elements": [
                    {
                        "type": "rich_text_section",
                        "elements": [
                            {
                                "type": "text",
                                "text": "SITUATION | Senior Lead Front\/Elm Developer | Remote | from €55.000 up to €70.000 | "
                            },
                            {
                                "type": "emoji",
                                "name": "fr",
                                "unicode": "1f1eb-1f1f7"
                            },
                            {
                                "type": "text",
                                "text": " France, Rennes\n\nHi! We’re Situation! Our project aims at collecting, storing and displaying information about information systems. Forget about an umpteenth dashboard, we are looking for a front-end developer to shape a "
                            },
                            {
                                "type": "text",
                                "text": "map",
                                "style": {
                                    "bold": true
                                }
                            },
                            {
                                "type": "text",
                                "text": " from all these data. Imagine navigating through information systems by zooming and dragging while smartly displaying contextual information to make the user's life easier.\n\n"
                            },
                            {
                                "type": "text",
                                "text": "About the role",
                                "style": {
                                    "bold": true
                                }
                            },
                            {
                                "type": "text",
                                "text": "\nYou'll be primarily involved with iterating on the front-end of our MVP, iterating and delivering new interfaces in collaboration with the product manager. Your everyday job is not about menus, buttons or website to develop; this is all about graphics. If you’re interested in building new product and features from scratch then this role is a good fit! Also,if you are comfortable with the exploratory and iterative approach and are a team player looking for diversified projects, then this position is - again - a good choice!\n\n"
                            },
                            {
                                "type": "text",
                                "text": "Our ideal candidate",
                                "style": {
                                    "bold": true
                                }
                            },
                            {
                                "type": "text",
                                "text": "\n"
                            }
                        ]
                    },
                    {
                        "type": "rich_text_list",
                        "elements": [
                            {
                                "type": "rich_text_section",
                                "elements": [
                                    {
                                        "type": "text",
                                        "text": "We are looking for a senior\/lead front developer with 3+ years experience."
                                    }
                                ]
                            },
                            {
                                "type": "rich_text_section",
                                "elements": [
                                    {
                                        "type": "text",
                                        "text": "Experience with graphics libraries is a plus"
                                    }
                                ]
                            },
                            {
                                "type": "rich_text_section",
                                "elements": [
                                    {
                                        "type": "text",
                                        "text": "This is a remote position, but ideally we would like to have a coffee-croissant moment once or twice a month so located less than 2 hours from Rennes would be great"
                                    }
                                ]
                            },
                            {
                                "type": "rich_text_section",
                                "elements": [
                                    {
                                        "type": "text",
                                        "text": "The only legal requirement is to be eligible to work in FRANCE as a full time employee but we could help on this if needed."
                                    }
                                ]
                            }
                        ],
                        "style": "bullet",
                        "indent": 0,
                        "border": 0
                    },
                    {
                        "type": "rich_text_section",
                        "elements": [
                            {
                                "type": "text",
                                "text": "\n"
                            },
                            {
                                "type": "text",
                                "text": "Why join?",
                                "style": {
                                    "bold": true
                                }
                            },
                            {
                                "type": "text",
                                "text": "\n"
                            }
                        ]
                    },
                    {
                        "type": "rich_text_list",
                        "elements": [
                            {
                                "type": "rich_text_section",
                                "elements": [
                                    {
                                        "type": "text",
                                        "text": "You will be part of the company from the beginning and have the opportunity to put your touch on the product."
                                    }
                                ]
                            },
                            {
                                "type": "rich_text_section",
                                "elements": [
                                    {
                                        "type": "text",
                                        "text": "You will work directly with the 2 co-founders, and they will trust you."
                                    }
                                ]
                            },
                            {
                                "type": "rich_text_section",
                                "elements": [
                                    {
                                        "type": "text",
                                        "text": "You will be responsible for a large part of the product, contribute to decisions with the product team and heavily contribute to the future of our company."
                                    }
                                ]
                            }
                        ],
                        "style": "bullet",
                        "indent": 0,
                        "border": 0
                    },
                    {
                        "type": "rich_text_section",
                        "elements": [
                            {
                                "type": "text",
                                "text": "\n"
                            },
                            {
                                "type": "text",
                                "text": "How to apply?",
                                "style": {
                                    "bold": true
                                }
                            },
                            {
                                "type": "text",
                                "text": "\nFirst, please feel free to DM me if you have any questions.\nTo apply, you could DM me or send an email to "
                            },
                            {
                                "type": "text",
                                "text": "alban @ ",
                                "style": {
                                    "bold": true
                                }
                            },
                            {
                                "type": "link",
                                "url": "http:\/\/situation.sh",
                                "text": "situation.sh",
                                "style": {
                                    "bold": true
                                }
                            },
                            {
                                "type": "text",
                                "text": " with the role (\"Front-end Engineer\") in the subject line, links to a few things you've worked on, and your CV\/resume\/Linkedin (at your choice)"
                            }
                        ]
                    }
                ]
            }
        ],
        "thread_ts": "1648565833.583219",
        "reply_count": 3,
        "reply_users_count": 2,
        "latest_reply": "1649353638.696609",
        "reply_users": [
            "U1922CGQH",
            "U037PC70S2X"
        ],
        "replies": [
            {
                "user": "U1922CGQH",
                "ts": "1649148382.509069"
            },
            {
                "user": "U037PC70S2X",
                "ts": "1649174627.915759"
            },
            {
                "user": "U037PC70S2X",
                "ts": "1649353638.696609"
            }
        ],
        "is_locked": false,
        "subscribed": false,
        "reactions": [
            {
                "name": "pray",
                "users": [
                    "U5R6L5MT4",
                    "U1X0EELG3",
                    "U3LUC6SNS",
                    "UAMRQEZ4L"
                ],
                "count": 4
            },
            {
                "name": "tada",
                "users": [
                    "U5R6L5MT4",
                    "U1X0EELG3",
                    "UBHQ3GL7Q",
                    "U44R1N656",
                    "U3LUC6SNS",
                    "U2FMN03NZ",
                    "U2GCKJTC0",
                    "U2FL3ARLG",
                    "U5KAUJZ4K",
                    "UAMRQEZ4L"
                ],
                "count": 10
            },
            {
                "name": "heart",
                "users": [
                    "U5R6L5MT4",
                    "U1X0EELG3",
                    "U1N66KB0F",
                    "U016HBQ0HFZ",
                    "U5Z3Y472L",
                    "U3LUC6SNS",
                    "U2FMN03NZ",
                    "U2FL3ARLG",
                    "U02FUM5H0UW",
                    "U0LL0LF0Q",
                    "U5KAUJZ4K",
                    "U31HACARE",
                    "U17U6GYKW",
                    "UAMRQEZ4L",
                    "UJ302V0AU"
                ],
                "count": 15
            },
            {
                "name": "baguette_bread",
                "users": [
                    "U1X0EELG3",
                    "U5R6L5MT4",
                    "U1N66KB0F",
                    "U2FMN03NZ",
                    "U5KAUJZ4K",
                    "UCLFQUP34",
                    "UA50RDC79",
                    "U20QDNSHJ",
                    "UAMRQEZ4L"
                ],
                "count": 9
            },
            {
                "name": "croissant",
                "users": [
                    "U1X0EELG3",
                    "U5R6L5MT4",
                    "UBHQ3GL7Q",
                    "UBWGL03MF",
                    "U2ZKEFM9V",
                    "U2FMN03NZ",
                    "U5KAUJZ4K",
                    "ULYGH24SK",
                    "UA50RDC79",
                    "UAMRQEZ4L"
                ],
                "count": 10
            },
            {
                "name": "white_check_mark",
                "users": [
                    "U5R6L5MT4"
                ],
                "count": 1
            }
        ]
    }
]