[
    {
        "client_msg_id": "ac856714-f015-4125-a9b3-5f42933c17ea",
        "type": "message",
        "text": "| Pinata | Remote -- with working hours overlapping EDT | Elm Developer |\nHi there! We're looking for an experienced elm developer to join our small (4-person) dev team. We're doubling down on typed functional languages and rewriting our react frontend in elm, and our javascript backend in haskell. Fun times! See <http:\/\/gopinata.com\/jobs|gopinata.com\/jobs> for more info and feel free to message me on here or email <mailto:heath@gopinata.com|heath@gopinata.com>. Thanks!",
        "user": "U1BAB3E5A",
        "ts": "1664480073.036409",
        "team": "T0CJ5UNHK",
        "user_team": "T0CJ5UNHK",
        "source_team": "T0CJ5UNHK",
        "user_profile": {
            "avatar_hash": "g3a709137a8f",
            "image_72": "https:\/\/secure.gravatar.com\/avatar\/e2a63a709137a8f39a7680ddf7034c24.jpg?s=72&d=https%3A%2F%2Fa.slack-edge.com%2Fdf10d%2Fimg%2Favatars%2Fava_0026-72.png",
            "first_name": "heath",
            "real_name": "heath ritchie",
            "display_name": "hritchie",
            "team": "T0CJ5UNHK",
            "name": "hritchie",
            "is_restricted": false,
            "is_ultra_restricted": false
        },
        "blocks": [
            {
                "type": "rich_text",
                "block_id": "M5X",
                "elements": [
                    {
                        "type": "rich_text_section",
                        "elements": [
                            {
                                "type": "text",
                                "text": "| Pinata | Remote -- with working hours overlapping EDT | Elm Developer |\nHi there! We're looking for an experienced elm developer to join our small (4-person) dev team. We're doubling down on typed functional languages and rewriting our react frontend in elm, and our javascript backend in haskell. Fun times! See "
                            },
                            {
                                "type": "link",
                                "url": "http:\/\/gopinata.com\/jobs",
                                "text": "gopinata.com\/jobs"
                            },
                            {
                                "type": "text",
                                "text": " for more info and feel free to message me on here or email "
                            },
                            {
                                "type": "link",
                                "url": "mailto:heath@gopinata.com",
                                "text": "heath@gopinata.com"
                            },
                            {
                                "type": "text",
                                "text": ". Thanks!"
                            }
                        ]
                    }
                ]
            }
        ],
        "reactions": [
            {
                "name": "heart",
                "users": [
                    "U44R1N656",
                    "U842X772T",
                    "U5Z3Y472L",
                    "U8LQY2XHV",
                    "U9XQRMHT4",
                    "U9LAE55JL",
                    "UP0F4DUDB",
                    "UBRAGUGQZ",
                    "U037EB86BAA",
                    "US8SCRD71",
                    "U026L5P1M1C",
                    "UHYH3L2MB",
                    "U1L85D83D",
                    "U6XC3SHM0"
                ],
                "count": 14
            }
        ]
    },
    {
        "client_msg_id": "212d33ab-cd02-4b02-87c1-808893c87478",
        "type": "message",
        "text": "If Go Piñata means taking a bat to golang. I’m onboard.",
        "user": "U03C38M6UPK",
        "ts": "1664484534.340229",
        "team": "T0CJ5UNHK",
        "user_team": "T0CJ5UNHK",
        "source_team": "T0CJ5UNHK",
        "user_profile": {
            "avatar_hash": "34a6b404a722",
            "image_72": "https:\/\/avatars.slack-edge.com\/2022-04-15\/3395807438165_34a6b404a7221c19741b_72.png",
            "first_name": "Jack",
            "real_name": "Jack Leow",
            "display_name": "jackbot",
            "team": "T0CJ5UNHK",
            "name": "jackgene_elm",
            "is_restricted": false,
            "is_ultra_restricted": false
        },
        "blocks": [
            {
                "type": "rich_text",
                "block_id": "+tiZ",
                "elements": [
                    {
                        "type": "rich_text_section",
                        "elements": [
                            {
                                "type": "text",
                                "text": "If Go Piñata means taking a bat to golang. I’m onboard."
                            }
                        ]
                    }
                ]
            }
        ],
        "reactions": [
            {
                "name": "joy",
                "users": [
                    "U0LL0LF0Q",
                    "UP0F4DUDB",
                    "U17SFNGD8",
                    "UBRAGUGQZ",
                    "U6J0F6PCY",
                    "U4HEX7G2W",
                    "UHYH3L2MB",
                    "U1L85D83D",
                    "U9J662F45"
                ],
                "count": 9
            },
            {
                "name": "100",
                "users": [
                    "UHYH3L2MB",
                    "U1L85D83D"
                ],
                "count": 2
            },
            {
                "name": "catshake",
                "users": [
                    "U9J662F45"
                ],
                "count": 1
            }
        ]
    }
]