[
    {
        "client_msg_id": "92890F4C-BF8F-4684-A142-9B79FC3C2678",
        "type": "message",
        "text": "<http:\/\/It-kartellet.dk|It-kartellet.dk><http:\/\/It-kartellet.dk| >",
        "user": "UL2C9JS8L",
        "ts": "1654869135.565369",
        "team": "T0CJ5UNHK",
        "user_team": "T0CJ5UNHK",
        "source_team": "T0CJ5UNHK",
        "user_profile": {
            "avatar_hash": "g9d91806e445",
            "image_72": "https:\/\/secure.gravatar.com\/avatar\/09d91806e445668be86a5ff3ccbbc921.jpg?s=72&d=https%3A%2F%2Fa.slack-edge.com%2Fdf10d%2Fimg%2Favatars%2Fava_0012-72.png",
            "first_name": "",
            "real_name": "volesen",
            "display_name": "volesen",
            "team": "T0CJ5UNHK",
            "name": "vincolesen",
            "is_restricted": false,
            "is_ultra_restricted": false
        },
        "blocks": [
            {
                "type": "rich_text",
                "block_id": "pYqW",
                "elements": [
                    {
                        "type": "rich_text_section",
                        "elements": [
                            {
                                "type": "link",
                                "url": "http:\/\/It-kartellet.dk",
                                "text": "It-kartellet.dk"
                            },
                            {
                                "type": "link",
                                "url": "http:\/\/It-kartellet.dk",
                                "text": " ",
                                "unsafe": true
                            }
                        ]
                    }
                ]
            }
        ],
        "thread_ts": "1654794429.038799",
        "parent_user_id": "U022L36NYAJ"
    },
    {
        "client_msg_id": "57cf9ab7-35d7-4b9b-892e-3bfd2fea6e37",
        "type": "message",
        "text": "Hey <@U022L36NYAJ>, we're 2 Elm developers at Feram (<https:\/\/www.feram.io>) and we might be able to help depending on the timeline and scope of the project. Just send me an email (adrian at feram io) or a matrix message (@adrian:<http:\/\/matrix.feram.io|matrix.feram.io>)",
        "user": "U6CCW4KV1",
        "ts": "1654874140.487429",
        "team": "T0CJ5UNHK",
        "user_team": "T0CJ5UNHK",
        "source_team": "T0CJ5UNHK",
        "user_profile": {
            "avatar_hash": "6893dc0ae7a1",
            "image_72": "https:\/\/avatars.slack-edge.com\/2022-02-27\/3177497711121_6893dc0ae7a166c773e1_72.jpg",
            "first_name": "Adrian",
            "real_name": "Adrian Sieber",
            "display_name": "ad-si",
            "team": "T0CJ5UNHK",
            "name": "adius",
            "is_restricted": false,
            "is_ultra_restricted": false
        },
        "blocks": [
            {
                "type": "rich_text",
                "block_id": "8gK0Z",
                "elements": [
                    {
                        "type": "rich_text_section",
                        "elements": [
                            {
                                "type": "text",
                                "text": "Hey "
                            },
                            {
                                "type": "user",
                                "user_id": "U022L36NYAJ"
                            },
                            {
                                "type": "text",
                                "text": ", we're 2 Elm developers at Feram ("
                            },
                            {
                                "type": "link",
                                "url": "https:\/\/www.feram.io"
                            },
                            {
                                "type": "text",
                                "text": ") and we might be able to help depending on the timeline and scope of the project. Just send me an email (adrian at feram io) or a matrix message (@adrian:matrix.feram.io)"
                            }
                        ]
                    }
                ]
            }
        ],
        "thread_ts": "1654794429.038799",
        "parent_user_id": "U022L36NYAJ",
        "reactions": [
            {
                "name": "heavy_plus_sign",
                "users": [
                    "UP0F4DUDB",
                    "U018WECSDH7"
                ],
                "count": 2
            }
        ]
    }
]