[
    {
        "client_msg_id": "65d7bf13-ac61-4987-9e24-e94be3a5a8d6",
        "type": "message",
        "text": "Avetta connects the world’s leading organizations with qualified suppliers, contractors, and vendors. We bring unmatched visibility to companies through cloud-based technology and human insight. As a result, we foster sustainable growth for businesses and their supply chains. Our SaaS subscription software is used by 85k+ active customers in over 100 countries. At Avetta, we're building the connections that build the world.\nAvetta is growing and we are looking for _*Software Engineers with ELM development experience to help deliver new UI experiences for our Connect platform.*_ :flag-um::flag-ca: *North America Based - Remote WFH -   Email:  <mailto:eva.murphy@avetta.com|eva.murphy@avetta.com>* \n*Job Summary:*\n• Have a passion for software development, like to solve complex problems, and have a strong work ethic\n• Strong Front End Development experience with Elm software language\n• Work closely with the product team to take features from ideation (talk through requirements and discuss technical implications, review\/critique mock designs) to release\n• Be self-motivated and seek out learning new things to keep their knowledge up to date\n• Effectively collaborate in a team environment while also working autonomously on individual projects\/tasks\n• Be open-minded in regard to others’ ideas\n• Contribute to new ideas, technologies and patterns\n*Minimum Requirements:*\n• B.S. in Computer Science or equivalent\n• Direct experience with ELM\n• 2-3+ years of experience in Web Development\n• 1-2+ years of experience with a JS framework with state management (React, Angular, Vue, etc.) or Elm language\n• Proficiency in modern web techniques and standards of HTML, CSS, JavaScript, and design principles\n• Experience in working with REST APIs\n• Experience in SDLC - designing, developing, testing, implementing, deploying and maintenance of software applications\n• Experience in source control (Git), creating pull requests, and utilizing feature branching strategies Top of Form\n• Experience with GraphQL is a plus",
        "user": "U0378HH63CG",
        "ts": "1652202970.142139",
        "team": "T0CJ5UNHK",
        "user_team": "T0CJ5UNHK",
        "source_team": "T0CJ5UNHK",
        "user_profile": {
            "avatar_hash": "092a391ccd08",
            "image_72": "https:\/\/avatars.slack-edge.com\/2022-03-16\/3236176033943_092a391ccd081650e71b_72.jpg",
            "first_name": "Eva",
            "real_name": "Eva Murphy",
            "display_name": "Eva Murphy",
            "team": "T0CJ5UNHK",
            "name": "eva.murphy",
            "is_restricted": false,
            "is_ultra_restricted": false
        },
        "edited": {
            "user": "U0378HH63CG",
            "ts": "1652203253.000000"
        },
        "blocks": [
            {
                "type": "rich_text",
                "block_id": "fF89F",
                "elements": [
                    {
                        "type": "rich_text_section",
                        "elements": [
                            {
                                "type": "text",
                                "text": "Avetta connects the world’s leading organizations with qualified suppliers, contractors, and vendors. We bring unmatched visibility to companies through cloud-based technology and human insight. As a result, we foster sustainable growth for businesses and their supply chains. Our SaaS subscription software is used by 85k+ active customers in over 100 countries. At Avetta, we're building the connections that build the world.\nAvetta is growing and we are looking for "
                            },
                            {
                                "type": "text",
                                "text": "Software Engineers with ELM development experience to help deliver new UI experiences for our Connect platform. ",
                                "style": {
                                    "bold": true,
                                    "italic": true
                                }
                            },
                            {
                                "type": "emoji",
                                "name": "flag-um",
                                "unicode": "1f1fa-1f1f2",
                                "style": {
                                    "bold": true,
                                    "italic": true
                                }
                            },
                            {
                                "type": "emoji",
                                "name": "flag-ca",
                                "unicode": "1f1e8-1f1e6",
                                "style": {
                                    "bold": true,
                                    "italic": true
                                }
                            },
                            {
                                "type": "text",
                                "text": " ",
                                "style": {
                                    "bold": true,
                                    "italic": true
                                }
                            },
                            {
                                "type": "text",
                                "text": "North America Based - Remote WFH -   Email:  ",
                                "style": {
                                    "bold": true
                                }
                            },
                            {
                                "type": "link",
                                "url": "mailto:eva.murphy@avetta.com",
                                "text": "eva.murphy@avetta.com",
                                "style": {
                                    "bold": true
                                }
                            },
                            {
                                "type": "text",
                                "text": " ",
                                "style": {
                                    "bold": true
                                }
                            },
                            {
                                "type": "text",
                                "text": "\n"
                            },
                            {
                                "type": "text",
                                "text": "Job Summary:",
                                "style": {
                                    "bold": true
                                }
                            },
                            {
                                "type": "text",
                                "text": "\n"
                            }
                        ]
                    },
                    {
                        "type": "rich_text_list",
                        "elements": [
                            {
                                "type": "rich_text_section",
                                "elements": [
                                    {
                                        "type": "text",
                                        "text": "Have a passion for software development, like to solve complex problems, and have a strong work ethic"
                                    }
                                ]
                            },
                            {
                                "type": "rich_text_section",
                                "elements": [
                                    {
                                        "type": "text",
                                        "text": "Strong Front End Development experience with Elm software language"
                                    }
                                ]
                            },
                            {
                                "type": "rich_text_section",
                                "elements": [
                                    {
                                        "type": "text",
                                        "text": "Work closely with the product team to take features from ideation (talk through requirements and discuss technical implications, review\/critique mock designs) to release"
                                    }
                                ]
                            },
                            {
                                "type": "rich_text_section",
                                "elements": [
                                    {
                                        "type": "text",
                                        "text": "Be self-motivated and seek out learning new things to keep their knowledge up to date"
                                    }
                                ]
                            },
                            {
                                "type": "rich_text_section",
                                "elements": [
                                    {
                                        "type": "text",
                                        "text": "Effectively collaborate in a team environment while also working autonomously on individual projects\/tasks"
                                    }
                                ]
                            },
                            {
                                "type": "rich_text_section",
                                "elements": [
                                    {
                                        "type": "text",
                                        "text": "Be open-minded in regard to others’ ideas"
                                    }
                                ]
                            },
                            {
                                "type": "rich_text_section",
                                "elements": [
                                    {
                                        "type": "text",
                                        "text": "Contribute to new ideas, technologies and patterns"
                                    }
                                ]
                            }
                        ],
                        "style": "bullet",
                        "indent": 0,
                        "border": 0
                    },
                    {
                        "type": "rich_text_section",
                        "elements": [
                            {
                                "type": "text",
                                "text": "Minimum Requirements:",
                                "style": {
                                    "bold": true
                                }
                            },
                            {
                                "type": "text",
                                "text": "\n"
                            }
                        ]
                    },
                    {
                        "type": "rich_text_list",
                        "elements": [
                            {
                                "type": "rich_text_section",
                                "elements": [
                                    {
                                        "type": "text",
                                        "text": "B.S. in Computer Science or equivalent"
                                    }
                                ]
                            },
                            {
                                "type": "rich_text_section",
                                "elements": [
                                    {
                                        "type": "text",
                                        "text": "Direct experience with ELM"
                                    }
                                ]
                            },
                            {
                                "type": "rich_text_section",
                                "elements": [
                                    {
                                        "type": "text",
                                        "text": "2-3+ years of experience in Web Development"
                                    }
                                ]
                            },
                            {
                                "type": "rich_text_section",
                                "elements": [
                                    {
                                        "type": "text",
                                        "text": "1-2+ years of experience with a JS framework with state management (React, Angular, Vue, etc.) or Elm language"
                                    }
                                ]
                            },
                            {
                                "type": "rich_text_section",
                                "elements": [
                                    {
                                        "type": "text",
                                        "text": "Proficiency in modern web techniques and standards of HTML, CSS, JavaScript, and design principles"
                                    }
                                ]
                            },
                            {
                                "type": "rich_text_section",
                                "elements": [
                                    {
                                        "type": "text",
                                        "text": "Experience in working with REST APIs"
                                    }
                                ]
                            },
                            {
                                "type": "rich_text_section",
                                "elements": [
                                    {
                                        "type": "text",
                                        "text": "Experience in SDLC - designing, developing, testing, implementing, deploying and maintenance of software applications"
                                    }
                                ]
                            },
                            {
                                "type": "rich_text_section",
                                "elements": [
                                    {
                                        "type": "text",
                                        "text": "Experience in source control (Git), creating pull requests, and utilizing feature branching strategies Top of Form"
                                    }
                                ]
                            },
                            {
                                "type": "rich_text_section",
                                "elements": [
                                    {
                                        "type": "text",
                                        "text": "Experience with GraphQL is a plus"
                                    }
                                ]
                            }
                        ],
                        "style": "bullet",
                        "indent": 0,
                        "border": 0
                    }
                ]
            }
        ],
        "reactions": [
            {
                "name": "+1",
                "users": [
                    "U44R1N656",
                    "U5Z3Y472L"
                ],
                "count": 2
            },
            {
                "name": "+1::skin-tone-3",
                "users": [
                    "U9LAE55JL"
                ],
                "count": 1
            },
            {
                "name": "heart",
                "users": [
                    "UJ302V0AU"
                ],
                "count": 1
            }
        ]
    },
    {
        "client_msg_id": "3a85798e-410f-42b1-b240-97242cff0506",
        "type": "message",
        "text": "*| Feram | Germany \/ Remote | Full Stack Elm Software Developer |*\n\nI'm happy to announce that my company <http:\/\/feram.io|feram.io> is hiring a *Full Stack Elm Developer!* :partying_face:\n\n*Quick facts:*\n• Choose your favored workload in the range of *30 – 40 hours per week*\n• Salary range is *55 k€ – 70 k€ \/ year* dependent on workload and seniority\n• Job is *fully remote* with preferred place of residence in Germany and preferred timezone of UTC+0 – UTC+4\nPlease check out the full posting at <https:\/\/www.feram.io\/jobs\/#full-stack-elm-software-developer> for more information!",
        "user": "U6CCW4KV1",
        "ts": "1652211686.224549",
        "team": "T0CJ5UNHK",
        "user_team": "T0CJ5UNHK",
        "source_team": "T0CJ5UNHK",
        "user_profile": {
            "avatar_hash": "6893dc0ae7a1",
            "image_72": "https:\/\/avatars.slack-edge.com\/2022-02-27\/3177497711121_6893dc0ae7a166c773e1_72.jpg",
            "first_name": "Adrian",
            "real_name": "Adrian Sieber",
            "display_name": "ad-si",
            "team": "T0CJ5UNHK",
            "name": "adius",
            "is_restricted": false,
            "is_ultra_restricted": false
        },
        "edited": {
            "user": "U6CCW4KV1",
            "ts": "1652212189.000000"
        },
        "attachments": [
            {
                "from_url": "https:\/\/www.feram.io\/jobs\/#full-stack-elm-software-developer",
                "service_icon": "https:\/\/www.feram.io\/images\/favicon.png",
                "id": 1,
                "original_url": "https:\/\/www.feram.io\/jobs\/#full-stack-elm-software-developer",
                "fallback": "Feram - Jobs",
                "text": "Feram Is Your Partner for Moving to the Cloud. Increase efficiency, reduce costs, and work from anywhere!",
                "title": "Feram - Jobs",
                "title_link": "https:\/\/www.feram.io\/jobs\/#full-stack-elm-software-developer",
                "service_name": "feram.io"
            }
        ],
        "blocks": [
            {
                "type": "rich_text",
                "block_id": "G4Tu",
                "elements": [
                    {
                        "type": "rich_text_section",
                        "elements": [
                            {
                                "type": "text",
                                "text": "| Feram | Germany \/ Remote | Full Stack Elm Software Developer |",
                                "style": {
                                    "bold": true
                                }
                            },
                            {
                                "type": "text",
                                "text": "\n\nI'm happy to announce that my company "
                            },
                            {
                                "type": "link",
                                "url": "http:\/\/feram.io",
                                "text": "feram.io"
                            },
                            {
                                "type": "text",
                                "text": " is hiring a "
                            },
                            {
                                "type": "text",
                                "text": "Full Stack Elm Developer! ",
                                "style": {
                                    "bold": true
                                }
                            },
                            {
                                "type": "emoji",
                                "name": "partying_face",
                                "unicode": "1f973",
                                "style": {
                                    "bold": true
                                }
                            },
                            {
                                "type": "text",
                                "text": "\n\n"
                            },
                            {
                                "type": "text",
                                "text": "Quick facts:",
                                "style": {
                                    "bold": true
                                }
                            },
                            {
                                "type": "text",
                                "text": "\n"
                            }
                        ]
                    },
                    {
                        "type": "rich_text_list",
                        "elements": [
                            {
                                "type": "rich_text_section",
                                "elements": [
                                    {
                                        "type": "text",
                                        "text": "Choose your favored workload in the range of "
                                    },
                                    {
                                        "type": "text",
                                        "text": "30 – 40 hours per week",
                                        "style": {
                                            "bold": true
                                        }
                                    }
                                ]
                            },
                            {
                                "type": "rich_text_section",
                                "elements": [
                                    {
                                        "type": "text",
                                        "text": "Salary range is "
                                    },
                                    {
                                        "type": "text",
                                        "text": "55 k€ – 70 k€ \/ year",
                                        "style": {
                                            "bold": true
                                        }
                                    },
                                    {
                                        "type": "text",
                                        "text": " dependent on workload and seniority"
                                    }
                                ]
                            },
                            {
                                "type": "rich_text_section",
                                "elements": [
                                    {
                                        "type": "text",
                                        "text": "Job is "
                                    },
                                    {
                                        "type": "text",
                                        "text": "fully remote",
                                        "style": {
                                            "bold": true
                                        }
                                    },
                                    {
                                        "type": "text",
                                        "text": " with preferred place of residence in Germany and preferred timezone of UTC+0 – UTC+4"
                                    }
                                ]
                            }
                        ],
                        "style": "bullet",
                        "indent": 0,
                        "border": 0
                    },
                    {
                        "type": "rich_text_section",
                        "elements": [
                            {
                                "type": "text",
                                "text": "\nPlease check out the full posting at "
                            },
                            {
                                "type": "link",
                                "url": "https:\/\/www.feram.io\/jobs\/#full-stack-elm-software-developer"
                            },
                            {
                                "type": "text",
                                "text": " for more information!"
                            }
                        ]
                    }
                ]
            }
        ],
        "reactions": [
            {
                "name": "tada",
                "users": [
                    "U0U6ML22H",
                    "U2ZKEFM9V",
                    "U018WECSDH7",
                    "U2FMN03NZ",
                    "UP0F4DUDB",
                    "U6CCW4KV1",
                    "U028W6PPREX",
                    "URLTJDH7F"
                ],
                "count": 8
            },
            {
                "name": "heart",
                "users": [
                    "UJ302V0AU"
                ],
                "count": 1
            }
        ]
    },
    {
        "client_msg_id": "be899796-acd4-41f5-9100-17ed337a7693",
        "type": "message",
        "text": "| Jacobin Foundation | New York City, US | Programming Fellow |\nJacobin magazine is looking for a full-stack developer for a one-year position. The back-end is in Haskell but we do have front-end code written in Elm that we’re planning to grow. See the full posting here: <https:\/\/jacobinmag.com\/2022\/05\/jacobin-is-looking-for-a-programming-fellow\/>",
        "user": "UR8H3HXQ9",
        "ts": "1652236800.286179",
        "team": "T0CJ5UNHK",
        "user_team": "T0CJ5UNHK",
        "source_team": "T0CJ5UNHK",
        "user_profile": {
            "avatar_hash": "g1a54fb17292",
            "image_72": "https:\/\/secure.gravatar.com\/avatar\/1a54fb17292042def0c22af0ee72b273.jpg?s=72&d=https%3A%2F%2Fa.slack-edge.com%2Fdf10d%2Fimg%2Favatars%2Fava_0003-72.png",
            "first_name": "",
            "real_name": "Remeike",
            "display_name": "Remeike",
            "team": "T0CJ5UNHK",
            "name": "r.j.b.forbes",
            "is_restricted": false,
            "is_ultra_restricted": false
        },
        "attachments": [
            {
                "from_url": "https:\/\/jacobinmag.com\/2022\/05\/jacobin-is-looking-for-a-programming-fellow\/",
                "image_url": "https:\/\/images.jacobinmag.com\/wp-content\/uploads\/2022\/05\/10174258\/GettyImages-514975702.jpg",
                "image_width": 314,
                "image_height": 250,
                "image_bytes": 175101,
                "id": 1,
                "original_url": "https:\/\/jacobinmag.com\/2022\/05\/jacobin-is-looking-for-a-programming-fellow\/",
                "fallback": "Jacobin Is Looking for a Programming Fellow",
                "text": "We now have a one-year fellowship open for a full-stack developer.",
                "title": "Jacobin Is Looking for a Programming Fellow",
                "title_link": "https:\/\/jacobinmag.com\/2022\/05\/jacobin-is-looking-for-a-programming-fellow\/",
                "service_name": "jacobinmag.com"
            }
        ],
        "blocks": [
            {
                "type": "rich_text",
                "block_id": "nvl0",
                "elements": [
                    {
                        "type": "rich_text_section",
                        "elements": [
                            {
                                "type": "text",
                                "text": "| Jacobin Foundation | New York City, US | Programming Fellow |\nJacobin magazine is looking for a full-stack developer for a one-year position. The back-end is in Haskell but we do have front-end code written in Elm that we’re planning to grow. See the full posting here: "
                            },
                            {
                                "type": "link",
                                "url": "https:\/\/jacobinmag.com\/2022\/05\/jacobin-is-looking-for-a-programming-fellow\/"
                            }
                        ]
                    }
                ]
            }
        ],
        "reactions": [
            {
                "name": "+1",
                "users": [
                    "U2FMN03NZ",
                    "U44R1N656",
                    "UJ302V0AU",
                    "U2ZKEFM9V",
                    "U440J9QS1"
                ],
                "count": 5
            },
            {
                "name": "+1::skin-tone-4",
                "users": [
                    "UP0F4DUDB"
                ],
                "count": 1
            },
            {
                "name": "+1::skin-tone-5",
                "users": [
                    "U0U6ML22H"
                ],
                "count": 1
            },
            {
                "name": "heart",
                "users": [
                    "UJ302V0AU",
                    "U0J8D9M2P"
                ],
                "count": 2
            }
        ]
    }
]