[
    {
        "client_msg_id": "8b4b708b-2320-4ec4-a692-dd3feac2c592",
        "type": "message",
        "text": "Hi, we are definitely hiring at GWI for our Elm fronted. Feel free to reach me for more details or you can try our challenge <https:\/\/github.com\/GlobalWebIndex\/challenge-elm>",
        "user": "U4H772UU8",
        "ts": "1663930968.834189",
        "team": "T0CJ5UNHK",
        "user_team": "T0CJ5UNHK",
        "source_team": "T0CJ5UNHK",
        "user_profile": {
            "avatar_hash": "g1a2319140ef",
            "image_72": "https:\/\/secure.gravatar.com\/avatar\/f1a2319140ef2bd8a6320a3a4b97c3da.jpg?s=72&d=https%3A%2F%2Fa.slack-edge.com%2Fdf10d%2Fimg%2Favatars%2Fava_0003-72.png",
            "first_name": "Jan",
            "real_name": "Jan Jelínek",
            "display_name": "kurnick",
            "team": "T0CJ5UNHK",
            "name": "kurnick",
            "is_restricted": false,
            "is_ultra_restricted": false
        },
        "blocks": [
            {
                "type": "rich_text",
                "block_id": "WnZ0",
                "elements": [
                    {
                        "type": "rich_text_section",
                        "elements": [
                            {
                                "type": "text",
                                "text": "Hi, we are definitely hiring at GWI for our Elm fronted. Feel free to reach me for more details or you can try our challenge "
                            },
                            {
                                "type": "link",
                                "url": "https:\/\/github.com\/GlobalWebIndex\/challenge-elm"
                            }
                        ]
                    }
                ]
            }
        ],
        "thread_ts": "1663599287.575739",
        "parent_user_id": "U01B94WV48K"
    }
]