[
    {
        "client_msg_id": "915abc6c-c7eb-4251-b36f-c7ef25bd21bd",
        "type": "message",
        "text": "A couple ones from the HN \"who's hiring\" post:\n<https:\/\/news.ycombinator.com\/item?id=31583745|Corvus Insurance> and <https:\/\/news.ycombinator.com\/item?id=31583727|CareRev>. Note to recruiters: I'm not currently hiring or trying to get hired I don't even know what money is pls don't DM me",
        "user": "UJ7FB2S9H",
        "ts": "1654106427.177379",
        "team": "T0CJ5UNHK",
        "user_team": "T0CJ5UNHK",
        "source_team": "T0CJ5UNHK",
        "user_profile": {
            "avatar_hash": "95b9c28935cb",
            "image_72": "https:\/\/avatars.slack-edge.com\/2020-05-14\/1124814139299_95b9c28935cb6fd0a1f3_72.jpg",
            "first_name": "perkee",
            "real_name": "perkee",
            "display_name": "perkee (he)",
            "team": "T0CJ5UNHK",
            "name": "hello881",
            "is_restricted": false,
            "is_ultra_restricted": false
        },
        "blocks": [
            {
                "type": "rich_text",
                "block_id": "lr4YW",
                "elements": [
                    {
                        "type": "rich_text_section",
                        "elements": [
                            {
                                "type": "text",
                                "text": "A couple ones from the HN \"who's hiring\" post:\n"
                            },
                            {
                                "type": "link",
                                "url": "https:\/\/news.ycombinator.com\/item?id=31583745",
                                "text": "Corvus Insurance"
                            },
                            {
                                "type": "text",
                                "text": " and "
                            },
                            {
                                "type": "link",
                                "url": "https:\/\/news.ycombinator.com\/item?id=31583727",
                                "text": "CareRev"
                            },
                            {
                                "type": "text",
                                "text": ". Note to recruiters: I'm not currently hiring or trying to get hired I don't even know what money is pls don't DM me"
                            }
                        ]
                    }
                ]
            }
        ],
        "thread_ts": "1654106427.177379",
        "reply_count": 5,
        "reply_users_count": 3,
        "latest_reply": "1655161284.789679",
        "reply_users": [
            "U842X772T",
            "U01GQ5V96Q5",
            "UJ7FB2S9H"
        ],
        "replies": [
            {
                "user": "U842X772T",
                "ts": "1654106579.110119"
            },
            {
                "user": "U01GQ5V96Q5",
                "ts": "1655048017.682189"
            },
            {
                "user": "U01GQ5V96Q5",
                "ts": "1655048069.038339"
            },
            {
                "user": "U842X772T",
                "ts": "1655159702.530269"
            },
            {
                "user": "UJ7FB2S9H",
                "ts": "1655161284.789679"
            }
        ],
        "is_locked": false,
        "subscribed": false,
        "reactions": [
            {
                "name": "sweat_smile",
                "users": [
                    "U0U6ML22H",
                    "UP0F4DUDB",
                    "U420SEX2S",
                    "U2GCKJTC0"
                ],
                "count": 4
            },
            {
                "name": "cool",
                "users": [
                    "U2GCKJTC0"
                ],
                "count": 1
            }
        ]
    },
    {
        "client_msg_id": "c61f964d-6cc1-4b0d-90cc-bfcd7ee81799",
        "type": "message",
        "text": "fwiw I interviewed with Corvus last summer, and I was impressed by the company. I bombed the coding interview :sweat: but so it goes",
        "user": "U842X772T",
        "ts": "1654106579.110119",
        "team": "T0CJ5UNHK",
        "user_team": "T0CJ5UNHK",
        "source_team": "T0CJ5UNHK",
        "user_profile": {
            "avatar_hash": "690dea1e41c5",
            "image_72": "https:\/\/avatars.slack-edge.com\/2020-06-16\/1200256129713_690dea1e41c518eae752_72.png",
            "first_name": "Jason",
            "real_name": "Jason",
            "display_name": "Jason - Florida, USA - he\/him",
            "team": "T0CJ5UNHK",
            "name": "jmphry",
            "is_restricted": false,
            "is_ultra_restricted": false
        },
        "blocks": [
            {
                "type": "rich_text",
                "block_id": "J94cs",
                "elements": [
                    {
                        "type": "rich_text_section",
                        "elements": [
                            {
                                "type": "text",
                                "text": "fwiw I interviewed with Corvus last summer, and I was impressed by the company. I bombed the coding interview "
                            },
                            {
                                "type": "emoji",
                                "name": "sweat",
                                "unicode": "1f613"
                            },
                            {
                                "type": "text",
                                "text": " but so it goes"
                            }
                        ]
                    }
                ]
            }
        ],
        "thread_ts": "1654106427.177379",
        "parent_user_id": "UJ7FB2S9H"
    },
    {
        "client_msg_id": "eb0e0dd7-ae3c-4247-8a19-66788bf762a5",
        "type": "message",
        "text": "| ActiveState | Remote USA\/Canada | Elm Developer |\n\nHi folks! ActiveState is looking for a strong Elm developer to help us create a great user experience in our product's Elm front-end. Experience with Go, Haskell, and GraphQL is also a plus! Please see the job posting for details: <https:\/\/activestate84397.hire.trakstar.com\/jobs\/fk02u9i?source=Slack>",
        "user": "U03JLEQFXDE",
        "ts": "1654122628.722639",
        "team": "T0CJ5UNHK",
        "user_team": "T0CJ5UNHK",
        "source_team": "T0CJ5UNHK",
        "user_profile": {
            "avatar_hash": "6e231fde7789",
            "image_72": "https:\/\/avatars.slack-edge.com\/2022-06-01\/3602146527670_6e231fde778966a188f5_72.gif",
            "first_name": "Damien",
            "real_name": "Damien P",
            "display_name": "Damien P",
            "team": "T0CJ5UNHK",
            "name": "damienp",
            "is_restricted": false,
            "is_ultra_restricted": false
        },
        "attachments": [
            {
                "from_url": "https:\/\/activestate84397.hire.trakstar.com\/jobs\/fk02u9i?source=Slack",
                "service_icon": "http:\/\/d2ci7y8jachp9m.cloudfront.net\/static\/images\/logo\/hire\/png\/32.png",
                "id": 1,
                "original_url": "https:\/\/activestate84397.hire.trakstar.com\/jobs\/fk02u9i?source=Slack",
                "fallback": "Elm Developer at ActiveState",
                "text": "Elm Developer Are you an Elm developer that’s passionate about developer tooling? ActiveState is looking for developers to level up our front end of the ActiveState Platform. The team is responsible for the user experience of the Platform from the web. We’re creating new ways to manage runtime environments for your development needs. If you know Python, Perl, or Tcl you've probably heard of ActiveState's language distros. Now we’re building an ambitious language distribution platform and set of tools so that coders can focus on coding and spend less time worrying about dependency hell, third party vulnerabilities, and inconsistent developer environments. We’re doing this for every language and operating system on the planet (and beyond). We need your help to do it! Best of all you’ll be working on a product that you’ll use yourself daily.This is a remote-friendly position open to residents of North America. You can also choose to work from our headquarters in beautiful Vancouver, BC. WHAT YOU’LL BE DOING You’ll be working on the Platform’s Elm front-end to deliver new features, add new views, fix bugs and optimize performance. Many of the Platform’s features interact with APIs (written in Go) that our team maintains, so you’ll have an active role in updating and maintaining those as well. When working with APIs provided by other teams, you’ll have the chance to contribute and collaborate to make them as useful and easy to work with as possible. Beyond this, we are also in the early stages of a Haskell and graphQL project that consolidates our APIs and makes them useful to a wider audience. There’s a lot to sink your teeth into! When not working on code, you’ll be meeting with your team to figure out priorities, features, technical issues, etc. You’re someone with good technical knowledge who also has an interest in the end-product you’ll be building. Our day to day work practices are centered around GitHub, pull requests, code review, CI for testing, and agile development with Jira as our project management tool. We’re always looking to improve our practices and we expect you to help us to do so. We’re a polyglot company and embrace using the best language for the given task at hand. Beyond Elm, Go and Javascript, you might encounter Haskell and Python, as well as modern tools like Docker, Kubernetes and CircleCI. Quality is as important as speed. We’re building for the long run, so experience with writing tests and documentation is a plus.The team is scattered around the US and Canada, so we coordinate with each other and the rest of the company using Slack for chat, Zoom for video calls and screen sharing, Jira, and the Google Suite.We like to use open source software whenever possible, and we also like to contribute back to the open source ecosystem. We embrace open sourcing both libraries and tools developed in-house as long as those are not mission-critical code. WHAT’S IN IT FOR YOU Working for a stable and growing company that offers the environment and personal growth potential of a start-up The chance to work with a smart, passionate team of people The chance to work on a project that will change the work lives of developers around the world, including your own! Competitive salary and bonus Comprehensive benefits package and health\/wellness credit program REQUIREMENTS Real-world experience writing code in Elm or related languages (Haskell, F#, etc) Basic knowledge of JavaScript and front end development Experience with all 3 major operating systems (Linux, macOS, Windows) The ability to write well-tested code with clear documentation Excellent writing and speaking skills A willingness to engage in the process of defining our work through conversations with product management, other engineering teams, and the rest of the company The ability to help others on the team become better at their jobs through mentoring, thoughtful code reviews, and generally being a team player ASSETS If you have experience with any of the following please make sure to highlight it in your cover letter: Large Single Page Apps in Elm Javascript tooling such as Webpack and frameworks such as React and Redux API design, especially with GraphQL Other functional programming languages, including Haskell Microservices and message queues Experience building both web-based and desktop-based software Docker, Mesos, Kubernetes Creating parsers, compilers or code intelligence systems Reactive, event based systems Low level architecture (sockets, primitive data types like in C) and libraries\/tools (e.g. debuggers) Working at ActiveState ActiveState has a collaborative, respectful, and professional culture. We’re all about working together to find the best solutions, and making sure that the experience of doing so is positive for everyone involved. There is a commitment from the CEO on down to making work at ActiveState a great experience for all of us. Our company is a team of 68+ and growing, with 2\/3rds of the positions in technical roles. We maintain a set of core, overlapping hours, but we’re flexible with specific start and end times and are understanding about appointments and life events. While we have great office spaces in Vancouver, Canada, we're very distributed and remote first. Our vision is to have an ActiveState solution on every device on every planet, so we certainly aren’t lacking ambition! But even though we’re ambitious we don’t expect work to become your life. We know you will do your best work in a positive environment free from death marches. For more about working at ActiveState and our Glassdoor rating go to <http:\/\/www.activestate.com\/careers|www.activestate.com\/careers>. How to Apply Please submit your contact info, resume, and a cover letter below. Submissions without a cover letter will not be considered. We look forward to hearing from you! We are committed to creating a welcoming environment for everyone at ActiveState and we welcome applicants from all walks of life. Even if you don’t feel you meet every exact requirement, we still would love to hear from you and why you think you would be an awesome addition to our team and we encourage you to apply.",
                "title": "Elm Developer at ActiveState",
                "title_link": "https:\/\/activestate84397.hire.trakstar.com\/jobs\/fk02u9i?source=Slack",
                "service_name": "activestate84397.hire.trakstar.com"
            }
        ],
        "blocks": [
            {
                "type": "rich_text",
                "block_id": "BO5b",
                "elements": [
                    {
                        "type": "rich_text_section",
                        "elements": [
                            {
                                "type": "text",
                                "text": "| ActiveState | Remote USA\/Canada | Elm Developer |\n\nHi folks! ActiveState is looking for a strong Elm developer to help us create a great user experience in our product's Elm front-end. Experience with Go, Haskell, and GraphQL is also a plus! Please see the job posting for details: "
                            },
                            {
                                "type": "link",
                                "url": "https:\/\/activestate84397.hire.trakstar.com\/jobs\/fk02u9i?source=Slack"
                            }
                        ]
                    }
                ]
            }
        ],
        "thread_ts": "1654122628.722639",
        "reply_count": 3,
        "reply_users_count": 2,
        "latest_reply": "1655317191.508989",
        "reply_users": [
            "UTMFM01RP",
            "U03JLEQFXDE"
        ],
        "replies": [
            {
                "user": "UTMFM01RP",
                "ts": "1655238339.810009"
            },
            {
                "user": "U03JLEQFXDE",
                "ts": "1655255854.679149"
            },
            {
                "user": "UTMFM01RP",
                "ts": "1655317191.508989"
            }
        ],
        "is_locked": false,
        "subscribed": false,
        "reactions": [
            {
                "name": "+1",
                "users": [
                    "U740QTY7J",
                    "UM37TMNUX",
                    "U9NQF1HB9"
                ],
                "count": 3
            }
        ]
    }
]