[
    {
        "client_msg_id": "72e10ca2-720f-4e89-9f42-1d30e2db0069",
        "type": "message",
        "text": "| <https:\/\/www.lwb.org.au\/|Life Without Barriers> | Remote - Australia | Senior Software Developer (Permanent)\nWe are a not for profit organisation in Australia making a difference to the lives of people in need.\nWork as part of our digital team building custom applications using a modern tech stack running in the cloud.\n\n:computer: *Technologies we use include:* \nElm (of course), React, Typescript, AWS, serverless, fp-ts, MacBooks\n\n:pencil: *How we work:* \nSmall teams, experimentation, customer and client focused, CI\/CD, design thinking, agile (little a)\n\nSome Elm and fp experience would be helpful but not a requirement (we trust in your ability to learn)\nThis role is open to Australian residents and visa holders. You can work from home from anywhere in Australia\n\nPlease DM me if you would like any more details. Happy to have a video or audio chat about the role",
        "user": "U482AUB18",
        "ts": "1660811800.573209",
        "team": "T0CJ5UNHK",
        "user_team": "T0CJ5UNHK",
        "source_team": "T0CJ5UNHK",
        "user_profile": {
            "avatar_hash": "ce0ddea10fb9",
            "image_72": "https:\/\/avatars.slack-edge.com\/2019-10-02\/780015413012_ce0ddea10fb9224da15a_72.jpg",
            "first_name": "Shea",
            "real_name": "Shea Kelly",
            "display_name": "sheak",
            "team": "T0CJ5UNHK",
            "name": "sheak",
            "is_restricted": false,
            "is_ultra_restricted": false
        },
        "blocks": [
            {
                "type": "rich_text",
                "block_id": "uosd",
                "elements": [
                    {
                        "type": "rich_text_section",
                        "elements": [
                            {
                                "type": "text",
                                "text": "| "
                            },
                            {
                                "type": "link",
                                "url": "https:\/\/www.lwb.org.au\/",
                                "text": "Life Without Barriers"
                            },
                            {
                                "type": "text",
                                "text": " | Remote - Australia | Senior Software Developer (Permanent)\nWe are a not for profit organisation in Australia making a difference to the lives of people in need.\nWork as part of our digital team building custom applications using a modern tech stack running in the cloud.\n\n"
                            },
                            {
                                "type": "emoji",
                                "name": "computer",
                                "unicode": "1f4bb",
                                "style": {
                                    "bold": true
                                }
                            },
                            {
                                "type": "text",
                                "text": " Technologies we use include: ",
                                "style": {
                                    "bold": true
                                }
                            },
                            {
                                "type": "text",
                                "text": "\nElm (of course), React, Typescript, AWS, serverless, fp-ts, MacBooks\n\n"
                            },
                            {
                                "type": "emoji",
                                "name": "pencil",
                                "unicode": "1f4dd",
                                "style": {
                                    "bold": true
                                }
                            },
                            {
                                "type": "text",
                                "text": " How we work: ",
                                "style": {
                                    "bold": true
                                }
                            },
                            {
                                "type": "text",
                                "text": "\nSmall teams, experimentation, customer and client focused, CI\/CD, design thinking, agile (little a)\n\nSome Elm and fp experience would be helpful but not a requirement (we trust in your ability to learn)\nThis role is open to Australian residents and visa holders. You can work from home from anywhere in Australia\n\nPlease DM me if you would like any more details. Happy to have a video or audio chat about the role"
                            }
                        ]
                    }
                ]
            }
        ],
        "reactions": [
            {
                "name": "heart",
                "users": [
                    "U0Z9TPK7S",
                    "U02MC3Z3Y48",
                    "U9J662F45",
                    "U44R1N656",
                    "U9LAE55JL",
                    "U1EJG2SGJ"
                ],
                "count": 6
            },
            {
                "name": "flag-au",
                "users": [
                    "U02MC3Z3Y48",
                    "U9LAE55JL",
                    "U0CJA7BLJ",
                    "U1EJG2SGJ",
                    "U02LE9KCD0T"
                ],
                "count": 5
            },
            {
                "name": "hugging_face",
                "users": [
                    "U9J662F45",
                    "U1EJG2SGJ"
                ],
                "count": 2
            }
        ]
    }
]