[
    {
        "client_msg_id": "35390191-8a3a-48e4-8b4f-45f5f62ef963",
        "type": "message",
        "text": "| <https:\/\/permutive.com\/|Permutive> | Remote (UK\/EU timezones) | Software Engineer (Frontend, Elm) |\n\nHey everyone! We’re looking for an Elm engineer to join our team. We’re building a dashboard written fully in Elm (70k LOC), used by some of the largest publishers in the world.\nWe’re looking for experienced frontend engineers, but we’re happy to consider applications even if you don’t have commercial Elm experience:)\nMore details here: <https:\/\/boards.greenhouse.io\/permutive\/jobs\/5846127002>\nYou can also DM\/thread if you have any questions, happy to chat about our upcoming projects &amp; challenges we’re solving.",
        "user": "UJELBGFL4",
        "ts": "1643021670.040400",
        "team": "T0CJ5UNHK",
        "user_team": "T0CJ5UNHK",
        "source_team": "T0CJ5UNHK",
        "user_profile": {
            "avatar_hash": "7d0ffc6b699e",
            "image_72": "https:\/\/avatars.slack-edge.com\/2021-04-21\/1986552026834_7d0ffc6b699ed13184f8_72.jpg",
            "first_name": "Mate",
            "real_name": "Mate Kaszas",
            "display_name": "mkaszas",
            "team": "T0CJ5UNHK",
            "name": "mate.kaszas",
            "is_restricted": false,
            "is_ultra_restricted": false
        },
        "attachments": [
            {
                "from_url": "https:\/\/boards.greenhouse.io\/permutive\/jobs\/5846127002",
                "thumb_url": "https:\/\/s2-recruiting.cdn.greenhouse.io\/external_greenhouse_job_boards\/logos\/400\/825\/100\/original\/Permutive_Logomark_Black_RGB.png?1570200103",
                "thumb_width": 75,
                "thumb_height": 75,
                "service_icon": "https:\/\/boards.greenhouse.io\/favicon.ico",
                "id": 1,
                "original_url": "https:\/\/boards.greenhouse.io\/permutive\/jobs\/5846127002",
                "fallback": "Software Engineer (Frontend, Elm)",
                "text": "London, England, United Kingdom",
                "title": "Software Engineer (Frontend, Elm)",
                "title_link": "https:\/\/boards.greenhouse.io\/permutive\/jobs\/5846127002",
                "service_name": "boards.greenhouse.io"
            }
        ],
        "blocks": [
            {
                "type": "rich_text",
                "block_id": "yZ5bd",
                "elements": [
                    {
                        "type": "rich_text_section",
                        "elements": [
                            {
                                "type": "text",
                                "text": "| "
                            },
                            {
                                "type": "link",
                                "url": "https:\/\/permutive.com\/",
                                "text": "Permutive"
                            },
                            {
                                "type": "text",
                                "text": " | Remote (UK\/EU timezones) | Software Engineer (Frontend, Elm) |\n\nHey everyone! We’re looking for an Elm engineer to join our team. We’re building a dashboard written fully in Elm (70k LOC), used by some of the largest publishers in the world.\nWe’re looking for experienced frontend engineers, but we’re happy to consider applications even if you don’t have commercial Elm experience:)\nMore details here: "
                            },
                            {
                                "type": "link",
                                "url": "https:\/\/boards.greenhouse.io\/permutive\/jobs\/5846127002"
                            },
                            {
                                "type": "text",
                                "text": "\nYou can also DM\/thread if you have any questions, happy to chat about our upcoming projects & challenges we’re solving."
                            }
                        ]
                    }
                ]
            }
        ],
        "reactions": [
            {
                "name": "heart",
                "users": [
                    "U1L85D83D",
                    "UF1CWE6DC",
                    "UJ302V0AU",
                    "UCWB1N6JX",
                    "U2FMN03NZ",
                    "U5Z3Y472L",
                    "UHYH3L2MB",
                    "U1EGKETA6",
                    "UP0F4DUDB",
                    "U9EBNF2KA",
                    "UA50RDC79",
                    "U0D4VR7BP",
                    "UHCC19526",
                    "U0J8D9M2P",
                    "UTMFM01RP",
                    "UAMRQEZ4L",
                    "U02LE9KCD0T",
                    "U4G0M9E6Q",
                    "U46SUQ5CL",
                    "U028X1PNN4U"
                ],
                "count": 20
            }
        ]
    }
]