[
    {
        "client_msg_id": "0ffd2682-b536-4839-8e0d-aab62480a79c",
        "type": "message",
        "text": "Hey everyone :woman-raising-hand:! My name is Daniela and I'm an IT Recruiter for Nearsure. We are an Outsourcing company :bulb: based in Los Angeles and we specialize in Latin America :slightly_smiling_face:\n\nWe're looking for a Senior Front-End Developer with strong Elm knowledge, *100% remote (must be located in Latin America).*\n\n<https:\/\/bit.ly\/EMLDeveloperNS>\n\nPlease feel free to submit your resume in the hunting link, I'll be checking them all day!\n\nThanks! :smiley:",
        "user": "U035PNPV8TT",
        "ts": "1646236799.503379",
        "team": "T0CJ5UNHK",
        "user_team": "T0CJ5UNHK",
        "source_team": "T0CJ5UNHK",
        "user_profile": {
            "avatar_hash": "821f4f53f74b",
            "image_72": "https:\/\/avatars.slack-edge.com\/2022-03-02\/3174552229062_821f4f53f74b090555a2_72.jpg",
            "first_name": "Daniela",
            "real_name": "Daniela Montalvo",
            "display_name": "Daniela Montalvo",
            "team": "T0CJ5UNHK",
            "name": "daniela.montalvo",
            "is_restricted": false,
            "is_ultra_restricted": false
        },
        "edited": {
            "user": "U035PNPV8TT",
            "ts": "1646239608.000000"
        },
        "attachments": [
            {
                "from_url": "https:\/\/bit.ly\/EMLDeveloperNS",
                "thumb_url": "https:\/\/app.jazz.co\/img\/apps\/share_a_job-icon.jpg",
                "thumb_width": 600,
                "thumb_height": 600,
                "service_icon": "https:\/\/20190412123924_hzs2qvbjpzidijm4.applytojob.com\/img\/v1.1\/favicons\/apple-touch-icon.png",
                "id": 1,
                "original_url": "https:\/\/bit.ly\/EMLDeveloperNS",
                "fallback": "(89) Front-End Developer - Logistics Industry - Career Page",
                "text": "Apply to (89) Front-End Developer - Logistics Industry in Remote.",
                "title": "(89) Front-End Developer - Logistics Industry - Career Page",
                "title_link": "https:\/\/bit.ly\/EMLDeveloperNS",
                "service_name": "20190412123924_hzs2qvbjpzidijm4.applytojob.com"
            }
        ],
        "blocks": [
            {
                "type": "rich_text",
                "block_id": "F2i0",
                "elements": [
                    {
                        "type": "rich_text_section",
                        "elements": [
                            {
                                "type": "text",
                                "text": "Hey everyone "
                            },
                            {
                                "type": "emoji",
                                "name": "woman-raising-hand",
                                "unicode": "1f64b-200d-2640-fe0f"
                            },
                            {
                                "type": "text",
                                "text": "! My name is Daniela and I'm an IT Recruiter for Nearsure. We are an Outsourcing company "
                            },
                            {
                                "type": "emoji",
                                "name": "bulb",
                                "unicode": "1f4a1"
                            },
                            {
                                "type": "text",
                                "text": " based in Los Angeles and we specialize in Latin America "
                            },
                            {
                                "type": "emoji",
                                "name": "slightly_smiling_face",
                                "unicode": "1f642"
                            },
                            {
                                "type": "text",
                                "text": "\n\nWe're looking for a Senior Front-End Developer with strong Elm knowledge, "
                            },
                            {
                                "type": "text",
                                "text": "100% remote (must be located in Latin America).",
                                "style": {
                                    "bold": true
                                }
                            },
                            {
                                "type": "text",
                                "text": "\n\n"
                            },
                            {
                                "type": "link",
                                "url": "https:\/\/bit.ly\/EMLDeveloperNS"
                            },
                            {
                                "type": "text",
                                "text": "\n\nPlease feel free to submit your resume in the hunting link, I'll be checking them all day!\n\nThanks! "
                            },
                            {
                                "type": "emoji",
                                "name": "smiley",
                                "unicode": "1f603"
                            }
                        ]
                    }
                ]
            }
        ],
        "thread_ts": "1646236799.503379",
        "reply_count": 2,
        "reply_users_count": 2,
        "latest_reply": "1646318545.044489",
        "reply_users": [
            "U9J662F45",
            "U035PNPV8TT"
        ],
        "replies": [
            {
                "user": "U9J662F45",
                "ts": "1646260994.363139"
            },
            {
                "user": "U035PNPV8TT",
                "ts": "1646318545.044489"
            }
        ],
        "is_locked": false,
        "subscribed": false,
        "reactions": [
            {
                "name": "+1",
                "users": [
                    "UJ302V0AU",
                    "U17U6GYKW",
                    "U2ZKEFM9V",
                    "U46SUQ5CL"
                ],
                "count": 4
            },
            {
                "name": "+1::skin-tone-2",
                "users": [
                    "U2FMN03NZ"
                ],
                "count": 1
            },
            {
                "name": "taco",
                "users": [
                    "U9J662F45",
                    "U46SUQ5CL"
                ],
                "count": 2
            }
        ]
    },
    {
        "client_msg_id": "cee4ca34-46b7-4e9c-8527-530afcdb7bd9",
        "type": "message",
        "text": "Hey <@U035PNPV8TT>, you might want to look at the <#C3R3X47MW|chile> channel or check out the members there :slightly_smiling_face:",
        "user": "U9J662F45",
        "ts": "1646260994.363139",
        "team": "T0CJ5UNHK",
        "user_team": "T0CJ5UNHK",
        "source_team": "T0CJ5UNHK",
        "user_profile": {
            "avatar_hash": "d1e70e541e30",
            "image_72": "https:\/\/avatars.slack-edge.com\/2022-07-07\/3784358447505_d1e70e541e3048a9b4a9_72.jpg",
            "first_name": "Jan",
            "real_name": "Jan Wirth",
            "display_name": "",
            "team": "T0CJ5UNHK",
            "name": "jottenwe",
            "is_restricted": false,
            "is_ultra_restricted": false
        },
        "blocks": [
            {
                "type": "rich_text",
                "block_id": "dG5",
                "elements": [
                    {
                        "type": "rich_text_section",
                        "elements": [
                            {
                                "type": "text",
                                "text": "Hey "
                            },
                            {
                                "type": "user",
                                "user_id": "U035PNPV8TT"
                            },
                            {
                                "type": "text",
                                "text": ", you might want to look at the "
                            },
                            {
                                "type": "channel",
                                "channel_id": "C3R3X47MW"
                            },
                            {
                                "type": "text",
                                "text": " channel or check out the members there "
                            },
                            {
                                "type": "emoji",
                                "name": "slightly_smiling_face",
                                "unicode": "1f642"
                            }
                        ]
                    }
                ]
            }
        ],
        "thread_ts": "1646236799.503379",
        "parent_user_id": "U035PNPV8TT",
        "reactions": [
            {
                "name": "raised_hands",
                "users": [
                    "U035PNPV8TT"
                ],
                "count": 1
            }
        ]
    }
]