[
    {
        "client_msg_id": "07FA6B61-536D-457F-B1D4-3CE85AFB0F5D",
        "type": "message",
        "text": "Hey all, quick intro for myself. I’m a freelance recruiter, specialising in Azure and .NET gigs in Finland. \n\nI’m currently working with an investment firm in Finland that are looking for someone to work on the client facing investment platform.\n\nThe client is looking for someone with experience in:\n\n• .NET Core \n• Entity Core\n• REST API\n• Microservices\n• ELM + Razor \n• Blazor or react (preferably razor) \nShoot me a message on here if you are based in the Nordics and have experience with that stack, or if you know of anyone that does please shoot me a message on here or via email (<mailto:j.lewis@nigelfrank.com|j.lewis@nigelfrank.com>). Thanks ! ",
        "user": "U034FGGFSV8",
        "ts": "1645713559.033149",
        "team": "T0CJ5UNHK",
        "user_team": "T0CJ5UNHK",
        "source_team": "T0CJ5UNHK",
        "user_profile": {
            "avatar_hash": "g6d0ea4415b8",
            "image_72": "https:\/\/secure.gravatar.com\/avatar\/6d0ea4415b84b71532586b04a2ac4a81.jpg?s=72&d=https%3A%2F%2Fa.slack-edge.com%2Fdf10d%2Fimg%2Favatars%2Fava_0018-72.png",
            "first_name": "James",
            "real_name": "James Lewis",
            "display_name": "James Lewis",
            "team": "T0CJ5UNHK",
            "name": "j.lewis",
            "is_restricted": false,
            "is_ultra_restricted": false
        },
        "blocks": [
            {
                "type": "rich_text",
                "block_id": "yyee",
                "elements": [
                    {
                        "type": "rich_text_section",
                        "elements": [
                            {
                                "type": "text",
                                "text": "Hey all, quick intro for myself. I’m a freelance recruiter, specialising in Azure and .NET gigs in Finland. \n\nI’m currently working with an investment firm in Finland that are looking for someone to work on the client facing investment platform.\n\nThe client is looking for someone with experience in:\n\n"
                            }
                        ]
                    },
                    {
                        "type": "rich_text_list",
                        "elements": [
                            {
                                "type": "rich_text_section",
                                "elements": [
                                    {
                                        "type": "text",
                                        "text": ".NET Core "
                                    }
                                ]
                            },
                            {
                                "type": "rich_text_section",
                                "elements": [
                                    {
                                        "type": "text",
                                        "text": "Entity Core"
                                    }
                                ]
                            },
                            {
                                "type": "rich_text_section",
                                "elements": [
                                    {
                                        "type": "text",
                                        "text": "REST API"
                                    }
                                ]
                            },
                            {
                                "type": "rich_text_section",
                                "elements": [
                                    {
                                        "type": "text",
                                        "text": "Microservices"
                                    }
                                ]
                            },
                            {
                                "type": "rich_text_section",
                                "elements": [
                                    {
                                        "type": "text",
                                        "text": "ELM + Razor "
                                    }
                                ]
                            },
                            {
                                "type": "rich_text_section",
                                "elements": [
                                    {
                                        "type": "text",
                                        "text": "Blazor or react (preferably razor) "
                                    }
                                ]
                            }
                        ],
                        "style": "bullet",
                        "indent": 0,
                        "offset": 0,
                        "border": 0
                    },
                    {
                        "type": "rich_text_section",
                        "elements": [
                            {
                                "type": "text",
                                "text": "\nShoot me a message on here if you are based in the Nordics and have experience with that stack, or if you know of anyone that does please shoot me a message on here or via email ("
                            },
                            {
                                "type": "link",
                                "url": "mailto:j.lewis@nigelfrank.com",
                                "text": "j.lewis@nigelfrank.com"
                            },
                            {
                                "type": "text",
                                "text": "). Thanks ! "
                            }
                        ]
                    }
                ]
            }
        ],
        "reactions": [
            {
                "name": "+1",
                "users": [
                    "U9J63D0FP",
                    "UJ302V0AU"
                ],
                "count": 2
            },
            {
                "name": "flag-fi",
                "users": [
                    "U9J63D0FP"
                ],
                "count": 1
            }
        ]
    },
    {
        "type": "message",
        "text": "Hey all, quick intro for myself. I’m a technical recruiter for a healthcare tech company, <https:\/\/www.carerev.com\/|CareRev>. \n\n<https:\/\/www.carerev.com\/|CareRev> is building the #1 marketplace platform for healthcare professionals. We partner with hospitals and medical centers across the US, and book thousands of specialized professionals through our app every month. CareRev’s mission is to seamlessly connect healthcare facilities and professionals while offering efficiency, flexibility, and opportunities for growth. To date, CareRev has raised $50M in funding. In addition, CareRev has a fantastic group of investors, including Transformation Capital, top Healthcare VC firms, Y Combinator partners, and alumni.\n\n*<https:\/\/boards.greenhouse.io\/carerev\/jobs\/4989025003|Frontend Elm Engineer>: Full-time and 100% Remote* (must be located within the U.S.). In this position, you will be designing a web app built in React converting to Elm.\n\n:white_check_mark:Why should you consider us?\n:white_check_mark:Be a part of a team who is changing the future of <https:\/\/www.linkedin.com\/feed\/hashtag\/?keywords=healthcare&amp;highlightedUpdateUrns=urn%3Ali%3Aactivity%3A6891808358995677184|#healthcare>\n:white_check_mark:Unlimited PTO\n:white_check_mark:Full health benefits package: Medical, Dental, and Vision\n:white_check_mark:401K+ matching\n:white_check_mark:Learning reimbursement program\n\nPlease reach out if you are interested, and apply directly as well!\n\n<https:\/\/boards.greenhouse.io\/carerev\/jobs\/4989025003>",
        "files": [
            {
                "id": "F034MFNLAPN",
                "mode": "tombstone"
            }
        ],
        "upload": false,
        "user": "U0358LV6U3A",
        "display_as_bot": false,
        "ts": "1645729012.560529",
        "blocks": [
            {
                "type": "rich_text",
                "block_id": "u0Id",
                "elements": [
                    {
                        "type": "rich_text_section",
                        "elements": [
                            {
                                "type": "text",
                                "text": "Hey all, quick intro for myself. I’m a technical recruiter for a healthcare tech company, "
                            },
                            {
                                "type": "link",
                                "url": "https:\/\/www.carerev.com\/",
                                "text": "CareRev"
                            },
                            {
                                "type": "text",
                                "text": ". \n\n"
                            },
                            {
                                "type": "link",
                                "url": "https:\/\/www.carerev.com\/",
                                "text": "CareRev"
                            },
                            {
                                "type": "text",
                                "text": " is building the #1 marketplace platform for healthcare professionals. We partner with hospitals and medical centers across the US, and book thousands of specialized professionals through our app every month. CareRev’s mission is to seamlessly connect healthcare facilities and professionals while offering efficiency, flexibility, and opportunities for growth. To date, CareRev has raised $50M in funding. In addition, CareRev has a fantastic group of investors, including Transformation Capital, top Healthcare VC firms, Y Combinator partners, and alumni.\n\n"
                            },
                            {
                                "type": "link",
                                "url": "https:\/\/boards.greenhouse.io\/carerev\/jobs\/4989025003",
                                "text": "Frontend Elm Engineer",
                                "style": {
                                    "bold": true
                                }
                            },
                            {
                                "type": "text",
                                "text": ": Full-time and 100% Remote",
                                "style": {
                                    "bold": true
                                }
                            },
                            {
                                "type": "text",
                                "text": " (must be located within the U.S.). In this position, you will be designing a web app built in React converting to Elm.\n\n"
                            },
                            {
                                "type": "emoji",
                                "name": "white_check_mark",
                                "unicode": "2705"
                            },
                            {
                                "type": "text",
                                "text": "Why should you consider us?\n"
                            },
                            {
                                "type": "emoji",
                                "name": "white_check_mark",
                                "unicode": "2705"
                            },
                            {
                                "type": "text",
                                "text": "Be a part of a team who is changing the future of "
                            },
                            {
                                "type": "link",
                                "url": "https:\/\/www.linkedin.com\/feed\/hashtag\/?keywords=healthcare&highlightedUpdateUrns=urn%3Ali%3Aactivity%3A6891808358995677184",
                                "text": "#healthcare",
                                "unsafe": true
                            },
                            {
                                "type": "text",
                                "text": "\n"
                            },
                            {
                                "type": "emoji",
                                "name": "white_check_mark",
                                "unicode": "2705"
                            },
                            {
                                "type": "text",
                                "text": "Unlimited PTO\n"
                            },
                            {
                                "type": "emoji",
                                "name": "white_check_mark",
                                "unicode": "2705"
                            },
                            {
                                "type": "text",
                                "text": "Full health benefits package: Medical, Dental, and Vision\n"
                            },
                            {
                                "type": "emoji",
                                "name": "white_check_mark",
                                "unicode": "2705"
                            },
                            {
                                "type": "text",
                                "text": "401K+ matching\n"
                            },
                            {
                                "type": "emoji",
                                "name": "white_check_mark",
                                "unicode": "2705"
                            },
                            {
                                "type": "text",
                                "text": "Learning reimbursement program\n\nPlease reach out if you are interested, and apply directly as well!\n\n"
                            },
                            {
                                "type": "link",
                                "url": "https:\/\/boards.greenhouse.io\/carerev\/jobs\/4989025003"
                            }
                        ]
                    }
                ]
            }
        ],
        "edited": {
            "user": "U0358LV6U3A",
            "ts": "1645729165.000000"
        },
        "client_msg_id": "2800d120-69d5-4e71-a301-a8e332f36999",
        "attachments": [
            {
                "from_url": "https:\/\/www.carerev.com\/",
                "id": 1,
                "original_url": "https:\/\/www.carerev.com\/",
                "fallback": "CareRev | The marketplace platform for healthcare staffing",
                "text": "CareRev is the marketplace platform that seamlessly connects health systems and local, flexible healthcare professionals. No agencies, no hassle.",
                "title": "CareRev | The marketplace platform for healthcare staffing",
                "title_link": "https:\/\/www.carerev.com\/",
                "service_name": "carerev.com"
            },
            {
                "from_url": "https:\/\/boards.greenhouse.io\/carerev\/jobs\/4989025003",
                "image_url": "https:\/\/s3-recruiting.cdn.greenhouse.io\/external_greenhouse_job_boards\/logos\/400\/283\/800\/original\/carerev-logo_greenhouse_2x.jpg?1631909105",
                "image_width": 400,
                "image_height": 150,
                "image_bytes": 30321,
                "service_icon": "https:\/\/boards.greenhouse.io\/favicon.ico",
                "id": 2,
                "original_url": "https:\/\/boards.greenhouse.io\/carerev\/jobs\/4989025003",
                "fallback": "Frontend Engineer: Senior (Elm)",
                "text": "Remote- United States",
                "title": "Frontend Engineer: Senior (Elm)",
                "title_link": "https:\/\/boards.greenhouse.io\/carerev\/jobs\/4989025003",
                "service_name": "boards.greenhouse.io"
            },
            {
                "from_url": "https:\/\/www.linkedin.com\/feed\/hashtag\/?keywords=healthcare&highlightedUpdateUrns=urn%3Ali%3Aactivity%3A6891808358995677184",
                "thumb_url": "https:\/\/static-exp1.licdn.com\/scds\/common\/u\/images\/logos\/favicons\/v1\/favicon.ico",
                "thumb_width": 16,
                "thumb_height": 16,
                "service_icon": "https:\/\/static-exp1.licdn.com\/sc\/h\/al2o9zrvru7aqj8e1x2rzsrca",
                "id": 3,
                "original_url": "https:\/\/www.linkedin.com\/feed\/hashtag\/?keywords=healthcare&amp;highlightedUpdateUrns=urn%3Ali%3Aactivity%3A6891808358995677184",
                "fallback": "Sign Up | LinkedIn",
                "text": "500 million+ members | Manage your professional identity. Build and engage with your professional network. Access knowledge, insights and opportunities.",
                "title": "Sign Up | LinkedIn",
                "title_link": "https:\/\/www.linkedin.com\/feed\/hashtag\/?keywords=healthcare&highlightedUpdateUrns=urn%3Ali%3Aactivity%3A6891808358995677184",
                "service_name": "linkedin.com"
            }
        ],
        "reactions": [
            {
                "name": "heart",
                "users": [
                    "UJ302V0AU",
                    "U3LUC6SNS",
                    "U46SUQ5CL",
                    "U17U6GYKW",
                    "U02VDHEEN0K",
                    "UAMRQEZ4L"
                ],
                "count": 6
            }
        ]
    }
]